supplier_id,supplier_name,city,country,supplier_type,lead_time,rating,legacy_supplier_code
1,Blue Supply 1,Miami,China,Wholesaler,9,3.1,LSC-0Y6DPBHS
2,Global Partners 2,Seattle,Mexico,Wholesaler,24,4.1,LSC-THV3A3ZM
3,Summit Trading 3,San Francisco,Mexico,Wholesaler,5,2.7,LSC-D4V30T9N
4,Evergreen Enterprises 4,Denver,China,Manufacturer,20,3.0,LSC-CX1945NQ
5,Rapid Wholesale 5,Denver,Vietnam,Manufacturer,13,3.0,LSC-J7XVG0FN
6,United Procurement 6,Los Angeles,South Korea,Distributor,9,4.6,LSC-2OC6UZHR
7,South Wholesale 7,Miami,Vietnam,Distributor,6,3.1,LSC-UJV6OH9S
8,Vertex Supply 8,Houston,Canada,Wholesaler,6,4.1,LSC-2PCN9T84
9,Global Distributors 9,Columbus,India,Wholesaler,26,3.2,LSC-XEPQ85JS
10,Apex Partners 10,Houston,Canada,Distributor,29,4.1,LSC-4SHNF877
11,Quantum Industrial 11,New York,India,Manufacturer,5,4.8,LSC-53LC58DR
12,Vertex Partners 12,Phoenix,India,Distributor,6,4.1,LSC-8FSV871Y
13,Evergreen Retail Supply 13,Denver,Mexico,Wholesaler,16,4.7,LSC-QICATVAZ
14,Prime Trading 14,Chicago,Japan,Manufacturer,30,2.6,LSC-LSKRT05U
15,United Industrial 15,Charlotte,USA,Wholesaler,8,2.7,LSC-XMO5BXXC
16,Quantum Distributors 16,Atlanta,Germany,Manufacturer,8,3.0,LSC-QPKI7P5T
17,Prime Partners 17,New York,South Korea,Wholesaler,4,4.8,LSC-4FRHOCN9
18,Nova Industrial 18,Boston,Germany,Wholesaler,15,4.2,LSC-02XRGHC0
19,Prime Procurement 19,Los Angeles,Japan,Manufacturer,3,4.0,LSC-S4F8CGVY
20,United Retail Supply 20,Houston,Germany,Manufacturer,30,3.9,LSC-UBCXULJY
21,Quantum Trading 21,Miami,China,Wholesaler,14,2.8,LSC-XQ77AWUD
22,Metro Partners 22,Miami,China,Distributor,6,4.8,LSC-55NF4ZW9
23,East Supply 23,Columbus,Germany,Manufacturer,11,4.8,LSC-D5J60FKH
24,Quantum Trading 24,Miami,South Korea,Wholesaler,18,3.7,LSC-64DPJA1W
25,Nova Wholesale 25,Detroit,South Korea,Distributor,19,4.3,LSC-UE8YFBNT
26,North Wholesale 26,Los Angeles,Vietnam,Wholesaler,11,3.4,LSC-78BMYYMU
27,North Enterprises 27,Phoenix,Germany,Wholesaler,9,4.7,LSC-935A0L72
28,United Logistics 28,Dallas,Vietnam,Manufacturer,27,,LSC-NBQH7M35
29,United Supply 29,Seattle,Mexico,Distributor,14,3.3,LSC-58KXO9T7
30,Blue Logistics 30,Dallas,Canada,Distributor,20,4.9,LSC-JDP0LVSN
31,Metro Logistics 31,Los Angeles,Japan,Wholesaler,24,3.6,LSC-S3Y70HP8
32, Quantum Enterprises 32 ,San Francisco,Vietnam,Wholesaler,23,4.6,LSC-ZKLOOKEP
33,Elite Wholesale 33,Portland,China,Distributor,20,3.3,LSC-TAKPUXQP
34,Metro Partners 34,Philadelphia,India,Distributor,27,4.8,LSC-2GDSWM31
35,Evergreen Trading 35,Seattle,China,Wholesaler,6,2.6,LSC-IR4COWGZ
36,West Retail Supply 36,Atlanta,USA,Wholesaler,6,4.1,LSC-A11DPG8S
37,Prime Partners 37,Atlanta,Thailand,Manufacturer,29,2.8,LSC-EQTUL1P3
38,East Retail Supply 38,Columbus,Vietnam,Manufacturer,16,4.7,LSC-0RJIW1SW
39,Nova Industrial 39,Chicago,China,Distributor,24,3.2,LSC-JLTEIYZC
40,North Procurement 40,Columbus,Thailand,Wholesaler,16,3.5,LSC-HP6VZ41N
41,Global Procurement 41,Boston,China,Distributor,26,3.5,LSC-64T026RJ
42,West Supply 42,Austin,Germany,Distributor,12,4.2,LSC-20479T6V
43,Global Distributors 43,Charlotte,China,Manufacturer,6,4.7,LSC-GJLQM5K8
44,North Logistics 44,Chicago,USA,Distributor,17,2.5,LSC-T9MX2X18
45,Metro Supply 45,Portland,Germany,Distributor,6,3.1,LSC-RE8QJNV8
46,Blue Wholesale 46,Boston,Mexico,Wholesaler,5,3.9,LSC-7U6N7HV3
47,United Distributors 47,Boston,Vietnam,Manufacturer,29,4.2,LSC-22UBTXCX
48,Global Retail Supply 48,Philadelphia,China,Manufacturer,5,3.6,LSC-N6QFGSXW
49,West Industrial 49,Charlotte,Thailand,Distributor,28,4.3,LSC-J43D5IQV
50,Elite Procurement 50,New York,Canada,Distributor,17,4.6,LSC-GH2M5ZJA
51,Metro Distributors 51,Atlanta,USA,Manufacturer,25,3.5,LSC-TIRZQAKO
52,United Logistics 52,Nashville,Thailand,Wholesaler,13,,LSC-TP0LZJJE
53,Metro Procurement 53,Houston,Germany,Distributor,25,3.8,LSC-1GHR09SK
54,Blue Trading 54,Boston,Thailand,Wholesaler,9,,LSC-KZEBBK7W
55,West Distributors 55,New York,Canada,Distributor,20,3.2,LSC-RM8J5ECR
56,Prime Wholesale 56,Phoenix,Japan,Distributor,27,3.9,LSC-K9E1V2IS
57,South Industrial 57,Boston,Thailand,Manufacturer,29,4.0,LSC-PUC8D1WJ
58,Vertex Wholesale 58,Atlanta,South Korea,Distributor,7,3.9,LSC-FOYQBKK4
59,Vertex Trading 59,Miami,Canada,Wholesaler,27,,LSC-V2HEIFJF
60,Prime Wholesale 60,Boston,South Korea,Wholesaler,21,4.4,LSC-UKEYZ7SR
61,Vertex Enterprises 61,Los Angeles,Canada,Distributor,30,3.6,LSC-LJD84U89
62,Nova Enterprises 62,Los Angeles,South Korea,Wholesaler,26,4.4,LSC-QX6GVWRD
63,Rapid Retail Supply 63,San Francisco,Mexico,Wholesaler,12,4.2,LSC-4LYK83TQ
64,Quantum Logistics 64,San Francisco,Vietnam,Distributor,5,4.9,LSC-OS9XTOGN
65,West Industrial 65,Los Angeles,USA,Manufacturer,8,3.2,LSC-EK5RBW2Z
66, Evergreen Partners 66 ,New York,India,Wholesaler,19,3.5,LSC-I4E8XF7K
67,Nova Retail Supply 67,Philadelphia,Japan,Distributor,17,,LSC-TN7S55J2
68,North Procurement 68,San Jose,Vietnam,Wholesaler,10,4.6,LSC-KKV9RFTM
69,Elite Industrial 69,San Francisco,Japan,Distributor,29,3.0,LSC-ZUI1B0Z3
70,Elite Wholesale 70,Philadelphia,Germany,Wholesaler,3,,LSC-8LD4D6AF
71,Summit Distributors 71,Philadelphia,Vietnam,Distributor,27,4.9,LSC-MYX444NL
72, West Partners 72 ,Los Angeles,Canada,Distributor,21,2.7,LSC-W790PDW5
73,South Wholesale 73,Boston,Mexico,Distributor,30,2.6,LSC-LCMPIOYG
74,Apex Distributors 74,Portland,Thailand,Wholesaler,29,3.5,LSC-YRUIWQY6
75,South Logistics 75,Columbus,Japan,Wholesaler,7,2.7,LSC-89K8YQK9
76,West Distributors 76,Atlanta,China,Wholesaler,14,0.0,LSC-U9K9XJUY
77,Prime Enterprises 77,Philadelphia,USA,Manufacturer,28,,LSC-K2VMWWYZ
78,Summit Distributors 78,Los Angeles,Thailand,Manufacturer,11,4.5,LSC-BNE6LOH2
79,Rapid Partners 79,San Jose,South Korea,Wholesaler,10,4.6,LSC-J3R30ME8
80,Summit Trading 80,Austin,China,Manufacturer,29,4.5,LSC-N2ATQYYV
81,Rapid Distributors 81,Atlanta,USA,Wholesaler,17,2.6,LSC-5U6HC36K
82,North Distributors 82,Phoenix,Japan,Manufacturer,3,4.9,LSC-KRD5EQY0
83,North Enterprises 83,Phoenix,India,Distributor,30,,LSC-DRO8BNP8
84,Rapid Distributors 84,Denver,USA,Wholesaler,19,,LSC-XCJ883DH
85,Global Supply 85,San Francisco,Thailand,Distributor,9,5.0,LSC-2H3TV3I1
86,Global Logistics 86,Phoenix,Germany,Manufacturer,6,3.9,LSC-2D5EM2VA
87,Nova Supply 87,Phoenix,Japan,Manufacturer,25,3.6,LSC-ECQNVQHW
88,East Logistics 88,Detroit,Canada,Distributor,22,4.9,LSC-CROYR6CC
89,Summit Distributors 89,Phoenix,Thailand,Manufacturer,10,4.1,LSC-VZNVKSP2
90,Blue Partners 90,Seattle,Germany,Manufacturer,15,3.6,LSC-IMQODPXN
91,Summit Industrial 91,Chicago,Thailand,Wholesaler,4,4.6,LSC-DD03UVUL
92,Blue Retail Supply 92,Denver,South Korea,Manufacturer,29,4.2,LSC-15Z8VMUH
93,West Trading 93,Houston,South Korea,Wholesaler,13,4.6,LSC-N1U3493W
94,Global Enterprises 94,Miami,Mexico,Distributor,2,3.0,LSC-ZLMA5UOF
95,Global Distributors 95,San Jose,USA,Manufacturer,8,3.4,LSC-QFLL7V5F
96,Prime Distributors 96,Miami,India,Distributor,16,4.2,LSC-RPJ1EPKY
97,West Partners 97,Boston,Mexico,Wholesaler,3,3.1,LSC-9BH811KE
98,West Retail Supply 98,Dallas,Germany,Wholesaler,6,3.5,LSC-ZS43C5BA
99,Vertex Procurement 99,Nashville,Canada,Distributor,15,3.9,LSC-ZPEAL2W3
100,Rapid Distributors 100,Charlotte,India,Wholesaler,29,,LSC-POC50H2C
101,Blue Partners 101,San Jose,Thailand,Distributor,8,4.8,LSC-M033IFHV
102,Vertex Wholesale 102,Philadelphia,Germany,Distributor,16,-1.0,LSC-1Q7UWW5W
103,Summit Industrial 103,Chicago,USA,Distributor,17,,LSC-KJCSLQC3
104,Vertex Distributors 104,Portland,Vietnam,Distributor,21,3.8,LSC-QT26Q3XL
105,West Partners 105,Phoenix,India,Distributor,3,3.6,LSC-349DXBZ9
106,East Partners 106,Portland,Vietnam,Distributor,7,3.4,LSC-7N1YBWML
107,Elite Logistics 107,Miami,China,Manufacturer,25,4.6,LSC-8VFCX7LX
108,Elite Wholesale 108,Portland,Thailand,Wholesaler,24,4.8,LSC-LN23Y30Y
109,East Distributors 109,Charlotte,Mexico,Wholesaler,18,3.4,LSC-NGH8RIEC
110,Blue Partners 110,Columbus,Canada,Distributor,28,4.3,LSC-SX5WVFGY
111,Apex Industrial 111,Los Angeles,USA,Distributor,15,3.4,LSC-Z8V12II8
112,West Trading 112,Denver,Mexico,Distributor,23,4.9,LSC-9QKNS832
113,Summit Logistics 113,Los Angeles,China,Manufacturer,22,3.7,LSC-N7ZSEDFQ
114,East Wholesale 114,Charlotte,USA,Wholesaler,4,4.9,LSC-HQMABSI9
115,Rapid Trading 115,New York,Mexico,Wholesaler,12,4.8,LSC-4X2EK3ZE
116,West Industrial 116,Portland,USA,Manufacturer,2,4.8,LSC-AHF7VP1I
117,Blue Supply 117,Atlanta,Germany,Wholesaler,15,4.1,LSC-WC4RTWUZ
118,Evergreen Retail Supply 118,New York,Germany,Manufacturer,21,3.4,LSC-UGYSM8T2
119,East Partners 119,New York,China,Wholesaler,14,4.7,LSC-BNN0MCIX
120,Blue Enterprises 120,San Francisco,India,Manufacturer,6,2.6,LSC-T3G2QZW3
121,Vertex Industrial 121,Los Angeles,USA,Wholesaler,11,3.0,LSC-25LLO3RB
122,Metro Logistics 122,Denver,China,Wholesaler,29,4.5,LSC-5LEN606N
123,Apex Industrial 123,Philadelphia,Germany,Distributor,13,4.8,LSC-S20CV3TL
124,Vertex Procurement 124,Boston,India,Wholesaler,11,3.6,LSC-ZFPQ06WP
125,Prime Distributors 125,Austin,India,Manufacturer,13,3.8,LSC-0FB4YPEI
126,Rapid Procurement 126,Austin,Japan,Manufacturer,20,2.6,LSC-FQNPCENL
127,Nova Trading 127,Houston,India,Wholesaler,2,4.3,LSC-RNUJJQ9K
128,West Trading 128,Houston,Vietnam,Wholesaler,6,4.6,LSC-Q6QDY4LM
129,Vertex Partners 129,Columbus,USA,Manufacturer,11,4.7,LSC-4Z7W2SEH
130,Summit Trading 130,Philadelphia,Canada,Manufacturer,2,3.4,LSC-UQ9E5COZ
131, West Partners 131 ,Charlotte,Vietnam,Manufacturer,26,3.5,LSC-UELCQSE3
132,Apex Wholesale 132,Charlotte,Mexico,Manufacturer,18,4.8,LSC-BEFFLZM7
133,Evergreen Distributors 133,Miami,Mexico,Manufacturer,8,4.1,LSC-TEKTSG7F
134,Quantum Enterprises 134,Los Angeles,South Korea,Wholesaler,28,4.7,LSC-C81JHUWB
135,Evergreen Logistics 135,Philadelphia,Mexico,Manufacturer,9,4.5,LSC-YKCCPRHV
136,Quantum Procurement 136,Denver,Canada,Distributor,14,2.8,LSC-NULQJIDK
137,Elite Enterprises 137,Charlotte,Germany,Distributor,9,4.9,LSC-637ZGF9Q
138,Evergreen Industrial 138,New York,Thailand,Manufacturer,4,4.9,LSC-S8HMBR5X
139,West Logistics 139,Columbus,Thailand,Manufacturer,2,4.6,LSC-P501NOUH
140,Evergreen Distributors 140,Austin,Japan,Manufacturer,18,3.6,LSC-T3WVEDN9
141,Rapid Wholesale 141,Seattle,Vietnam,Distributor,21,3.8,LSC-SBELRQVS
142,Quantum Enterprises 142,San Francisco,China,Manufacturer,7,3.5,LSC-W4VSSRUR
143,Global Procurement 143,San Francisco,Germany,Distributor,23,2.8,LSC-OL65WVJX
144,United Supply 144,Nashville,Vietnam,Distributor,17,2.9,LSC-WW4FYB8D
145,Global Industrial 145,San Francisco,India,Wholesaler,15,2.9,LSC-YO1750CE
146,Metro Partners 146,San Francisco,Thailand,Wholesaler,23,3.7,LSC-N8QTTY5Y
147,Nova Enterprises 147,Philadelphia,Japan,Wholesaler,8,4.9,LSC-KK791ZYR
148,West Procurement 148,Columbus,Vietnam,Distributor,27,4.3,LSC-KUT6OM1F
149,Prime Logistics 149,Chicago,Japan,Manufacturer,13,4.8,LSC-X0H3JUJD
150,United Trading 150,Los Angeles,India,Wholesaler,23,4.8,LSC-IIDLRYE8
151,Apex Retail Supply 151,Philadelphia,Germany,Wholesaler,17,4.1,LSC-1KKC1XI0
152,Prime Wholesale 152,Charlotte,Germany,Manufacturer,30,4.6,LSC-7B42G05K
153,Prime Supply 153,Boston,USA,Wholesaler,20,4.0,LSC-7MQXS6ES
154,Nova Trading 154,Houston,Vietnam,Manufacturer,12,2.9,LSC-QJG02U1G
155,Elite Retail Supply 155,San Jose,Japan,Wholesaler,-2,2.7,LSC-YGFLIJI1
156,Quantum Logistics 156,Nashville,USA,Distributor,25,3.9,LSC-JMIYQFY7
157,Evergreen Distributors 157,Boston,Japan,Distributor,13,4.0,LSC-HEF0VOTQ
158,Metro Trading 158,Portland,Japan,Wholesaler,29,4.5,LSC-STN7E36H
159,Summit Wholesale 159,San Francisco,USA,Distributor,29,3.8,LSC-EHUDS3QS
160,South Enterprises 160,Los Angeles,USA,Manufacturer,19,3.7,LSC-30O30UBM
161,Vertex Partners 161,Los Angeles,Canada,Wholesaler,30,2.7,LSC-7BO119XP
162,Elite Industrial 162,Austin,Japan,Wholesaler,14,2.7,LSC-85E4E9OE
163,United Supply 163,New York,Germany,Distributor,11,3.7,LSC-ZPNIQFG5
164,Blue Supply 164,Charlotte,Vietnam,Manufacturer,21,4.4,LSC-5AHDBVZB
165,Prime Retail Supply 165,Detroit,USA,Manufacturer,9,3.8,LSC-11F9I6UU
166,Quantum Trading 166,Boston,India,Wholesaler,30,2.9,LSC-XHKC856W
167,North Partners 167,Philadelphia,Germany,Distributor,3,4.9,LSC-7Y2LOFN1
168, West Trading 168 ,Atlanta,Japan,Distributor,11,4.6,LSC-FQCOOTNJ
169,Quantum Distributors 169,Detroit,USA,Wholesaler,29,3.4,LSC-T3BNVBC2
170,Metro Industrial 170,Seattle,India,Distributor,29,4.8,LSC-K6HG0016
171,Metro Retail Supply 171,Atlanta,Thailand,Wholesaler,19,3.3,LSC-KQXLM5Q2
172, West Procurement 172 ,Seattle,South Korea,Manufacturer,13,3.3,LSC-B50ATVZK
173,Metro Procurement 173,Atlanta,South Korea,Distributor,14,3.9,LSC-IT7M1R00
174,South Wholesale 174,Denver,Mexico,Manufacturer,7,2.8,LSC-TG698S4C
175,Prime Supply 175,Charlotte,USA,Manufacturer,6,4.6,LSC-IZASNWYW
176,West Industrial 176,New York,China,Wholesaler,2,3.8,LSC-OAZTKSZP
177,Apex Distributors 177,Houston,India,Manufacturer,18,2.9,LSC-GS3JONOU
178,United Logistics 178,Chicago,USA,Distributor,22,5.0,LSC-XBONRWZC
179,North Procurement 179,Nashville,Thailand,Wholesaler,29,4.9,LSC-67I6YUJ7
180,Nova Partners 180,Nashville,South Korea,Manufacturer,23,2.6,LSC-7L8V1ZOC
181,Apex Enterprises 181,Atlanta,Canada,Manufacturer,20,4.6,LSC-O6L1F90S
182,Rapid Supply 182,Houston,China,Manufacturer,15,3.1,LSC-CVWV8LW2
183,South Industrial 183,Atlanta,China,Wholesaler,13,3.9,LSC-NGVN1KIC
184,Nova Wholesale 184,Austin,USA,Wholesaler,-2,4.5,LSC-FOMD7Q1D
185,Vertex Wholesale 185,Charlotte,USA,Manufacturer,16,3.9,LSC-SDDTV25A
186,North Retail Supply 186,Chicago,South Korea,Wholesaler,25,4.8,LSC-69UGNEKR
187,Vertex Wholesale 187,Charlotte,Canada,Manufacturer,10,3.6,LSC-RCJIWVHD
188,Evergreen Supply 188,Austin,Vietnam,Distributor,12,4.6,LSC-N5PP3XVK
189,Metro Industrial 189,San Francisco,China,Manufacturer,7,4.9,LSC-8KZRUIN3
190,Elite Procurement 190,Houston,Vietnam,Wholesaler,20,3.0,LSC-9G1A07H2
191,Vertex Retail Supply 191,Philadelphia,Vietnam,Distributor,6,4.1,LSC-IXZ2C9RO
192,East Retail Supply 192,Columbus,Mexico,Distributor,3,4.5,LSC-M6TWD1XM
193,Prime Enterprises 193,Austin,Germany,Manufacturer,26,3.3,LSC-2DDH0UYH
194, Rapid Retail Supply 194 ,Detroit,Germany,Manufacturer,26,4.2,LSC-YF9RK7D3
195,Summit Procurement 195,Boston,China,Distributor,12,3.6,LSC-HRRPZLK3
196,Blue Supply 196,San Francisco,Thailand,Distributor,22,2.8,LSC-270STLPQ
197,Elite Wholesale 197,Dallas,Thailand,Manufacturer,22,4.1,LSC-O05QPAHK
198,Vertex Enterprises 198,Houston,Canada,Distributor,27,4.7,LSC-GLQJ5SXV
199,Elite Enterprises 199,Houston,Japan,Manufacturer,13,3.4,LSC-QGY27VYL
200,United Logistics 200,HOUSTON,India,Manufacturer,7,3.4,LSC-FNVUPRT7
201,Apex Partners 201,Dallas,Mexico,Wholesaler,17,3.2,LSC-G4W58RHN
202,East Industrial 202,Charlotte,China,Distributor,23,3.7,LSC-ZPGU2HBI
203,Evergreen Wholesale 203,Detroit,Vietnam,Manufacturer,20,4.4,LSC-1TEE13N3
204,Prime Industrial 204,Columbus,Thailand,Wholesaler,8,5.0,LSC-D31K9QM3
205,South Distributors 205,Atlanta,Thailand,Wholesaler,8,4.5,LSC-VMZWFFHH
206,Prime Enterprises 206,Denver,Canada,Manufacturer,19,3.2,LSC-TLZKJ49Y
207,Blue Wholesale 207,Charlotte,India,Wholesaler,3,5.0,LSC-5E5IZ31Y
208,West Wholesale 208,Nashville,Japan,Manufacturer,22,3.2,LSC-OQW5DSK7
209,Rapid Industrial 209,Philadelphia,China,Distributor,12,4.0,LSC-54D8WZ42
210,Elite Trading 210,Charlotte,India,Wholesaler,28,3.0,LSC-J3MUURMY
211,Prime Supply 211,Houston,Thailand,Wholesaler,22,4.5,LSC-QE4PA8HY
212,Summit Logistics 212,Dallas,Thailand,Wholesaler,29,4.8,LSC-JXJN6FOK
213,United Retail Supply 213,Chicago,Germany,Distributor,24,2.7,LSC-HCVSQAME
214,North Wholesale 214,Philadelphia,USA,Distributor,4,3.1,LSC-D3DNKN35
215,Summit Distributors 215,San Jose,Vietnam,Wholesaler,20,2.5,LSC-XP0WFOY4
216,Vertex Distributors 216,Phoenix,Mexico,Wholesaler,26,2.8,LSC-0MP2IXIV
217,Evergreen Supply 217,Boston,Vietnam,Manufacturer,8,3.8,LSC-S0KB68RE
218,West Enterprises 218,Chicago,South Korea,Wholesaler,18,4.7,LSC-AMLN4PTG
219,West Distributors 219,New York,India,Wholesaler,20,2.7,LSC-JBC2SWSO
220,Elite Distributors 220,Columbus,India,Wholesaler,19,4.0,LSC-JLSH3TOW
221,Vertex Logistics 221,Charlotte,USA,Wholesaler,25,4.9,LSC-II7EWBXX
222,Apex Distributors 222,New York,Mexico,Manufacturer,24,2.8,LSC-ARMS3JN0
223,Nova Distributors 223,New York,Vietnam,Wholesaler,12,4.5,LSC-JCZUCQMR
224,Apex Procurement 224,Dallas,USA,Wholesaler,10,4.4,LSC-6YE0A4AB
225, Rapid Retail Supply 225 ,Phoenix,Thailand,Wholesaler,7,4.8,LSC-4T60PLOZ
226,Nova Distributors 226,Nashville,China,Wholesaler,13,2.8,LSC-YBISBO55
227,Evergreen Procurement 227,Chicago,Mexico,Manufacturer,19,3.6,LSC-NK20IN89
228,Metro Partners 228,Atlanta,India,Wholesaler,6,2.5,LSC-OIM458AX
229,Evergreen Distributors 229,Seattle,India,Distributor,18,5.0,LSC-P89FKBI4
230,North Procurement 230,Detroit,Japan,Manufacturer,25,2.7,LSC-DE3CUP8I
231,Nova Procurement 231,Austin,India,Manufacturer,24,4.6,LSC-LQI7E1DD
232,South Industrial 232,San Francisco,Canada,Manufacturer,15,2.8,LSC-M1QQ4D3K
233,Prime Trading 233,San Francisco,Thailand,Manufacturer,6,2.7,LSC-IMSYJ9BO
234,South Partners 234,Columbus,China,Manufacturer,9,2.7,LSC-D2EC2IHO
235,Vertex Enterprises 235,Nashville,China,Manufacturer,10,4.8,LSC-C9HX3D43
236,Blue Supply 236,Detroit,Canada,Distributor,3,2.9,LSC-U3OBYGHG
237,Nova Industrial 237,Phoenix,Thailand,Distributor,3,4.0,LSC-WXR5RDNP
238,East Trading 238,Columbus,China,Distributor,27,2.5,LSC-NZR2MULJ
239,Global Procurement 239,Portland,China,Wholesaler,9,2.6,LSC-3K3QMVIF
240,United Trading 240,Miami,South Korea,Wholesaler,19,4.5,LSC-7C9H42M4
241,Apex Wholesale 241,Atlanta,Thailand,Wholesaler,20,3.3,LSC-0MVZMUF8
242,West Partners 242,Boston,Vietnam,Manufacturer,7,3.7,LSC-DIHSA7HE
243,Apex Procurement 243,Los Angeles,India,Distributor,2,2.9,LSC-ZFDSNCZX
244,Blue Procurement 244,Boston,Mexico,Distributor,12,2.8,LSC-F828XG8Y
245,Rapid Trading 245,Nashville,South Korea,Distributor,28,2.9,LSC-LYE088O9
246,Prime Wholesale 246,Portland,India,Distributor,12,4.8,LSC-8HU7F0I9
247,Apex Distributors 247,San Francisco,Mexico,Distributor,16,2.5,LSC-HYM2ZBPP
248,Apex Retail Supply 248,Philadelphia,Japan,Wholesaler,30,3.4,LSC-TDR5XYFC
249,Prime Logistics 249,New York,Germany,Distributor,12,3.2,LSC-DM5FC79M
250,West Supply 250,Charlotte,South Korea,Distributor,22,,LSC-6FDHGZZ0
251,Nova Logistics 251,Boston,Germany,Distributor,9,2.7,LSC-OTRBAD3W
252,West Trading 252,Houston,USA,Manufacturer,2,3.0,LSC-W9RE2Q6J
253,Elite Wholesale 253,Denver,USA,Manufacturer,30,6.5,LSC-GBPJ4UFZ
254,Blue Distributors 254,Denver,Germany,Distributor,27,,LSC-8VT43PT5
255,West Enterprises 255,Atlanta,Canada,Distributor,17,3.2,LSC-O4BUSU9F
256,South Wholesale 256,Dallas,India,Wholesaler,8,,LSC-EP9P9W4J
257,Vertex Distributors 257,Austin,Canada,Wholesaler,19,3.5,LSC-LJQ52WSP
258,North Wholesale 258,Phoenix,India,Distributor,20,4.0,LSC-177UDKTM
259,North Logistics 259,Austin,China,Manufacturer,22,3.7,LSC-VBJFVYB6
260,Quantum Trading 260,Los Angeles,Mexico,Manufacturer,25,3.7,LSC-JNM2L44Y
261,United Wholesale 261,Boston,USA,Wholesaler,25,3.6,LSC-3JPXGH30
262,East Procurement 262,Los Angeles,Mexico,Distributor,18,4.5,LSC-CZO2SUG5
263,Metro Supply 263,Atlanta,South Korea,Distributor,3,3.6,LSC-7ZJ3SWEB
264,Rapid Industrial 264,Portland,Canada,Wholesaler,16,2.9,LSC-5VMF60YK
265,Elite Supply 265,Dallas,Mexico,Manufacturer,29,3.9,LSC-84XYJOA2
266,Global Industrial 266,Phoenix,Germany,Wholesaler,22,2.9,LSC-2IV7ZZJ6
267,Rapid Industrial 267,Miami,Mexico,Manufacturer,8,3.7,LSC-Y3ODSX4N
268,Evergreen Logistics 268,Houston,USA,Manufacturer,17,2.7,LSC-9X5JZ6KF
269,United Supply 269,Portland,Canada,Distributor,14,4.2,LSC-YZX9JPNB
270,Metro Procurement 270,Atlanta,Thailand,Manufacturer,23,3.8,LSC-26YS445G
271,Blue Industrial 271,PHOENIX,Japan,Distributor,25,3.1,LSC-31GYMDM0
272,Evergreen Retail Supply 272,San Francisco,USA,Wholesaler,13,3.2,LSC-K4Q5V7C6
273,East Distributors 273,Austin,Thailand,Distributor,18,3.2,LSC-B4EHOU6Q
274,Quantum Wholesale 274,Chicago,Canada,Distributor,17,3.3,LSC-9LCQH1UF
275,Vertex Wholesale 275,Portland,Canada,Distributor,15,4.1,LSC-O8NBHNAL
276,East Trading 276,New York,India,Wholesaler,23,2.5,LSC-0I5LDSLC
277,Prime Logistics 277,Boston,China,Distributor,16,4.3,LSC-VM59M6MG
278,Elite Supply 278,Atlanta,USA,Manufacturer,9,4.3,LSC-E0VGNXB5
279,Nova Partners 279,Portland,Thailand,Wholesaler,3,4.0,LSC-BD4BEPEJ
280,Summit Trading 280,New York,Germany,Wholesaler,11,,LSC-DSWZP6SW
281,Evergreen Distributors 281,Houston,Mexico,Manufacturer,17,3.0,LSC-HJSHZKBR
282,Metro Industrial 282,San Francisco,USA,Distributor,9,2.5,LSC-Y64YFDS0
283,Blue Logistics 283,Atlanta,India,Distributor,16,5.0,LSC-KQDGBK2L
284,Blue Distributors 284,Los Angeles,Germany,Wholesaler,2,4.6,LSC-XGMPW5D3
285, Apex Distributors 285 ,Austin,South Korea,Distributor,14,4.9,LSC-JN42X2EZ
286,Prime Wholesale 286,Houston,South Korea,Distributor,15,4.8,LSC-RUPW2W55
287,Summit Industrial 287,Philadelphia,India,Wholesaler,5,4.7,LSC-PCXA5S00
288,United Procurement 288,San Jose,Japan,Wholesaler,18,4.2,LSC-WP0RXXF3
289,Prime Supply 289,Dallas,India,Wholesaler,18,4.6,LSC-45CRI8BI
290,Elite Retail Supply 290,Atlanta,Japan,Manufacturer,4,3.6,LSC-2Q4QERXD
291,North Supply 291,Columbus,Japan,Manufacturer,19,,LSC-DVWKSHY8
292,Rapid Supply 292,Atlanta,Mexico,Distributor,29,3.6,LSC-UWRXZE1H
293,Quantum Procurement 293,Boston,Thailand,Wholesaler,19,3.8,LSC-ZBFFZZDV
294,Metro Distributors 294,Austin,Germany,Manufacturer,8,3.6,LSC-2ZDO74V1
295,South Industrial 295,Nashville,South Korea,Manufacturer,18,2.8,LSC-RTB74RS7
296,Apex Enterprises 296,Dallas,India,Manufacturer,25,4.5,LSC-DXVL5PVY
297,United Logistics 297,Austin,China,Distributor,12,4.9,LSC-QEOZ0KZ4
298,Metro Trading 298,Seattle,South Korea,Manufacturer,21,4.3,LSC-Y7EZ9GTW
299,Blue Procurement 299,Columbus,Thailand,Manufacturer,17,4.0,LSC-7ZY6T5PA
300,Blue Supply 300,Austin,Thailand,Wholesaler,6,2.6,LSC-CJ29YFC2
301,Metro Partners 301,Los Angeles,China,Manufacturer,13,4.5,LSC-D5050UI2
302,Evergreen Supply 302,Austin,Germany,Distributor,14,3.5,LSC-2Y8B0H54
303,South Trading 303,Denver,Vietnam,Manufacturer,26,4.0,LSC-0H0GQ9C8
304,East Distributors 304,Austin,India,Wholesaler,3,3.6,LSC-UEVJLZFF
305,Quantum Enterprises 305,Los Angeles,India,Wholesaler,26,4.8,LSC-WXRUM2LH
306,Apex Partners 306,Chicago,South Korea,Distributor,27,3.8,LSC-OTDHHLMH
307,East Industrial 307,Columbus,Thailand,Distributor,28,4.4,LSC-XEMIX7IB
308,Quantum Retail Supply 308,Houston,Germany,Distributor,14,3.1,LSC-0AS1SSRK
309,Metro Procurement 309,San Jose,South Korea,Wholesaler,4,4.9,LSC-G8TACY15
310,North Distributors 310,Seattle,Japan,Manufacturer,19,4.6,LSC-50P3CYAZ
311,Prime Distributors 311,Chicago,China,Manufacturer,3,2.9,LSC-JC36OQOL
312,Elite Distributors 312,Columbus,India,Manufacturer,2,4.1,LSC-W1VZC7D2
313,Evergreen Enterprises 313,Chicago,Mexico,Distributor,11,4.4,LSC-POXRTEO2
314,Evergreen Wholesale 314,Boston,USA,Manufacturer,23,4.7,LSC-85X8A5FB
315,Elite Partners 315,Columbus,Germany,Distributor,-20,3.3,LSC-06MOXSFH
316,Nova Trading 316,Houston,Canada,Wholesaler,7,4.2,LSC-UB19TXCY
317,Nova Distributors 317,Seattle,China,Wholesaler,25,4.0,LSC-8MYIKCGR
318,Quantum Enterprises 318,Boston,Mexico,Distributor,24,4.0,LSC-UNLPAIH0
319,North Logistics 319,Denver,Thailand,Manufacturer,6,,LSC-LRQ1RDXC
320,Nova Wholesale 320,Columbus,USA,Wholesaler,8,3.2,LSC-5CCASBUO
321,Metro Supply 321,Columbus,Canada,Wholesaler,10,3.9,LSC-9Q1NI10K
322,South Partners 322,San Jose,Mexico,Wholesaler,4,3.5,LSC-SX43WFSQ
323,Apex Enterprises 323,Nashville,South Korea,Wholesaler,23,4.7,LSC-F07B1IJI
324,Metro Partners 324,Denver,USA,Manufacturer,14,3.7,LSC-QB9LZS34
325,Nova Enterprises 325,Columbus,India,Manufacturer,20,2.9,LSC-XNX4SN6S
326,Rapid Procurement 326,Philadelphia,Mexico,Manufacturer,27,3.7,LSC-VSFFCXHG
327,Rapid Enterprises 327,Houston,USA,Wholesaler,23,3.1,LSC-3ZRRHF4A
328,Prime Wholesale 328,Nashville,Vietnam,Distributor,20,2.9,LSC-WBUCJG8V
329,Global Logistics 329,Chicago,Vietnam,Distributor,8,3.6,LSC-95G3V23G
330,East Logistics 330,Dallas,China,Manufacturer,25,4.2,LSC-7VCNEAS6
331,North Wholesale 331,Portland,Germany,Distributor,5,2.9,LSC-6V5T1DX6
332,Global Retail Supply 332,San Jose,Vietnam,Manufacturer,15,3.4,LSC-BTI22NV0
333,Blue Retail Supply 333,Phoenix,China,Wholesaler,10,3.7,LSC-I4K5OGZ2
334,East Distributors 334,San Jose,Germany,Distributor,2,3.4,LSC-H2ODPVJT
335,Rapid Enterprises 335,Miami,Japan,Manufacturer,23,3.5,LSC-HTUGUR9U
336,Elite Wholesale 336,Houston,Japan,Wholesaler,25,3.1,LSC-28DS22WY
337,Prime Wholesale 337,Austin,Germany,Distributor,22,2.5,LSC-DF7PCHCB
338,Elite Retail Supply 338,Portland,Japan,Manufacturer,22,3.8,LSC-ZV83XPHX
339,East Logistics 339,Seattle,Vietnam,Wholesaler,3,4.5,LSC-SZWYMX9D
340,Nova Retail Supply 340,Denver,Vietnam,Distributor,23,3.5,LSC-VS0CDK36
341,Rapid Procurement 341,Miami,Japan,Manufacturer,9,,LSC-H7UJODCK
342,Blue Partners 342,Miami,South Korea,Distributor,30,3.8,LSC-2JPNRIM1
343,South Enterprises 343,New York,USA,Distributor,17,2.8,LSC-CW9YIL8S
344,Global Logistics 344,Atlanta,Japan,Manufacturer,11,2.7,LSC-Y3C7RM6J
345,Metro Industrial 345,Seattle,Germany,Distributor,9,4.3,LSC-5HHIWFD7
346,West Enterprises 346,New York,Canada,Wholesaler,26,4.6,LSC-84NL65UJ
347,Apex Partners 347,Miami,China,Wholesaler,14,3.1,LSC-UB2RTSOY
348,Apex Industrial 348,Houston,USA,Distributor,24,3.8,LSC-LAYNDN5G
349,Nova Trading 349,Miami,Vietnam,Wholesaler,17,4.9,LSC-MGPP1NOQ
350,Summit Enterprises 350,Atlanta,India,Wholesaler,28,2.7,LSC-JIPNF8F3
351,Apex Retail Supply 351,Philadelphia,South Korea,Manufacturer,6,5.0,LSC-4SZ2KUUO
352,Apex Supply 352,Seattle,India,Distributor,28,3.1,LSC-4D0JMU3M
353,North Distributors 353,Denver,China,Wholesaler,29,4.2,LSC-VUXT9KLS
354,South Distributors 354,Austin,Thailand,Manufacturer,21,3.2,LSC-WFG3MWU4
355,Vertex Distributors 355,Dallas,Mexico,Distributor,12,3.1,LSC-LKJXJQ5N
356,East Industrial 356,Charlotte,South Korea,Wholesaler,7,3.0,LSC-A0X7ZCGD
357,Vertex Industrial 357,Columbus,Germany,Distributor,3,2.6,LSC-O1CJFX5L
358,United Logistics 358,Detroit,Canada,Distributor,22,2.8,LSC-SGBM65Q5
359,Nova Partners 359,Detroit,Germany,Manufacturer,6,4.9,LSC-ZGVWWUSX
360,Evergreen Procurement 360,Philadelphia,Vietnam,Wholesaler,19,3.1,LSC-DLOFAS1E
361,Evergreen Industrial 361,Columbus,USA,Wholesaler,2,4.2,LSC-R1K12V2T
362,Metro Retail Supply 362,Columbus,Mexico,Wholesaler,15,3.5,LSC-F0ONJPI1
363,Nova Logistics 363,Columbus,South Korea,Wholesaler,27,3.2,LSC-GCEDQQZR
364,Quantum Supply 364,Phoenix,USA,Manufacturer,3,4.9,LSC-A9KEPADA
365,Metro Procurement 365,Charlotte,Japan,Manufacturer,11,4.5,LSC-RNZBC1FJ
366,Elite Distributors 366,Columbus,Mexico,Wholesaler,17,3.0,LSC-6JNA9ZN9
367,United Supply 367,Seattle,Thailand,Manufacturer,16,4.3,LSC-DXHO87F0
368,East Distributors 368,Miami,USA,Distributor,17,4.1,LSC-H55HEWLG
369,Nova Enterprises 369,Houston,India,Wholesaler,14,4.5,LSC-AB2RVNDF
370,Vertex Enterprises 370,San Francisco,South Korea,Distributor,26,4.1,LSC-CXZ2EI92
371,Rapid Industrial 371,Seattle,USA,Wholesaler,2,4.2,LSC-ME6RPKZG
372,Apex Partners 372,Denver,Japan,Manufacturer,12,4.3,LSC-J36TCFKJ
373,Rapid Industrial 373,New York,Thailand,Wholesaler,26,4.1,LSC-NGA41IZX
374,Elite Trading 374,San Jose,Mexico,Manufacturer,23,3.7,LSC-TWLXDSC4
375,Summit Wholesale 375,Los Angeles,Thailand,Manufacturer,8,,LSC-GBXNRWVB
376,United Enterprises 376,chicago,Thailand,Wholesaler,2,4.8,LSC-HR6C2CU7
377,North Procurement 377,Los Angeles,Japan,Manufacturer,28,4.0,LSC-T04CHSDI
378,Elite Trading 378,Seattle,Canada,Distributor,18,4.1,LSC-U8UU01UY
379,North Distributors 379,Dallas,Vietnam,Manufacturer,27,3.0,LSC-OMF9PML9
380,Quantum Procurement 380,Charlotte,South Korea,Wholesaler,26,4.1,LSC-3LITNT0M
381,South Industrial 381,Austin,South Korea,Wholesaler,2,4.3,LSC-9VS9KKH4
382,Global Logistics 382,Columbus,China,Distributor,18,3.9,LSC-7FBMENUI
383,Evergreen Distributors 383,Nashville,China,Distributor,14,3.9,LSC-HCLRR6Z3
384,Blue Enterprises 384,Boston,China,Distributor,3,4.3,LSC-UCC1M3O5
385,United Enterprises 385,New York,South Korea,Manufacturer,22,4.4,LSC-NKBTFSHB
386,Elite Industrial 386,Portland,Mexico,Manufacturer,20,3.8,LSC-HKOECUBO
387, Vertex Retail Supply 387 ,San Jose,Vietnam,Distributor,15,4.4,LSC-EEURXHW0
388,United Trading 388,Chicago,Thailand,Manufacturer,10,4.4,LSC-L7DYPMLV
389,Global Logistics 389,Dallas,Vietnam,Wholesaler,13,4.0,LSC-9PFB3HN1
390,Vertex Distributors 390,Los Angeles,Germany,Distributor,9,4.9,LSC-753AYEQA
391,Metro Partners 391,Seattle,Mexico,Distributor,8,3.9,LSC-1TW9ZYN6
392,East Supply 392,Miami,India,Wholesaler,7,2.7,LSC-HZJQ8CXX
393,Rapid Distributors 393,New York,Canada,Wholesaler,11,4.7,LSC-XIN9DL5T
394,Apex Trading 394,San Jose,Germany,Wholesaler,16,3.9,LSC-ZB7KR0AY
395,Rapid Logistics 395,Atlanta,China,Distributor,18,3.2,LSC-CJN9978I
396,Quantum Retail Supply 396,Phoenix,India,Wholesaler,4,4.3,LSC-SY5YPUPL
397,Quantum Industrial 397,Columbus,Germany,Wholesaler,6,3.0,LSC-ET25LZSE
398,Summit Enterprises 398,Dallas,India,Manufacturer,12,2.7,LSC-TZG4FBL9
399,North Logistics 399,Detroit,USA,Distributor,25,4.8,LSC-67J2DG1W
400,Nova Enterprises 400,Nashville,Thailand,Wholesaler,21,3.1,LSC-IYMYRSVZ
401,Rapid Wholesale 401,Austin,Japan,Distributor,17,3.7,LSC-FIO878IY
402,Metro Trading 402,Chicago,Mexico,Distributor,7,4.8,LSC-95RLQIOB
403,Elite Procurement 403,Austin,Germany,Manufacturer,21,4.8,LSC-UTXZBDQ5
404,United Partners 404,Columbus,South Korea,Distributor,14,5.0,LSC-BN18GP51
405,Evergreen Industrial 405,Dallas,Vietnam,Wholesaler,15,3.2,LSC-7Y6QXDSG
406,Summit Retail Supply 406,Charlotte,USA,Distributor,12,3.6,LSC-GVZHQJY6
407,Apex Distributors 407,Chicago,Thailand,Distributor,5,4.3,LSC-WDZ09WFT
408,Prime Wholesale 408,San Francisco,Japan,Distributor,20,4.7,LSC-5FF1BL08
409,Evergreen Wholesale 409,Houston,Mexico,Distributor,30,2.8,LSC-HWJQ4TA5
410,United Trading 410,Nashville,South Korea,Wholesaler,23,3.7,LSC-OCVITWU3
411,Prime Wholesale 411,Phoenix,South Korea,Distributor,3,4.1,LSC-B4Y4K7BP
412,Apex Wholesale 412,Boston,India,Manufacturer,21,4.2,LSC-ZUU80MB1
413,Quantum Procurement 413,Austin,Canada,Distributor,28,2.7,LSC-PTKEZJSS
414,Metro Enterprises 414,Los Angeles,Japan,Wholesaler,5,3.9,LSC-9TD0V2ZP
415,Quantum Logistics 415,San Jose,Thailand,Wholesaler,20,5.0,LSC-MEUSWRGV
416,Evergreen Trading 416,New York,China,Distributor,5,,LSC-WE429OMU
417,Metro Supply 417,Seattle,South Korea,Wholesaler,24,3.2,LSC-2LSLAYM0
418,Global Wholesale 418,Seattle,Japan,Manufacturer,12,4.6,LSC-7RRBEFQ5
419,Quantum Industrial 419,Charlotte,Germany,Wholesaler,25,2.6,LSC-SUYTAUL6
420,Rapid Distributors 420,Phoenix,Vietnam,Wholesaler,10,4.6,LSC-MNTFVGE2
421,Evergreen Procurement 421,Los Angeles,Vietnam,Manufacturer,10,3.5,LSC-RIQ8HKE2
422,Metro Distributors 422,Detroit,USA,Distributor,18,2.6,LSC-RSG70S1F
423,Blue Partners 423,Phoenix,USA,Wholesaler,8,4.3,LSC-QZSA7YVD
424,South Supply 424,Houston,Japan,Distributor,18,4.4,LSC-0A1WHHKT
425,South Distributors 425,Miami,India,Wholesaler,6,2.9,LSC-E8UDTTJ7
426,Evergreen Enterprises 426,Atlanta,Canada,Wholesaler,7,2.7,LSC-WMPEQYDB
427, North Retail Supply 427 ,Dallas,India,Wholesaler,24,,LSC-V4ZWL3ZY
428,Vertex Industrial 428,Nashville,Japan,Manufacturer,6,2.7,LSC-2ZDLX1Q8
429,Summit Enterprises 429,Miami,Vietnam,Manufacturer,13,3.5,LSC-ZX25QBRM
430,South Wholesale 430,Boston,Mexico,Manufacturer,26,3.4,LSC-USOZDUCK
431,South Retail Supply 431,Nashville,Canada,Manufacturer,15,3.1,LSC-IFRCHYP9
432,Quantum Partners 432,Atlanta,Japan,Distributor,7,4.2,LSC-C7URVQT3
433,Apex Logistics 433,Austin,Canada,Manufacturer,4,,LSC-YV3LXCHF
434,Global Wholesale 434,Phoenix,USA,Distributor,16,3.8,LSC-OUHYLU6K
435,North Procurement 435,Chicago,Mexico,Manufacturer,20,2.5,LSC-9OEKNTBZ
436,Rapid Distributors 436,Boston,Japan,Wholesaler,29,2.6,LSC-PVWZOPHG
437,Summit Trading 437,Columbus,China,Distributor,14,4.6,LSC-MPK5EAXF
438,West Retail Supply 438,Phoenix,India,Wholesaler,4,2.8,LSC-346Z7WQP
439,South Retail Supply 439,Denver,India,Manufacturer,9,,LSC-VU4ISOTN
440,Prime Enterprises 440,Philadelphia,Mexico,Distributor,24,3.4,LSC-U8C0S41K
441,East Distributors 441,San Jose,Thailand,Manufacturer,30,4.0,LSC-IWXYYTUW
442,Quantum Partners 442,New York,Germany,Manufacturer,17,3.6,LSC-6ULM9KGZ
443,Evergreen Enterprises 443,Miami,Canada,Wholesaler,3,4.1,LSC-UUXK0ARE
444,Vertex Logistics 444,Miami,India,Wholesaler,6,4.0,LSC-JJ0V60XN
445,Apex Logistics 445,Atlanta,South Korea,Distributor,17,3.0,LSC-SB98V341
446,North Retail Supply 446,Atlanta,Thailand,Wholesaler,23,3.6,LSC-WH0MX1EG
447,Elite Industrial 447,Boston,China,Wholesaler,17,4.4,LSC-1TNZRF5A
448,South Retail Supply 448,San Francisco,Vietnam,Distributor,18,4.2,LSC-B7W8P74M
449,Nova Distributors 449,Miami,Canada,Manufacturer,22,,LSC-QYIY1SY9
450,Quantum Partners 450,New York,USA,Wholesaler,23,2.5,LSC-COSYM0JB
451, Vertex Supply 451 ,Portland,Vietnam,Distributor,23,4.7,LSC-HVE8DVN1
452,Apex Distributors 452,Dallas,South Korea,Distributor,10,3.2,LSC-XCQ91YY1
453,Nova Wholesale 453,Chicago,Vietnam,Manufacturer,10,,LSC-NLC8JPR7
454,Elite Wholesale 454,Philadelphia,China,Manufacturer,5,2.9,LSC-1HX6ZDCU
455,Nova Industrial 455,New York,Thailand,Wholesaler,30,,LSC-XABOFLOA
456,West Industrial 456,Charlotte,Vietnam,Wholesaler,14,4.6,LSC-22TA83RU
457,Rapid Procurement 457,Boston,Germany,Distributor,14,2.6,LSC-9XN4M41K
458,Metro Wholesale 458,Columbus,Thailand,Distributor,3,4.9,LSC-XKODYR5P
459,Metro Wholesale 459,Los Angeles,India,Manufacturer,8,2.6,LSC-9IN2XR83
460,Global Supply 460,San Francisco,Mexico,Wholesaler,3,3.3,LSC-ZOHXS75T
461,United Distributors 461,Los Angeles,South Korea,Distributor,25,2.9,LSC-XQ7BZEGB
462,Evergreen Distributors 462,Detroit,USA,Distributor,21,2.9,LSC-V3DR2H2P
463,Elite Procurement 463,Houston,Japan,Wholesaler,23,3.9,LSC-E421VMEF
464,North Wholesale 464,Denver,Vietnam,Wholesaler,19,2.9,LSC-IUE2WNF5
465,Vertex Supply 465,New York,USA,Distributor,7,4.8,LSC-ZVKY2REF
466,Nova Partners 466,Detroit,Mexico,Manufacturer,15,3.1,LSC-GYVZWD3K
467,North Supply 467,Columbus,Thailand,Wholesaler,9,3.0,LSC-99W59SQW
468,Metro Logistics 468,Los Angeles,Japan,Distributor,8,2.8,LSC-F46RF7BN
469,Metro Retail Supply 469,Miami,Germany,Distributor,12,4.0,LSC-6QDBTFBS
470,Vertex Trading 470,Detroit,Mexico,Distributor,20,3.9,LSC-P06IDIIO
471,Metro Retail Supply 471,Atlanta,Mexico,Manufacturer,4,3.7,LSC-R6F7QNEZ
472,Rapid Logistics 472,Seattle,Canada,Manufacturer,12,2.8,LSC-YCE4QGM5
473,Apex Enterprises 473,Dallas,China,Distributor,20,4.9,LSC-4D4R9V4K
474,North Trading 474,Atlanta,Mexico,Wholesaler,12,3.6,LSC-I7866PB9
475,East Supply 475,Charlotte,China,Wholesaler,18,3.5,LSC-3ZDRC1YO
476, Metro Wholesale 476 ,Denver,Germany,Distributor,11,3.1,LSC-9AYFQUV9
477,South Wholesale 477,Austin,Japan,Manufacturer,7,,LSC-NQW4C6LB
478,North Logistics 478,Portland,Vietnam,Wholesaler,19,3.9,LSC-HYWM7S6N
479,Prime Distributors 479,Austin,USA,Wholesaler,13,3.7,LSC-BNXZU1EM
480,Blue Industrial 480,Nashville,USA,Manufacturer,29,4.9,LSC-H0IMJYJC
481,Rapid Industrial 481,Philadelphia,Vietnam,Distributor,18,3.8,LSC-EZYTKW28
482,Vertex Trading 482,Detroit,India,Distributor,4,2.7,LSC-6K8DJZR5
483,East Supply 483,Boston,Thailand,Manufacturer,15,4.9,LSC-TEMPXKC5
484,United Partners 484,San Francisco,Germany,Distributor,15,3.9,LSC-X2RXTTQU
485,Evergreen Wholesale 485,Miami,China,Manufacturer,9,3.7,LSC-81BMQF7Z
486,Evergreen Wholesale 486,Dallas,Germany,Manufacturer,28,4.3,LSC-62FE9UPN
487,Metro Partners 487,Los Angeles,Mexico,Distributor,23,3.3,LSC-MNTFK7OR
488,Summit Industrial 488,San Francisco,China,Manufacturer,6,2.5,LSC-09LZRK79
489,Summit Enterprises 489,Detroit,Vietnam,Distributor,12,4.2,LSC-06FTLO4Q
490,Vertex Procurement 490,Los Angeles,Japan,Manufacturer,21,4.1,LSC-VH7KATQY
491,Vertex Partners 491,Austin,Japan,Distributor,8,3.7,LSC-VSCYOZPN
492,Global Logistics 492,Denver,Canada,Manufacturer,13,3.3,LSC-QUH50OPF
493,North Retail Supply 493,Phoenix,Vietnam,Distributor,28,4.0,LSC-DHR59C81
494,Vertex Supply 494,Charlotte,Vietnam,Manufacturer,22,4.8,LSC-OUZ1EGNT
495,Prime Logistics 495,Nashville,Vietnam,Manufacturer,11,3.7,LSC-0I2FKXWE
496,Evergreen Retail Supply 496,Dallas,Thailand,Distributor,17,4.8,LSC-XB1R8VNR
497,North Logistics 497,Philadelphia,Mexico,Manufacturer,24,4.5,LSC-N0AJUFQY
498,Rapid Wholesale 498,Los Angeles,India,Wholesaler,10,3.4,LSC-W8BKXCGW
499,Blue Enterprises 499,Dallas,Canada,Manufacturer,19,3.3,LSC-L42JZNTM
500,Summit Supply 500,Phoenix,Thailand,Manufacturer,18,3.2,LSC-2O7FHS32
501,East Partners 501,Columbus,China,Manufacturer,24,4.4,LSC-EQC37RLN
502,South Enterprises 502,San Jose,USA,Wholesaler,26,4.9,LSC-GK0EEYYL
503,Metro Wholesale 503,Chicago,Canada,Distributor,15,4.2,LSC-2C11BD2S
504,Prime Industrial 504,Houston,USA,Wholesaler,10,2.6,LSC-KADEVVHY
505,Global Distributors 505,Phoenix,USA,Wholesaler,29,5.8,LSC-JUM42WSC
506,Global Partners 506,Seattle,Canada,Wholesaler,24,3.0,LSC-K6T9DHSZ
507,Rapid Enterprises 507,Dallas,Vietnam,Distributor,16,4.2,LSC-D49PSO1L
508,South Distributors 508,San Jose,Vietnam,Distributor,6,3.7,LSC-NKZCRNQ0
509,South Trading 509,Columbus,Vietnam,Distributor,15,3.2,LSC-4GC4RYG9
510,West Distributors 510,Austin,Germany,Manufacturer,16,3.8,LSC-YEOZ906G
511,Rapid Trading 511,San Francisco,USA,Distributor,8,4.0,LSC-9E40KZUJ
512,Elite Procurement 512,Philadelphia,India,Manufacturer,23,4.0,LSC-ORK1DJRW
513,Summit Supply 513,Houston,India,Manufacturer,25,2.6,LSC-CY8NYFWD
514,Vertex Partners 514,Philadelphia,Germany,Distributor,27,3.7,LSC-KRST3TA1
515,North Distributors 515,Austin,Vietnam,Distributor,16,3.3,LSC-NQBU4KZR
516,Summit Logistics 516,Austin,Japan,Wholesaler,17,4.4,LSC-URTTQUFC
517,Nova Industrial 517,Nashville,Japan,Distributor,14,4.0,LSC-M9LBB4M0
518,Global Procurement 518,Austin,Canada,Wholesaler,5,3.6,LSC-9OCIILDY
519,Evergreen Distributors 519,San Francisco,China,Wholesaler,7,2.5,LSC-LQ5U6JZV
520,Quantum Retail Supply 520,Nashville,Thailand,Wholesaler,14,3.3,LSC-DRYHR3YF
521,Evergreen Procurement 521,Charlotte,Mexico,Distributor,8,3.7,LSC-424TKB9O
522,United Enterprises 522,Chicago,Thailand,Wholesaler,24,4.6,LSC-DMC2RH2X
523,Evergreen Partners 523,Boston,Canada,Distributor,15,,LSC-LOJSYT5W
524,East Wholesale 524,Nashville,South Korea,Distributor,17,3.0,LSC-80Q7TW1P
525,Prime Partners 525,Seattle,South Korea,Wholesaler,13,3.7,LSC-I014O46W
526,North Logistics 526,Boston,South Korea,Manufacturer,22,2.9,LSC-YIIFA2LR
527, North Retail Supply 527 ,Los Angeles,Vietnam,Distributor,8,2.9,LSC-EJ2XG48R
528,Global Supply 528,Chicago,Japan,Wholesaler,12,4.0,LSC-56ONXD70
529,Summit Trading 529,Houston,India,Wholesaler,20,4.3,LSC-7S387J5I
530,Blue Procurement 530,San Francisco,Vietnam,Distributor,28,4.0,LSC-O0IPFG8P
531,Nova Enterprises 531,Los Angeles,Germany,Manufacturer,17,3.8,LSC-ZETRIJ2F
532,West Procurement 532,Boston,Vietnam,Manufacturer,2,4.1,LSC-6B02B7YJ
533,Elite Logistics 533,Denver,USA,Distributor,30,4.5,LSC-E54N6O9J
534,Vertex Trading 534,Boston,Japan,Wholesaler,8,4.6,LSC-FPL3X2JC
535,West Industrial 535,Charlotte,Canada,Wholesaler,28,3.3,LSC-P7DFJCP0
536,Quantum Industrial 536,New York,USA,Distributor,26,2.6,LSC-XW2EOWLC
537,Apex Trading 537,San Jose,South Korea,Distributor,24,4.9,LSC-314Y2LR0
538,Nova Wholesale 538,Nashville,Mexico,Distributor,28,3.3,LSC-KDNON4UA
539,Global Partners 539,Portland,Vietnam,Wholesaler,22,3.1,LSC-DQJ4BWVF
540,Rapid Wholesale 540,Nashville,Japan,Manufacturer,5,,LSC-S173RIH8
541,Nova Logistics 541,Philadelphia,Mexico,Manufacturer,14,2.8,LSC-4V9KYPOF
542,Evergreen Logistics 542,Atlanta,China,Wholesaler,21,3.6,LSC-IUXDQ59O
543,Metro Retail Supply 543,Charlotte,Mexico,Manufacturer,25,4.0,LSC-CUB7QMVY
544,Prime Supply 544,Miami,Thailand,Wholesaler,18,4.0,LSC-KON8UUJS
545,Quantum Industrial 545,Phoenix,Thailand,Wholesaler,4,3.3,LSC-TFEBE540
546,North Logistics 546,Miami,South Korea,Manufacturer,21,4.6,LSC-7SPF0R8U
547,South Supply 547,Seattle,Japan,Manufacturer,6,2.6,LSC-GQFQE6RP
548,West Industrial 548,Philadelphia,USA,Distributor,5,4.6,LSC-5ED5GGSJ
549,Metro Enterprises 549,New York,India,Manufacturer,18,4.4,LSC-G7IRDLK9
550,Blue Retail Supply 550,Denver,Vietnam,Wholesaler,20,4.8,LSC-DLBQZRWJ
551,Global Procurement 551,Los Angeles,India,Manufacturer,22,,LSC-Q8962E52
552,Evergreen Procurement 552,Los Angeles,Canada,Distributor,25,2.7,LSC-8NOG85D4
553,Apex Retail Supply 553,Austin,Vietnam,Manufacturer,11,4.1,LSC-8FK2076V
554,Rapid Distributors 554,Denver,Germany,Manufacturer,18,3.0,LSC-QNJVDPNG
555,North Distributors 555,Los Angeles,China,Distributor,18,3.4,LSC-QIYFRWSK
556,North Distributors 556,Philadelphia,Japan,Distributor,11,2.9,LSC-E64SKBCB
557,Blue Partners 557,Charlotte,USA,Manufacturer,15,2.7,LSC-XUJJCSEX
558,Apex Wholesale 558,Austin,USA,Manufacturer,3,2.7,LSC-5KVQYWJ8
559,Apex Trading 559,Dallas,India,Wholesaler,4,4.4,LSC-V5DTAEGR
560,Elite Enterprises 560,Philadelphia,Canada,Wholesaler,11,4.0,LSC-9MYYOKEA
561,Blue Supply 561,Seattle,Mexico,Manufacturer,29,2.6,LSC-RFI44TD1
562,Summit Industrial 562,Charlotte,South Korea,Distributor,2,2.8,LSC-60QRAQIK
563,Elite Supply 563,San Francisco,USA,Wholesaler,2,2.8,LSC-4PORU09B
564,Elite Industrial 564,San Jose,South Korea,Distributor,20,4.3,LSC-765ICAUT
565,Nova Retail Supply 565,Philadelphia,Thailand,Distributor,5,3.7,LSC-7MZAKGMI
566,United Enterprises 566,San Francisco,Germany,Distributor,21,,LSC-ZQ50OP7X
567,Rapid Industrial 567,Dallas,South Korea,Distributor,21,3.0,LSC-YDRGFR27
568,West Logistics 568,Atlanta,Germany,Distributor,8,3.9,LSC-9MJYG4S3
569,Quantum Retail Supply 569,Houston,Thailand,Wholesaler,21,3.1,LSC-UR9211U6
570,East Enterprises 570,Houston,Japan,Distributor,24,2.6,LSC-828192V4
571,Blue Partners 571,Los Angeles,Canada,Distributor,18,2.8,LSC-W56FKPS0
572,Blue Wholesale 572,Denver,Thailand,Manufacturer,12,4.5,LSC-EH81A4RK
573,Apex Distributors 573,Miami,Japan,Distributor,13,4.3,LSC-OWI1T2EP
574,North Industrial 574,San Jose,South Korea,Distributor,27,4.2,LSC-7P1ZSCMO
575,Apex Retail Supply 575,Los Angeles,South Korea,Wholesaler,14,4.4,LSC-XX6CWZXS
576,Evergreen Retail Supply 576,Austin,South Korea,Distributor,30,4.2,LSC-TK06AKT7
577,Elite Industrial 577,Seattle,Japan,Distributor,30,3.9,LSC-2XZ52OHK
578,Prime Partners 578,San Francisco,India,Wholesaler,14,4.3,LSC-0E9KDTS1
579,Apex Supply 579,New York,China,Wholesaler,30,4.5,LSC-VI109DCN
580,East Procurement 580,Houston,Japan,Manufacturer,3,4.4,LSC-7QUAMI0U
581,United Procurement 581,Boston,Mexico,Wholesaler,11,4.2,LSC-3UFN0DSG
582,Rapid Industrial 582,Houston,Canada,Wholesaler,6,4.3,LSC-3CC5RQNS
583,East Retail Supply 583,Miami,Germany,Manufacturer,20,,LSC-PP7R93FE
584,South Wholesale 584,San Jose,Germany,Manufacturer,29,3.8,LSC-ZQBFU7E4
585,Blue Distributors 585,Denver,Germany,Distributor,20,3.2,LSC-SEKNKBF2
586,North Supply 586,Boston,South Korea,Manufacturer,30,3.2,LSC-G0ATCBRL
587,South Procurement 587,Austin,China,Wholesaler,17,4.6,LSC-4EEW1YF0
588,Vertex Enterprises 588,Portland,Vietnam,Distributor,15,3.5,LSC-6MBYPJDF
589,Global Enterprises 589,Boston,Mexico,Distributor,19,,LSC-XD8T18S1
590,East Supply 590,Houston,Mexico,Distributor,23,4.8,LSC-GA2IZ5P3
591,Quantum Retail Supply 591,Nashville,China,Distributor,3,3.7,LSC-7MGATND9
592,Apex Logistics 592,Phoenix,Vietnam,Wholesaler,7,3.1,LSC-DLOGWLAC
593,Elite Distributors 593,San Francisco,South Korea,Wholesaler,6,3.5,LSC-LN3EH1VR
594,East Retail Supply 594,Houston,China,Distributor,10,2.7,LSC-QOROI5J8
595,Blue Trading 595,Columbus,Germany,Distributor,22,4.5,LSC-KODWH8N9
596,United Partners 596,Charlotte,Thailand,Manufacturer,19,3.6,LSC-AQ3K8A7R
597,Nova Retail Supply 597,Denver,Germany,Wholesaler,28,4.1,LSC-VSB0UKOE
598,Summit Partners 598,Miami,Japan,Wholesaler,30,3.6,LSC-V8LYMJ1Q
599,United Procurement 599,San Francisco,Japan,Wholesaler,8,3.6,LSC-VAYXAR6Y
600,North Partners 600,Philadelphia,Mexico,Manufacturer,26,3.5,LSC-C5XT63QE
601,Elite Enterprises 601,Denver,Japan,Wholesaler,14,2.9,LSC-1ZAQ7QHA
602,Nova Procurement 602,Seattle,Canada,Distributor,4,4.5,LSC-W3H98BRZ
603,Metro Supply 603,Seattle,Thailand,Distributor,28,4.1,LSC-DJSGG0YV
604,Apex Distributors 604,Nashville,Japan,Wholesaler,6,4.4,LSC-E7450J4A
605,Nova Partners 605,Detroit,Thailand,Manufacturer,2,4.8,LSC-X7B7P9JY
606,South Industrial 606,Denver,South Korea,Wholesaler,18,4.4,LSC-5IKPQAHC
607,Global Trading 607,Charlotte,USA,Wholesaler,4,4.8,LSC-HLCWBPA2
608,Quantum Logistics 608,Atlanta,Vietnam,Manufacturer,5,3.7,LSC-833SICVP
609,Blue Industrial 609,Nashville,Thailand,Distributor,5,2.7,LSC-CBL4CE7P
610,Evergreen Enterprises 610,Charlotte,Vietnam,Distributor,4,2.8,LSC-CB4OWO52
611,Global Industrial 611,Austin,Canada,Distributor,16,4.5,LSC-5WM72QLG
612,Blue Supply 612,Portland,Vietnam,Distributor,24,2.7,LSC-2GUWJP0Q
613,United Wholesale 613,Los Angeles,Mexico,Distributor,3,2.8,LSC-VSXMVTFQ
614,Quantum Logistics 614,Denver,Japan,Distributor,2,3.8,LSC-XFI3UBM9
615,Metro Distributors 615,San Francisco,Canada,Manufacturer,8,4.2,LSC-Z9VLU8WP
616,Apex Distributors 616,Detroit,Vietnam,Manufacturer,30,4.5,LSC-BHAIIWI0
617,Quantum Retail Supply 617,Seattle,USA,Wholesaler,14,3.0,LSC-9NCBEKGV
618,Rapid Supply 618,New York,Canada,Distributor,8,3.0,LSC-G5ZMTGA4
619,Blue Supply 619,Phoenix,Vietnam,Distributor,14,4.1,LSC-5MHQNNGS
620,North Distributors 620,Houston,China,Distributor,6,4.7,LSC-EGTYLPW7
621,Metro Partners 621,Boston,South Korea,Wholesaler,27,2.9,LSC-IWKESVR0
622,West Enterprises 622,Chicago,Thailand,Wholesaler,7,,LSC-1XSRQLNZ
623,West Industrial 623,Miami,Japan,Distributor,20,3.5,LSC-7VBHH5OL
624,Elite Enterprises 624,Dallas,South Korea,Distributor,28,3.4,LSC-TEDQMVQW
625, North Industrial 625 ,Detroit,South Korea,Distributor,15,3.5,LSC-2LNGIXMC
626,East Partners 626,Columbus,Vietnam,Distributor,22,2.7,LSC-JIEMTMYJ
627,Nova Trading 627,Portland,India,Manufacturer,6,5.0,LSC-106AK32O
628,Elite Enterprises 628,New York,Thailand,Wholesaler,17,4.1,LSC-985I0HIV
629,South Industrial 629,San Francisco,China,Manufacturer,27,2.7,LSC-4P7PP4BF
630,Summit Logistics 630,New York,China,Distributor,17,4.5,LSC-4MPYO2TL
631,Global Enterprises 631,Los Angeles,India,Distributor,6,2.9,LSC-8LWVV59H
632,Elite Distributors 632,Columbus,India,Manufacturer,14,3.0,LSC-DUQ6DDTB
633,West Supply 633,Dallas,Mexico,Distributor,8,2.7,LSC-8KIXCCSG
634,North Retail Supply 634,Dallas,China,Manufacturer,5,,LSC-P0O6H5L3
635,West Wholesale 635,Portland,Germany,Wholesaler,20,4.8,LSC-VSYJAFCO
636,United Partners 636,San Francisco,China,Distributor,20,4.7,LSC-QU0K5QZZ
637,Evergreen Retail Supply 637,Portland,USA,Distributor,28,4.5,LSC-GI60Q6GU
638,Elite Supply 638,Atlanta,Canada,Manufacturer,30,4.7,LSC-JWK6Z0HR
639, Blue Procurement 639 ,Chicago,Canada,Distributor,26,2.8,LSC-1LQJSQCZ
640,South Retail Supply 640,San Francisco,Mexico,Manufacturer,25,3.5,LSC-GBJZEYQQ
641,Vertex Partners 641,Atlanta,Mexico,Distributor,24,4.9,LSC-F34GADKT
642,Elite Wholesale 642,Chicago,Thailand,Manufacturer,23,4.4,LSC-YFMHBYHZ
643,East Distributors 643,Austin,Japan,Distributor,24,3.3,LSC-BA117NID
644,North Supply 644,New York,India,Manufacturer,12,4.6,LSC-YC8D4X0B
645,East Distributors 645,San Francisco,Vietnam,Manufacturer,12,3.9,LSC-GHT7EHMG
646,Elite Procurement 646,New York,India,Distributor,14,3.0,LSC-HXKWB5O1
647,West Distributors 647,Columbus,South Korea,Wholesaler,27,5.0,LSC-4G8V9ZY9
648,Summit Procurement 648,Dallas,Mexico,Wholesaler,22,4.4,LSC-Y9XCA6QS
649,United Partners 649,Nashville,Mexico,Wholesaler,24,5.0,LSC-IW6L01WC
650,Rapid Industrial 650,Boston,Mexico,Distributor,8,2.9,LSC-HB7V80LK
651,Prime Partners 651,Charlotte,Thailand,Manufacturer,22,4.5,LSC-1I0MHB79
652,United Enterprises 652,Austin,Japan,Manufacturer,18,3.3,LSC-PA5CGWFH
653,Vertex Wholesale 653,Nashville,Canada,Manufacturer,19,4.6,LSC-7IC0LZIG
654,United Logistics 654,Boston,Thailand,Wholesaler,20,3.6,LSC-WJ2C9OGP
655,East Enterprises 655,Charlotte,USA,Distributor,26,,LSC-8R1PC6KT
656,Apex Logistics 656,Austin,Thailand,Distributor,16,3.3,LSC-KURLZH6A
657,East Procurement 657,Philadelphia,China,Distributor,14,4.8,LSC-78NRXVOB
658,Blue Retail Supply 658,Nashville,India,Manufacturer,7,3.0,LSC-PJ60SRYZ
659,Elite Retail Supply 659,Atlanta,USA,Manufacturer,9,3.7,LSC-7NZBXFV7
660,Summit Logistics 660,Atlanta,Mexico,Manufacturer,21,3.9,LSC-XFEDZNZ9
661,Vertex Partners 661,Seattle,Thailand,Wholesaler,30,3.6,LSC-3JK8XNLO
662,Vertex Distributors 662,Nashville,India,Manufacturer,26,4.5,LSC-3JH0ZAGR
663,Blue Distributors 663,Charlotte,South Korea,Wholesaler,18,,LSC-KPGGERSD
664,Metro Wholesale 664,Seattle,USA,Wholesaler,3,4.4,LSC-3G95P6DW
665,Vertex Logistics 665,Chicago,Thailand,Distributor,14,2.8,LSC-CBIR1AJ8
666,Prime Distributors 666,Seattle,USA,Distributor,18,4.5,LSC-NS8JR1VM
667,Quantum Procurement 667,Atlanta,Canada,Wholesaler,13,4.2,LSC-NCMLDQZ0
668,Summit Supply 668,Portland,Canada,Distributor,5,4.7,LSC-KZ3NWXRO
669,Metro Supply 669,San Francisco,India,Manufacturer,2,4.1,LSC-580YIR02
670,Rapid Retail Supply 670,Philadelphia,Canada,Distributor,23,4.6,LSC-60KHFSU4
671,East Supply 671,Phoenix,India,Distributor,17,4.5,LSC-KYT5GQEX
672,United Trading 672,Seattle,India,Wholesaler,7,4.4,LSC-XDPZF761
673,United Logistics 673,Philadelphia,South Korea,Manufacturer,30,4.2,LSC-X7WR2LIU
674,Vertex Procurement 674,Austin,Vietnam,Wholesaler,24,4.4,LSC-0X28PIJK
675, Blue Distributors 675 ,San Francisco,Canada,Distributor,25,4.0,LSC-G7UELN0L
676,Metro Retail Supply 676,Charlotte,India,Manufacturer,12,4.4,LSC-27EXVDA4
677,Quantum Wholesale 677,Boston,Japan,Distributor,28,3.0,LSC-YFK043BL
678,East Distributors 678,Miami,USA,Wholesaler,29,4.3,LSC-R3RZN9L3
679,Metro Trading 679,Los Angeles,Thailand,Manufacturer,29,4.4,LSC-40K36FAO
680,North Industrial 680,Denver,South Korea,Wholesaler,26,3.5,LSC-C0K7ZTDL
681,Prime Logistics 681,Detroit,USA,Manufacturer,22,2.9,LSC-EZKFH00A
682,Blue Wholesale 682,Austin,Mexico,Distributor,15,4.2,LSC-GCMR8ESM
683,North Wholesale 683,Austin,China,Distributor,9,2.6,LSC-IRY8XNY2
684,Vertex Industrial 684,Austin,USA,Wholesaler,10,,LSC-QAEEX6IV
685,West Logistics 685,Houston,Vietnam,Manufacturer,27,4.0,LSC-N9ZKELZ5
686,Apex Retail Supply 686,New York,USA,Wholesaler,14,3.9,LSC-T3RSVZ2E
687,Metro Distributors 687,Dallas,Canada,Distributor,29,4.0,LSC-GT2EEHFU
688,Prime Distributors 688,Houston,Canada,Distributor,18,3.2,LSC-8G9XIB86
689,Evergreen Partners 689,Detroit,South Korea,Wholesaler,6,3.9,LSC-ZS9MTHD3
690,United Supply 690,Seattle,Japan,Wholesaler,6,3.2,LSC-38VHMEWC
691,Nova Logistics 691,Austin,Mexico,Wholesaler,22,4.8,LSC-OCJPZTC0
692,Metro Procurement 692,Nashville,India,Wholesaler,23,4.1,LSC-SF3L2N8I
693,Nova Distributors 693,Columbus,USA,Manufacturer,5,4.2,LSC-OLD62F2J
694,Blue Retail Supply 694,Atlanta,Mexico,Distributor,14,4.9,LSC-2ES5V3DM
695,Evergreen Partners 695,Miami,Mexico,Manufacturer,21,2.7,LSC-BL1G3Y2T
696,Elite Industrial 696,Nashville,Thailand,Wholesaler,6,3.1,LSC-YZXFUJ7X
697,Rapid Trading 697,Portland,Japan,Manufacturer,15,4.3,LSC-G92SJP75
698,United Logistics 698,Chicago,Germany,Distributor,11,3.5,LSC-LDC08FC0
699,West Supply 699,Charlotte,Vietnam,Wholesaler,23,3.8,LSC-0RS95ZOW
700, Global Retail Supply 700 ,Columbus,USA,Distributor,25,3.4,LSC-9X798YBQ
701,Apex Partners 701,Atlanta,Canada,Manufacturer,7,2.7,LSC-4S8PNNE6
702,United Partners 702,Houston,Vietnam,Wholesaler,11,,LSC-KH0UHK7X
703,Prime Industrial 703,Portland,Thailand,Manufacturer,29,3.7,LSC-MWLMA6GM
704,Blue Retail Supply 704,Philadelphia,USA,Manufacturer,8,2.7,LSC-SFERFXIO
705,Evergreen Procurement 705,Charlotte,India,Manufacturer,30,3.0,LSC-3DP4FMPM
706,Metro Distributors 706,Seattle,Japan,Wholesaler,11,2.6,LSC-O06FHRXJ
707,North Industrial 707,Columbus,China,Wholesaler,17,4.5,LSC-ZL15S74N
708,Blue Distributors 708,New York,Vietnam,Manufacturer,6,2.9,LSC-S1IYM90P
709,Evergreen Logistics 709,Philadelphia,USA,Manufacturer,4,4.4,LSC-IFSI159I
710,North Trading 710,Philadelphia,China,Distributor,24,4.5,LSC-D0VG4WFE
711,Elite Supply 711,Miami,Vietnam,Wholesaler,8,4.8,LSC-PWDBOLWI
712,Quantum Retail Supply 712,Philadelphia,China,Distributor,3,3.8,LSC-XKJKMPLB
713,Prime Supply 713,Los Angeles,Thailand,Manufacturer,23,4.4,LSC-HQ6DG8NK
714,Blue Supply 714,Columbus,Germany,Wholesaler,26,4.7,LSC-L0N2TNXH
715,Elite Distributors 715,Houston,Japan,Wholesaler,6,4.1,LSC-VB853GQD
716,Quantum Logistics 716,Philadelphia,Germany,Distributor,26,,LSC-ZBGTJ546
717,Rapid Procurement 717,Detroit,India,Wholesaler,22,4.3,LSC-6CP7SAVZ
718,Summit Logistics 718,Los Angeles,China,Manufacturer,20,2.7,LSC-9G3RTSCP
719,East Retail Supply 719,Columbus,Canada,Manufacturer,26,3.5,LSC-VHAUVA7S
720,East Partners 720,Miami,USA,Manufacturer,11,,LSC-KJEITKX7
721,Nova Wholesale 721,Miami,Canada,Manufacturer,29,4.5,LSC-XI3TAMVN
722,Vertex Partners 722,Miami,South Korea,Manufacturer,25,2.8,LSC-6K9WAM0K
723,Nova Supply 723,Columbus,India,Manufacturer,23,4.9,LSC-22D0NX5W
724,Metro Industrial 724,Atlanta,Thailand,Manufacturer,12,3.2,LSC-U31FI0N6
725,Vertex Industrial 725,Dallas,Thailand,Manufacturer,16,3.0,LSC-5GR0XAFG
726,Elite Enterprises 726,Seattle,Japan,Distributor,4,2.9,LSC-PQXO0E1A
727,Blue Retail Supply 727,Austin,Thailand,Manufacturer,2,2.8,LSC-A37E1J7V
728,Global Distributors 728,Columbus,Germany,Wholesaler,25,4.5,LSC-4DF163LR
729,United Supply 729,Columbus,India,Wholesaler,24,3.2,LSC-TABTD5OA
730,United Supply 730,Atlanta,Vietnam,Wholesaler,15,3.5,LSC-MK7YYZ6R
731,Blue Trading 731,Houston,Thailand,Manufacturer,11,3.4,LSC-WE776VGT
732,Apex Retail Supply 732,Phoenix,South Korea,Manufacturer,30,4.2,LSC-K3MD6X73
733,Vertex Supply 733,Phoenix,USA,Wholesaler,26,4.1,LSC-LOZ2RCU8
734,Nova Wholesale 734,Chicago,South Korea,Manufacturer,12,5.0,LSC-GNLPYO2M
735,United Retail Supply 735,Charlotte,Vietnam,Manufacturer,19,3.7,LSC-TT3NUPUY
736,United Distributors 736,Atlanta,USA,Distributor,13,2.5,LSC-9AU87CM4
737,Summit Logistics 737,Detroit,Canada,Wholesaler,6,4.6,LSC-T7PHI0EZ
738,Summit Retail Supply 738,New York,Thailand,Distributor,24,4.9,LSC-NZXC45BN
739,Vertex Trading 739,Chicago,South Korea,Wholesaler,2,3.9,LSC-3FG00ZKO
740,Quantum Industrial 740,New York,Germany,Distributor,11,2.8,LSC-CXVGFOP8
741,South Partners 741,Miami,South Korea,Wholesaler,20,3.8,LSC-ZPF9S9EH
742,Prime Trading 742,Austin,Japan,Wholesaler,7,4.6,LSC-9VCYRXON
743,Prime Procurement 743,Charlotte,Canada,Wholesaler,8,3.2,LSC-DN2MIFDH
744,Global Logistics 744,Seattle,China,Manufacturer,19,3.0,LSC-7IDUB9RB
745,Vertex Logistics 745,New York,India,Wholesaler,13,4.4,LSC-8SLOMEYL
746,East Distributors 746,San Jose,Canada,Wholesaler,27,4.4,LSC-A2R5BFYC
747,Vertex Trading 747,Seattle,Mexico,Manufacturer,27,4.2,LSC-FZ9S9VS1
748,South Wholesale 748,San Francisco,Vietnam,Wholesaler,11,3.4,LSC-4P61NHVC
749,Summit Enterprises 749,Philadelphia,India,Distributor,5,4.5,LSC-F5T82DDL
750,Evergreen Wholesale 750,Chicago,USA,Manufacturer,10,3.9,LSC-MCZQ991P
751,Summit Distributors 751,Nashville,USA,Manufacturer,17,2.6,LSC-4O47EN48
752,Rapid Distributors 752,Charlotte,South Korea,Distributor,18,3.6,LSC-59B9C2ZU
753,Summit Distributors 753,Boston,Canada,Manufacturer,14,2.9,LSC-OCNQDQX6
754,South Distributors 754,Chicago,Japan,Wholesaler,7,4.3,LSC-771HLL9R
755,West Distributors 755,Miami,Canada,Distributor,16,2.6,LSC-FQXLBVN7
756,Rapid Retail Supply 756,Philadelphia,Canada,Wholesaler,8,2.6,LSC-58YJWDCO
757,Evergreen Industrial 757,Charlotte,Canada,Wholesaler,18,3.0,LSC-6GB6P8KH
758,North Industrial 758,Philadelphia,Canada,Manufacturer,19,4.2,LSC-FZMYOA2V
759, Vertex Enterprises 759 ,Portland,China,Manufacturer,6,3.3,LSC-9700LFQF
760,Quantum Distributors 760,Charlotte,Mexico,Wholesaler,10,3.8,LSC-AQ3EQ8DH
761,Metro Retail Supply 761,Columbus,USA,Wholesaler,26,2.9,LSC-NM88UA3A
762,Evergreen Partners 762,Houston,China,Wholesaler,24,3.7,LSC-9OM3P9M7
763,South Retail Supply 763,Denver,India,Manufacturer,7,,LSC-FPKXYWZ7
764,Blue Distributors 764,Houston,Thailand,Distributor,4,4.1,LSC-WOR17DPU
765,Prime Logistics 765,Charlotte,USA,Distributor,8,,LSC-QNHQE86O
766,Elite Supply 766,Denver,South Korea,Manufacturer,27,3.1,LSC-K5J42OI6
767,North Supply 767,New York,Canada,Wholesaler,2,2.9,LSC-N33VM89I
768,Elite Trading 768,Portland,USA,Wholesaler,22,3.5,LSC-B7P7O0OL
769,Apex Retail Supply 769,Atlanta,Japan,Wholesaler,5,4.3,LSC-EEUO164F
770,Quantum Trading 770,Chicago,Canada,Distributor,4,2.6,LSC-A1FWT9UA
771,Summit Industrial 771,Denver,Mexico,Distributor,7,,LSC-6KTI221X
772,Nova Distributors 772,Phoenix,Germany,Wholesaler,22,2.6,LSC-95D7EFJG
773,Vertex Industrial 773,Denver,USA,Manufacturer,28,3.0,LSC-D2ORWHP6
774,South Wholesale 774,Dallas,South Korea,Wholesaler,11,2.5,LSC-GUVB99RW
775,Global Wholesale 775,San Jose,Germany,Wholesaler,25,3.1,LSC-EVTS1HN6
776,Global Procurement 776,Phoenix,Germany,Manufacturer,9,,LSC-YEJHDZXQ
777,West Retail Supply 777,San Jose,Mexico,Distributor,14,4.8,LSC-JH4Z8D2V
778,Apex Trading 778,Philadelphia,India,Distributor,15,4.7,LSC-P03WVPUN
779,Vertex Industrial 779,Dallas,India,Wholesaler,30,,LSC-SVK3X8MB
780,Apex Procurement 780,Charlotte,Mexico,Distributor,27,3.0,LSC-IHNFLAYZ
781,Metro Industrial 781,Nashville,USA,Wholesaler,27,,LSC-ICKHHUZ8
782,Vertex Enterprises 782,Charlotte,Mexico,Distributor,23,4.4,LSC-LLH2R9PE
783,Apex Enterprises 783,San Francisco,China,Distributor,20,3.5,LSC-UKX496K4
784,Elite Supply 784,Columbus,Vietnam,Distributor,18,2.6,LSC-XCD20J1O
785,Quantum Industrial 785,Portland,Mexico,Manufacturer,3,3.5,LSC-ZQ48ENWB
786,Prime Supply 786,Phoenix,Mexico,Manufacturer,5,5.0,LSC-50ID033T
787,Global Supply 787,Miami,Vietnam,Manufacturer,30,4.5,LSC-D8CLW3JG
788,Summit Enterprises 788,Detroit,Mexico,Manufacturer,5,2.8,LSC-5158OQES
789,West Industrial 789,Miami,Thailand,Wholesaler,12,4.4,LSC-RD1ZM4IX
790,Metro Distributors 790,Chicago,Japan,Wholesaler,17,2.7,LSC-AH3GDHVS
791,Quantum Logistics 791,Detroit,Mexico,Distributor,22,2.9,LSC-S6HN95S2
792,Metro Distributors 792,Miami,India,Distributor,15,2.9,LSC-L5XF50I6
793,Apex Logistics 793,New York,Japan,Wholesaler,17,4.2,LSC-QJ7DPFSS
794,Prime Industrial 794,Miami,South Korea,Wholesaler,13,2.7,LSC-X0PKOVTR
795,North Distributors 795,Los Angeles,Vietnam,Wholesaler,22,3.1,LSC-DE6UITJ5
796,Elite Retail Supply 796,Austin,Germany,Manufacturer,5,3.0,LSC-3YRGHWZK
797,Global Distributors 797,Dallas,India,Manufacturer,18,4.8,LSC-W04YGYFL
798,South Wholesale 798,New York,Canada,Manufacturer,23,3.7,LSC-MGJCY4V8
799,Global Industrial 799,Atlanta,Germany,Manufacturer,17,2.8,LSC-3U94SGFD
800,Evergreen Procurement 800,Detroit,India,Distributor,17,4.3,LSC-9JRNAMZ6
801,West Distributors 801,Miami,Canada,Distributor,23,6.5,LSC-XFOH9MBU
802,North Procurement 802,Seattle,USA,Wholesaler,25,2.7,LSC-7NDJWT69
803,East Wholesale 803,Miami,South Korea,Manufacturer,23,3.4,LSC-LV8JGUZ4
804,Blue Retail Supply 804,Detroit,Germany,Manufacturer,20,4.9,LSC-2K8RYQF8
805,Apex Logistics 805,Philadelphia,USA,Manufacturer,11,2.7,LSC-KQH3ERAM
806,Global Supply 806,Miami,Thailand,Manufacturer,6,3.4,LSC-K4X1FDJ9
807,Metro Retail Supply 807,Nashville,Vietnam,Distributor,4,3.2,LSC-B7IYNO66
808,Evergreen Enterprises 808,Boston,Mexico,Manufacturer,7,,LSC-YLUYHETK
809,Vertex Logistics 809,Nashville,Canada,Wholesaler,22,3.7,LSC-G24DSYSY
810,Rapid Industrial 810,Denver,USA,Wholesaler,15,3.7,LSC-8Q6A1DF6
811,United Enterprises 811,San Jose,Japan,Wholesaler,13,2.8,LSC-TUK1OOA3
812,East Industrial 812,Los Angeles,South Korea,Wholesaler,4,2.6,LSC-3XMDKRLC
813, East Supply 813 ,Seattle,Thailand,Manufacturer,18,2.9,LSC-0RIY4KL9
814,Global Industrial 814,Portland,South Korea,Manufacturer,24,3.0,LSC-CF5SIDAS
815,Elite Supply 815,Houston,India,Manufacturer,11,3.5,LSC-934T3Y4W
816,North Wholesale 816,New York,India,Distributor,7,2.9,LSC-0ISZHRKD
817,West Procurement 817,Miami,USA,Wholesaler,14,3.5,LSC-2Q3FKEOU
818,Prime Enterprises 818,Detroit,South Korea,Distributor,3,4.8,LSC-MF5QAFS4
819,Metro Procurement 819,San Jose,China,Manufacturer,14,3.8,LSC-GFXUQ4F2
820,Evergreen Retail Supply 820,Chicago,Mexico,Wholesaler,28,,LSC-NQXU71SE
821,Quantum Enterprises 821,Nashville,USA,Wholesaler,13,4.0,LSC-3CB0IXRY
822,Quantum Trading 822,Atlanta,Thailand,Distributor,5,4.7,LSC-G61PCWE4
823,Vertex Industrial 823,Denver,Mexico,Manufacturer,21,4.1,LSC-BGDQEWUH
824,West Industrial 824,Boston,Japan,Wholesaler,9,3.0,LSC-F33GUWYH
825,Summit Supply 825,Denver,India,Distributor,26,3.5,LSC-TCG06XR3
826,West Partners 826,Denver,Mexico,Manufacturer,13,4.0,LSC-UECPNCC2
827,Evergreen Distributors 827,Houston,USA,Distributor,17,3.1,LSC-VLI77JZC
828,Apex Logistics 828,Chicago,Vietnam,Distributor,19,3.9,LSC-47SOCZDQ
829,Nova Supply 829,Los Angeles,Germany,Distributor,12,3.6,LSC-H5CH3L16
830,Prime Trading 830,Philadelphia,Canada,Manufacturer,4,,LSC-UV43MCO0
831,Vertex Partners 831,Philadelphia,India,Wholesaler,6,3.2,LSC-BBSXPK48
832,Global Supply 832,New York,Japan,Manufacturer,26,4.5,LSC-HVNYARNN
833,Summit Retail Supply 833,Charlotte,China,Manufacturer,19,2.8,LSC-P69NGPCI
834,Global Trading 834,Charlotte,Thailand,Distributor,25,4.4,LSC-3TB25ICC
835,South Wholesale 835,Boston,India,Distributor,3,,LSC-V69EOXXC
836,Metro Industrial 836,Denver,Thailand,Wholesaler,30,4.8,LSC-HZ72KXSJ
837,East Distributors 837,Los Angeles,Mexico,Manufacturer,13,4.8,LSC-ZWKHE9I0
838,Metro Distributors 838,Denver,Thailand,Manufacturer,25,4.5,LSC-F9ZXQERB
839,Nova Enterprises 839,Austin,Germany,Manufacturer,11,4.6,LSC-DKVR5NBH
840,Apex Retail Supply 840,Columbus,USA,Wholesaler,3,4.2,LSC-B1761M3J
841,Metro Supply 841,San Francisco,Canada,Distributor,25,4.6,LSC-PP00CDNZ
842, Evergreen Partners 842 ,Detroit,India,Distributor,15,3.9,LSC-USFN07EA
843,Nova Distributors 843,Atlanta,Thailand,Distributor,26,3.9,LSC-MOWNX23V
844,Blue Logistics 844,Nashville,South Korea,Manufacturer,23,3.3,LSC-JGQPQ8R4
845,Metro Retail Supply 845,Los Angeles,Thailand,Distributor,20,4.8,LSC-JVLCG1J5
846,Summit Trading 846,Dallas,USA,Manufacturer,6,4.7,LSC-XIXGSPLT
847,United Supply 847,Miami,Vietnam,Manufacturer,10,2.5,LSC-44TBIDSE
848,Vertex Trading 848,Seattle,China,Distributor,12,3.9,LSC-3YCPKAVM
849,North Procurement 849,Philadelphia,Japan,Distributor,11,4.1,LSC-FB76AV3S
850,East Enterprises 850,Denver,Germany,Wholesaler,8,3.4,LSC-UXF1X889
851,East Enterprises 851,Columbus,Thailand,Wholesaler,25,3.5,LSC-04SBRSPJ
852,Evergreen Trading 852,San Francisco,USA,Manufacturer,9,4.5,LSC-9IL9YQ8O
853,Vertex Procurement 853,Columbus,Japan,Distributor,18,2.7,LSC-NRI2I397
854,United Retail Supply 854,Nashville,Vietnam,Wholesaler,23,2.8,LSC-JKLCP9UW
855,Metro Wholesale 855,Detroit,South Korea,Manufacturer,2,2.9,LSC-P1ZQD54A
856,Apex Distributors 856,Phoenix,USA,Wholesaler,18,4.7,LSC-76MOUZE6
857,Quantum Enterprises 857,Portland,China,Wholesaler,21,2.8,LSC-ZC786W0P
858,West Wholesale 858,Dallas,Japan,Wholesaler,25,4.4,LSC-67D6VNXN
859,South Wholesale 859,San Jose,South Korea,Distributor,25,4.0,LSC-8DKMU6U4
860,North Logistics 860,San Francisco,Japan,Distributor,14,3.3,LSC-GF309HSU
861,Quantum Distributors 861,Denver,Thailand,Manufacturer,11,2.9,LSC-KRIG7JVD
862,United Logistics 862,Phoenix,Japan,Manufacturer,5,3.0,LSC-41A68T2A
863,Global Procurement 863,Seattle,Mexico,Distributor,11,4.9,LSC-U0S3KDZ4
864,South Retail Supply 864,Philadelphia,Vietnam,Wholesaler,10,2.7,LSC-EKY820IC
865,Apex Partners 865,San Francisco,South Korea,Wholesaler,10,3.6,LSC-0YCY6BDZ
866,East Procurement 866,Seattle,China,Wholesaler,28,3.9,LSC-4W8WIV5H
867,Metro Logistics 867,Philadelphia,Canada,Manufacturer,6,3.7,LSC-GREWDS0H
868,North Distributors 868,Philadelphia,India,Distributor,19,4.0,LSC-ZBYWWIMT
869,Apex Logistics 869,Atlanta,Germany,Wholesaler,30,3.2,LSC-R2OMRDE5
870,Evergreen Retail Supply 870,Detroit,South Korea,Distributor,12,3.1,LSC-PG8XMOE5
871,West Enterprises 871,Charlotte,Vietnam,Wholesaler,23,3.1,LSC-KS62C1JL
872,Elite Industrial 872,Charlotte,Mexico,Manufacturer,14,3.2,LSC-BRHWBQH5
873,Metro Distributors 873,Portland,India,Wholesaler,21,3.3,LSC-VA02DZ61
874,Vertex Supply 874,San Jose,USA,Distributor,8,3.4,LSC-HFT4I26L
875,Metro Partners 875,Atlanta,China,Manufacturer,2,2.6,LSC-A7DORFKI
876,United Supply 876,Miami,China,Manufacturer,25,2.8,LSC-2XE0JDCZ
877,North Supply 877,New York,Canada,Manufacturer,25,4.6,LSC-VF02GVLL
878,East Supply 878,Boston,China,Wholesaler,10,3.6,LSC-D8UNPIOK
879,Evergreen Partners 879,San Jose,India,Wholesaler,9,3.5,LSC-9081ZQUA
880,United Industrial 880,Denver,USA,Manufacturer,17,3.9,LSC-XL39DG5R
881,United Distributors 881,Phoenix,Germany,Manufacturer,14,4.0,LSC-R0UI1JLM
882,Summit Supply 882,San Francisco,India,Wholesaler,24,3.9,LSC-OAY12TLX
883,Quantum Industrial 883,Philadelphia,Thailand,Manufacturer,18,3.9,LSC-007PCEAS
884,Blue Wholesale 884,Seattle,Vietnam,Manufacturer,16,4.7,LSC-E5RWSF5P
885,Global Logistics 885,Houston,Canada,Wholesaler,15,6.5,LSC-Z5JL6UFK
886,Metro Enterprises 886,Denver,Mexico,Distributor,18,4.0,LSC-QHL097FZ
887,West Supply 887,San Francisco,Thailand,Wholesaler,15,2.9,LSC-Q9AZHDQD
888,South Enterprises 888,Dallas,Canada,Manufacturer,4,3.4,LSC-UIW7J35V
889,Evergreen Procurement 889,Portland,Japan,Manufacturer,26,3.5,LSC-JTXCF0KJ
890,Blue Wholesale 890,San Jose,Mexico,Wholesaler,20,4.1,LSC-NU4V80W6
891,Metro Wholesale 891,New York,China,Distributor,27,3.1,LSC-H7WFRAC8
892,Summit Partners 892,Detroit,Vietnam,Manufacturer,15,4.2,LSC-LSEUNNRL
893,East Procurement 893,San Jose,Vietnam,Distributor,4,4.7,LSC-4884Z4UR
894,Nova Distributors 894,Columbus,Canada,Distributor,30,3.6,LSC-MANQY0HU
895,Metro Retail Supply 895,Denver,India,Distributor,7,4.8,LSC-9HMHVL66
896, East Supply 896 ,Portland,USA,Wholesaler,10,2.6,LSC-JRBZJW83
897,West Enterprises 897,Detroit,Germany,Wholesaler,17,2.9,LSC-0XTDNWZZ
898,Apex Wholesale 898,Chicago,Japan,Manufacturer,15,4.6,LSC-EPZL4J4X
899,Global Procurement 899,San Francisco,Vietnam,Distributor,30,4.3,LSC-6V7S7O4Y
900,Vertex Trading 900,San Jose,China,Wholesaler,6,4.3,LSC-DPJHSG04
901,Global Logistics 901,Miami,India,Manufacturer,19,3.4,LSC-MUZUQED0
902,Apex Procurement 902,Nashville,South Korea,Distributor,22,4.9,LSC-12HNC0I4
903,Metro Wholesale 903,Boston,Vietnam,Wholesaler,3,3.4,LSC-KKUO4JH9
904,Nova Industrial 904,Miami,Germany,Wholesaler,4,6.5,LSC-UMXQW3B4
905,Elite Wholesale 905,Columbus,Germany,Distributor,20,,LSC-ZM32HZS3
906,Nova Distributors 906,San Jose,South Korea,Wholesaler,26,3.0,LSC-HJ7SWRQL
907,Elite Enterprises 907,Los Angeles,China,Manufacturer,12,4.3,LSC-W5APMXD6
908,Evergreen Wholesale 908,Detroit,Thailand,Distributor,19,3.0,LSC-A3QUPO4J
909,Rapid Enterprises 909,San Francisco,Germany,Manufacturer,17,4.2,LSC-K8516SP1
910,Elite Enterprises 910,New York,South Korea,Distributor,7,3.8,LSC-7587H91E
911,Quantum Supply 911,Chicago,Japan,Distributor,11,4.5,LSC-FMOQXHGL
912,Apex Trading 912,Seattle,China,Manufacturer,15,2.7,LSC-IY4NRMQY
913,Metro Industrial 913,Austin,South Korea,Wholesaler,28,3.7,LSC-I7NL7OLK
914,North Enterprises 914,Austin,Vietnam,Manufacturer,19,2.7,LSC-R0VHV1NM
915,Global Enterprises 915,Portland,Mexico,Manufacturer,26,3.5,LSC-CIRBKDNG
916,Summit Logistics 916,Boston,India,Wholesaler,14,4.2,LSC-RJ8GOSD3
917,Rapid Distributors 917,Austin,Mexico,Manufacturer,27,4.5,LSC-FESYAXYP
918,Prime Logistics 918,Charlotte,Mexico,Wholesaler,10,4.4,LSC-E36S2Z48
919,Blue Wholesale 919,Charlotte,Vietnam,Distributor,19,,LSC-5CA8ZJSW
920,South Retail Supply 920,Los Angeles,Vietnam,Wholesaler,16,3.2,LSC-ERN6YJMK
921,Global Partners 921,Miami,China,Wholesaler,7,3.2,LSC-PQKBE0TO
922,Apex Distributors 922,Columbus,Germany,Distributor,5,2.8,LSC-FR6MQW76
923,East Enterprises 923,Detroit,Mexico,Manufacturer,3,2.7,LSC-NF9W5N9C
924,Evergreen Retail Supply 924,Austin,India,Distributor,2,3.0,LSC-0Z0C682U
925,Evergreen Enterprises 925,San Jose,South Korea,Distributor,19,4.6,LSC-I2NR1P02
926,Nova Partners 926,Los Angeles,Germany,Manufacturer,21,3.5,LSC-GKAH2XJQ
927,Quantum Distributors 927,Atlanta,Vietnam,Manufacturer,9,2.5,LSC-LCKZ3VWL
928,Elite Industrial 928,Columbus,Mexico,Manufacturer,2,,LSC-L3F4RTGO
929,Elite Supply 929,Nashville,Mexico,Manufacturer,4,4.1,LSC-UMH9NKLY
930,Global Wholesale 930,Portland,China,Manufacturer,20,2.9,LSC-MP9A9URI
931,Summit Retail Supply 931,Portland,Thailand,Wholesaler,29,,LSC-OHDK5199
932,North Procurement 932,Seattle,USA,Manufacturer,15,4.8,LSC-K1WXYWWS
933,Elite Trading 933,Austin,Canada,Distributor,17,4.4,LSC-K7F5OA31
934,Apex Distributors 934,Austin,Canada,Distributor,20,4.1,LSC-9OWWEW9V
935,North Supply 935,San Francisco,Canada,Manufacturer,21,3.1,LSC-UQDN05XT
936,Metro Wholesale 936,Detroit,Japan,Manufacturer,13,4.3,LSC-IQZHECBU
937,South Trading 937,Portland,Canada,Distributor,16,5.0,LSC-29SEVL7F
938,South Distributors 938,New York,Thailand,Manufacturer,25,2.6,LSC-Y595CPJZ
939,Blue Enterprises 939,Columbus,USA,Manufacturer,24,2.6,LSC-R0KO31NZ
940,East Industrial 940,Charlotte,China,Wholesaler,27,2.8,LSC-FJ31EGOM
941,United Industrial 941,Seattle,Canada,Manufacturer,10,2.7,LSC-XC6RIJKQ
942,South Logistics 942,Nashville,Canada,Manufacturer,10,4.0,LSC-1FKHNNK8
943,Apex Enterprises 943,Boston,Thailand,Manufacturer,17,4.3,LSC-YF2EV4JI
944,Metro Enterprises 944,Boston,Canada,Wholesaler,6,4.0,LSC-JZ09OWGM
945,Summit Enterprises 945,San Jose,Canada,Wholesaler,12,3.8,LSC-N7X5RRNY
946,Vertex Procurement 946,Atlanta,India,Distributor,11,3.0,LSC-FV0EHRUW
947,Global Partners 947,Atlanta,China,Wholesaler,25,3.0,LSC-XODLCTT0
948,Vertex Supply 948,Detroit,USA,Distributor,20,3.8,LSC-I2G74IZG
949,Nova Partners 949,Miami,Mexico,Manufacturer,4,4.4,LSC-076EKHI1
950,West Industrial 950,Houston,Japan,Manufacturer,19,4.7,LSC-B2CRPRDV
951,West Logistics 951,Nashville,Mexico,Manufacturer,2,4.0,LSC-5E51H3WQ
952,Global Logistics 952,Charlotte,Thailand,Manufacturer,21,3.2,LSC-WLRKXJTM
953,East Logistics 953,Detroit,Mexico,Wholesaler,5,4.9,LSC-8RL9QFCP
954,Evergreen Distributors 954,Detroit,South Korea,Wholesaler,12,4.1,LSC-TG21HSLT
955,Blue Logistics 955,Portland,Germany,Wholesaler,8,3.9,LSC-FF124VF8
956,West Enterprises 956,Charlotte,Japan,Wholesaler,26,4.3,LSC-IJ74NL03
957,Quantum Industrial 957,Boston,Thailand,Distributor,15,,LSC-1A7BOXFQ
958,Nova Supply 958,Seattle,Japan,Distributor,8,4.2,LSC-J3APNU02
959,East Industrial 959,Miami,Japan,Wholesaler,5,2.7,LSC-F07V882O
960,West Trading 960,Miami,China,Wholesaler,21,4.0,LSC-CCMTPKQ5
961,Vertex Procurement 961,Charlotte,Thailand,Manufacturer,28,2.9,LSC-FKHDIU1J
962,East Logistics 962,New York,Thailand,Manufacturer,6,4.4,LSC-C2ZL46Q5
963,Apex Procurement 963,Detroit,Canada,Wholesaler,9,3.7,LSC-LYZJ0AEO
964,Elite Industrial 964,Los Angeles,India,Wholesaler,28,3.8,LSC-6SAPBS22
965,West Logistics 965,Nashville,Germany,Distributor,12,4.1,LSC-0U92T24D
966,South Enterprises 966,Seattle,India,Distributor,26,2.7,LSC-Y3Q69FLG
967,Quantum Industrial 967,San Jose,Vietnam,Distributor,26,4.2,LSC-3PAUA3AI
968,North Wholesale 968,Miami,Thailand,Wholesaler,29,3.1,LSC-YLQX1UM5
969,Summit Trading 969,Phoenix,China,Wholesaler,8,3.3,LSC-DT8BEMC5
970, United Trading 970 ,Seattle,India,Distributor,11,2.9,LSC-9I71A57E
971,Elite Supply 971,Detroit,China,Manufacturer,29,4.4,LSC-0NQOHN3D
972,Apex Partners 972,Nashville,Canada,Wholesaler,25,3.8,LSC-FH70M9OH
973,Vertex Partners 973,Denver,Mexico,Wholesaler,17,3.1,LSC-EQA2O4M8
974,Vertex Retail Supply 974,Boston,China,Manufacturer,9,5.0,LSC-DXOQ8JXL
975,Summit Trading 975,Dallas,Japan,Distributor,20,2.5,LSC-SFQBVH0K
976,North Wholesale 976,Charlotte,India,Wholesaler,7,2.9,LSC-SF3YN72B
977,Metro Logistics 977,Austin,Japan,Wholesaler,22,3.4,LSC-4WBABQ0F
978,North Supply 978,Columbus,Japan,Distributor,14,,LSC-0GDMIPC8
979,South Retail Supply 979,Columbus,USA,Distributor,16,2.8,LSC-VWLQ6EXN
980,Blue Industrial 980,Philadelphia,China,Wholesaler,25,4.6,LSC-UES2FX0Z
981,Evergreen Enterprises 981,Houston,Canada,Wholesaler,9,3.1,LSC-GXL9YSU5
982,Summit Procurement 982,Charlotte,Canada,Distributor,13,4.2,LSC-U7B6NBHG
983,Summit Supply 983,Atlanta,India,Manufacturer,7,3.5,LSC-AR4G58O9
984,South Enterprises 984,Miami,Thailand,Manufacturer,19,3.6,LSC-0XSM9GM5
985,South Distributors 985,San Francisco,Canada,Distributor,26,3.8,LSC-CNX8EIQE
986,Evergreen Wholesale 986,Denver,Germany,Manufacturer,11,3.6,LSC-T788G35S
987,Summit Trading 987,New York,Canada,Wholesaler,8,4.3,LSC-MVF4S2NI
988,East Wholesale 988,Denver,Vietnam,Distributor,7,2.8,LSC-FWW41F7V
989,Metro Logistics 989,Los Angeles,Canada,Manufacturer,14,3.2,LSC-686QE7AJ
990,Evergreen Trading 990,Portland,South Korea,Distributor,21,4.9,LSC-COF3138I
991,Apex Retail Supply 991,Austin,India,Distributor,20,3.0,LSC-4C8J6E07
992,Summit Trading 992,Detroit,Canada,Wholesaler,6,4.2,LSC-1AELDWQX
993,Evergreen Distributors 993,Columbus,Japan,Manufacturer,25,4.0,LSC-F51Z58B4
994,Nova Distributors 994,Detroit,Germany,Manufacturer,15,4.0,LSC-5Y21ID9V
995,Rapid Trading 995,Philadelphia,Canada,Manufacturer,28,4.3,LSC-PCD1406X
996,Quantum Retail Supply 996,Miami,Vietnam,Distributor,13,2.7,LSC-D3IRVXD2
997,West Partners 997,Portland,Mexico,Wholesaler,28,3.9,LSC-V5YBD4XD
998,Blue Distributors 998,Atlanta,Canada,Distributor,13,4.0,LSC-ZV3ZBXPQ
999,East Supply 999,Austin,Thailand,Manufacturer,28,4.5,LSC-0P6HGWLK
1000,North Supply 1000,Detroit,Mexico,Distributor,29,4.7,LSC-MYM8J2LZ
1001,Nova Wholesale 1001,Seattle,India,Distributor,19,4.4,LSC-TLOM344M
1002,United Procurement 1002,Boston,USA,Manufacturer,5,4.8,LSC-DOWX1H4R
1003,Quantum Industrial 1003,Denver,China,Wholesaler,26,2.9,LSC-GAGLSXKU
1004,Apex Retail Supply 1004,Portland,USA,Distributor,24,2.7,LSC-DZ6X4FMM
1005,Summit Retail Supply 1005,Houston,Japan,Distributor,29,4.9,LSC-35KUC9PB
1006,Summit Logistics 1006,New York,Germany,Manufacturer,17,3.1,LSC-ZH5P3FK8
1007,West Industrial 1007,Charlotte,Germany,Manufacturer,19,3.9,LSC-UO4UW590
1008,Rapid Logistics 1008,Charlotte,USA,Wholesaler,13,3.4,LSC-7ITCYL3Z
1009,Summit Distributors 1009,San Jose,South Korea,Manufacturer,24,3.7,LSC-L3VZZXT9
1010,South Logistics 1010,Nashville,Germany,Wholesaler,28,2.6,LSC-WRP8GUUC
1011,Rapid Industrial 1011,Phoenix,South Korea,Distributor,4,4.2,LSC-CZU80ZRZ
1012,Summit Retail Supply 1012,Seattle,India,Distributor,23,3.6,LSC-TYLU58FT
1013,Quantum Supply 1013,Portland,USA,Distributor,3,4.3,LSC-ME9WT00I
1014,Apex Wholesale 1014,New York,Japan,Manufacturer,22,4.8,LSC-0LDOZY2N
1015,West Wholesale 1015,San Francisco,China,Distributor,7,2.7,LSC-MZ5RGOI9
1016,Vertex Procurement 1016,Detroit,Mexico,Wholesaler,26,2.7,LSC-J5CUYDA9
1017,Global Supply 1017,San Francisco,Mexico,Manufacturer,14,3.3,LSC-2UNCGWRT
1018,Rapid Distributors 1018,Phoenix,Thailand,Distributor,21,3.4,LSC-GP41S3QW
1019, Blue Logistics 1019 ,Boston,Germany,Manufacturer,5,3.4,LSC-GS6RV977
1020,Elite Industrial 1020,Houston,Japan,Wholesaler,23,3.9,LSC-MNI3GOM6
1021, West Enterprises 1021 ,Houston,China,Distributor,29,,LSC-XLSUTOTH
1022,Quantum Wholesale 1022,Detroit,India,Wholesaler,26,3.0,LSC-7PPCADUV
1023,Evergreen Industrial 1023,Boston,Germany,Wholesaler,26,4.2,LSC-B3GD60UG
1024,Quantum Supply 1024,Columbus,India,Wholesaler,2,2.6,LSC-KG8B350S
1025,Apex Partners 1025,Denver,Germany,Distributor,23,4.2,LSC-6D86ZCHH
1026,Global Supply 1026,Austin,Germany,Manufacturer,8,4.8,LSC-EK6X6LGO
1027,United Procurement 1027,Austin,Japan,Wholesaler,3,2.9,LSC-VWJ7YZ6L
1028,Nova Retail Supply 1028,New York,China,Manufacturer,15,4.6,LSC-N4G2JAYB
1029,South Wholesale 1029,Atlanta,Germany,Wholesaler,4,4.1,LSC-E6RGL7JY
1030,Elite Logistics 1030,Columbus,Mexico,Distributor,11,3.2,LSC-UDE358TR
1031,Summit Partners 1031,Los Angeles,China,Manufacturer,17,3.7,LSC-EBNDYCPN
1032,Summit Industrial 1032,Portland,USA,Distributor,26,2.6,LSC-71GHLU8M
1033,Nova Wholesale 1033,Denver,Thailand,Wholesaler,16,3.0,LSC-XOFKCGGX
1034,South Supply 1034,Detroit,India,Manufacturer,4,4.6,LSC-VKFTLECS
1035,Global Enterprises 1035,Dallas,India,Distributor,25,4.8,LSC-NFDINU31
1036,Blue Trading 1036,Los Angeles,Germany,Manufacturer,20,3.9,LSC-A3RUNYN6
1037,United Industrial 1037,Portland,Mexico,Wholesaler,10,3.4,LSC-9Q7FTMFW
1038,Apex Retail Supply 1038,Miami,Vietnam,Distributor,30,2.9,LSC-0PKBO549
1039,Summit Procurement 1039,Seattle,USA,Wholesaler,14,3.6,LSC-P0PNNLO0
1040,Metro Trading 1040,Seattle,Japan,Distributor,24,3.0,LSC-H5XW6T1O
1041,Evergreen Trading 1041,Austin,Canada,Manufacturer,6,3.7,LSC-TQ685OHM
1042,Apex Retail Supply 1042,San Jose,Germany,Wholesaler,15,3.0,LSC-PYNYJ0UF
1043,Elite Enterprises 1043,Seattle,Thailand,Wholesaler,6,3.5,LSC-Q5E7L7W0
1044,Prime Distributors 1044,Chicago,India,Distributor,4,,LSC-75LD7M08
1045,Evergreen Distributors 1045,Denver,Germany,Manufacturer,21,4.8,LSC-V3RZKDU6
1046,Summit Wholesale 1046,Charlotte,USA,Manufacturer,5,3.8,LSC-WFTQ9Y69
1047,Summit Industrial 1047,Houston,Mexico,Wholesaler,26,2.6,LSC-5RR1V9NP
1048,Apex Industrial 1048,New York,USA,Manufacturer,17,4.9,LSC-U595CEKO
1049,Summit Distributors 1049,Seattle,USA,Wholesaler,22,3.3,LSC-Z8CV2A6P
1050,Apex Procurement 1050,Miami,Thailand,Distributor,8,3.8,LSC-96ALGXZJ
1051,North Procurement 1051,Los Angeles,Mexico,Wholesaler,10,4.4,LSC-1QCTE9W0
1052,Global Logistics 1052,Austin,Mexico,Wholesaler,8,4.8,LSC-NBYZM242
1053,North Procurement 1053,Phoenix,Thailand,Manufacturer,13,4.3,LSC-TRJ67DXL
1054,East Distributors 1054,New York,Germany,Wholesaler,27,2.8,LSC-1IGCUIDC
1055,Global Procurement 1055,Portland,Mexico,Manufacturer,4,2.9,LSC-W5Q52DEZ
1056,Metro Distributors 1056,Dallas,USA,Distributor,4,4.3,LSC-DPYHZNWG
1057, Metro Industrial 1057 ,Portland,China,Manufacturer,24,3.0,LSC-KY5CGAGH
1058,Summit Partners 1058,Nashville,China,Manufacturer,8,4.2,LSC-ZCGL9FWV
1059,North Partners 1059,Boston,Canada,Distributor,8,3.6,LSC-30TX8J1C
1060,Vertex Industrial 1060,Denver,Germany,Wholesaler,30,4.3,LSC-W3C1ZA0D
1061,Rapid Enterprises 1061,Chicago,Germany,Manufacturer,20,3.2,LSC-4Q0RR1L9
1062,Metro Trading 1062,Nashville,Japan,Manufacturer,7,2.6,LSC-MQQ749Q6
1063,South Wholesale 1063,Phoenix,China,Distributor,25,,LSC-PAFL9WOA
1064,Apex Wholesale 1064,Nashville,India,Distributor,7,3.0,LSC-ARJHRF34
1065,Nova Trading 1065,Seattle,India,Wholesaler,17,4.0,LSC-RP4RXMD8
1066,West Enterprises 1066,Boston,Canada,Wholesaler,6,3.1,LSC-72OALFWY
1067,North Enterprises 1067,Houston,South Korea,Wholesaler,21,2.8,LSC-K035N8CQ
1068,North Trading 1068,Seattle,Mexico,Distributor,12,4.2,LSC-66W6RKM2
1069,Metro Wholesale 1069,San Francisco,Vietnam,Manufacturer,27,4.1,LSC-8IVI3RQA
1070,East Distributors 1070,Austin,South Korea,Distributor,26,2.9,LSC-LTQ680CO
1071,Metro Logistics 1071,Phoenix,Canada,Wholesaler,13,4.6,LSC-CIWL3RFJ
1072,Quantum Industrial 1072,San Francisco,Germany,Manufacturer,21,4.7,LSC-H3G7VKC5
1073,East Partners 1073,Boston,Canada,Manufacturer,9,4.5,LSC-P3AJFAX1
1074,Vertex Procurement 1074,Detroit,Thailand,Manufacturer,26,4.8,LSC-FWTV1DJJ
1075,South Logistics 1075,Dallas,Germany,Manufacturer,20,2.8,LSC-8E5TNLZT
1076,North Procurement 1076,Austin,Vietnam,Distributor,7,3.3,LSC-4BKUU5CZ
1077,Summit Industrial 1077,Chicago,Vietnam,Wholesaler,4,2.8,LSC-DFZDMMCM
1078,Vertex Industrial 1078,Austin,India,Manufacturer,19,2.7,LSC-O2ZTDHF1
1079,Nova Trading 1079,Atlanta,Canada,Manufacturer,3,4.1,LSC-UB4IBHIF
1080,Summit Partners 1080,San Francisco,Vietnam,Distributor,12,3.5,LSC-WOSKAZOC
1081,Metro Enterprises 1081,Los Angeles,South Korea,Manufacturer,8,3.1,LSC-RMC5S3OF
1082,Global Enterprises 1082,Boston,Germany,Wholesaler,10,3.9,LSC-SFHVMLJE
1083,Evergreen Industrial 1083,New York,USA,Wholesaler,16,4.0,LSC-XSOGB205
1084,Metro Enterprises 1084,Boston,South Korea,Distributor,28,4.2,LSC-HVKQXI64
1085,Metro Partners 1085,New York,Canada,Wholesaler,11,2.5,LSC-34H8NL9V
1086,Apex Industrial 1086,Philadelphia,China,Manufacturer,19,4.0,LSC-2Y7CDABB
1087,Global Logistics 1087,New York,Germany,Wholesaler,11,3.6,LSC-08DNX80N
1088,Nova Retail Supply 1088,New York,Canada,Manufacturer,11,4.4,LSC-6KJ752H7
1089,Global Industrial 1089,Dallas,Germany,Manufacturer,2,2.8,LSC-0Q5ZJAUC
1090,Summit Trading 1090,Chicago,USA,Wholesaler,14,4.2,LSC-BR3O9UBC
1091,Nova Logistics 1091,Philadelphia,USA,Distributor,8,4.5,LSC-AJ5IQAX5
1092,North Partners 1092,Philadelphia,India,Distributor,27,3.1,LSC-4BNVQRFX
1093,Rapid Partners 1093,Columbus,Vietnam,Distributor,6,3.3,LSC-XOUN91FY
1094,West Partners 1094,Charlotte,Japan,Distributor,13,4.9,LSC-DJE7XQTY
1095,Prime Procurement 1095,San Jose,Germany,Distributor,29,5.0,LSC-FMW04U92
1096,Elite Distributors 1096,Charlotte,China,Manufacturer,30,2.8,LSC-SBDA7XFI
1097,Quantum Industrial 1097,Houston,India,Wholesaler,12,4.3,LSC-2TOXOU0Y
1098,Blue Trading 1098,Detroit,Canada,Wholesaler,6,4.6,LSC-6GA2SDFC
1099,Evergreen Trading 1099,Austin,Japan,Manufacturer,11,4.6,LSC-TD3ABEG1
1100,Vertex Distributors 1100,Miami,Japan,Wholesaler,16,4.9,LSC-PMOZKNHP
1101,West Enterprises 1101,Nashville,Germany,Wholesaler,3,4.2,LSC-9RMJR211
1102,North Enterprises 1102,Portland,USA,Distributor,30,3.4,LSC-8RABR6RT
1103,Vertex Trading 1103,Houston,Japan,Manufacturer,16,3.4,LSC-MVQLTZQW
1104,Blue Supply 1104,Phoenix,Germany,Wholesaler,20,4.7,LSC-27PSQZN7
1105,Prime Logistics 1105,Nashville,India,Distributor,5,4.2,LSC-R6KFKLDF
1106,Vertex Trading 1106,Philadelphia,Mexico,Wholesaler,17,3.1,LSC-N0XGNKI5
1107,West Trading 1107,Detroit,USA,Distributor,27,4.3,LSC-6DF08UPN
1108,North Supply 1108,San Jose,Thailand,Distributor,30,4.2,LSC-WDRKUPCJ
1109,Rapid Industrial 1109,Austin,Vietnam,Distributor,18,4.8,LSC-65EFUXQ9
1110,Rapid Partners 1110,Miami,Mexico,Distributor,17,2.7,LSC-2GOUIFEZ
1111,Global Procurement 1111,Los Angeles,USA,Wholesaler,18,4.5,LSC-EXVA5E74
1112,Metro Trading 1112,Philadelphia,Canada,Distributor,17,3.7,LSC-DNWT2FES
1113,Vertex Industrial 1113,San Jose,Japan,Distributor,4,3.9,LSC-I14NIJCP
1114, Quantum Retail Supply 1114 , new york,Japan,Wholesaler,8,4.2,LSC-7OV50EW2
1115,North Wholesale 1115,Atlanta,South Korea,Wholesaler,21,3.8,LSC-RCVPUZ11
1116,Prime Procurement 1116,Miami,USA,Wholesaler,14,3.2,LSC-X9M4V74Q
1117,West Retail Supply 1117,Nashville,Vietnam,Distributor,24,3.9,LSC-YV2EMY9T
1118,Vertex Logistics 1118,Miami,Vietnam,Wholesaler,10,4.7,LSC-VI7LIG9G
1119,Quantum Partners 1119,Charlotte,China,Distributor,10,3.2,LSC-PX16F1KY
1120, Rapid Partners 1120 ,Columbus,Mexico,Distributor,12,3.0,LSC-QSE0KIVW
1121,Quantum Wholesale 1121,Philadelphia,South Korea,Wholesaler,13,,LSC-RJUTFVJ8
1122,Elite Supply 1122,Chicago,Japan,Distributor,8,4.5,LSC-JR7T3SPJ
1123,North Industrial 1123,Portland,Japan,Manufacturer,5,3.7,LSC-NEGN2B4J
1124,Nova Wholesale 1124,Houston,Canada,Distributor,25,4.2,LSC-H6UAMWJP
1125,United Trading 1125,Portland,South Korea,Wholesaler,21,3.9,LSC-JT4FTLH3
1126,Elite Trading 1126,Columbus,USA,Distributor,21,2.5,LSC-FUW93EIO
1127,United Industrial 1127,Portland,Japan,Distributor,7,4.7,LSC-7KAYP44Q
1128,United Distributors 1128,Chicago,Japan,Manufacturer,15,4.3,LSC-P0NWNTJ5
1129,West Retail Supply 1129,San Jose,Vietnam,Manufacturer,12,3.3,LSC-RW4VNZVZ
1130,Elite Wholesale 1130,Austin,Canada,Distributor,8,3.0,LSC-MJZ6N58Y
1131,United Distributors 1131,Detroit,Mexico,Distributor,24,4.5,LSC-NMNR06DJ
1132,United Logistics 1132,Denver,USA,Distributor,10,3.7,LSC-G4XV349N
1133,United Distributors 1133,Dallas,China,Distributor,4,4.0,LSC-TJSJFFP5
1134,Apex Trading 1134,Charlotte,Mexico,Distributor,11,2.9,LSC-C5WU2550
1135,Evergreen Partners 1135,Philadelphia,South Korea,Wholesaler,15,4.7,LSC-I3HZCD3G
1136,Blue Industrial 1136,Columbus,Mexico,Manufacturer,26,3.4,LSC-GTG2LGJ3
1137,East Partners 1137,Los Angeles,Japan,Distributor,14,2.8,LSC-BFE54UKI
1138,Apex Distributors 1138,Atlanta,China,Manufacturer,7,4.1,LSC-1CNAQ2YO
1139,Elite Partners 1139,Detroit,Mexico,Wholesaler,22,4.9,LSC-MVZ01SOS
1140,West Wholesale 1140,Los Angeles,Thailand,Wholesaler,8,2.7,LSC-94E6NKAR
1141,Global Trading 1141,Charlotte,India,Wholesaler,26,4.1,LSC-F520XKIA
1142,United Industrial 1142,Miami,China,Distributor,17,,LSC-ZNHE8IFX
1143,Blue Logistics 1143,Denver,Vietnam,Wholesaler,3,3.4,LSC-655CK3TB
1144,West Distributors 1144,Denver,Japan,Wholesaler,12,3.0,LSC-7F9FZJAH
1145,East Procurement 1145,New York,China,Distributor,16,3.5,LSC-2QWKBSEP
1146,West Retail Supply 1146,San Jose,Japan,Manufacturer,3,4.2,LSC-T0S9F3LZ
1147,Nova Wholesale 1147,Phoenix,South Korea,Distributor,26,4.8,LSC-DNOBK8HU
1148,North Wholesale 1148,Charlotte,Thailand,Distributor,19,3.9,LSC-9H9FB02H
1149,Apex Industrial 1149,Houston,India,Wholesaler,4,4.2,LSC-3M0NQ8UT
1150,Quantum Procurement 1150,San Jose,China,Manufacturer,6,4.2,LSC-4VY32I3P
1151,Nova Procurement 1151,San Jose,Thailand,Wholesaler,11,3.7,LSC-0O8K5DFI
1152,United Trading 1152,Detroit,USA,Distributor,30,2.9,LSC-DTN0PLCF
1153,West Distributors 1153,San Francisco,Thailand,Wholesaler,30,2.6,LSC-OPO9MNLR
1154,West Retail Supply 1154,Nashville,China,Manufacturer,8,3.5,LSC-4KVFFLNC
1155,Vertex Distributors 1155,New York,Japan,Manufacturer,6,3.9,LSC-RD83X9AG
1156,Summit Logistics 1156,Denver,India,Distributor,23,4.2,LSC-3MUB6LBU
1157,Prime Enterprises 1157,New York,Vietnam,Manufacturer,28,4.8,LSC-263RJK4C
1158,Evergreen Wholesale 1158,Chicago,Vietnam,Wholesaler,16,4.0,LSC-JXZDVYB4
1159,Apex Industrial 1159,Detroit,Germany,Manufacturer,13,,LSC-LX3P724X
1160,Metro Trading 1160,Detroit,Vietnam,Manufacturer,6,4.3,LSC-BC5F9E0K
1161,Quantum Procurement 1161,Nashville,Germany,Wholesaler,9,4.3,LSC-PEX7TV7H
1162,West Supply 1162,Denver,USA,Manufacturer,7,3.5,LSC-MB42O3Q8
1163,Quantum Industrial 1163,Phoenix,Germany,Manufacturer,28,3.3,LSC-8PL6UZA2
1164,Nova Retail Supply 1164,Chicago,Japan,Wholesaler,17,4.7,LSC-MBFSRKHG
1165,Prime Supply 1165,Denver,India,Distributor,24,6.5,LSC-WMD18HFY
1166,East Logistics 1166,San Jose,India,Distributor,14,4.7,LSC-9WWP82QZ
1167, Evergreen Partners 1167 ,Detroit,South Korea,Distributor,3,3.2,LSC-AV8C3PQ5
1168,United Procurement 1168,Nashville,Thailand,Manufacturer,9,3.6,LSC-KXBI6JJT
1169,Prime Trading 1169,Detroit,Mexico,Manufacturer,9,3.5,LSC-P82J3TPS
1170,Evergreen Enterprises 1170,Los angeles,Canada,Manufacturer,17,5.0,LSC-HXKEI9UL
1171,Metro Supply 1171,Charlotte,Japan,Distributor,4,3.3,LSC-IRD70GKJ
1172,Apex Retail Supply 1172,Seattle,India,Wholesaler,25,2.9,LSC-D7LTTC95
1173,Global Trading 1173,Chicago,Thailand,Distributor,26,4.4,LSC-1JG1MS4T
1174,East Distributors 1174,Philadelphia,Thailand,Manufacturer,23,4.0,LSC-2MDG3TJA
1175,Vertex Distributors 1175,Dallas,India,Distributor,6,3.4,LSC-SYG91MMO
1176,North Distributors 1176,San Jose,Japan,Wholesaler,26,4.5,LSC-HGW10C9I
1177,West Partners 1177,Detroit,Japan,Wholesaler,14,3.3,LSC-N6BGUAXN
1178,Quantum Retail Supply 1178,New York,Canada,Distributor,12,4.7,LSC-D4VUEER9
1179,Quantum Distributors 1179,Portland,Japan,Manufacturer,27,2.6,LSC-4LL3K4BK
1180,Summit Logistics 1180,Austin,India,Wholesaler,6,3.2,LSC-499NR0OA
1181,Evergreen Procurement 1181,Dallas,Japan,Distributor,24,2.7,LSC-ESVDE91L
1182,Blue Wholesale 1182,Nashville,India,Manufacturer,8,4.0,LSC-CBL116CZ
1183,Evergreen Partners 1183,Boston,Germany,Manufacturer,5,4.7,LSC-1B7PXJBC
1184,Global Distributors 1184,Philadelphia,USA,Distributor,3,3.7,LSC-NTJVU2CG
1185,Blue Supply 1185,Philadelphia,USA,Distributor,8,4.3,LSC-E03YIOY5
1186,Metro Industrial 1186,Columbus,USA,Distributor,9,2.6,LSC-HYGTMOV6
1187,Evergreen Logistics 1187,Atlanta,South Korea,Distributor,21,4.6,LSC-EPXR9OGJ
1188,Summit Enterprises 1188,Dallas,Germany,Distributor,28,4.1,LSC-EYEB900Y
1189,Summit Trading 1189,Miami,Vietnam,Manufacturer,5,3.9,LSC-XZ3ADHF0
1190,Blue Procurement 1190,San Francisco,Japan,Manufacturer,15,3.4,LSC-SJX4FOGX
1191,United Industrial 1191,Philadelphia,Germany,Distributor,10,,LSC-JPF240SH
1192,Blue Logistics 1192,Phoenix,Thailand,Distributor,11,3.2,LSC-PA2TVMXQ
1193,Nova Industrial 1193,Austin,Thailand,Manufacturer,10,2.9,LSC-H6AIRH8S
1194,Summit Distributors 1194,Miami,Thailand,Manufacturer,25,3.4,LSC-JD5SLOC8
1195, Blue Trading 1195 ,Boston,Canada,Manufacturer,10,4.5,LSC-1YUW2TGR
1196,East Supply 1196,Phoenix,USA,Wholesaler,2,3.3,LSC-YTUAGDL1
1197,Nova Logistics 1197,Nashville,USA,Wholesaler,8,4.1,LSC-Y8UMNW6L
1198,Quantum Procurement 1198,Philadelphia,Canada,Manufacturer,26,3.1,LSC-MI8ACUEO
1199,Prime Trading 1199,Detroit,Germany,Wholesaler,15,3.8,LSC-0D9TZHHN
1200,Prime Logistics 1200,New York,Japan,Distributor,20,3.5,LSC-9X66D7WD
1201,Nova Enterprises 1201,Columbus,Thailand,Wholesaler,25,4.1,LSC-1BYTXZA4
1202,Metro Retail Supply 1202,San Francisco,Canada,Manufacturer,5,2.7,LSC-U7JPMMQZ
1203,Global Distributors 1203,Nashville,Mexico,Wholesaler,2,4.2,LSC-G3IBG3HK
1204,Prime Industrial 1204,Atlanta,Thailand,Distributor,21,2.8,LSC-E6HW5KYF
1205,Vertex Wholesale 1205,Philadelphia,Japan,Manufacturer,14,2.5,LSC-NTY6D1HF
1206,Blue Retail Supply 1206,Atlanta,China,Distributor,24,4.5,LSC-JSTY8767
1207,Quantum Industrial 1207,Dallas,Vietnam,Manufacturer,28,5.0,LSC-TU8PV2KJ
1208,Metro Supply 1208,Seattle,Mexico,Wholesaler,14,,LSC-1QDU2EB0
1209,Blue Partners 1209,Philadelphia,South Korea,Manufacturer,14,4.8,LSC-U0ESTIE6
1210,East Enterprises 1210,Columbus,Japan,Manufacturer,30,,LSC-TDSDJT3B
1211,West Trading 1211,Phoenix,Japan,Wholesaler,27,4.5,LSC-ZDFPPWC1
1212,South Wholesale 1212,Miami,USA,Manufacturer,29,3.3,LSC-BAAXA3BL
1213,Vertex Distributors 1213,Seattle,Germany,Distributor,17,4.9,LSC-D2TN20VZ
1214,Rapid Procurement 1214,Austin,India,Manufacturer,23,2.8,LSC-6X1JD3VU
1215,West Logistics 1215,Philadelphia,Mexico,Manufacturer,18,4.8,LSC-CG1S2LQS
1216,South Supply 1216,Los Angeles,India,Manufacturer,21,2.6,LSC-X5NWD0JF
1217,Elite Enterprises 1217,Houston,South Korea,Distributor,9,3.5,LSC-2S9NBLGU
1218,Prime Partners 1218,Los Angeles,Japan,Wholesaler,22,3.7,LSC-OIVWQM91
1219,East Wholesale 1219,Phoenix,India,Wholesaler,4,2.7,LSC-275JT660
1220,Nova Logistics 1220,Dallas,USA,Manufacturer,19,4.9,LSC-R7SN1TCJ
1221,Summit Distributors 1221,Phoenix,South Korea,Distributor,24,3.5,LSC-Y0SXYLKA
1222,North Wholesale 1222,Denver,Germany,Manufacturer,25,,LSC-THL2C53K
1223, Elite Wholesale 1223 ,Denver,Mexico,Distributor,26,3.4,LSC-K5G2ZNTG
1224,Metro Supply 1224,Chicago,China,Wholesaler,17,3.4,LSC-OKKU3S71
1225,Blue Procurement 1225,Atlanta,Thailand,Manufacturer,19,4.2,LSC-S3J0EVZY
1226,Quantum Supply 1226,Boston,China,Manufacturer,23,4.1,LSC-9KHH83GS
1227, Quantum Distributors 1227 ,Austin,Vietnam,Distributor,25,3.1,LSC-FDDVSZ2T
1228,Metro Trading 1228,Nashville,Japan,Distributor,4,4.1,LSC-HHOLI540
1229, Vertex Enterprises 1229 ,San Jose,Vietnam,Manufacturer,17,4.4,LSC-LOQSOT56
1230,Global Wholesale 1230,Seattle,USA,Distributor,28,,LSC-3VMOT4SA
1231,Elite Procurement 1231,Philadelphia,USA,Distributor,22,4.3,LSC-JK9E0OAW
1232,Metro Retail Supply 1232,Denver,USA,Manufacturer,21,4.5,LSC-ECLCES1K
1233,Evergreen Trading 1233,Atlanta,Japan,Distributor,14,3.8,LSC-MAF9H3FH
1234,East Wholesale 1234,Chicago,Vietnam,Distributor,9,3.6,LSC-MPD7Z4KS
1235,North Supply 1235,Denver,Thailand,Wholesaler,22,2.6,LSC-2I7P80SD
1236,Summit Retail Supply 1236,New York,USA,Manufacturer,3,4.9,LSC-5B5NOV31
1237,Elite Wholesale 1237,Detroit,Germany,Wholesaler,4,3.3,LSC-0DGH6M3S
1238,Apex Retail Supply 1238,Nashville,Thailand,Wholesaler,5,3.7,LSC-4PU6W93K
1239,Prime Distributors 1239,Atlanta,USA,Distributor,11,4.7,LSC-ATQGKRYT
1240,East Wholesale 1240,Charlotte,Vietnam,Wholesaler,3,3.0,LSC-XWEDNYA3
1241,East Procurement 1241,Nashville,South Korea,Manufacturer,20,4.3,LSC-2KGA99UF
1242,North Enterprises 1242,Nashville,China,Manufacturer,27,3.4,LSC-2KTVV0Y9
1243,South Distributors 1243,San Jose,Thailand,Manufacturer,11,2.9,LSC-2UWUFUK1
1244,Evergreen Enterprises 1244,Portland,India,Wholesaler,27,4.9,LSC-HGGG23KF
1245,North Retail Supply 1245,Nashville,Germany,Manufacturer,19,4.9,LSC-BWAUFXQP
1246,Global Industrial 1246,Dallas,USA,Manufacturer,25,3.0,LSC-U9IVLX6X
1247,East Wholesale 1247,Columbus,Canada,Wholesaler,26,2.5,LSC-3KAMOX96
1248,North Procurement 1248,New York,Japan,Wholesaler,19,4.5,LSC-2O1TFXDT
1249,Elite Procurement 1249,Charlotte,Thailand,Distributor,22,2.7,LSC-3ARPYYFG
1250,East Procurement 1250,Nashville,Thailand,Manufacturer,12,-1.0,LSC-1JGJTI2L
1251,East Logistics 1251,Los angeles,Thailand,Wholesaler,29,2.6,LSC-8RIA4PO5
1252,Vertex Supply 1252,Houston,India,Wholesaler,28,4.9,LSC-NHCGW33A
1253,Vertex Retail Supply 1253,San Jose,India,Wholesaler,3,4.0,LSC-KKV4LQ15
1254,East Trading 1254,Nashville,Germany,Manufacturer,16,,LSC-WBNWJ6PV
1255,Elite Wholesale 1255,Los Angeles,Mexico,Wholesaler,24,4.9,LSC-501OEEA2
1256,West Industrial 1256,Austin,Japan,Manufacturer,3,5.0,LSC-U7C1A7YJ
1257,Metro Trading 1257,Seattle,Vietnam,Wholesaler,16,3.1,LSC-78LZGM8D
1258,Vertex Industrial 1258,New York,Mexico,Wholesaler,8,4.6,LSC-6FDVAE1I
1259,East Procurement 1259,Phoenix,USA,Distributor,16,3.7,LSC-UMEHCYKJ
1260,Prime Wholesale 1260,Nashville,Germany,Wholesaler,12,2.6,LSC-5KB3PKBQ
1261,Nova Distributors 1261,Austin,South Korea,Manufacturer,17,3.8,LSC-760RS6C4
1262,Vertex Industrial 1262,Nashville,Germany,Distributor,19,4.6,LSC-DGS9GT0R
1263,South Trading 1263,Charlotte,Japan,Distributor,29,4.6,LSC-5T54GYLB
1264,United Enterprises 1264,Detroit,South Korea,Wholesaler,25,2.6,LSC-2VZPY9QZ
1265,Elite Industrial 1265,Atlanta,Germany,Wholesaler,30,3.5,LSC-2F2NATD4
1266,Apex Trading 1266,Denver,South Korea,Manufacturer,12,5.8,LSC-DO5N1TQD
1267,Nova Retail Supply 1267,Nashville,Canada,Wholesaler,6,4.3,LSC-S1G9EU81
1268,Prime Partners 1268,Nashville,Mexico,Wholesaler,19,4.4,LSC-JPVKTAF6
1269,Prime Procurement 1269,Los Angeles,USA,Wholesaler,21,4.2,LSC-I4PZZJ8X
1270,Evergreen Enterprises 1270,San Francisco,Mexico,Wholesaler,29,4.3,LSC-SWXKQTQ3
1271,Prime Industrial 1271,Chicago,Vietnam,Wholesaler,13,4.8,LSC-ITQRT8G7
1272,South Logistics 1272,Austin,Mexico,Wholesaler,26,2.7,LSC-WZXQVRT4
1273,North Partners 1273,Philadelphia,South Korea,Wholesaler,24,4.6,LSC-4ESH9BXL
1274,East Supply 1274,Austin,South Korea,Manufacturer,22,3.0,LSC-WIBJB6M9
1275,Elite Enterprises 1275,San Francisco,South Korea,Wholesaler,23,3.6,LSC-BYG6G04J
1276,Apex Partners 1276,Austin,Thailand,Manufacturer,16,4.0,LSC-HM3KWWET
1277,Nova Retail Supply 1277,Atlanta,China,Wholesaler,29,4.9,LSC-T6UDOJY6
1278,Apex Partners 1278,San Francisco,Mexico,Manufacturer,25,5.0,LSC-R6MGUOV5
1279,United Procurement 1279,San Jose,Thailand,Manufacturer,21,4.5,LSC-NI9SUON8
1280,West Partners 1280,Miami,Germany,Manufacturer,14,4.9,LSC-UALRY3IG
1281,Blue Partners 1281,Nashville,Japan,Manufacturer,4,4.8,LSC-ERRBSZUJ
1282,Prime Distributors 1282,Denver,Mexico,Distributor,8,3.5,LSC-DKD3HHGW
1283,Metro Retail Supply 1283,Philadelphia,South Korea,Distributor,25,4.6,LSC-SIP4B8J4
1284,Blue Logistics 1284,Chicago,Japan,Manufacturer,3,4.4,LSC-GNT9ZSUV
1285,Summit Industrial 1285,New York,USA,Manufacturer,10,3.4,LSC-ISU1O67U
1286,North Retail Supply 1286,Los Angeles,China,Distributor,12,4.7,LSC-VO1TK5EZ
1287,East Procurement 1287,Miami,Japan,Wholesaler,19,4.1,LSC-0PN524KS
1288,Evergreen Enterprises 1288,Houston,China,Wholesaler,4,4.5,LSC-PLE45B2N
1289,United Enterprises 1289,Atlanta,South Korea,Manufacturer,4,4.9,LSC-E55325CA
1290,Quantum Industrial 1290,Los Angeles,USA,Wholesaler,18,3.0,LSC-WTGDK4SN
1291,West Wholesale 1291,Philadelphia,USA,Manufacturer,29,4.2,LSC-7P62ZKO0
1292,Summit Procurement 1292,San Jose,India,Wholesaler,25,4.3,LSC-7K8CH3Z3
1293,Blue Wholesale 1293,Seattle,Mexico,Manufacturer,28,2.7,LSC-HF4AKDNA
1294,Vertex Partners 1294,Atlanta,Vietnam,Wholesaler,15,3.2,LSC-FZQAFQSD
1295,South Wholesale 1295,Dallas,Vietnam,Distributor,30,3.4,LSC-QJ9UJEFU
1296,Prime Procurement 1296,Phoenix,China,Distributor,21,2.7,LSC-340NXIDB
1297,Apex Industrial 1297,Houston,Canada,Manufacturer,22,3.7,LSC-CYH207X8
1298,Global Procurement 1298,Dallas,India,Manufacturer,7,2.9,LSC-86HOGDPL
1299,Vertex Logistics 1299,Atlanta,China,Manufacturer,19,3.9,LSC-IFXZIU6H
1300,Evergreen Logistics 1300,Charlotte,Canada,Wholesaler,5,3.7,LSC-X05H3K7U
1301,Nova Logistics 1301,Nashville,Thailand,Wholesaler,27,4.9,LSC-RZE6V4UA
1302,Apex Industrial 1302,Chicago,Thailand,Manufacturer,7,2.6,LSC-I6QSRER6
1303,Quantum Wholesale 1303,Nashville,USA,Wholesaler,19,4.9,LSC-SEBY8EN0
1304,Prime Partners 1304,Seattle,China,Manufacturer,7,2.6,LSC-B1R3YQS5
1305,South Procurement 1305,Seattle,Canada,Wholesaler,24,4.3,LSC-ZNSGWOC4
1306,Prime Trading 1306,New York,Germany,Distributor,10,,LSC-INCU2LQM
1307,Apex Trading 1307,Nashville,Vietnam,Manufacturer,30,4.8,LSC-D2XG770X
1308,Vertex Logistics 1308,Seattle,Canada,Wholesaler,17,3.2,LSC-5SC36U9C
1309,West Distributors 1309,Portland,Mexico,Manufacturer,5,2.9,LSC-BFFHEYZQ
1310,South Wholesale 1310,Los Angeles,China,Wholesaler,5,4.0,LSC-0DEOEGEZ
1311,South Wholesale 1311,San Francisco,Mexico,Manufacturer,23,4.4,LSC-TPI70HKG
1312,Elite Procurement 1312,Seattle,China,Manufacturer,19,2.5,LSC-GXXKSF2G
1313,Vertex Logistics 1313,New York,India,Manufacturer,27,3.9,LSC-OS74ULEV
1314, Elite Wholesale 1314 ,New York,Canada,Wholesaler,28,4.6,LSC-G49MN230
1315,Global Trading 1315,Nashville,Japan,Manufacturer,21,,LSC-2V31IQFG
1316,Rapid Partners 1316,San Francisco,Japan,Manufacturer,19,3.4,LSC-L7HA752A
1317,West Supply 1317,Charlotte,Japan,Distributor,5,3.4,LSC-FIRCVCZ8
1318,North Retail Supply 1318,Nashville,South Korea,Distributor,2,,LSC-E4T8DL8F
1319,Global Trading 1319,Boston,USA,Wholesaler,3,3.1,LSC-EW6OR6XN
1320,Evergreen Enterprises 1320,Chicago,South Korea,Wholesaler,13,3.6,LSC-Y9NPGIRD
1321,Nova Industrial 1321,Charlotte,Germany,Distributor,2,2.8,LSC-T12SBA62
1322,United Distributors 1322,Detroit,South Korea,Wholesaler,14,3.2,LSC-7RPBAD0N
1323,Blue Wholesale 1323,Nashville,Thailand,Distributor,2,4.7,LSC-DMCDSODB
1324,United Procurement 1324,CHICAGO,Japan,Wholesaler,3,,LSC-K88RHOEH
1325,Global Enterprises 1325,Charlotte,USA,Wholesaler,7,3.4,LSC-4YQZVRHU
1326,Quantum Trading 1326,Seattle,Thailand,Wholesaler,21,3.5,LSC-37PJPO3C
1327,Vertex Partners 1327,Atlanta,Germany,Distributor,28,2.8,LSC-4ACJOD8W
1328,Global Distributors 1328,Houston,Japan,Wholesaler,3,3.6,LSC-RQ6B0JI1
1329,Vertex Enterprises 1329,Miami,Vietnam,Distributor,20,2.5,LSC-I9C2BVS3
1330,Evergreen Enterprises 1330,Philadelphia,China,Manufacturer,14,4.5,LSC-TRICQPEO
1331,Evergreen Distributors 1331,Charlotte,Japan,Wholesaler,14,4.9,LSC-FR8RUI31
1332,North Wholesale 1332,Seattle,Germany,Manufacturer,25,4.2,LSC-SVKUEV3C
1333,Nova Wholesale 1333,Charlotte,USA,Distributor,29,5.0,LSC-XAQS3TGD
1334,Prime Wholesale 1334,New York,Vietnam,Wholesaler,22,4.5,LSC-WD7772IY
1335,East Enterprises 1335,San Jose,Germany,Manufacturer,30,5.0,LSC-V66DQA4S
1336,Evergreen Partners 1336,New York,USA,Wholesaler,28,4.6,LSC-CTOJTFE8
1337,Rapid Partners 1337,San Jose,Japan,Distributor,25,4.8,LSC-UPSPAG3J
1338,Prime Retail Supply 1338,Philadelphia,USA,Wholesaler,12,3.7,LSC-D44NDVDX
1339,Vertex Wholesale 1339,San Jose,China,Distributor,30,3.7,LSC-3JFYUSQ1
1340,West Supply 1340,Miami,Mexico,Distributor,3,4.0,LSC-IE6DUEPR
1341,United Wholesale 1341,Philadelphia,Canada,Distributor,11,4.2,LSC-3TI0M2Q2
1342,Elite Wholesale 1342,Boston,Thailand,Distributor,22,2.6,LSC-VPX4NTZ7
1343,North Supply 1343,Miami,Canada,Manufacturer,16,3.8,LSC-FPFMNF7U
1344,United Retail Supply 1344,Miami,Canada,Wholesaler,19,3.9,LSC-A882JOZI
1345,Prime Retail Supply 1345,Phoenix,Thailand,Wholesaler,10,3.5,LSC-F9SVCA3D
1346,Vertex Trading 1346,Houston,USA,Wholesaler,20,4.7,LSC-9IX9XF3H
1347,North Distributors 1347,Atlanta,India,Wholesaler,8,3.7,LSC-OAGI7LSO
1348,Global Wholesale 1348,Denver,South Korea,Wholesaler,10,4.4,LSC-RJWPX5ZJ
1349,North Retail Supply 1349,Chicago,Vietnam,Distributor,17,4.4,LSC-R601EJT1
1350,Prime Partners 1350,Columbus,China,Wholesaler,25,2.5,LSC-O3FJPO4D
1351,United Procurement 1351,Portland,Japan,Manufacturer,7,4.8,LSC-W8TWT2I9
1352,Elite Enterprises 1352,Columbus,Germany,Distributor,16,3.3,LSC-SUY5LV92
1353,Prime Distributors 1353,Houston,Canada,Distributor,21,2.8,LSC-VG429I76
1354,Prime Procurement 1354,Houston,Thailand,Manufacturer,4,3.7,LSC-P0IV1TOP
1355,United Retail Supply 1355,Phoenix,Canada,Distributor,5,3.8,LSC-JNCRBVXK
1356,Summit Logistics 1356,San Jose,USA,Wholesaler,20,3.1,LSC-B79YJ65W
1357,North Industrial 1357,Charlotte,USA,Distributor,3,-1.0,LSC-PF37L5RP
1358,Global Enterprises 1358,Detroit,India,Wholesaler,27,4.9,LSC-18GSVPI2
1359, Nova Retail Supply 1359 ,Austin,Germany,Manufacturer,27,2.8,LSC-W1MKDWVM
1360,Prime Supply 1360,Charlotte,Germany,Manufacturer,7,4.6,LSC-EFG1Q8RX
1361,Evergreen Retail Supply 1361,Phoenix,USA,Wholesaler,26,3.3,LSC-CACK9D64
1362,Nova Partners 1362,San Jose,India,Wholesaler,22,3.5,LSC-C19ARSOZ
1363,Summit Trading 1363,Chicago,China,Wholesaler,7,3.9,LSC-5M767JEZ
1364,Nova Wholesale 1364,Charlotte,Japan,Distributor,4,2.9,LSC-DFHJ05MP
1365,Elite Partners 1365,Los Angeles,India,Distributor,16,3.9,LSC-9WNJSLEU
1366,United Partners 1366,San Francisco,Vietnam,Distributor,30,3.1,LSC-29JB8JXK
1367,South Procurement 1367,Phoenix,South Korea,Wholesaler,29,3.0,LSC-5E8FZQ1W
1368,West Enterprises 1368,Chicago,Vietnam,Distributor,16,3.6,LSC-11IKX0RB
1369, Elite Wholesale 1369 ,Chicago,India,Manufacturer,30,3.7,LSC-ZXC4VNIB
1370,Quantum Trading 1370,Los Angeles,China,Manufacturer,14,4.0,LSC-2IZSFWI4
1371,Evergreen Supply 1371,Los Angeles,Canada,Wholesaler,29,4.8,LSC-ZWDC5PSS
1372,Vertex Retail Supply 1372,Denver,China,Manufacturer,7,3.2,LSC-JYMJBT35
1373,Vertex Industrial 1373,Portland,China,Wholesaler,21,3.0,LSC-ZTAY12YI
1374,Blue Wholesale 1374,Columbus,Japan,Manufacturer,16,4.9,LSC-SJTNWU9S
1375,Summit Enterprises 1375,Los Angeles,Germany,Manufacturer,11,5.0,LSC-LUERJQEN
1376,Prime Distributors 1376,Portland,South Korea,Distributor,19,4.4,LSC-NJJ63XVF
1377,United Trading 1377,Nashville,USA,Wholesaler,27,2.8,LSC-99XRO37U
1378,Apex Partners 1378,San Jose,India,Wholesaler,3,4.3,LSC-UHFBEGGA
1379,Vertex Partners 1379,Austin,Mexico,Manufacturer,16,3.6,LSC-E6SWYU2R
1380,Elite Distributors 1380,New York,South Korea,Wholesaler,19,2.7,LSC-KN2K7IT7
1381,United Distributors 1381,Nashville,South Korea,Distributor,18,4.4,LSC-2J21TELO
1382,Quantum Distributors 1382,Los Angeles,Japan,Distributor,2,3.0,LSC-1A4OGN37
1383,Elite Industrial 1383,Chicago,Vietnam,Manufacturer,12,2.5,LSC-YP9YPDAX
1384,Rapid Logistics 1384,Chicago,Thailand,Wholesaler,24,2.7,LSC-49IK3TDW
1385,Nova Enterprises 1385,Philadelphia,Japan,Distributor,3,3.8,LSC-A11PTKFT
1386,Elite Wholesale 1386,Austin,India,Distributor,21,,LSC-AIPT6UR9
1387,West Enterprises 1387,Chicago,Vietnam,Distributor,13,2.6,LSC-2PN4U6AV
1388,Summit Supply 1388,Chicago,Vietnam,Distributor,6,3.6,LSC-Z9Q8SU5N
1389,Evergreen Distributors 1389,Columbus,Japan,Manufacturer,29,2.5,LSC-76NFCQML
1390,Blue Industrial 1390,Philadelphia,USA,Distributor,16,3.2,LSC-D0RNGCT2
1391,Summit Logistics 1391,Chicago,India,Wholesaler,21,4.3,LSC-OEJFVRSC
1392,Prime Logistics 1392,Denver,Japan,Distributor,10,4.8,LSC-DTYN4BPS
1393, Global Enterprises 1393 ,Phoenix,USA,Wholesaler,6,4.6,LSC-N3ZA0CO7
1394,Quantum Retail Supply 1394,Miami,China,Manufacturer,3,3.6,LSC-HE4QGFUL
1395,Nova Supply 1395,Los Angeles,Canada,Distributor,4,3.7,LSC-X6SFJQD9
1396,Vertex Retail Supply 1396,Columbus,India,Manufacturer,27,4.4,LSC-AC27X1CE
1397,Rapid Supply 1397,Portland,Canada,Distributor,7,4.6,LSC-5D3DGC50
1398,United Industrial 1398,Los Angeles,China,Manufacturer,28,3.9,LSC-HBCPLA8J
1399,Vertex Partners 1399,Nashville,Japan,Manufacturer,27,3.3,LSC-ZZIX2SOT
1400,Metro Retail Supply 1400,Denver,Thailand,Distributor,6,4.0,LSC-KQE4DWZ7
1401,West Trading 1401,Boston,Mexico,Distributor,27,3.8,LSC-H11BLF1X
1402,Elite Trading 1402,Dallas,Germany,Distributor,4,3.7,LSC-K820PS5I
1403,Summit Retail Supply 1403,San Jose,Japan,Wholesaler,3,3.5,LSC-JTBPGT99
1404,Evergreen Partners 1404,San Jose,Mexico,Manufacturer,8,3.9,LSC-8LI72W4O
1405,Summit Partners 1405,Los Angeles,Vietnam,Distributor,12,3.3,LSC-QPJBMWMN
1406,Elite Wholesale 1406,Seattle,India,Distributor,20,3.0,LSC-3VTL1DRZ
1407,Global Enterprises 1407,Houston,India,Distributor,30,3.1,LSC-89QSNVYF
1408,Evergreen Industrial 1408,Austin,Thailand,Wholesaler,3,4.2,LSC-GWOW7L7J
1409,Vertex Wholesale 1409,New York,Japan,Manufacturer,30,,LSC-EPL2U5CF
1410,North Supply 1410,Chicago,Thailand,Manufacturer,12,2.8,LSC-HZG58XYJ
1411,Quantum Supply 1411,Detroit,USA,Manufacturer,11,2.6,LSC-4DPGEVBM
1412,Rapid Supply 1412,Atlanta,China,Wholesaler,23,4.4,LSC-CAO8W81A
1413,Blue Supply 1413,Miami,Vietnam,Manufacturer,13,2.8,LSC-BHBW9KCK
1414,Blue Trading 1414,San Francisco,Vietnam,Distributor,30,4.0,LSC-68M1INUF
1415,Rapid Retail Supply 1415,Chicago,USA,Wholesaler,3,2.6,LSC-8UUXOP63
1416,Prime Distributors 1416,Columbus,Germany,Distributor,14,4.3,LSC-RBZIRJYZ
1417,Metro Trading 1417,Nashville,China,Distributor,29,3.2,LSC-U8NIARN4
1418,Apex Procurement 1418,San Francisco,South Korea,Distributor,2,3.0,LSC-W3CHNJ6G
1419,Blue Industrial 1419,Columbus,Germany,Manufacturer,10,3.0,LSC-CG8ZF2L4
1420,Vertex Supply 1420,Los Angeles,Mexico,Distributor,20,2.6,LSC-6PYMA1T6
1421,East Logistics 1421,Atlanta,Mexico,Wholesaler,2,2.9,LSC-6DOHE7KY
1422,South Procurement 1422,Nashville,China,Distributor,19,4.5,LSC-TLUGG01L
1423,Elite Supply 1423,Atlanta,Germany,Manufacturer,28,3.1,LSC-Y525FNSC
1424,South Industrial 1424,New York,South Korea,Wholesaler,24,4.0,LSC-AQDMFZTG
1425,North Wholesale 1425,Houston,South Korea,Manufacturer,22,4.5,LSC-0GM62S60
1426,Rapid Enterprises 1426,Houston,India,Distributor,15,2.8,LSC-EPTLT05U
1427,South Industrial 1427,Dallas,Vietnam,Distributor,24,4.2,LSC-NSZ117R1
1428,Metro Distributors 1428,Columbus,Mexico,Wholesaler,14,,LSC-F6RGSL55
1429,Blue Partners 1429,Phoenix,Canada,Manufacturer,7,4.3,LSC-RAGHKE79
1430,Summit Wholesale 1430,Los Angeles,Thailand,Wholesaler,10,2.7,LSC-K9X0740C
1431,Rapid Enterprises 1431,Portland,Vietnam,Wholesaler,24,3.0,LSC-AEWABHB7
1432,Summit Trading 1432,Phoenix,USA,Distributor,6,4.3,LSC-R4E5IZB1
1433,Summit Partners 1433,Chicago,Thailand,Manufacturer,15,3.3,LSC-BJHY3M2I
1434,South Industrial 1434,Detroit,USA,Manufacturer,13,3.5,LSC-VVI1YX9D
1435,Vertex Industrial 1435,Boston,China,Wholesaler,14,4.7,LSC-B8U8H7BI
1436,Nova Distributors 1436,Portland,India,Distributor,14,3.5,LSC-FC57PACO
1437,Rapid Retail Supply 1437,Austin,Japan,Manufacturer,16,4.9,LSC-5BIOFU2N
1438,Prime Logistics 1438,Nashville,South Korea,Wholesaler,11,4.4,LSC-2KB8OHL1
1439,United Enterprises 1439,Charlotte,Japan,Distributor,13,2.5,LSC-XNQEGE5E
1440,Evergreen Wholesale 1440,Miami,India,Manufacturer,8,4.5,LSC-X707TLYD
1441,East Partners 1441,Los Angeles,India,Wholesaler,19,4.3,LSC-8VYDWOX0
1442,Vertex Enterprises 1442,Nashville,China,Distributor,23,3.5,LSC-HU25Z8KQ
1443,Apex Procurement 1443,Los Angeles,Mexico,Wholesaler,13,3.8,LSC-IJH33IC4
1444,East Industrial 1444,Austin,USA,Distributor,2,3.4,LSC-ZNQ06UJL
1445,South Retail Supply 1445,Nashville,Mexico,Manufacturer,24,4.7,LSC-2J16W8MI
1446,Rapid Enterprises 1446,Philadelphia,Thailand,Wholesaler,29,3.2,LSC-N01N3P6E
1447,Apex Procurement 1447,Boston,China,Wholesaler,13,2.6,LSC-ZAL4W7S3
1448,Apex Retail Supply 1448,Portland,Japan,Distributor,6,3.3,LSC-7UO4G4IQ
1449,Nova Wholesale 1449,Atlanta,Germany,Distributor,13,4.4,LSC-VEGE3BYJ
1450,Metro Trading 1450,Dallas,India,Distributor,15,4.5,LSC-KLLZCUH1
1451,United Distributors 1451,New York,Japan,Distributor,2,3.8,LSC-YE737FEN
1452,South Distributors 1452,Columbus,Thailand,Distributor,10,3.3,LSC-H3X0G6SQ
1453,Nova Industrial 1453,Los Angeles,Canada,Wholesaler,5,3.7,LSC-XFX3AT25
1454,Summit Trading 1454,Detroit,USA,Wholesaler,16,3.6,LSC-UOLGQE6X
1455,Prime Procurement 1455,Phoenix,China,Wholesaler,28,3.6,LSC-TA7LS9B7
1456,West Wholesale 1456,Phoenix ,Germany,Distributor,4,3.3,LSC-LX8EAK8Y
1457,Blue Trading 1457,Austin,Canada,Wholesaler,18,4.5,LSC-YRFBENMZ
1458,East Retail Supply 1458,Dallas,Japan,Distributor,25,2.6,LSC-XUWRIENW
1459,Metro Trading 1459,Phoenix,Canada,Manufacturer,7,2.9,LSC-Y3IW6VGK
1460,West Trading 1460,Denver,Vietnam,Manufacturer,9,2.8,LSC-PDMBO6TQ
1461,East Wholesale 1461,Austin,Vietnam,Manufacturer,21,3.7,LSC-8133HBAE
1462,Elite Distributors 1462,Denver,Canada,Manufacturer,22,4.6,LSC-3T6UU8Z8
1463,West Retail Supply 1463,Miami,South Korea,Manufacturer,19,4.6,LSC-2RL1EH8H
1464,Summit Wholesale 1464,Dallas,USA,Distributor,24,3.8,LSC-W1K9M94U
1465,Apex Wholesale 1465,Denver,Mexico,Manufacturer,14,2.6,LSC-G59MNBO3
1466,West Trading 1466,Chicago,India,Wholesaler,29,4.1,LSC-TJYRDIRL
1467,Evergreen Distributors 1467,Columbus,Thailand,Manufacturer,12,2.9,LSC-5C1GXSKO
1468,West Procurement 1468,Austin,Thailand,Wholesaler,4,3.3,LSC-JRNJCGWC
1469,Vertex Retail Supply 1469,Miami,South Korea,Wholesaler,4,2.7,LSC-1YLJUYUN
1470,Metro Enterprises 1470,San Francisco,India,Manufacturer,16,3.9,LSC-MGRAEJPF
1471,Global Distributors 1471,Portland,Thailand,Manufacturer,29,4.1,LSC-D0DL7U1P
1472,Elite Industrial 1472,Columbus,USA,Distributor,20,4.1,LSC-OUSHFRRC
1473,Apex Wholesale 1473,Detroit,Japan,Distributor,22,3.5,LSC-1QMUTWXP
1474,United Trading 1474,Nashville,Germany,Wholesaler,30,4.8,LSC-YHVWNLBS
1475,Quantum Wholesale 1475,Atlanta,India,Wholesaler,5,2.9,LSC-FVMAM3JK
1476,South Logistics 1476,Philadelphia,Germany,Distributor,2,4.3,LSC-APUOLXPO
1477,South Enterprises 1477,Detroit,Germany,Wholesaler,11,4.7,LSC-D3NMYB4B
1478,North Trading 1478,Denver,Vietnam,Distributor,12,4.2,LSC-QB09UW8P
1479,Blue Enterprises 1479,Denver,Canada,Manufacturer,6,3.9,LSC-NLBNQAND
1480,East Wholesale 1480,Detroit,South Korea,Distributor,15,4.2,LSC-PICLKS44
1481,Quantum Enterprises 1481,Austin,Vietnam,Manufacturer,13,4.8,LSC-OPKLJ670
1482,Evergreen Logistics 1482,Chicago,India,Wholesaler,27,4.7,LSC-WO7V1IZ4
1483,Nova Enterprises 1483,Detroit,Canada,Wholesaler,11,3.1,LSC-55JSYXUF
1484,Prime Enterprises 1484,San Francisco,Mexico,Manufacturer,18,3.6,LSC-VR79YT1S
1485,Nova Distributors 1485,Atlanta,Vietnam,Distributor,7,2.8,LSC-A6UEYERB
1486,Quantum Logistics 1486,San Jose,India,Manufacturer,13,3.0,LSC-W2NRV4EI
1487,Prime Logistics 1487,Miami,Vietnam,Manufacturer,20,3.6,LSC-K7FVU3F0
1488,Rapid Distributors 1488,Phoenix,Mexico,Wholesaler,26,2.8,LSC-0Q45TVGU
1489,West Supply 1489,Columbus,Germany,Manufacturer,15,4.9,LSC-CUHCZTGZ
1490,Elite Retail Supply 1490,Atlanta,Thailand,Distributor,4,2.7,LSC-7TBH6GO7
1491,Summit Supply 1491,Atlanta,South Korea,Distributor,8,3.3,LSC-KJHDKXZO
1492,Elite Partners 1492,New York,South Korea,Wholesaler,3,3.9,LSC-68LZF4NU
1493,Prime Wholesale 1493,Chicago,Japan,Distributor,22,4.2,LSC-R6CJ9K4C
1494,United Partners 1494,Denver,Thailand,Distributor,3,2.9,LSC-3VKOG101
1495,Apex Trading 1495,Seattle,South Korea,Distributor,6,3.8,LSC-F2AALUDH
1496,Global Trading 1496,New York,USA,Wholesaler,9,3.0,LSC-OP0E62N3
1497,South Retail Supply 1497,Phoenix,Thailand,Manufacturer,26,3.7,LSC-V1L6CKNC
1498,Apex Trading 1498,Nashville,Germany,Manufacturer,19,4.4,LSC-3GBJ72BT
1499,South Distributors 1499,Nashville,Japan,Distributor,27,,LSC-91DZ8XEB
1500,Rapid Supply 1500,Detroit,Japan,Manufacturer,28,4.7,LSC-O3XT083R
1501,West Procurement 1501,Miami,Germany,Wholesaler,15,2.8,LSC-2V57BMTT
1502,South Wholesale 1502,Philadelphia,Vietnam,Manufacturer,22,2.9,LSC-S7GLB82M
1503,Elite Partners 1503,Boston,Germany,Distributor,24,3.1,LSC-S08RWQ1C
1504,Apex Distributors 1504,Phoenix,India,Wholesaler,4,2.7,LSC-BT8BZ9T3
1505,Prime Distributors 1505,Detroit,Canada,Manufacturer,29,2.6,LSC-3KBWIFD8
1506,Nova Procurement 1506,Dallas,Germany,Wholesaler,21,3.3,LSC-51RGFRNJ
1507,United Partners 1507,Detroit,Vietnam,Manufacturer,7,2.9,LSC-MKFNNL3V
1508,Elite Trading 1508,Seattle,Germany,Wholesaler,25,4.3,LSC-Y3HKK54K
1509,East Industrial 1509,San Jose,USA,Distributor,21,4.0,LSC-LJAF4WNS
1510,Rapid Distributors 1510,Portland,Germany,Distributor,26,,LSC-GYRW6OWH
1511,Quantum Retail Supply 1511,Atlanta,Japan,Wholesaler,10,3.0,LSC-7R2FMFP5
1512,Rapid Partners 1512,Chicago,Canada,Wholesaler,6,4.5,LSC-EXU7FKC7
1513,North Trading 1513,Los Angeles,Canada,Wholesaler,6,,LSC-LXUIIY3X
1514,Apex Enterprises 1514,Boston,India,Distributor,23,4.4,LSC-GPCXWAYM
1515,Metro Trading 1515,Houston,China,Distributor,9,4.1,LSC-1BJT4ZF3
1516,Vertex Wholesale 1516,Phoenix,China,Distributor,5,4.9,LSC-GC0S6ENF
1517,North Partners 1517,Charlotte,Canada,Manufacturer,19,3.7,LSC-O6DUTJTO
1518,Evergreen Wholesale 1518,New York,India,Distributor,3,4.5,LSC-G76RWR3S
1519,Elite Retail Supply 1519,Boston,Japan,Distributor,29,3.5,LSC-L0V0HXEF
1520,North Wholesale 1520,Dallas,South Korea,Manufacturer,4,3.0,LSC-AYBFJH9K
1521,West Partners 1521,Nashville,South Korea,Distributor,26,4.7,LSC-5D5Q3OV9
1522,Nova Enterprises 1522,San Jose,Germany,Manufacturer,5,4.1,LSC-SH0AHPO0
1523,Apex Supply 1523,Los Angeles,India,Wholesaler,2,3.4,LSC-HFMTGDLB
1524,Apex Logistics 1524,Atlanta,Canada,Manufacturer,30,3.8,LSC-IZ7TFP3G
1525,Prime Supply 1525,Detroit,Mexico,Manufacturer,14,3.8,LSC-P3174GU6
1526,East Enterprises 1526,Austin,Germany,Wholesaler,23,4.5,LSC-8HR6CMEW
1527,Elite Wholesale 1527,Austin,India,Manufacturer,16,2.8,LSC-PK1ACFSF
1528,United Enterprises 1528,Phoenix,USA,Distributor,5,4.2,LSC-40I6QV4T
1529,Quantum Supply 1529,Austin,Mexico,Distributor,30,,LSC-NXPWNUA6
1530,East Distributors 1530,Miami,Thailand,Distributor,9,4.4,LSC-WQQOQSD8
1531,North Enterprises 1531,Columbus,Japan,Wholesaler,22,3.1,LSC-YMR0AZ0Z
1532, Elite Procurement 1532 ,Austin,Canada,Wholesaler,19,6.5,LSC-G5UDLHWV
1533,Apex Procurement 1533,San Francisco,USA,Distributor,9,4.0,LSC-YWAPKE5A
1534,Nova Industrial 1534,Phoenix,Vietnam,Manufacturer,26,4.0,LSC-P9K1UOAA
1535,South Logistics 1535,Philadelphia,Canada,Distributor,10,3.9,LSC-Y4KJ8GVS
1536,Evergreen Distributors 1536,Charlotte,South Korea,Wholesaler,16,3.1,LSC-4SWH0TT9
1537,Evergreen Enterprises 1537,Columbus,India,Distributor,2,3.2,LSC-L2FX35LG
1538,Prime Wholesale 1538,Austin,China,Distributor,6,4.9,LSC-BOT6ATJ4
1539,Rapid Partners 1539,Houston,Germany,Manufacturer,26,3.1,LSC-UTT52LK3
1540, United Enterprises 1540 ,Portland,Thailand,Wholesaler,25,3.7,LSC-40DM9IF8
1541,Rapid Supply 1541,Los Angeles,Vietnam,Manufacturer,2,3.0,LSC-YZ1OV5VX
1542,Global Procurement 1542,Austin,Mexico,Wholesaler,11,2.7,LSC-JU39X6KQ
1543,Prime Partners 1543,Philadelphia,Thailand,Distributor,25,4.8,LSC-XTF52BWH
1544,Rapid Distributors 1544,Los Angeles,South Korea,Wholesaler,9,3.2,LSC-K8JV7OJM
1545,North Partners 1545,Austin,Germany,Manufacturer,28,4.8,LSC-F7N2ELMV
1546,West Wholesale 1546,San Francisco,India,Manufacturer,15,4.4,LSC-G4EAI7XK
1547,Global Logistics 1547,Philadelphia,Vietnam,Distributor,11,3.7,LSC-NTYLVVLD
1548,United Partners 1548,Atlanta,Vietnam,Manufacturer,12,2.5,LSC-38K0HF36
1549,Prime Supply 1549,Atlanta,Vietnam,Wholesaler,14,2.8,LSC-GD572I2F
1550,South Industrial 1550,Dallas,South Korea,Manufacturer,15,4.4,LSC-TTIMLYTG
1551,Evergreen Wholesale 1551,Denver,Mexico,Wholesaler,6,4.3,LSC-LO9LNDCM
1552,Prime Partners 1552,Los Angeles,USA,Distributor,13,,LSC-DQLQ1WMF
1553,South Partners 1553,Boston,Canada,Wholesaler,5,4.6,LSC-4EUZ9QJ4
1554,Metro Supply 1554,San Francisco,Vietnam,Wholesaler,9,3.7,LSC-TIEHC2YI
1555,East Enterprises 1555,Dallas,India,Manufacturer,15,4.8,LSC-SS63UMGT
1556,Metro Supply 1556,Boston,South Korea,Distributor,28,3.9,LSC-GYLEYO3H
1557,Quantum Trading 1557,Philadelphia,Germany,Manufacturer,27,4.5,LSC-SDUDPRK5
1558,West Distributors 1558,Philadelphia,Canada,Manufacturer,16,4.4,LSC-7VO79I3E
1559,Nova Retail Supply 1559,Charlotte,South Korea,Wholesaler,10,4.9,LSC-MVU2YETT
1560, West Trading 1560 ,Nashville,Canada,Manufacturer,2,,LSC-I7ZFZTOS
1561,Evergreen Wholesale 1561,Boston,Mexico,Wholesaler,14,3.2,LSC-71K16Y0U
1562,South Wholesale 1562,Columbus,Thailand,Wholesaler,30,3.4,LSC-1RWU1ESE
1563,Prime Wholesale 1563,Phoenix ,USA,Wholesaler,4,3.6,LSC-V0V6443K
1564, Metro Enterprises 1564 ,Detroit,South Korea,Distributor,30,2.7,LSC-ALUK8732
1565,Metro Retail Supply 1565,Philadelphia,Japan,Manufacturer,26,4.7,LSC-SOSC0WHS
1566,North Partners 1566,Houston,USA,Distributor,26,2.7,LSC-I9RTJ6U5
1567,Global Enterprises 1567,Nashville,Japan,Manufacturer,22,4.6,LSC-4QUNF57V
1568,United Procurement 1568,Chicago,South Korea,Wholesaler,22,4.6,LSC-LS11Q01Y
1569,Metro Wholesale 1569,Austin,USA,Manufacturer,2,4.4,LSC-EU2CI4EU
1570,West Logistics 1570,Phoenix,Canada,Distributor,22,4.7,LSC-MIPUYLTD
1571,East Distributors 1571,Los Angeles,India,Wholesaler,11,3.3,LSC-5KZHCMZ2
1572,West Trading 1572,Austin,USA,Distributor,26,3.5,LSC-6CYSVUHI
1573,Prime Supply 1573,San Francisco,South Korea,Wholesaler,19,3.3,LSC-518DWKXD
1574,Quantum Retail Supply 1574,Austin,Germany,Manufacturer,9,4.0,LSC-UM2ENI8W
1575,Summit Partners 1575,Atlanta,Thailand,Distributor,17,3.7,LSC-Q4TP1NA6
1576,Evergreen Wholesale 1576,San Jose,China,Distributor,4,3.4,LSC-JCZOBD9Q
1577,Quantum Trading 1577,San Francisco,India,Manufacturer,19,4.7,LSC-WK3BNEGU
1578,Global Wholesale 1578,Philadelphia,Germany,Wholesaler,8,2.5,LSC-FPP7SDWY
1579,South Distributors 1579,San Jose,Vietnam,Wholesaler,26,3.9,LSC-V27UUBRJ
1580,Global Enterprises 1580,Dallas,Canada,Wholesaler,7,3.8,LSC-1KWQJL8E
1581,United Procurement 1581,Columbus,Thailand,Manufacturer,25,4.7,LSC-ERQ5A838
1582,Blue Distributors 1582,Austin,South Korea,Manufacturer,28,4.6,LSC-JZ3H8V16
1583,East Industrial 1583,Seattle,USA,Wholesaler,19,3.7,LSC-XMS0HKRA
1584,Nova Distributors 1584,Atlanta,Vietnam,Wholesaler,24,2.5,LSC-A67MSWPA
1585, Summit Retail Supply 1585 ,Phoenix,Japan,Distributor,13,3.2,LSC-GBJXG56W
1586,Rapid Industrial 1586,Detroit,Mexico,Wholesaler,6,2.5,LSC-1CCYY4JU
1587,Apex Logistics 1587,Denver,Vietnam,Manufacturer,26,,LSC-TCWZL87F
1588,Nova Partners 1588,Detroit,China,Manufacturer,2,4.0,LSC-0R095UHG
1589,Vertex Industrial 1589,Boston,South Korea,Manufacturer,27,2.9,LSC-KJ6XHPD3
1590,Prime Supply 1590,Seattle,India,Manufacturer,11,3.5,LSC-PYHRFOZG
1591,Summit Supply 1591,Los Angeles,Germany,Distributor,21,3.3,LSC-2O2ZCMOT
1592,Global Supply 1592,San Francisco,USA,Wholesaler,16,3.7,LSC-LCRE8UA2
1593,Metro Enterprises 1593,Detroit,USA,Distributor,4,3.0,LSC-2XGDH3U0
1594,West Distributors 1594,Austin,South Korea,Wholesaler,17,2.9,LSC-E2J5ZKOE
1595,West Distributors 1595,Nashville,Canada,Manufacturer,7,3.9,LSC-9C4QLO9F
1596,United Logistics 1596,Boston,China,Distributor,29,4.5,LSC-6GFXAMHV
1597,Vertex Wholesale 1597,New York,Vietnam,Distributor,20,3.2,LSC-0Q45NAYP
1598,Rapid Procurement 1598,Houston,Thailand,Manufacturer,9,4.8,LSC-QCQ3ZA8E
1599,Rapid Procurement 1599,Nashville,Mexico,Wholesaler,19,3.4,LSC-NEDYL7U4
1600,Apex Retail Supply 1600,Columbus,Germany,Wholesaler,30,3.5,LSC-1KVTORP5
1601,East Retail Supply 1601,Phoenix,USA,Distributor,8,3.7,LSC-96SJQA0P
1602,Vertex Enterprises 1602,Houston,China,Wholesaler,20,2.6,LSC-K4EPBO01
1603,Metro Retail Supply 1603,Portland,Vietnam,Manufacturer,25,4.1,LSC-429KJPQ8
1604,East Wholesale 1604,Houston,Vietnam,Wholesaler,9,3.9,LSC-TLPF4G9H
1605,West Wholesale 1605,New York,Vietnam,Manufacturer,13,4.8,LSC-AHHCASIK
1606,Elite Industrial 1606,Atlanta,India,Distributor,20,2.8,LSC-ASU29EE2
1607, Global Enterprises 1607 ,Chicago,USA,Distributor,14,3.9,LSC-0FIYHQ3Y
1608,South Enterprises 1608,Los Angeles,USA,Wholesaler,14,,LSC-2MT4C46P
1609,Nova Retail Supply 1609,Atlanta,South Korea,Manufacturer,3,2.6,LSC-739SYIED
1610,United Industrial 1610,Chicago,South Korea,Manufacturer,5,3.8,LSC-DDVXYLFU
1611,Evergreen Wholesale 1611,New York,India,Distributor,8,4.1,LSC-2XCH1JOQ
1612,Elite Enterprises 1612,Portland,Canada,Wholesaler,21,3.1,LSC-UZ5PFBCE
1613,Global Wholesale 1613,Columbus,South Korea,Wholesaler,4,4.2,LSC-FEIQ7KA8
1614,Elite Wholesale 1614,Los Angeles,Vietnam,Wholesaler,18,3.4,LSC-5RY6Q2M8
1615,North Logistics 1615,Dallas,Thailand,Distributor,9,3.4,LSC-QADW9UFZ
1616,Blue Partners 1616,Houston,China,Manufacturer,23,3.5,LSC-CGWLUK5O
1617,Prime Supply 1617,Detroit,Canada,Manufacturer,21,2.9,LSC-BPADUSQB
1618,Apex Trading 1618,Phoenix,India,Manufacturer,20,,LSC-7PMEXJTN
1619,West Retail Supply 1619,Charlotte,Thailand,Manufacturer,26,3.3,LSC-8109JNB5
1620,Apex Wholesale 1620,Detroit,USA,Distributor,15,5.0,LSC-4K3AWLAR
1621,Metro Logistics 1621,Philadelphia,India,Manufacturer,29,2.9,LSC-IUPROG71
1622,Summit Industrial 1622,Dallas,India,Wholesaler,14,3.6,LSC-AOP37728
1623,Summit Logistics 1623,Chicago,Germany,Distributor,21,4.7,LSC-5OTS42KQ
1624,Vertex Wholesale 1624,Nashville,Thailand,Manufacturer,3,4.1,LSC-NB9DSSRK
1625,Summit Wholesale 1625,Atlanta,Germany,Distributor,12,4.7,LSC-3LLP0NFD
1626,Vertex Procurement 1626,Charlotte,China,Manufacturer,28,3.1,LSC-0MMUG8XJ
1627,Evergreen Distributors 1627,Houston,Japan,Distributor,5,4.2,LSC-W1TCFI4P
1628,Evergreen Trading 1628,San Francisco,Vietnam,Manufacturer,23,4.0,LSC-K5SGCSVP
1629,Global Retail Supply 1629,Austin,Germany,Manufacturer,10,4.7,LSC-A439GF5L
1630,Nova Distributors 1630,Dallas,USA,Wholesaler,9,4.7,LSC-EOL0TA8R
1631,Blue Partners 1631,Austin,China,Wholesaler,3,5.0,LSC-HCZDQ3W6
1632,Prime Distributors 1632,Chicago,Japan,Distributor,27,3.2,LSC-7H7REDY0
1633,South Partners 1633,Charlotte,Canada,Wholesaler,3,4.5,LSC-DWN717YW
1634,Prime Partners 1634,Miami,Japan,Manufacturer,5,,LSC-K9QS57WC
1635,South Procurement 1635,Atlanta,Vietnam,Wholesaler,12,3.8,LSC-ZA7UY4SA
1636,Summit Industrial 1636,Portland,USA,Manufacturer,26,2.6,LSC-IEOPTS2Q
1637,Summit Wholesale 1637,Seattle,Vietnam,Distributor,23,4.0,LSC-1WNR1TR4
1638,Prime Industrial 1638,Charlotte,South Korea,Distributor,19,4.7,LSC-6A2TYZNM
1639,East Supply 1639,New York,South Korea,Wholesaler,7,4.1,LSC-YK2E58F3
1640,Elite Enterprises 1640,Los Angeles,Germany,Wholesaler,27,5.0,LSC-V1T4JXA2
1641,Rapid Distributors 1641,Charlotte,South Korea,Wholesaler,21,4.2,LSC-I46N05FL
1642,Blue Retail Supply 1642,Boston,Vietnam,Wholesaler,28,2.9,LSC-CRAHB73S
1643,Nova Wholesale 1643,Boston,Japan,Distributor,29,3.0,LSC-0ETHETKC
1644,Global Supply 1644,Boston,Japan,Distributor,5,4.3,LSC-V33LIFNC
1645,West Procurement 1645,Columbus,South Korea,Manufacturer,14,4.2,LSC-O2I5WLLD
1646,Global Procurement 1646,New York,China,Manufacturer,28,2.8,LSC-16P1FS32
1647,Blue Procurement 1647,Philadelphia,Japan,Wholesaler,9,3.9,LSC-L15E166L
1648,Blue Wholesale 1648,Atlanta,Thailand,Manufacturer,20,3.4,LSC-USMJN7BY
1649,South Wholesale 1649,Atlanta,Thailand,Wholesaler,25,3.5,LSC-F2P091PQ
1650,Summit Supply 1650,Denver,India,Distributor,4,3.6,LSC-AH3QN21R
1651,United Industrial 1651,Los Angeles,Japan,Distributor,8,2.7,LSC-L9T15KCK
1652,Quantum Industrial 1652,Dallas,Japan,Wholesaler,14,2.6,LSC-UL1OT96G
1653,East Logistics 1653,Los Angeles,Thailand,Manufacturer,16,3.5,LSC-JAXNHRC4
1654,Metro Procurement 1654,Seattle,South Korea,Manufacturer,25,3.9,LSC-7RYME6PS
1655,West Enterprises 1655,Los Angeles,Vietnam,Distributor,15,4.7,LSC-Y2S79VIC
1656,Quantum Procurement 1656,Atlanta,Japan,Distributor,10,2.5,LSC-2Y7VFHPD
1657,Quantum Enterprises 1657,Detroit,India,Distributor,15,,LSC-1LY0OCRV
1658,South Industrial 1658,San Francisco,Mexico,Distributor,13,,LSC-PCZA3SFG
1659,Metro Retail Supply 1659,Phoenix,Vietnam,Distributor,16,4.3,LSC-GZGXRDCQ
1660,Rapid Industrial 1660,Charlotte,Japan,Manufacturer,21,2.8,LSC-RPCKWTEJ
1661,Elite Enterprises 1661,Columbus,Thailand,Manufacturer,9,2.6,LSC-GDPUH4GB
1662,Apex Retail Supply 1662,Nashville,China,Manufacturer,27,3.9,LSC-D9JYJ3CT
1663,Vertex Industrial 1663,Detroit,Vietnam,Distributor,30,4.7,LSC-AH9OG5BM
1664,Global Supply 1664,Boston,Thailand,Distributor,20,3.0,LSC-G4G7NIE3
1665,Apex Enterprises 1665,Miami,Vietnam,Manufacturer,27,3.6,LSC-96AIU01L
1666,Prime Wholesale 1666,Denver,Vietnam,Wholesaler,21,4.3,LSC-3TDV0IQF
1667,West Wholesale 1667,Columbus,India,Wholesaler,29,2.7,LSC-6ENMB9UP
1668,Summit Retail Supply 1668,Charlotte,Germany,Wholesaler,16,3.5,LSC-LG5TK9VJ
1669,Rapid Supply 1669,Detroit,Mexico,Distributor,25,2.5,LSC-4P3PRNO5
1670,Apex Supply 1670,Columbus,Germany,Distributor,2,4.2,LSC-7U4GBGCN
1671,Evergreen Trading 1671,Portland,Japan,Distributor,3,3.2,LSC-T6VGF8IG
1672,Apex Trading 1672,Denver,USA,Wholesaler,4,2.6,LSC-362M9E5I
1673,Quantum Logistics 1673,San Francisco,India,Wholesaler,27,4.3,LSC-6IOSTUZH
1674,Metro Trading 1674,Seattle,South Korea,Manufacturer,30,2.9,LSC-4OFPATM0
1675,United Distributors 1675,Phoenix,Germany,Manufacturer,28,4.9,LSC-JJFUPMVL
1676,Summit Supply 1676,Houston,China,Manufacturer,6,3.1,LSC-RHRLNF6N
1677,Nova Distributors 1677,Nashville,Japan,Wholesaler,8,4.8,LSC-M9DEOCIR
1678,United Retail Supply 1678,Phoenix,Mexico,Wholesaler,15,4.6,LSC-JLYS7JD6
1679,Global Enterprises 1679,Charlotte,India,Distributor,5,3.6,LSC-1AUF0TJ5
1680,Nova Supply 1680,Seattle,Japan,Wholesaler,7,4.3,LSC-CY4MLJZF
1681,Blue Logistics 1681,Atlanta,South Korea,Wholesaler,23,4.6,LSC-SP7QFQ9N
1682,Nova Wholesale 1682,Phoenix,Mexico,Wholesaler,4,3.8,LSC-I3WYZTDG
1683,Global Logistics 1683,Columbus,USA,Wholesaler,17,3.7,LSC-PW3HHIGV
1684,North Procurement 1684,Houston,India,Manufacturer,13,4.7,LSC-7FQTKPCS
1685,East Procurement 1685,San Jose,China,Distributor,18,3.0,LSC-0G1ZZROG
1686,East Logistics 1686,Austin,South Korea,Manufacturer,17,,LSC-VGKH250C
1687,Elite Wholesale 1687,Columbus,Japan,Distributor,7,2.9,LSC-5ADG0XWG
1688,Evergreen Industrial 1688,Dallas,Germany,Distributor,19,3.5,LSC-VJGA4GF7
1689,Vertex Logistics 1689,Nashville,Vietnam,Wholesaler,20,2.9,LSC-AAZPGYBO
1690, Global Logistics 1690 ,San Francisco,Vietnam,Manufacturer,28,4.6,LSC-8NGC4XAI
1691,Vertex Supply 1691,Chicago,South Korea,Manufacturer,20,3.0,LSC-NHWEKQDV
1692,Elite Supply 1692,Los Angeles,USA,Manufacturer,15,4.9,LSC-7FRBOO70
1693,Prime Industrial 1693,Charlotte,India,Manufacturer,29,2.8,LSC-KZZMALQH
1694,North Distributors 1694,Detroit,Canada,Manufacturer,28,3.6,LSC-FIE952EX
1695,Nova Logistics 1695,Chicago,China,Manufacturer,15,3.2,LSC-7ZOJ3E0Q
1696,South Industrial 1696,Austin,China,Distributor,18,3.4,LSC-861PY2VG
1697,Prime Logistics 1697,Charlotte,Canada,Distributor,27,2.7,LSC-LMSP94RW
1698,Metro Wholesale 1698,Boston,China,Wholesaler,24,3.0,LSC-5KHL1CRH
1699,Rapid Retail Supply 1699,San Francisco,India,Wholesaler,27,3.0,LSC-3UQ1AMKT
1700,United Retail Supply 1700,Phoenix,Thailand,Distributor,15,3.9,LSC-BYGS0JX9
1701,Global Enterprises 1701,San Francisco,South Korea,Wholesaler,9,3.8,LSC-M5R7GOKL
1702,Global Supply 1702,Nashville,India,Distributor,26,3.1,LSC-TJPK4W0K
1703,South Partners 1703,San Jose,South Korea,Wholesaler,10,3.2,LSC-QONTQX45
1704,Nova Retail Supply 1704,Detroit,USA,Distributor,6,4.2,LSC-NIT38CX5
1705,Vertex Partners 1705,Denver,China,Manufacturer,28,3.8,LSC-VBCQ7G4A
1706,East Logistics 1706,San Francisco,Germany,Distributor,3,4.2,LSC-X4NKIO5B
1707,Prime Trading 1707,Atlanta,Japan,Wholesaler,16,3.2,LSC-PSHOXXAO
1708,Blue Partners 1708,Phoenix,Thailand,Distributor,7,4.3,LSC-P5RUKCAS
1709,East Partners 1709,Charlotte,Mexico,Wholesaler,12,3.0,LSC-1Y3BQHOK
1710,Apex Partners 1710,Portland,USA,Manufacturer,29,4.6,LSC-19A42W44
1711,Evergreen Enterprises 1711,Phoenix,Mexico,Wholesaler,6,4.6,LSC-ZCXU11TO
1712,South Supply 1712,Charlotte,China,Distributor,14,3.0,LSC-41OF7Y5R
1713,Apex Partners 1713,Portland,Canada,Manufacturer,4,4.2,LSC-UTFEFZ81
1714,United Industrial 1714,Chicago,India,Manufacturer,16,4.3,LSC-7T3LJOKB
1715,United Distributors 1715,Atlanta,Thailand,Manufacturer,12,3.3,LSC-9VAK1VPA
1716,Elite Enterprises 1716,Dallas,China,Distributor,4,4.0,LSC-3PAJVF9I
1717,East Logistics 1717,Atlanta,Thailand,Distributor,27,2.6,LSC-F5Y0QTOS
1718, Global Retail Supply 1718 ,Austin,Mexico,Wholesaler,22,3.2,LSC-HE5S517D
1719,Nova Enterprises 1719,Phoenix,India,Wholesaler,30,4.6,LSC-SLHQBR79
1720,North Logistics 1720,Los Angeles,India,Distributor,16,,LSC-HSTS68CF
1721,Summit Partners 1721,Dallas,USA,Distributor,21,4.9,LSC-TX134L8X
1722,Global Industrial 1722,Phoenix,India,Distributor,18,3.8,LSC-UMUXQJCT
1723,North Enterprises 1723,Houston,USA,Distributor,25,4.0,LSC-64GROABE
1724,Global Trading 1724,Portland,Japan,Manufacturer,5,3.6,LSC-W29PY5KH
1725,Elite Wholesale 1725,Miami,South Korea,Distributor,12,5.0,LSC-Y56CA037
1726,Summit Logistics 1726,Dallas,Mexico,Distributor,23,4.7,LSC-HVV7FINA
1727,Nova Enterprises 1727,Detroit,USA,Manufacturer,14,4.6,LSC-7CVXQE1I
1728,Quantum Wholesale 1728,Boston,China,Distributor,3,3.4,LSC-I1J1Z322
1729,Nova Supply 1729,Atlanta,India,Wholesaler,29,3.5,LSC-Z46TE5U9
1730,United Partners 1730,Denver,Canada,Distributor,10,4.8,LSC-OFHEPN3V
1731,East Retail Supply 1731,Boston,Canada,Manufacturer,20,2.7,LSC-NL384XG0
1732,Nova Wholesale 1732,Portland,China,Manufacturer,18,3.5,LSC-FOWAPCQ7
1733,North Wholesale 1733,Seattle,Canada,Manufacturer,30,3.4,LSC-VV6V3V02
1734,United Trading 1734,San Francisco,Canada,Distributor,26,3.9,LSC-R9UQRVN2
1735,Global Logistics 1735,Houston,USA,Wholesaler,9,3.1,LSC-GS5JVILV
1736,Metro Enterprises 1736,Chicago,Mexico,Manufacturer,6,5.0,LSC-OB6KB9Z7
1737,Summit Enterprises 1737,Chicago,China,Manufacturer,27,3.3,LSC-XIBK7CKA
1738, East Enterprises 1738 ,Philadelphia,Japan,Manufacturer,12,2.9,LSC-WTEVTX3N
1739,Apex Wholesale 1739,Boston,Japan,Distributor,2,3.3,LSC-8XCGMIUR
1740,North Retail Supply 1740,Portland,Vietnam,Manufacturer,27,2.8,LSC-7UWE773T
1741,Prime Procurement 1741,Austin,South Korea,Wholesaler,19,2.8,LSC-ARNWAWO7
1742,North Enterprises 1742,San Francisco,Vietnam,Distributor,17,2.9,LSC-16X14AI7
1743,West Logistics 1743,Houston,Mexico,Distributor,24,2.9,LSC-ICGXLOAR
1744,West Trading 1744,Dallas,Thailand,Distributor,4,3.7,LSC-8CP11GBZ
1745,Vertex Enterprises 1745,Seattle,China,Distributor,18,3.7,LSC-HBKGK9JQ
1746,Global Logistics 1746,Philadelphia,Japan,Distributor,15,2.6,LSC-0T51LC8A
1747,West Retail Supply 1747,San Francisco,USA,Distributor,4,4.4,LSC-V2W9Y49D
1748,United Wholesale 1748,Columbus,Mexico,Manufacturer,20,3.4,LSC-JN8B3UMA
1749,Rapid Partners 1749,Chicago,Canada,Distributor,25,4.3,LSC-D6QJ2ONV
1750,Blue Retail Supply 1750,Los Angeles,Vietnam,Wholesaler,22,3.7,LSC-RBAI3AL6
1751,Blue Partners 1751,Miami,Thailand,Wholesaler,2,,LSC-I7ZFCTYV
1752, Elite Wholesale 1752 ,Los Angeles,Germany,Distributor,9,3.8,LSC-6TO8WYAQ
1753,Global Wholesale 1753,Austin,China,Manufacturer,12,2.9,LSC-ZD6KPV50
1754,Quantum Retail Supply 1754,Phoenix,USA,Manufacturer,8,2.6,LSC-G9K4SSB1
1755,North Industrial 1755,Los Angeles,USA,Distributor,18,4.3,LSC-VR8VBYEZ
1756,Vertex Partners 1756,Boston,Mexico,Manufacturer,29,3.1,LSC-DY63NDTT
1757,Prime Procurement 1757,Dallas,Canada,Distributor,27,3.5,LSC-GEVOKQY9
1758,Summit Supply 1758,San Francisco,Japan,Manufacturer,9,4.0,LSC-QARJZK08
1759,Prime Partners 1759,Phoenix,Vietnam,Wholesaler,22,4.7,LSC-C1K03U0U
1760,North Industrial 1760,Austin,Thailand,Wholesaler,15,2.8,LSC-OIZU7N9E
1761,Elite Distributors 1761,Columbus,Canada,Manufacturer,11,2.5,LSC-N36A6SB7
1762,Prime Retail Supply 1762,Atlanta,Canada,Distributor,3,3.5,LSC-I3NETXXP
1763,Global Enterprises 1763,Columbus,India,Wholesaler,20,2.8,LSC-4VV9C0XF
1764,Summit Supply 1764,Portland,Germany,Distributor,10,3.3,LSC-Y1QNQVIE
1765,Apex Retail Supply 1765,Los Angeles,India,Distributor,3,,LSC-TB5Q787X
1766,Nova Logistics 1766,Nashville,China,Manufacturer,6,2.6,LSC-KUVY7IDU
1767,Blue Partners 1767,Portland,Thailand,Distributor,14,3.4,LSC-MH541OO5
1768,Rapid Wholesale 1768,Houston,Japan,Manufacturer,17,4.0,LSC-BZNI3DPF
1769,North Supply 1769,Detroit,Canada,Wholesaler,2,3.2,LSC-5FP7AH2C
1770,East Procurement 1770,New York,Canada,Distributor,4,3.4,LSC-HAPYWDRD
1771,North Supply 1771,Denver,India,Distributor,18,3.6,LSC-CEJCILPJ
1772,Elite Logistics 1772,Denver,Germany,Manufacturer,8,2.7,LSC-3Y9QB0E7
1773,Vertex Partners 1773,Nashville,China,Distributor,19,3.5,LSC-874OHL5T
1774,Metro Procurement 1774,Portland,USA,Wholesaler,17,3.2,LSC-YQTAYBGI
1775,West Industrial 1775,Chicago,India,Distributor,19,3.2,LSC-43DGAMRH
1776,Summit Enterprises 1776,Philadelphia,Thailand,Wholesaler,8,4.5,LSC-EU4KB57L
1777,Apex Retail Supply 1777,Detroit,USA,Manufacturer,14,4.0,LSC-VGFRI7FZ
1778,Quantum Wholesale 1778,Los Angeles,Mexico,Wholesaler,6,3.1,LSC-GUJ9CWI2
1779,East Logistics 1779,Boston,Canada,Wholesaler,6,3.0,LSC-KXVS6AYL
1780,Quantum Distributors 1780,San Francisco,Japan,Distributor,28,3.2,LSC-M6C7LUVC
1781,United Distributors 1781,New York,Germany,Manufacturer,2,4.3,LSC-OKIYG190
1782,Summit Wholesale 1782,Philadelphia,India,Manufacturer,16,3.7,LSC-H7O0ZBO7
1783,West Supply 1783,Detroit,Mexico,Distributor,2,3.0,LSC-NI2MLW2E
1784,Evergreen Distributors 1784,Los Angeles,Mexico,Distributor,22,3.7,LSC-Z0ERAXP2
1785,Rapid Partners 1785,Dallas,Thailand,Manufacturer,15,3.6,LSC-EUA73ABZ
1786,Metro Partners 1786,Denver,Canada,Wholesaler,22,,LSC-3O8JOCUJ
1787,West Enterprises 1787,Seattle,Mexico,Manufacturer,5,3.8,LSC-HV1Y04Z4
1788,Vertex Logistics 1788,Portland,South Korea,Wholesaler,24,3.8,LSC-B053AKZX
1789,Summit Retail Supply 1789,Charlotte,Thailand,Manufacturer,11,3.0,LSC-EIV6DDZV
1790,Vertex Distributors 1790,San Francisco,Thailand,Wholesaler,21,3.2,LSC-7IAZGQ09
1791, Apex Wholesale 1791 ,Seattle,Germany,Manufacturer,28,4.0,LSC-T67K37FO
1792,South Partners 1792,Philadelphia,Canada,Manufacturer,4,4.6,LSC-1S6EQXXC
1793,Evergreen Distributors 1793,Austin,India,Manufacturer,18,2.6,LSC-Z9H0UNL0
1794,Nova Retail Supply 1794,New York,Germany,Wholesaler,26,4.2,LSC-SYWU2GYI
1795,Global Enterprises 1795,Detroit,Thailand,Wholesaler,6,3.0,LSC-2BTUFDOA
1796,North Procurement 1796,Denver,China,Manufacturer,30,3.3,LSC-QS8LXSOL
1797,Rapid Industrial 1797,Denver,Germany,Distributor,5,5.0,LSC-GQJANQS3
1798,East Wholesale 1798,Boston,Japan,Manufacturer,23,2.6,LSC-CNJDGJKC
1799,East Enterprises 1799,Portland,USA,Distributor,17,4.8,LSC-A23HOTPS
1800,United Procurement 1800,Philadelphia,South Korea,Wholesaler,29,2.6,LSC-CAIG5K7F
1801,Metro Partners 1801,Charlotte,Canada,Wholesaler,3,2.9,LSC-2LBWTBV5
1802,Vertex Trading 1802,Miami,Mexico,Manufacturer,23,3.9,LSC-VPCVV576
1803,West Wholesale 1803,Miami,Japan,Wholesaler,12,5.0,LSC-TDNVSK6Q
1804,Rapid Retail Supply 1804,Philadelphia,South Korea,Wholesaler,11,5.0,LSC-9ALX8UY5
1805,Prime Wholesale 1805,Charlotte,China,Manufacturer,2,2.9,LSC-WJX3BID6
1806,Summit Procurement 1806,San Jose,Mexico,Wholesaler,10,4.0,LSC-5Q4FIUPQ
1807,Evergreen Partners 1807,Charlotte,Canada,Manufacturer,16,3.4,LSC-N8XC609Y
1808,Apex Trading 1808,New York,India,Distributor,18,3.8,LSC-04LX5Z3J
1809,North Wholesale 1809,Atlanta,USA,Manufacturer,22,4.4,LSC-G6BX0NWK
1810,South Retail Supply 1810,Philadelphia,Vietnam,Distributor,11,4.8,LSC-H4PZNGVX
1811,Vertex Procurement 1811,Chicago,Japan,Manufacturer,27,3.8,LSC-61QSKFNN
1812,Quantum Enterprises 1812,Boston,USA,Manufacturer,15,4.1,LSC-VAPFE0HR
1813,South Enterprises 1813,San Jose,Mexico,Wholesaler,20,2.6,LSC-FGQ3CZ29
1814,Quantum Logistics 1814,Columbus,Japan,Distributor,22,4.1,LSC-C5KQQLJW
1815,South Retail Supply 1815,Philadelphia,China,Wholesaler,12,3.3,LSC-VC35TY40
1816,South Partners 1816,Chicago,Mexico,Manufacturer,13,4.0,LSC-LVUKSVZO
1817,Elite Partners 1817,Seattle,Mexico,Wholesaler,18,3.2,LSC-SOS58YOF
1818,Elite Distributors 1818,Dallas,India,Distributor,5,,LSC-2VWMD5TF
1819,East Retail Supply 1819,Houston,India,Distributor,18,4.4,LSC-3A3AOZ4V
1820,Blue Supply 1820,Detroit,South Korea,Wholesaler,20,2.8,LSC-RFTNVIJZ
1821,North Logistics 1821,Portland,USA,Manufacturer,30,3.6,LSC-BZBRQW52
1822,United Trading 1822,San Francisco,South Korea,Distributor,13,4.2,LSC-ARIDG26H
1823,Quantum Procurement 1823,San Francisco,India,Manufacturer,22,2.6,LSC-4LYBEDRV
1824,United Partners 1824,Miami,Thailand,Distributor,24,4.6,LSC-JL9TDCC5
1825,Prime Distributors 1825,Phoenix,Mexico,Wholesaler,9,4.9,LSC-24HTPL13
1826,Vertex Supply 1826,Nashville,USA,Manufacturer,22,3.6,LSC-5WT5FWK2
1827,Nova Procurement 1827,Charlotte,Canada,Distributor,18,3.2,LSC-OR3A1I10
1828,North Logistics 1828,New York,USA,Manufacturer,4,3.6,LSC-7WR1SHEU
1829,West Procurement 1829,Detroit,Vietnam,Manufacturer,24,4.8,LSC-VZFPDOU0
1830,Prime Wholesale 1830,Nashville,Thailand,Wholesaler,28,2.7,LSC-U7XX9IGD
1831,Rapid Distributors 1831,Columbus,Germany,Distributor,13,4.1,LSC-JIPO86K2
1832,West Logistics 1832,Austin,China,Manufacturer,7,4.3,LSC-MWMKCWJ7
1833,Blue Retail Supply 1833,Chicago,Canada,Wholesaler,16,2.5,LSC-AFFSDUC4
1834,Evergreen Distributors 1834,Atlanta,Vietnam,Wholesaler,27,4.4,LSC-4YN6ZJUY
1835,South Logistics 1835,New York,Canada,Distributor,25,0.0,LSC-VZEOX981
1836, Global Wholesale 1836 ,Charlotte,Vietnam,Distributor,29,4.1,LSC-80UXN3E6
1837,North Retail Supply 1837,Detroit,Mexico,Wholesaler,16,2.8,LSC-09O8A906
1838,Nova Wholesale 1838,Los Angeles,USA,Wholesaler,6,4.5,LSC-4EZHWTC9
1839,South Retail Supply 1839,Columbus,Japan,Distributor,9,4.7,LSC-RWARQCFK
1840,Elite Distributors 1840,Miami,USA,Manufacturer,11,2.6,LSC-FI4CKOM5
1841,Summit Retail Supply 1841,Los Angeles,South Korea,Manufacturer,5,3.9,LSC-I1NCV10X
1842,Quantum Procurement 1842,Nashville,South Korea,Distributor,26,2.9,LSC-GYN53KBH
1843,Quantum Supply 1843,Dallas,Mexico,Manufacturer,25,4.5,LSC-M0932JKY
1844,Elite Industrial 1844,Phoenix,USA,Wholesaler,7,3.8,LSC-TUK18C7J
1845,Vertex Procurement 1845,Philadelphia,China,Manufacturer,11,4.0,LSC-HMEZVSQ3
1846,Metro Distributors 1846,Phoenix,USA,Wholesaler,29,4.2,LSC-KUKPXPSB
1847,East Procurement 1847,San Jose,Vietnam,Wholesaler,3,2.6,LSC-0T8DHDDC
1848,United Retail Supply 1848,Philadelphia,India,Distributor,19,3.5,LSC-W8A2CQBY
1849,East Procurement 1849,Charlotte,South Korea,Distributor,11,2.8,LSC-14OT4FPU
1850,Metro Trading 1850,Chicago,South Korea,Distributor,13,4.9,LSC-G0ABGB8P
1851,Quantum Procurement 1851,New York,Canada,Wholesaler,23,3.3,LSC-3G0D2AOB
1852,Quantum Distributors 1852,Miami,Thailand,Manufacturer,12,4.3,LSC-UA9O6H0F
1853,Summit Wholesale 1853,Miami,India,Distributor,3,2.6,LSC-L5VGGNFA
1854,Prime Distributors 1854,Houston,Mexico,Distributor,26,3.0,LSC-THUGXNS8
1855,Blue Trading 1855,Dallas,USA,Distributor,9,4.3,LSC-J3OKEKSK
1856,Evergreen Enterprises 1856,Detroit,Thailand,Wholesaler,15,4.5,LSC-GVPGGB38
1857,United Retail Supply 1857,Detroit,Vietnam,Distributor,22,4.2,LSC-W5IXTWGQ
1858,United Procurement 1858,Austin,Mexico,Manufacturer,28,4.4,LSC-MGN8NL4J
1859,Elite Wholesale 1859,Denver,Thailand,Distributor,27,3.1,LSC-XC6ODR9H
1860,Elite Enterprises 1860,Denver,Mexico,Distributor,7,3.2,LSC-P9J1PLIH
1861,North Wholesale 1861,Nashville,Japan,Wholesaler,19,4.7,LSC-0FH61N7F
1862,Blue Procurement 1862,Philadelphia,Vietnam,Wholesaler,4,2.9,LSC-QX780TIJ
1863,Evergreen Retail Supply 1863,Columbus,India,Manufacturer,12,3.8,LSC-PYA2OTKQ
1864,United Enterprises 1864,Portland,India,Wholesaler,26,4.7,LSC-TXOMI8CO
1865,East Trading 1865,Detroit,Canada,Wholesaler,4,2.6,LSC-A3RNQF3A
1866,Blue Logistics 1866,Columbus,Germany,Distributor,21,3.6,LSC-RTZUF0UE
1867,Blue Logistics 1867,Austin,Canada,Distributor,27,3.0,LSC-12PGX409
1868,Apex Retail Supply 1868,Boston,USA,Manufacturer,13,4.4,LSC-H3VQ0V3W
1869,Evergreen Supply 1869,Seattle,Vietnam,Wholesaler,14,4.6,LSC-J4CYGO6Z
1870,South Distributors 1870,Portland,South Korea,Wholesaler,15,3.6,LSC-YO6ILVB8
1871,Blue Wholesale 1871,Denver,Mexico,Manufacturer,27,4.4,LSC-AOZUJV1C
1872,United Trading 1872,Miami,Canada,Distributor,10,3.0,LSC-7PR28J2K
1873,Nova Distributors 1873,Los Angeles,Vietnam,Manufacturer,4,4.7,LSC-RHCJTDAK
1874,Vertex Supply 1874,Los Angeles,USA,Manufacturer,29,3.3,LSC-6F6FU547
1875,Elite Partners 1875,Los Angeles,China,Manufacturer,25,4.9,LSC-5VIF81J6
1876,Quantum Logistics 1876,Columbus,Thailand,Manufacturer,10,4.7,LSC-9HHPZUYR
1877,Blue Trading 1877,Columbus,Mexico,Distributor,14,2.6,LSC-LR452E52
1878,Blue Enterprises 1878,Boston,Germany,Wholesaler,29,4.5,LSC-9KQ5F7UX
1879,Evergreen Distributors 1879,Houston,China,Distributor,6,4.6,LSC-QWL67C7H
1880,North Industrial 1880,San Jose,Germany,Wholesaler,13,3.7,LSC-KPVI2C7R
1881,Blue Retail Supply 1881,Houston,Germany,Distributor,27,3.9,LSC-KIFM5CI7
1882,Metro Procurement 1882,Los Angeles,India,Manufacturer,15,4.0,LSC-PXNOJMGL
1883,West Logistics 1883,Chicago,Canada,Distributor,2,2.8,LSC-NR37QTZJ
1884,East Procurement 1884,Charlotte,Canada,Wholesaler,14,4.0,LSC-S9V9BD9Z
1885,Quantum Retail Supply 1885,Detroit,South Korea,Manufacturer,13,4.8,LSC-7HNS54GW
1886,Vertex Industrial 1886,Phoenix,Canada,Wholesaler,14,3.5,LSC-1NNJ5RXC
1887,Nova Distributors 1887,Atlanta,Germany,Wholesaler,2,5.0,LSC-NX85J2S2
1888,Blue Supply 1888,New York,Vietnam,Manufacturer,22,5.0,LSC-OTCJ81RT
1889,Global Industrial 1889,Charlotte,USA,Wholesaler,7,3.0,LSC-ZE5XFFFG
1890,Summit Logistics 1890,New York,Thailand,Wholesaler,19,3.2,LSC-LFG9VKAD
1891,Nova Industrial 1891,Portland,Mexico,Manufacturer,27,2.8,LSC-N2Z7MB41
1892,Metro Procurement 1892,Detroit,Germany,Manufacturer,6,2.9,LSC-XV7A7KX7
1893,Rapid Industrial 1893,Columbus,China,Wholesaler,3,4.0,LSC-QIET4AKW
1894,Quantum Trading 1894,Boston,Japan,Wholesaler,4,4.0,LSC-5E11DXKU
1895,South Logistics 1895,Phoenix,Thailand,Wholesaler,19,2.6,LSC-DSTVAHM9
1896,Global Trading 1896,Detroit,South Korea,Wholesaler,19,4.0,LSC-EFHX0ZJ7
1897,United Retail Supply 1897,Portland,Canada,Wholesaler,20,2.5,LSC-3T862VL1
1898,Nova Wholesale 1898,Nashville,Germany,Manufacturer,30,4.3,LSC-4VPWYMFV
1899,North Supply 1899,Austin,Vietnam,Distributor,4,4.3,LSC-NPIQJPBO
1900,Summit Industrial 1900,Charlotte,India,Manufacturer,4,4.8,LSC-PUK6CMWS
1901,Metro Industrial 1901,Austin,India,Distributor,21,4.0,LSC-X4KK1R6L
1902,Global Partners 1902,Boston,Thailand,Manufacturer,23,3.0,LSC-06GKABCZ
1903,Evergreen Distributors 1903,San Francisco,Thailand,Wholesaler,12,3.1,LSC-5VLMQ4VB
1904,Apex Industrial 1904,Nashville,Japan,Distributor,27,3.4,LSC-FFQI1HF2
1905,Evergreen Procurement 1905,Dallas,South Korea,Distributor,9,4.6,LSC-LT3SIK6F
1906,North Retail Supply 1906,Dallas,Germany,Wholesaler,30,4.7,LSC-WDFR8V3A
1907,Vertex Retail Supply 1907,Detroit,Germany,Distributor,19,4.8,LSC-GEYV6NH4
1908,Global Retail Supply 1908,Atlanta,China,Distributor,6,4.5,LSC-18EIFBT7
1909,Rapid Supply 1909,Dallas,Vietnam,Wholesaler,6,2.6,LSC-DVDIINIV
1910,Vertex Enterprises 1910,Los Angeles,China,Distributor,2,2.6,LSC-AZXPNGMZ
1911,Nova Industrial 1911,Chicago,Mexico,Wholesaler,18,4.3,LSC-MVAQ93FA
1912,Rapid Trading 1912,Phoenix,Mexico,Wholesaler,25,3.1,LSC-8XQ6TCLK
1913,Evergreen Trading 1913,Detroit,USA,Manufacturer,2,4.5,LSC-EK1HW67Y
1914,West Retail Supply 1914,Charlotte,USA,Distributor,24,3.6,LSC-CGQ6PE2F
1915,Vertex Procurement 1915,Philadelphia,Germany,Distributor,19,2.6,LSC-X2WFIYOW
1916,South Supply 1916,Austin,Thailand,Distributor,22,4.6,LSC-WHIFYEMF
1917,Summit Retail Supply 1917,San Jose,USA,Distributor,25,3.2,LSC-SO6DKFLA
1918,Global Trading 1918,Detroit,China,Distributor,28,3.3,LSC-6UT6FIZH
1919,Nova Retail Supply 1919,Denver,Japan,Manufacturer,21,,LSC-SNWER8ZD
1920,Metro Industrial 1920,Charlotte,Japan,Distributor,12,3.9,LSC-5MHSBDJ5
1921,Elite Procurement 1921,Dallas,Mexico,Manufacturer,24,3.6,LSC-KP555N2R
1922,Nova Procurement 1922,Denver,China,Distributor,9,4.9,LSC-6R4YL1W9
1923,Nova Partners 1923,Detroit,Mexico,Distributor,18,3.2,LSC-PF3UZ3AO
1924,Summit Procurement 1924,New York,South Korea,Manufacturer,15,3.9,LSC-8PN74FY5
1925,Summit Industrial 1925,Charlotte,Mexico,Distributor,24,3.7,LSC-VILAP1J5
1926,Summit Distributors 1926,Phoenix,Canada,Distributor,20,2.8,LSC-P2NAFH6Q
1927,Global Logistics 1927,Denver,South Korea,Distributor,17,4.3,LSC-Q5N5KXQH
1928,East Wholesale 1928,Chicago,Japan,Manufacturer,11,3.6,LSC-Y89FIQ0F
1929,Prime Enterprises 1929,Miami,Japan,Manufacturer,12,2.7,LSC-7R1QOOHF
1930,East Retail Supply 1930,Seattle,Japan,Wholesaler,2,2.8,LSC-953A8B5Y
1931,Evergreen Partners 1931,Miami,South Korea,Wholesaler,6,3.5,LSC-J8TH1PQU
1932,Global Partners 1932,Dallas,China,Wholesaler,24,,LSC-O0WZN4XJ
1933,Evergreen Retail Supply 1933,Portland,USA,Wholesaler,6,2.6,LSC-97KZB5FW
1934,Vertex Enterprises 1934,Seattle,South Korea,Wholesaler,13,2.6,LSC-X6ADLOR2
1935,East Supply 1935,Columbus,Japan,Manufacturer,30,2.6,LSC-80U10KWC
1936,Prime Logistics 1936,Atlanta,China,Distributor,4,3.4,LSC-NSCHLSXJ
1937,Metro Industrial 1937,Boston,China,Wholesaler,16,3.3,LSC-SHWA7SLK
1938,Blue Industrial 1938,Detroit,Germany,Distributor,19,3.2,LSC-D7B52XOV
1939,Metro Industrial 1939,Houston,Thailand,Distributor,15,2.7,LSC-N7P29EUQ
1940,Elite Industrial 1940,Denver,Mexico,Wholesaler,20,4.3,LSC-SXFC5Z5L
1941,Metro Procurement 1941,Seattle,Thailand,Manufacturer,10,3.4,LSC-TVPPFNNI
1942,United Enterprises 1942,Nashville,South Korea,Wholesaler,26,4.4,LSC-FFOFQ1RU
1943,Vertex Procurement 1943,Columbus,India,Manufacturer,28,3.2,LSC-PTVH31A2
1944,Quantum Trading 1944,Dallas,South Korea,Wholesaler,30,4.6,LSC-G1PUXJCN
1945,Prime Wholesale 1945,San Francisco,Germany,Wholesaler,6,4.7,LSC-NKDI2QG6
1946,West Wholesale 1946,New York,Thailand,Wholesaler,22,3.6,LSC-3UZGRRQ0
1947,Blue Distributors 1947,San Jose,Mexico,Wholesaler,11,2.9,LSC-E0X7H2CP
1948,Vertex Wholesale 1948,Chicago,Vietnam,Distributor,3,4.6,LSC-ZKGYR58M
1949,West Industrial 1949,Philadelphia,China,Manufacturer,5,4.4,LSC-4267YURN
1950,North Procurement 1950,Austin,USA,Wholesaler,14,4.4,LSC-OBVYSIKJ
1951,Global Enterprises 1951,Denver,China,Manufacturer,6,2.9,LSC-3KEYYN2W
1952,Apex Wholesale 1952,Chicago,Germany,Distributor,20,2.7,LSC-J9ZQNKYP
1953,Blue Procurement 1953,Philadelphia,USA,Manufacturer,27,4.1,LSC-E6L0DCZ6
1954, North Supply 1954 ,New York,China,Manufacturer,18,2.6,LSC-OUZY46V5
1955,Metro Trading 1955,San Francisco,Vietnam,Wholesaler,11,3.8,LSC-ZM6VDUQD
1956, Nova Retail Supply 1956 ,Atlanta,Vietnam,Manufacturer,30,4.3,LSC-79NK33AH
1957,West Wholesale 1957,Charlotte,Canada,Manufacturer,15,3.4,LSC-2FOL4VFZ
1958,Summit Logistics 1958,New York,Thailand,Manufacturer,3,4.5,LSC-Y0XAOBK0
1959,Global Procurement 1959,Chicago,South Korea,Distributor,20,2.6,LSC-1K3RE8HC
1960,Metro Trading 1960,San Francisco,Japan,Wholesaler,30,3.6,LSC-XHV163DC
1961,Prime Enterprises 1961,Los Angeles,Vietnam,Wholesaler,18,4.6,LSC-VCPEA74T
1962,Prime Wholesale 1962,San Jose,Germany,Distributor,22,5.0,LSC-IZKM5VGY
1963,United Supply 1963,Miami,Thailand,Manufacturer,24,3.1,LSC-PPIPG6A2
1964,Vertex Wholesale 1964,Phoenix,Thailand,Distributor,23,4.1,LSC-SM91KQZJ
1965,South Supply 1965,Denver,South Korea,Wholesaler,24,3.1,LSC-95D9Y8Y0
1966,Global Enterprises 1966,Charlotte,Germany,Manufacturer,17,4.8,LSC-VWKFU90F
1967,North Enterprises 1967,Atlanta,Germany,Wholesaler,17,5.0,LSC-0MB0ORR5
1968,East Industrial 1968,Philadelphia,Canada,Wholesaler,14,4.7,LSC-ET3H7PSX
1969,Rapid Supply 1969,Chicago,Germany,Wholesaler,25,4.1,LSC-52F7GFPP
1970,East Partners 1970,New York,Vietnam,Manufacturer,20,4.2,LSC-HXDO3GTX
1971,Global Industrial 1971,Boston,Thailand,Wholesaler,20,4.0,LSC-3UDLWRFL
1972,West Retail Supply 1972,Boston,South Korea,Distributor,2,3.9,LSC-GU8TL777
1973,Evergreen Distributors 1973,Detroit,Canada,Distributor,5,4.7,LSC-2LTGC3V8
1974,Rapid Retail Supply 1974,Denver,Mexico,Manufacturer,27,2.7,LSC-TCE9SB5M
1975,Prime Supply 1975,Portland,Japan,Wholesaler,7,3.2,LSC-VWSQ4RX9
1976,United Supply 1976,Phoenix,Thailand,Manufacturer,20,3.0,LSC-E0FWCS4B
1977,Nova Wholesale 1977,Nashville,India,Wholesaler,26,4.9,LSC-OXM9F4OH
1978,Blue Partners 1978,New York,Mexico,Manufacturer,14,2.9,LSC-B2RH7326
1979,North Wholesale 1979,Miami,South Korea,Manufacturer,24,4.5,LSC-QI80KA3R
1980,Vertex Logistics 1980,Boston,Thailand,Wholesaler,14,4.9,LSC-8NO1RBN6
1981,Metro Procurement 1981,Boston,Thailand,Wholesaler,10,,LSC-HLCNPTT3
1982,Rapid Partners 1982,Seattle,Germany,Wholesaler,23,4.4,LSC-JHK0I7MT
1983,North Wholesale 1983,Charlotte,Thailand,Wholesaler,28,3.7,LSC-POKLF43R
1984,East Industrial 1984,New York,Canada,Wholesaler,18,,LSC-KF5O2UXX
1985,Evergreen Trading 1985,Charlotte,Thailand,Distributor,21,4.2,LSC-5BA0L2NZ
1986,Apex Partners 1986,Miami,South Korea,Distributor,14,3.7,LSC-0AQK711U
1987,South Industrial 1987,Atlanta,Thailand,Manufacturer,25,3.7,LSC-F8LW7Y8A
1988,Global Distributors 1988,Charlotte,USA,Manufacturer,6,3.3,LSC-9DBEZA9A
1989,Apex Partners 1989,Houston,Japan,Manufacturer,11,3.0,LSC-IC6V1YY3
1990,West Enterprises 1990,San Francisco,Thailand,Distributor,8,2.7,LSC-Z6EIMB9G
1991,Rapid Wholesale 1991,Detroit,Vietnam,Wholesaler,28,3.2,LSC-T4NGYDBN
1992,United Partners 1992,Seattle,Thailand,Distributor,19,4.3,LSC-MK8J1923
1993,Vertex Enterprises 1993,Atlanta,Germany,Manufacturer,12,2.7,LSC-R6K3LYYZ
1994,North Wholesale 1994,Philadelphia,Japan,Distributor,7,3.9,LSC-DQIJD44Y
1995,West Procurement 1995,Charlotte,Japan,Distributor,25,4.3,LSC-5GP5GPSS
1996,East Industrial 1996,Austin,USA,Distributor,7,2.5,LSC-WCUD3I2I
1997,Quantum Distributors 1997,Charlotte,Vietnam,Distributor,25,3.7,LSC-CMZZ3T7E
1998,North Industrial 1998,Atlanta,Germany,Manufacturer,23,4.5,LSC-88H23TU8
1999,Evergreen Partners 1999,Denver,Japan,Manufacturer,29,4.8,LSC-XXCN3ON4
2000,Summit Partners 2000,Dallas,Japan,Manufacturer,27,4.3,LSC-DJQ1PQVC
2001,Quantum Logistics 2001,Nashville,Mexico,Wholesaler,2,4.4,LSC-WGD4HKPW
2002,United Distributors 2002,Los Angeles,Japan,Distributor,23,4.1,LSC-F9REXLOY
2003,Blue Industrial 2003,Portland,South Korea,Wholesaler,6,3.5,LSC-2MCQ4S4F
2004,Vertex Supply 2004,San Jose,South Korea,Distributor,17,3.1,LSC-WFVIUCLH
2005,South Retail Supply 2005,Philadelphia,Vietnam,Wholesaler,5,4.4,LSC-MUYRPK40
2006,Vertex Procurement 2006,Seattle,South Korea,Wholesaler,3,3.1,LSC-LA9A1N3I
2007,West Partners 2007,Portland,Mexico,Wholesaler,3,4.7,LSC-0LMBVSQO
2008,United Supply 2008,Miami,Mexico,Manufacturer,2,4.0,LSC-ZHOYYKCZ
2009,Summit Trading 2009,Charlotte,Mexico,Manufacturer,19,3.8,LSC-B53XQC5L
2010,United Trading 2010,Miami,Thailand,Manufacturer,14,2.7,LSC-TFAIXG2G
2011,Metro Distributors 2011,Austin,Thailand,Wholesaler,18,2.8,LSC-2OOATYYX
2012,West Trading 2012,Austin,Vietnam,Wholesaler,21,0.0,LSC-0VLRRBAE
2013,Nova Distributors 2013,Los Angeles,India,Distributor,17,4.8,LSC-QPJN22Y4
2014,Quantum Distributors 2014,Dallas,Canada,Manufacturer,8,3.6,LSC-TCD21W2K
2015,Nova Procurement 2015,Charlotte,India,Manufacturer,21,3.7,LSC-WMOEGPCP
2016,Blue Partners 2016,San Jose,USA,Distributor,15,4.4,LSC-4IMD01N1
2017,United Supply 2017,Denver,Japan,Wholesaler,13,3.7,LSC-QH4S03B0
2018,Metro Logistics 2018,Austin,Germany,Distributor,4,3.3,LSC-25GP0A8D
2019,South Retail Supply 2019,Houston,Vietnam,Manufacturer,23,3.2,LSC-WDGSEOTP
2020,North Logistics 2020,Philadelphia,Canada,Distributor,2,4.6,LSC-NN9NSRAN
2021,United Supply 2021,New York,Germany,Wholesaler,10,3.9,LSC-RVXOI41U
2022,Apex Wholesale 2022,Portland,China,Wholesaler,5,4.2,LSC-G7NVKBJN
2023,Summit Enterprises 2023,Houston,South Korea,Wholesaler,4,3.9,LSC-GSKEGDEZ
2024,Elite Supply 2024,Philadelphia,China,Wholesaler,12,4.2,LSC-S04SJU6U
2025, South Enterprises 2025 ,Portland,Canada,Wholesaler,3,3.3,LSC-7ERDTOMP
2026,East Distributors 2026,Columbus,USA,Distributor,21,3.8,LSC-D78PRWY8
2027,Quantum Retail Supply 2027,Atlanta,Mexico,Wholesaler,5,5.0,LSC-HDV9NM30
2028,North Distributors 2028,Charlotte,Germany,Distributor,21,3.3,LSC-ORUCU6SY
2029,Prime Retail Supply 2029,San Jose,Germany,Wholesaler,7,4.2,LSC-EH3RPRGY
2030,Apex Distributors 2030,Austin,Thailand,Manufacturer,9,4.5,LSC-YPE4CWSJ
2031, Prime Supply 2031 ,Boston,China,Distributor,24,4.0,LSC-CRFMKSLI
2032,North Trading 2032,Portland,USA,Wholesaler,20,3.9,LSC-3F49HWFL
2033,Quantum Distributors 2033,Detroit,Thailand,Wholesaler,27,3.2,LSC-4ZGU5W46
2034,Nova Industrial 2034,Charlotte,Canada,Manufacturer,30,2.9,LSC-739ZOBZO
2035,Nova Procurement 2035,Miami,Thailand,Wholesaler,5,4.6,LSC-0TLDO1VA
2036,West Enterprises 2036,Austin,Vietnam,Distributor,18,4.2,LSC-M8BVZL5U
2037,South Wholesale 2037,Miami,Vietnam,Distributor,25,2.6,LSC-9W5ZQW6L
2038,Vertex Retail Supply 2038,Austin,India,Wholesaler,18,2.7,LSC-5HWGPBYE
2039,United Logistics 2039,New York,Mexico,Manufacturer,24,4.8,LSC-LXX08DW5
2040,United Supply 2040,Charlotte,China,Wholesaler,23,4.8,LSC-GIL6DTXL
2041,Nova Wholesale 2041,Boston,Germany,Distributor,26,4.9,LSC-5JYYFK31
2042,Global Enterprises 2042,Boston,Mexico,Manufacturer,16,3.5,LSC-Z7E0PCM9
2043,Global Enterprises 2043,Nashville,Vietnam,Manufacturer,11,2.8,LSC-RGTZ6QL3
2044,Summit Logistics 2044,San Francisco,Canada,Wholesaler,4,4.2,LSC-WS3NC62A
2045,Metro Procurement 2045,Austin,South Korea,Distributor,12,,LSC-GU9B8INN
2046,North Enterprises 2046,Dallas,Thailand,Distributor,26,2.9,LSC-MINUDC32
2047,Metro Enterprises 2047,New York,Canada,Manufacturer,28,4.1,LSC-I2EX4KNY
2048,East Trading 2048,Miami,China,Manufacturer,15,3.0,LSC-3YTIIHN7
2049,East Retail Supply 2049,Charlotte,Mexico,Wholesaler,30,4.0,LSC-0S1NKK0G
2050,Summit Partners 2050,San Francisco,Japan,Wholesaler,12,2.6,LSC-JM3UM94W
2051,East Enterprises 2051,Denver,Japan,Distributor,21,3.2,LSC-9RWAU3V8
2052,Evergreen Procurement 2052,Seattle,Mexico,Wholesaler,12,,LSC-4QLJETHB
2053,Quantum Logistics 2053,Phoenix,Vietnam,Distributor,19,3.8,LSC-Q790VON8
2054,North Industrial 2054,Nashville,Germany,Manufacturer,19,4.0,LSC-JAZQ4X55
2055,North Enterprises 2055,Los Angeles,Thailand,Wholesaler,4,4.6,LSC-W6C8HS28
2056,South Distributors 2056,San Francisco,Vietnam,Distributor,14,3.7,LSC-MPLXC0PA
2057,Blue Retail Supply 2057,Philadelphia,Vietnam,Manufacturer,23,3.2,LSC-U0GKH8VX
2058,North Enterprises 2058,San Jose,China,Distributor,12,2.5,LSC-97L6X2OZ
2059,United Industrial 2059,San Francisco,Canada,Distributor,11,2.6,LSC-30JGUC3T
2060,Apex Procurement 2060,Detroit,Thailand,Wholesaler,5,3.3,LSC-BEC54T59
2061,North Wholesale 2061,Austin,Mexico,Distributor,29,4.6,LSC-S2W1IXU1
2062,North Partners 2062,Los Angeles,Germany,Distributor,23,3.5,LSC-LMA4AC1P
2063,Elite Enterprises 2063,San Francisco,Mexico,Wholesaler,4,4.9,LSC-VH1XSN66
2064,West Industrial 2064,Denver,South Korea,Wholesaler,18,3.4,LSC-R6NOBGPJ
2065,Evergreen Trading 2065,Portland,Germany,Manufacturer,10,3.5,LSC-2N0IDC8H
2066,Rapid Industrial 2066,Charlotte,Germany,Manufacturer,4,3.7,LSC-46QHEQKM
2067,South Retail Supply 2067,Dallas,South Korea,Distributor,23,3.5,LSC-EIOTZS6T
2068, West Industrial 2068 ,Miami,Canada,Distributor,27,3.7,LSC-1NJKIKSM
2069,Rapid Trading 2069,Detroit,Japan,Manufacturer,25,3.6,LSC-J3A1IOPR
2070,Global Logistics 2070,Phoenix,Mexico,Manufacturer,2,4.9,LSC-RQCVMKC1
2071,Metro Trading 2071, Los Angeles,South Korea,Distributor,21,4.0,LSC-2XB402NM
2072,East Wholesale 2072,Atlanta,USA,Manufacturer,25,3.2,LSC-JI92XPI8
2073,Metro Wholesale 2073,Charlotte,India,Distributor,15,5.0,LSC-W6YA8JB9
2074,Vertex Distributors 2074,Los Angeles,China,Manufacturer,25,3.1,LSC-L9X3CV1S
2075,Elite Procurement 2075,Chicago,Japan,Manufacturer,4,3.9,LSC-YLH82JPL
2076,Evergreen Industrial 2076,Detroit,Japan,Manufacturer,15,4.8,LSC-S1ORAZ0O
2077,Elite Partners 2077,Phoenix,Canada,Wholesaler,24,4.0,LSC-0ZNMVNSW
2078,Nova Wholesale 2078,Atlanta,Germany,Distributor,24,3.1,LSC-0UGPKAKR
2079,United Enterprises 2079,Columbus,Canada,Distributor,15,2.9,LSC-FJMHDNBR
2080,South Trading 2080,Seattle,USA,Distributor,19,4.0,LSC-DQ0MJKKE
2081,Metro Procurement 2081,Portland,USA,Wholesaler,10,3.2,LSC-A65FZ2RI
2082,Rapid Distributors 2082,Columbus,South Korea,Wholesaler,25,,LSC-1OL5RKH8
2083,Rapid Distributors 2083,San Jose,Mexico,Distributor,23,3.0,LSC-FSH681TC
2084,Metro Enterprises 2084,San Jose,Thailand,Wholesaler,26,3.8,LSC-WYRVMWW3
2085,East Logistics 2085,Chicago,Japan,Distributor,7,4.9,LSC-TNMS55NM
2086,Apex Trading 2086,Columbus,Thailand,Wholesaler,8,4.9,LSC-DHT8D610
2087,Metro Partners 2087,Chicago,Germany,Manufacturer,28,3.1,LSC-NJZ9G6DV
2088,Rapid Enterprises 2088,Detroit,India,Manufacturer,25,4.6,LSC-9440DCLQ
2089,Metro Logistics 2089,Chicago,Canada,Manufacturer,4,3.2,LSC-OHD5MHBC
2090,United Supply 2090,Seattle,Germany,Wholesaler,3,4.5,LSC-KQTYDB90
2091,Rapid Enterprises 2091,Columbus,India,Wholesaler,11,4.2,LSC-LQ0ZI2L5
2092,Blue Partners 2092,Dallas,Japan,Manufacturer,21,4.0,LSC-F74VMBLC
2093,Blue Supply 2093,Charlotte,China,Wholesaler,5,4.8,LSC-09NWA654
2094,East Wholesale 2094,Dallas,China,Wholesaler,23,3.1,LSC-2ETPSEYW
2095,West Procurement 2095,Austin,Canada,Manufacturer,7,4.1,LSC-NW28BGJU
2096,Vertex Supply 2096,New York,USA,Distributor,13,3.9,LSC-F2W7WR1T
2097,South Supply 2097,Seattle,China,Distributor,7,2.9,LSC-BXQ4UW0J
2098,Metro Partners 2098,Detroit,Thailand,Wholesaler,5,2.9,LSC-MKGZBYS7
2099,Global Wholesale 2099,San Jose,Germany,Manufacturer,14,2.5,LSC-NKB23JPM
2100,Evergreen Industrial 2100,Miami,Germany,Wholesaler,16,4.9,LSC-O98BUJDS
2101,East Procurement 2101,Charlotte,South Korea,Manufacturer,14,4.9,LSC-JB6L4PES
2102, West Partners 2102 ,San Jose,Japan,Manufacturer,18,3.6,LSC-5MZ6W3CO
2103,Prime Retail Supply 2103,Phoenix,Canada,Wholesaler,30,4.8,LSC-4ADD0GN7
2104,West Enterprises 2104,Miami,China,Distributor,23,4.4,LSC-6CUASHEZ
2105,Nova Partners 2105,Nashville,Canada,Wholesaler,27,5.0,LSC-LIGZKCZE
2106,South Enterprises 2106,Los Angeles,Vietnam,Manufacturer,13,3.1,LSC-PUV58OHC
2107,Quantum Trading 2107,PHOENIX,USA,Manufacturer,23,4.3,LSC-R3JSS3T1
2108,Quantum Retail Supply 2108,Phoenix,Thailand,Wholesaler,20,4.7,LSC-NXXX5F6Z
2109,Global Distributors 2109,San Jose,Canada,Distributor,8,,LSC-NB6SP0Y3
2110,West Retail Supply 2110,Philadelphia,China,Wholesaler,18,2.5,LSC-8K2H90U3
2111,West Procurement 2111,Phoenix,Thailand,Wholesaler,4,3.1,LSC-WCR6YZVF
2112,East Enterprises 2112,Philadelphia,Thailand,Distributor,10,3.8,LSC-QJ8CW8N5
2113,Apex Retail Supply 2113,Detroit,Mexico,Manufacturer,12,4.4,LSC-4X2WPMJO
2114,Quantum Distributors 2114,Denver,USA,Wholesaler,26,4.1,LSC-LEOTP7A3
2115,Metro Procurement 2115,San Jose,Mexico,Manufacturer,28,3.0,LSC-4OGB1LRX
2116,Apex Logistics 2116,Phoenix,Canada,Wholesaler,6,3.8,LSC-12H1VROB
2117,East Logistics 2117,Charlotte,Thailand,Wholesaler,22,4.2,LSC-8258J2HK
2118,Global Distributors 2118,San Francisco,China,Distributor,29,3.0,LSC-0N5O9R7L
2119,Nova Retail Supply 2119,New York,Germany,Manufacturer,13,3.1,LSC-FOWP473O
2120,Summit Industrial 2120,Phoenix,Germany,Distributor,3,4.1,LSC-0OZ2WCVF
2121,East Procurement 2121,Charlotte,Japan,Distributor,16,4.3,LSC-7FS0GD5M
2122,Quantum Trading 2122,Columbus,China,Distributor,9,4.7,LSC-YQ5TDFGJ
2123, Rapid Retail Supply 2123 ,Philadelphia,Germany,Distributor,22,3.8,LSC-KOQV333C
2124,Blue Enterprises 2124,San Jose,Japan,Distributor,4,3.6,LSC-NCUYK2VF
2125,Metro Distributors 2125,Charlotte,China,Manufacturer,10,4.0,LSC-G11SXXRP
2126, North Procurement 2126 ,Austin,South Korea,Distributor,26,3.3,LSC-6RNKWXZW
2127,Evergreen Trading 2127,Charlotte,China,Manufacturer,19,3.7,LSC-RMOU803J
2128,Prime Industrial 2128,Austin,Thailand,Manufacturer,24,3.1,LSC-5MMQEBBE
2129,Quantum Logistics 2129,Detroit,USA,Manufacturer,16,4.6,LSC-1WJX3XYR
2130,Apex Procurement 2130,Denver,Japan,Distributor,16,4.9,LSC-MJIJ8WLO
2131,Quantum Procurement 2131,Detroit,Canada,Wholesaler,8,4.0,LSC-LIFNNT4Y
2132,Rapid Industrial 2132,Portland,South Korea,Wholesaler,11,4.6,LSC-NSXOF6T6
2133,Blue Trading 2133,Charlotte,Thailand,Distributor,7,3.1,LSC-0X8KAADO
2134,South Distributors 2134,Miami,Thailand,Distributor,25,4.9,LSC-YR33IKUZ
2135,Quantum Supply 2135,San Jose,Canada,Distributor,24,3.0,LSC-7N1BQG3D
2136,Vertex Industrial 2136,Denver,Mexico,Wholesaler,21,4.2,LSC-XBD07Q2J
2137,Prime Industrial 2137,Columbus,Mexico,Manufacturer,15,,LSC-GTLD6F0N
2138,United Partners 2138,Nashville,Thailand,Wholesaler,15,3.6,LSC-YMHP9NYM
2139,East Enterprises 2139,Charlotte,Thailand,Wholesaler,3,3.7,LSC-QETJDH23
2140,Metro Enterprises 2140,New York,Thailand,Distributor,4,3.2,LSC-BQ4FW9IO
2141,United Procurement 2141,Philadelphia,China,Distributor,24,4.4,LSC-UP3CZSAZ
2142,Global Supply 2142,Detroit,South Korea,Distributor,23,4.3,LSC-21PN3OAG
2143,Quantum Wholesale 2143,Charlotte,Japan,Manufacturer,9,4.7,LSC-QVJ2C55S
2144,North Enterprises 2144,Houston,China,Manufacturer,4,4.5,LSC-Y82FJXLF
2145,Elite Distributors 2145,Houston,South Korea,Wholesaler,20,3.7,LSC-XU9435O1
2146,Quantum Industrial 2146,Miami,Japan,Distributor,22,4.1,LSC-NNHN3K7D
2147, Blue Partners 2147 ,San Francisco,India,Distributor,4,,LSC-7G8YFH3X
2148,Blue Enterprises 2148,Seattle,Japan,Manufacturer,16,,LSC-0S2T657J
2149,Summit Wholesale 2149,New York,USA,Distributor,4,3.2,LSC-SHL96EPT
2150,Elite Supply 2150,Seattle,China,Distributor,2,3.8,LSC-5OK6BU9X
2151,West Retail Supply 2151,Houston,Germany,Wholesaler,19,3.1,LSC-QFVAPR4W
2152,Apex Distributors 2152,Philadelphia,Germany,Distributor,6,2.6,LSC-T4OBKS3I
2153,United Wholesale 2153,Austin,USA,Manufacturer,29,3.2,LSC-LOWQDWOL
2154,United Enterprises 2154,New York,Mexico,Manufacturer,14,4.5,LSC-J2BUZRAK
2155,Quantum Distributors 2155,Portland,Vietnam,Manufacturer,16,4.2,LSC-EC5UDOTU
2156,South Supply 2156,Detroit,Germany,Manufacturer,10,2.9,LSC-87CI602M
2157,Apex Retail Supply 2157,New York,India,Manufacturer,6,2.9,LSC-P01TSNJA
2158,United Trading 2158,Denver,Japan,Manufacturer,19,3.1,LSC-SKYWCOQ5
2159,Quantum Distributors 2159,Philadelphia,Mexico,Manufacturer,11,3.3,LSC-JU1ZE50K
2160,Vertex Wholesale 2160,Columbus,South Korea,Wholesaler,9,3.0,LSC-UN8URU7M
2161,South Distributors 2161,Philadelphia,Mexico,Wholesaler,17,2.7,LSC-RABOQCUC
2162,Nova Retail Supply 2162,New York,South Korea,Wholesaler,12,2.7,LSC-OTIWTLIN
2163,Nova Distributors 2163,Columbus,Vietnam,Distributor,16,4.4,LSC-OQY4AKL7
2164,South Trading 2164,Chicago,Canada,Wholesaler,22,4.4,LSC-1BIJ200Q
2165,West Logistics 2165,San Francisco,Japan,Manufacturer,5,4.4,LSC-KKTBK5P2
2166,Blue Partners 2166,Chicago,USA,Manufacturer,13,3.5,LSC-44FBV46M
2167,Evergreen Industrial 2167,Charlotte,India,Manufacturer,28,2.8,LSC-DR9RLQK0
2168,North Procurement 2168,Detroit,USA,Wholesaler,6,3.8,LSC-2FNUKM7Y
2169,Metro Enterprises 2169,New York,USA,Distributor,21,3.8,LSC-8N40AP00
2170,Apex Retail Supply 2170,Chicago,China,Distributor,8,3.8,LSC-72RW556P
2171,Rapid Industrial 2171,Los Angeles,South Korea,Distributor,26,4.1,LSC-U6ONRV53
2172,South Distributors 2172,Chicago,South Korea,Distributor,3,4.9,LSC-19ETPG2O
2173,Apex Logistics 2173,Seattle,Thailand,Wholesaler,7,3.1,LSC-Y1BFW7JN
2174,Elite Supply 2174,Austin,Canada,Distributor,20,5.0,LSC-JI7OMEMT
2175,Elite Procurement 2175,Phoenix,USA,Distributor,21,3.3,LSC-EMR4BN7J
2176,Quantum Logistics 2176,Columbus,USA,Wholesaler,17,4.4,LSC-MD8W1SAG
2177,Rapid Logistics 2177,Phoenix ,USA,Distributor,18,4.5,LSC-L9O98N2R
2178,North Partners 2178,San Jose,China,Wholesaler,22,4.9,LSC-TAGIVEE5
2179,West Supply 2179,Chicago,USA,Distributor,21,4.9,LSC-6U8781XT
2180,West Enterprises 2180,San Jose,Thailand,Wholesaler,26,3.7,LSC-7SH2C23U
2181,North Wholesale 2181,Nashville,Thailand,Wholesaler,28,2.8,LSC-6ULEAHGU
2182,Global Industrial 2182,New york ,Thailand,Wholesaler,2,3.3,LSC-ZGRMC7FF
2183,Global Distributors 2183,Philadelphia,Vietnam,Manufacturer,13,3.2,LSC-8CJRE5C5
2184,Nova Retail Supply 2184,Charlotte,Canada,Distributor,6,4.7,LSC-L02MOYQJ
2185,Prime Trading 2185,Austin,Germany,Distributor,3,3.7,LSC-6M072HUN
2186,West Wholesale 2186,Atlanta,India,Distributor,24,3.9,LSC-OZABDJQV
2187,United Wholesale 2187,Austin,China,Wholesaler,17,2.7,LSC-0TSDWAN0
2188,North Industrial 2188,Portland,Japan,Wholesaler,29,4.9,LSC-YAECEEUT
2189,Rapid Wholesale 2189,Atlanta,Germany,Distributor,9,4.3,LSC-8QAJXHRM
2190,Apex Enterprises 2190,Houston,Thailand,Manufacturer,12,3.8,LSC-7663C42X
2191, Vertex Logistics 2191 ,Portland,Japan,Distributor,7,4.9,LSC-6Q3QZD2L
2192,Apex Logistics 2192,Columbus,USA,Distributor,-2,,LSC-IONMC7IC
2193,Evergreen Enterprises 2193,Philadelphia,Mexico,Distributor,25,3.6,LSC-1XZQG1KW
2194,Metro Procurement 2194,Boston,Japan,Manufacturer,21,4.7,LSC-SF9NRMOZ
2195,Evergreen Trading 2195,San Jose,USA,Manufacturer,29,4.2,LSC-BF6B3JTA
2196,Evergreen Wholesale 2196,Boston,South Korea,Distributor,17,4.0,LSC-PBBBKVPM
2197,United Industrial 2197,Charlotte,Japan,Manufacturer,6,,LSC-GN2YENV7
2198,United Retail Supply 2198,Portland,China,Manufacturer,9,2.6,LSC-1ZJ396YF
2199,United Distributors 2199,Houston,Canada,Manufacturer,26,3.7,LSC-3O6J8LU2
2200,Global Distributors 2200,San Jose,India,Wholesaler,10,2.8,LSC-VI9V9J2F
2201,United Procurement 2201,Portland,South Korea,Manufacturer,15,4.2,LSC-6RR79IV2
2202,Apex Retail Supply 2202,Dallas,Japan,Manufacturer,25,3.3,LSC-0ILBHVAB
2203,Prime Retail Supply 2203,Boston,South Korea,Distributor,28,3.6,LSC-C4LFSI0L
2204,Nova Supply 2204,Boston,USA,Wholesaler,7,4.1,LSC-EWV000PN
2205,Nova Enterprises 2205,Atlanta,South Korea,Wholesaler,21,3.0,LSC-8YOALH2V
2206,Apex Procurement 2206,Dallas,Mexico,Distributor,18,3.7,LSC-YMH33DHA
2207,West Trading 2207,Miami,Mexico,Wholesaler,12,3.1,LSC-6YB9PDGK
2208, West Logistics 2208 ,New York,USA,Wholesaler,22,3.9,LSC-NZQBIB6O
2209,Summit Trading 2209,Phoenix,Mexico,Wholesaler,12,2.7,LSC-BZNMTR28
2210,Nova Supply 2210,Miami,Vietnam,Distributor,6,2.9,LSC-XYKMKCWN
2211,Rapid Distributors 2211,Phoenix,India,Wholesaler,12,3.1,LSC-2BRSV430
2212,Rapid Supply 2212,Denver,South Korea,Distributor,24,,LSC-0L879W5D
2213,West Procurement 2213,Denver,Mexico,Manufacturer,17,4.9,LSC-6O2GSX9O
2214,Global Retail Supply 2214,Houston,Germany,Manufacturer,25,3.5,LSC-4CYTN8PL
2215,Global Supply 2215,Detroit,Canada,Manufacturer,15,4.8,LSC-LKBVXSMX
2216,South Industrial 2216,Chicago,Germany,Manufacturer,11,3.0,LSC-H8A7B1BB
2217,Evergreen Retail Supply 2217,Houston,Canada,Manufacturer,29,2.6,LSC-HF3SUTHK
2218,Elite Distributors 2218,Austin,Vietnam,Manufacturer,9,3.9,LSC-E8RTMSY7
2219,Prime Procurement 2219,Los Angeles,USA,Manufacturer,23,4.0,LSC-MOU1NGBR
2220,Summit Industrial 2220,Dallas,Japan,Distributor,28,2.5,LSC-WTY7KFGH
2221,North Logistics 2221,New York,Canada,Wholesaler,16,3.8,LSC-0ZBTBOP5
2222,Rapid Distributors 2222,Miami,Thailand,Distributor,13,4.9,LSC-VHQCNJBP
2223,East Partners 2223,Charlotte,Thailand,Manufacturer,16,3.4,LSC-5MRDPMBY
2224,Rapid Retail Supply 2224,Seattle,South Korea,Manufacturer,11,3.1,LSC-1S6XH7AB
2225,Rapid Partners 2225,Denver,China,Manufacturer,15,3.3,LSC-2IQR2AHN
2226,West Distributors 2226,Nashville,Canada,Manufacturer,27,2.9,LSC-ONTYADJC
2227,Rapid Logistics 2227,San Francisco,Thailand,Wholesaler,12,2.6,LSC-CMVB9ZXV
2228,Metro Enterprises 2228,Philadelphia,Mexico,Distributor,14,4.1,LSC-ISENOA21
2229,United Partners 2229,Atlanta,Vietnam,Manufacturer,26,4.2,LSC-AUKLWWIA
2230,Nova Distributors 2230,Detroit,Thailand,Distributor,20,3.9,LSC-XLJ1FWYM
2231,East Enterprises 2231,Austin,Germany,Distributor,7,2.9,LSC-F2WCFIE6
2232,Evergreen Supply 2232,Denver,Germany,Wholesaler,14,4.4,LSC-Q48GCNUB
2233,Nova Distributors 2233,San Jose,Germany,Wholesaler,29,4.1,LSC-1S6MOPZ2
2234,Apex Trading 2234,Nashville,USA,Wholesaler,6,3.7,LSC-T1RWVNGC
2235,Summit Industrial 2235,Austin,Mexico,Wholesaler,21,3.3,LSC-T34KFF2J
2236,Summit Logistics 2236,Columbus,Mexico,Distributor,19,4.6,LSC-GC5ICNIC
2237,Blue Partners 2237,Los Angeles,India,Wholesaler,24,2.9,LSC-YW372VIU
2238,Global Retail Supply 2238,Chicago,Thailand,Distributor,2,3.2,LSC-725U0332
2239,Summit Procurement 2239,Austin,Vietnam,Wholesaler,23,4.2,LSC-FKRUYHCB
2240,Nova Distributors 2240,Miami,Mexico,Distributor,4,3.0,LSC-CD79UDA9
2241,Vertex Trading 2241,Dallas,Vietnam,Manufacturer,12,4.1,LSC-QVALBNA0
2242,Prime Retail Supply 2242,Detroit,Japan,Wholesaler,5,3.2,LSC-3QHAD3M6
2243,Nova Procurement 2243,Philadelphia,USA,Distributor,6,4.9,LSC-FL9V2QJI
2244,South Logistics 2244,Miami,Germany,Manufacturer,21,4.1,LSC-W8QVIVZO
2245,Evergreen Distributors 2245,Dallas,Germany,Wholesaler,28,4.1,LSC-8C4AG1QI
2246,Vertex Partners 2246,Los Angeles,Germany,Distributor,13,3.7,LSC-8IYBATOL
2247,North Distributors 2247,Dallas,Japan,Distributor,12,3.1,LSC-B7AKKSQK
2248,Elite Enterprises 2248,San Jose,India,Manufacturer,20,3.2,LSC-JCAXOD97
2249,South Industrial 2249,New York,Mexico,Wholesaler,26,2.7,LSC-R85XL6V3
2250,Prime Industrial 2250,San Jose,Germany,Distributor,5,2.8,LSC-5PU139KA
2251,Vertex Logistics 2251,Boston,India,Distributor,11,2.7,LSC-8M4PKIXS
2252,North Procurement 2252,Denver,Japan,Wholesaler,7,3.1,LSC-9RY30M65
2253,Prime Logistics 2253,Portland,China,Distributor,24,4.5,LSC-VNOMZZ8W
2254,South Trading 2254,Houston,India,Wholesaler,16,3.0,LSC-UKP6JR07
2255,Metro Partners 2255,Denver,Japan,Distributor,29,3.8,LSC-48IW5XNQ
2256,Vertex Logistics 2256,Chicago,Mexico,Wholesaler,9,3.2,LSC-HE17O7PN
2257,Blue Industrial 2257,Atlanta,Mexico,Distributor,28,3.3,LSC-VEZNMO3U
2258,Metro Procurement 2258,Miami,Germany,Distributor,14,3.3,LSC-HVYQDK9X
2259,Rapid Industrial 2259,New York,India,Distributor,29,4.7,LSC-VIXR4DTO
2260,Summit Procurement 2260,San Francisco,India,Distributor,6,4.0,LSC-4BA7OBBC
2261,Blue Supply 2261,Chicago,Vietnam,Distributor,28,3.3,LSC-CCVGJJ1W
2262, East Distributors 2262 ,Phoenix,India,Manufacturer,4,4.6,LSC-AYUF1TK8
2263,Prime Partners 2263,Austin,Germany,Distributor,17,2.8,LSC-YHCXTR69
2264,United Retail Supply 2264,Denver,USA,Manufacturer,12,4.3,LSC-CE91TEFO
2265,Vertex Partners 2265,Austin,Thailand,Wholesaler,28,3.2,LSC-RCW9IBGJ
2266,Blue Retail Supply 2266,Portland,Mexico,Distributor,9,3.6,LSC-G6VC4PAI
2267,United Enterprises 2267,Chicago,Thailand,Distributor,24,3.9,LSC-IGM2T5WO
2268,South Distributors 2268,Dallas,India,Wholesaler,14,4.7,LSC-IUVWL47L
2269,North Logistics 2269,Miami,USA,Distributor,11,4.2,LSC-K820PZTS
2270,Blue Distributors 2270,Boston,Vietnam,Distributor,27,4.9,LSC-HPAZAUR4
2271,Quantum Procurement 2271,Portland,Germany,Distributor,23,4.1,LSC-Y16ZGRRV
2272,Apex Procurement 2272,Nashville,China,Manufacturer,5,4.2,LSC-A088QEG0
2273,Elite Retail Supply 2273,New York,Canada,Distributor,8,2.9,LSC-LKTAWMWU
2274,West Industrial 2274,Atlanta,Vietnam,Distributor,25,3.6,LSC-7UVMRU1C
2275,Summit Logistics 2275,Detroit,Japan,Wholesaler,10,4.2,LSC-CRHO7AZP
2276,Rapid Retail Supply 2276,Detroit,South Korea,Wholesaler,29,3.6,LSC-DNU0FH2T
2277,Rapid Retail Supply 2277,Atlanta,India,Distributor,3,4.4,LSC-SF8W9USI
2278,Apex Distributors 2278,Los Angeles,USA,Distributor,30,3.7,LSC-ZSCWIPM7
2279,Rapid Wholesale 2279,Dallas,China,Manufacturer,2,3.7,LSC-AW4TEQ3C
2280,Apex Industrial 2280,Portland,India,Wholesaler,24,3.6,LSC-5WLF0LLY
2281,Global Supply 2281,Denver,Vietnam,Manufacturer,30,,LSC-SWY1ZE5H
2282,Prime Supply 2282,Seattle,Mexico,Wholesaler,15,2.5,LSC-QELFXIZG
2283,Nova Wholesale 2283,Miami,India,Manufacturer,8,,LSC-LHEPU4U5
2284,Blue Retail Supply 2284,Austin,Germany,Distributor,9,2.8,LSC-42W4QYAH
2285,Global Logistics 2285,Denver,Germany,Wholesaler,10,4.8,LSC-CADOUAYK
2286,Quantum Partners 2286,New York,Germany,Manufacturer,5,3.3,LSC-XRKUOYSV
2287,Evergreen Distributors 2287,Houston,Canada,Wholesaler,13,,LSC-3X8OUZDZ
2288,Metro Distributors 2288,San Francisco,Mexico,Distributor,28,2.9,LSC-LFIFX97L
2289,Metro Industrial 2289,Detroit,Mexico,Manufacturer,22,3.3,LSC-MJCZZRO7
2290,Metro Enterprises 2290,Denver,China,Wholesaler,3,4.4,LSC-D613LY4Q
2291,Apex Retail Supply 2291,Los Angeles,South Korea,Distributor,9,2.7,LSC-QTAIJ82T
2292,East Supply 2292,Nashville,China,Distributor,17,2.8,LSC-TC543EV6
2293, Rapid Procurement 2293 ,Boston,India,Wholesaler,23,4.3,LSC-VGL2UPQV
2294,Vertex Distributors 2294,Seattle,India,Distributor,27,3.6,LSC-VTAKLOF5
2295,Quantum Distributors 2295,Chicago,USA,Distributor,14,2.5,LSC-U6MTQ82D
2296,Rapid Wholesale 2296,Dallas,Thailand,Wholesaler,5,4.4,LSC-HZVNASJP
2297,Vertex Wholesale 2297,San Jose,Thailand,Manufacturer,22,3.9,LSC-SWIY7K60
2298,United Enterprises 2298,Portland,Thailand,Distributor,26,4.1,LSC-U4VQW7Z7
2299,United Trading 2299,San Jose,Germany,Wholesaler,23,3.7,LSC-TSM3S08U
2300,East Retail Supply 2300,San Jose,India,Distributor,22,2.8,LSC-1JIUOIZ6
2301,Global Supply 2301,Philadelphia,Thailand,Wholesaler,9,3.7,LSC-KUW2032L
2302,Nova Logistics 2302,Miami,South Korea,Wholesaler,5,4.6,LSC-BO6GPN1M
2303,United Logistics 2303,Detroit,Japan,Wholesaler,28,3.4,LSC-UYB2JMXS
2304,East Procurement 2304,Nashville,Germany,Distributor,25,2.6,LSC-3ZUPSLSI
2305,West Procurement 2305,Charlotte,Canada,Manufacturer,23,,LSC-TNS9HLB4
2306,Metro Supply 2306,Detroit,Mexico,Manufacturer,22,4.2,LSC-34QN5Y4L
2307,Global Supply 2307,Philadelphia,USA,Distributor,18,3.8,LSC-NFGZSKIG
2308,Quantum Wholesale 2308,Columbus,India,Manufacturer,12,4.2,LSC-BGD9E32L
2309,Apex Industrial 2309,Atlanta,Thailand,Wholesaler,12,4.2,LSC-Z3KQJYG8
2310,United Logistics 2310,Philadelphia,USA,Manufacturer,17,2.7,LSC-PW5VZLMQ
2311,Prime Wholesale 2311,Los Angeles,Germany,Distributor,3,3.5,LSC-QCPL72U2
2312,Elite Distributors 2312,Dallas,Germany,Distributor,5,3.9,LSC-IXDWR024
2313,Quantum Supply 2313,Detroit,Japan,Wholesaler,25,3.5,LSC-6GF9XXWN
2314,Evergreen Logistics 2314,Charlotte,Vietnam,Wholesaler,19,4.2,LSC-IAJN3MLE
2315,North Trading 2315,San Francisco,Canada,Distributor,15,2.5,LSC-R1VY7HXR
2316,Metro Enterprises 2316,Portland,South Korea,Manufacturer,3,3.2,LSC-3BSY3ONX
2317,Summit Retail Supply 2317,Nashville,India,Manufacturer,2,3.0,LSC-YFUNMAD1
2318,Prime Retail Supply 2318,Detroit,Vietnam,Distributor,2,4.8,LSC-CMDBH4JW
2319,South Retail Supply 2319,Portland,Thailand,Wholesaler,17,4.7,LSC-6N0TGIYI
2320,Vertex Enterprises 2320,Dallas,Japan,Wholesaler,20,4.8,LSC-2VE4IRF7
2321,Prime Supply 2321,Columbus,Canada,Wholesaler,6,4.7,LSC-SXQKQBKU
2322,West Partners 2322,Columbus,Mexico,Manufacturer,30,3.6,LSC-FTFOFYSY
2323,Global Distributors 2323,Dallas,South Korea,Manufacturer,15,4.9,LSC-T6JZNUE5
2324,West Retail Supply 2324,New York,Japan,Wholesaler,29,3.9,LSC-33X58PZJ
2325,Quantum Wholesale 2325,Denver,India,Wholesaler,16,3.0,LSC-TZQTTAAZ
2326,Nova Retail Supply 2326,San Francisco,Mexico,Wholesaler,17,3.7,LSC-1BPFWSQ7
2327,Evergreen Wholesale 2327,Austin,USA,Manufacturer,18,,LSC-VS96YCXN
2328,Blue Industrial 2328,New York,South Korea,Wholesaler,2,3.4,LSC-5CSPM0OS
2329,Metro Distributors 2329,Austin,Germany,Distributor,14,3.3,LSC-Q54WFUGE
2330,Apex Logistics 2330,Phoenix,USA,Manufacturer,19,4.2,LSC-INYCOAUD
2331,Nova Partners 2331,New York,China,Wholesaler,18,3.6,LSC-7EAS0O5D
2332,Apex Supply 2332,Philadelphia,India,Wholesaler,16,4.1,LSC-0B3CIPTN
2333,South Enterprises 2333,Austin,Canada,Manufacturer,16,4.2,LSC-XKCB9D7U
2334,Global Supply 2334,Philadelphia,Japan,Wholesaler,3,4.5,LSC-R0BGNFXU
2335,Apex Trading 2335,Portland,Japan,Manufacturer,7,2.6,LSC-AYW5NWVJ
2336,South Procurement 2336,Atlanta,USA,Distributor,29,4.0,LSC-L590J1MN
2337,Nova Wholesale 2337,Los Angeles,China,Wholesaler,11,2.7,LSC-KMZPB2YN
2338,Metro Trading 2338,Detroit,Germany,Distributor,26,5.0,LSC-1522OU2V
2339,Elite Partners 2339,Houston,China,Distributor,25,4.2,LSC-N74LRD2K
2340,Prime Procurement 2340,San Jose,China,Manufacturer,11,4.0,LSC-OSJVBC82
2341,East Retail Supply 2341,Dallas,Japan,Distributor,11,4.3,LSC-YPJAWUHJ
2342,United Procurement 2342,Phoenix,South Korea,Manufacturer,16,4.3,LSC-D6D86S25
2343,Nova Retail Supply 2343,Charlotte,South Korea,Manufacturer,30,,LSC-T9LIFI3O
2344,East Trading 2344,Los Angeles,China,Manufacturer,28,4.1,LSC-0HJ7T5BF
2345,North Logistics 2345,Phoenix,South Korea,Manufacturer,13,4.0,LSC-8XEMLTFU
2346,West Partners 2346,Houston,South Korea,Distributor,24,4.0,LSC-842QYVTQ
2347,Elite Supply 2347,Boston,India,Distributor,7,4.0,LSC-78RTJR2G
2348,Nova Retail Supply 2348,Chicago,South Korea,Distributor,16,3.0,LSC-MBJ2W6P5
2349,North Enterprises 2349,San Jose,India,Wholesaler,18,4.1,LSC-Q9S7LKS5
2350,Evergreen Distributors 2350,Atlanta,Vietnam,Distributor,10,2.5,LSC-77E799O6
2351,Global Procurement 2351,Portland,South Korea,Wholesaler,15,3.0,LSC-QXCZHNIV
2352,Blue Wholesale 2352,Miami,South Korea,Manufacturer,28,4.9,LSC-KKVP2ME5
2353,Rapid Retail Supply 2353,Columbus,Vietnam,Distributor,27,3.5,LSC-ZZI683BP
2354,Nova Partners 2354,New York,India,Manufacturer,29,3.3,LSC-INEEWKIH
2355,South Wholesale 2355,Philadelphia,Vietnam,Distributor,4,3.8,LSC-WFK5MGC3
2356,Summit Distributors 2356,Seattle,USA,Wholesaler,19,4.2,LSC-R4UR1BOC
2357, Evergreen Procurement 2357 ,Portland,Canada,Wholesaler,29,3.8,LSC-SNML4C7F
2358,East Wholesale 2358,San Francisco,India,Distributor,6,2.7,LSC-GXZNV6L8
2359,Nova Retail Supply 2359,Nashville,South Korea,Distributor,24,,LSC-1GSFYTK5
2360,Quantum Wholesale 2360,Los Angeles,Mexico,Wholesaler,9,2.7,LSC-HY3T5Q21
2361,Apex Trading 2361,Dallas,Thailand,Manufacturer,2,3.0,LSC-PNPK270T
2362,Summit Retail Supply 2362,Columbus,Thailand,Wholesaler,24,4.2,LSC-MQT090FS
2363,West Industrial 2363,Columbus,Vietnam,Wholesaler,9,4.6,LSC-PC0OXIHW
2364,Rapid Procurement 2364,Philadelphia,Mexico,Manufacturer,9,3.4,LSC-PGX44QX1
2365,Prime Logistics 2365,San Francisco,India,Manufacturer,8,3.3,LSC-MVH71HW3
2366,Apex Partners 2366,Denver,Thailand,Distributor,28,4.8,LSC-Q6LFJ18L
2367,Quantum Logistics 2367,Charlotte,Mexico,Manufacturer,18,4.0,LSC-2Y9269XK
2368,Blue Retail Supply 2368,Philadelphia,Germany,Wholesaler,19,3.8,LSC-8MVW5OXI
2369,Elite Procurement 2369,Austin,Mexico,Distributor,21,2.5,LSC-8KY60P0H
2370,Apex Enterprises 2370,Chicago,South Korea,Distributor,24,2.9,LSC-TLT7PA46
2371,United Enterprises 2371,Miami,Vietnam,Wholesaler,12,4.0,LSC-V48PBOWV
2372,Metro Supply 2372,Chicago,China,Manufacturer,6,,LSC-B4ISYI8R
2373,Elite Wholesale 2373,Columbus,Canada,Wholesaler,9,3.1,LSC-PWL51CTA
2374,Blue Procurement 2374,Seattle,Germany,Manufacturer,8,3.6,LSC-4HOAWQF1
2375,Vertex Procurement 2375,Austin,Thailand,Manufacturer,13,4.0,LSC-XNZU6MRU
2376,Rapid Procurement 2376,New York,USA,Wholesaler,30,3.4,LSC-6IWEZCES
2377,Evergreen Distributors 2377,Columbus,Canada,Manufacturer,9,4.1,LSC-7YE46F77
2378,East Partners 2378,Dallas,Vietnam,Wholesaler,26,4.4,LSC-OL5VZD3N
2379,Evergreen Logistics 2379,San Francisco,South Korea,Distributor,6,2.7,LSC-H2XRNWJH
2380,East Partners 2380,Phoenix,India,Manufacturer,11,4.9,LSC-G0YI0DG9
2381,Evergreen Supply 2381,Dallas,South Korea,Wholesaler,20,3.0,LSC-1IX2AJGZ
2382,Prime Procurement 2382,Dallas,India,Manufacturer,13,3.7,LSC-LUZK3VJE
2383,United Wholesale 2383,San Francisco,South Korea,Manufacturer,11,3.5,LSC-D6D8E200
2384,United Logistics 2384,San Jose,Canada,Wholesaler,24,3.4,LSC-CH1WY6PO
2385,Apex Industrial 2385,Atlanta,Canada,Wholesaler,11,4.5,LSC-EEAFDZHD
2386,United Supply 2386,Chicago,Thailand,Wholesaler,11,4.0,LSC-KBW8BTTC
2387,Elite Retail Supply 2387,Boston,Canada,Wholesaler,27,3.4,LSC-G3DUVSCH
2388, Quantum Retail Supply 2388 ,Columbus,South Korea,Wholesaler,25,4.5,LSC-HPF15WR9
2389,Vertex Industrial 2389,Chicago,Canada,Manufacturer,2,4.6,LSC-HTUW52RB
2390,Global Distributors 2390,Atlanta,Canada,Wholesaler,25,3.0,LSC-F19J2VP8
2391,Vertex Logistics 2391,San Jose,USA,Manufacturer,17,4.4,LSC-M3RMZM4Q
2392,United Distributors 2392,Austin,Japan,Manufacturer,26,4.4,LSC-EAHRX0D9
2393,Prime Procurement 2393,Detroit,Vietnam,Distributor,29,4.9,LSC-81UN1COQ
2394,Global Procurement 2394,Portland,Mexico,Distributor,21,0.0,LSC-658OV5E1
2395,Metro Industrial 2395,Los Angeles,Vietnam,Distributor,2,3.7,LSC-0L32U5CX
2396,North Trading 2396,Atlanta,Thailand,Manufacturer,7,3.0,LSC-HB1MTRKZ
2397,East Partners 2397,Seattle,China,Wholesaler,21,,LSC-GQVAUGS6
2398,Summit Procurement 2398,Columbus,South Korea,Distributor,12,4.4,LSC-M9EWEUPA
2399,Metro Logistics 2399,San Jose,Germany,Wholesaler,29,2.9,LSC-1PT6TROU
2400,Metro Wholesale 2400,Atlanta,Thailand,Manufacturer,19,2.5,LSC-JIJNLP2S
2401,West Logistics 2401,Houston,Canada,Manufacturer,14,3.1,LSC-1EODL6UR
2402,Prime Distributors 2402,Miami,Mexico,Distributor,13,3.8,LSC-AD0J2NGE
2403,Evergreen Trading 2403,Austin,Canada,Manufacturer,30,2.7,LSC-ONDNBHND
2404,Apex Retail Supply 2404,New York,Germany,Wholesaler,27,3.3,LSC-MWNMJ0SI
2405,East Logistics 2405,Atlanta,Vietnam,Manufacturer,17,3.6,LSC-93H5YWL9
2406,Rapid Retail Supply 2406,Charlotte,China,Wholesaler,2,2.5,LSC-94D8XERF
2407,United Partners 2407,Austin,South Korea,Wholesaler,27,4.0,LSC-6YYX0102
2408,Elite Partners 2408,Atlanta,South Korea,Wholesaler,19,3.4,LSC-2BU4WA2G
2409,Global Enterprises 2409,Nashville,Japan,Wholesaler,4,,LSC-7MTCOYJ6
2410,Global Trading 2410,Miami,China,Wholesaler,28,3.8,LSC-JJ583BYG
2411,West Enterprises 2411,San Francisco,USA,Distributor,24,4.2,LSC-MZKG8JWN
2412,Quantum Logistics 2412,Phoenix,Thailand,Distributor,28,2.7,LSC-0Z4ZMPRG
2413,Global Supply 2413,Houston,Vietnam,Wholesaler,15,4.9,LSC-0975XQJQ
2414,Evergreen Procurement 2414,Nashville,USA,Wholesaler,7,,LSC-Y3ZT3P6S
2415,West Distributors 2415,Los Angeles,Canada,Distributor,3,2.7,LSC-AU8EZKXQ
2416,Vertex Trading 2416,Los Angeles,India,Manufacturer,29,3.2,LSC-98UUD7KW
2417,United Procurement 2417,Denver,Germany,Wholesaler,26,2.9,LSC-93TXRY3Z
2418,Elite Industrial 2418,Nashville,China,Manufacturer,19,2.8,LSC-H7OLJQZD
2419,Vertex Procurement 2419,San Jose,USA,Manufacturer,19,2.8,LSC-094588YS
2420,Nova Distributors 2420,New York,Vietnam,Wholesaler,17,4.3,LSC-E9EKOJZC
2421,Blue Enterprises 2421,San Jose,Mexico,Manufacturer,9,2.7,LSC-UNK0K7H0
2422,East Partners 2422,San Francisco,Canada,Manufacturer,24,3.0,LSC-RZRKY8RA
2423,West Partners 2423,Columbus,Canada,Wholesaler,30,2.8,LSC-FIMDDX13
2424,Apex Wholesale 2424,Austin,Mexico,Distributor,17,3.9,LSC-VWXOATMZ
2425,Metro Partners 2425,Seattle,Japan,Manufacturer,28,,LSC-9QOO3T91
2426, Global Supply 2426 ,Seattle,Mexico,Manufacturer,23,5.0,LSC-R304ABIS
2427,Prime Partners 2427,San Jose,South Korea,Wholesaler,26,4.3,LSC-7ZP3UFR4
2428,Prime Enterprises 2428,San Jose,Germany,Distributor,9,3.2,LSC-JFZP0T57
2429,Apex Enterprises 2429,Charlotte,South Korea,Wholesaler,13,2.6,LSC-RK53OPPO
2430,Nova Distributors 2430,Portland,India,Wholesaler,18,2.9,LSC-D9JRM43G
2431,Quantum Wholesale 2431,Phoenix,South Korea,Wholesaler,3,3.0,LSC-9O9IH4O8
2432,Nova Procurement 2432,Dallas,Thailand,Manufacturer,13,4.9,LSC-IA619Q1J
2433,Prime Retail Supply 2433,Atlanta,South Korea,Wholesaler,12,2.7,LSC-SFFQ0NEZ
2434,Metro Industrial 2434,Nashville,South Korea,Distributor,20,5.0,LSC-C245O7O7
2435,Metro Wholesale 2435,Philadelphia,Vietnam,Wholesaler,15,3.1,LSC-9ETMO11I
2436,Summit Trading 2436,Philadelphia,USA,Wholesaler,23,2.9,LSC-MUDIIQ1Z
2437,Prime Supply 2437,Columbus,USA,Manufacturer,24,4.0,LSC-FH7B0AHI
2438,Metro Distributors 2438,Columbus,Vietnam,Manufacturer,30,4.5,LSC-HKO1CMRT
2439,Global Logistics 2439,Detroit,Mexico,Distributor,9,3.6,LSC-V2XN7YRP
2440,Elite Partners 2440,New York,South Korea,Manufacturer,30,,LSC-WK4MK3FN
2441,United Industrial 2441,Portland,India,Manufacturer,23,,LSC-KLZWQX9V
2442,East Partners 2442,Denver,USA,Wholesaler,21,3.0,LSC-0E9H2BVW
2443,South Partners 2443,Seattle,Canada,Wholesaler,23,3.0,LSC-YAFVNUY8
2444,Rapid Distributors 2444,New York,South Korea,Distributor,6,3.3,LSC-OP6XOYBX
2445,United Logistics 2445,Philadelphia,South Korea,Wholesaler,15,3.7,LSC-53UTIUMW
2446,Global Trading 2446,San Jose,China,Manufacturer,12,3.0,LSC-FQGDM1IY
2447,Evergreen Trading 2447,Nashville,Japan,Manufacturer,23,5.0,LSC-IVW7KHUL
2448,Evergreen Retail Supply 2448,Denver,Canada,Manufacturer,15,4.4,LSC-XHQSHB0D
2449,Summit Industrial 2449,Seattle,India,Manufacturer,14,,LSC-H0G0XQZ3
2450,Apex Trading 2450,Boston,Thailand,Distributor,18,3.6,LSC-UVCYADEV
2451,Evergreen Partners 2451,San Jose,Thailand,Manufacturer,15,3.5,LSC-8AP90OK1
2452,Metro Industrial 2452,San Jose,Vietnam,Manufacturer,13,4.0,LSC-WKRPC3YV
2453,West Distributors 2453,Charlotte,Canada,Distributor,11,4.8,LSC-1XN8DK13
2454,Nova Retail Supply 2454,Charlotte,Thailand,Wholesaler,20,4.6,LSC-JRH8IPTC
2455,Quantum Wholesale 2455,San Jose,China,Wholesaler,20,2.6,LSC-LP7DGT60
2456,South Distributors 2456,Nashville,China,Wholesaler,18,4.8,LSC-TIQIJB3S
2457,Metro Partners 2457, Los Angeles,China,Distributor,14,2.9,LSC-LFB4X3OO
2458,Apex Logistics 2458,Atlanta,China,Manufacturer,11,4.4,LSC-IJOL9GDM
2459,Prime Trading 2459,San Jose,Canada,Distributor,16,2.7,LSC-SBLLWNAK
2460,Prime Trading 2460,Philadelphia,Japan,Manufacturer,14,3.1,LSC-JP6E0CCG
2461,Quantum Supply 2461,Atlanta,Thailand,Manufacturer,25,3.9,LSC-YZ9TOS7C
2462,Prime Supply 2462,Boston,Vietnam,Wholesaler,5,3.3,LSC-VHN4OZOD
2463,United Partners 2463,San Francisco,India,Manufacturer,12,,LSC-1AV2R2A9
2464,Global Distributors 2464,Dallas,Vietnam,Wholesaler,29,3.2,LSC-MQ8DNB0X
2465,Vertex Enterprises 2465,Boston,Japan,Distributor,21,3.9,LSC-UGO2N5MU
2466,United Enterprises 2466,Charlotte,Japan,Wholesaler,19,3.6,LSC-S2RRTXVF
2467,Metro Wholesale 2467,Columbus,Mexico,Manufacturer,24,4.9,LSC-49A7ZVD8
2468,United Trading 2468,Phoenix,USA,Wholesaler,4,4.4,LSC-KM8B543B
2469,Prime Trading 2469,Philadelphia,USA,Manufacturer,29,4.2,LSC-7QNUNZJA
2470,Elite Distributors 2470,Chicago,Germany,Manufacturer,24,4.8,LSC-8GO9EBIC
2471,Elite Enterprises 2471,Denver,India,Manufacturer,4,3.6,LSC-RDDTBXT6
2472,Summit Trading 2472,Portland,Japan,Manufacturer,29,4.0,LSC-HCLV01U6
2473,Prime Retail Supply 2473,Phoenix,India,Wholesaler,9,2.8,LSC-KXVTYZ93
2474,Global Enterprises 2474,Austin,India,Distributor,22,2.8,LSC-14BKBFC1
2475,Metro Retail Supply 2475,New York,USA,Distributor,18,2.8,LSC-21761J03
2476,Prime Partners 2476,Chicago,Germany,Distributor,24,4.0,LSC-6J2TIPLK
2477,Rapid Supply 2477,Austin,USA,Distributor,2,4.0,LSC-3036B3YQ
2478,Quantum Retail Supply 2478,Charlotte,Mexico,Wholesaler,21,,LSC-YW6MXRF9
2479,Vertex Logistics 2479,Phoenix,China,Distributor,23,4.0,LSC-AWQ4X6G4
2480,Evergreen Industrial 2480,Austin,Vietnam,Distributor,26,3.5,LSC-DVMBO4KF
2481,Elite Distributors 2481,Philadelphia,Japan,Wholesaler,11,4.2,LSC-NSUA88NV
2482,South Retail Supply 2482,Chicago,Japan,Wholesaler,5,4.4,LSC-N1TP1LSJ
2483,Elite Partners 2483,Portland,Thailand,Manufacturer,22,5.0,LSC-YRBON403
2484,Evergreen Supply 2484,Dallas,Mexico,Wholesaler,4,4.7,LSC-3RED7LJ8
2485,Quantum Wholesale 2485,San Francisco,Japan,Wholesaler,28,4.4,LSC-3AL44LOC
2486,Apex Distributors 2486,Denver,Vietnam,Distributor,29,,LSC-1AM0IHDZ
2487,East Logistics 2487,Denver,Mexico,Manufacturer,15,2.5,LSC-W3IXIEZE
2488,Vertex Wholesale 2488,Nashville,South Korea,Distributor,10,4.8,LSC-6ID36XC5
2489,West Partners 2489,Atlanta,USA,Manufacturer,10,4.2,LSC-2H4Q4VTY
2490,Evergreen Supply 2490,Phoenix,Canada,Distributor,5,4.8,LSC-PTIHWUY0
2491,Vertex Partners 2491,Houston,Thailand,Manufacturer,22,2.5,LSC-BYN5FO9S
2492, North Trading 2492 ,San Francisco,Japan,Distributor,13,3.8,LSC-QK7MEHZS
2493,Summit Trading 2493,Philadelphia,Thailand,Distributor,28,4.1,LSC-LKGXHE68
2494,Apex Partners 2494,New York,Canada,Distributor,12,2.6,LSC-IMI0G8F9
2495,South Retail Supply 2495,Philadelphia,Japan,Manufacturer,15,3.4,LSC-NBETRLZS
2496,Vertex Wholesale 2496,Los Angeles,India,Manufacturer,22,3.7,LSC-HY3ZOMGN
2497,Summit Retail Supply 2497,Phoenix,Mexico,Distributor,5,4.1,LSC-B4Z7J8HW
2498,Blue Supply 2498,Austin,China,Distributor,4,3.2,LSC-KF2V7MQJ
2499,Metro Trading 2499,Chicago,Vietnam,Manufacturer,21,4.5,LSC-4DE4I352
2500,South Wholesale 2500,Portland,Vietnam,Wholesaler,15,4.6,LSC-QD102KKV
2501,West Procurement 2501,Columbus,USA,Wholesaler,24,3.4,LSC-TOCTS4RO
2502,Summit Distributors 2502,Denver,China,Wholesaler,20,4.0,LSC-RJQ9HE6V
2503,Prime Trading 2503,Seattle,South Korea,Distributor,5,2.9,LSC-G5LU7PKH
2504,Blue Logistics 2504,San Jose,Germany,Manufacturer,8,4.5,LSC-ULQ4JQHN
2505,Rapid Retail Supply 2505,New York,USA,Wholesaler,2,4.2,LSC-Q8F4TF5G
2506,Summit Distributors 2506,Nashville,China,Wholesaler,28,4.8,LSC-4S5TR21E
2507,Nova Trading 2507,Portland,Canada,Distributor,8,3.0,LSC-AK2X9PF1
2508,Elite Retail Supply 2508,Austin,China,Wholesaler,3,4.7,LSC-T9DHXJ9S
2509,Nova Enterprises 2509,Columbus,USA,Manufacturer,4,2.8,LSC-SL4PD8GB
2510,Elite Trading 2510,Detroit,Canada,Manufacturer,19,4.2,LSC-RZLZ72J8
2511,Blue Distributors 2511,Charlotte,Japan,Wholesaler,25,3.3,LSC-MN9TWN7G
2512,United Industrial 2512,Nashville,Vietnam,Manufacturer,26,3.0,LSC-D1O6OUGO
2513, North Partners 2513 ,Philadelphia,Thailand,Distributor,17,3.7,LSC-UMUC4LR9
2514,Vertex Enterprises 2514,Denver,Germany,Distributor,9,4.4,LSC-9ATTKPRE
2515,Metro Enterprises 2515,Portland,Japan,Wholesaler,2,4.2,LSC-RONADCVM
2516,East Supply 2516,Boston,Japan,Manufacturer,11,3.0,LSC-H8RFC9VD
2517,East Retail Supply 2517,Houston,Thailand,Wholesaler,27,4.8,LSC-16JQVLW2
2518,Vertex Procurement 2518,Philadelphia,Japan,Manufacturer,9,3.8,LSC-7NWUQIQ9
2519, Elite Distributors 2519 ,Los Angeles,Japan,Manufacturer,27,3.0,LSC-GGKYCSNU
2520,Apex Logistics 2520,Denver,South Korea,Manufacturer,21,5.0,LSC-D4XNYWF5
2521,South Supply 2521,Houston,USA,Distributor,5,4.2,LSC-LW4QRWG4
2522,North Supply 2522,Nashville,South Korea,Distributor,15,3.8,LSC-OTTXT1B1
2523,Quantum Enterprises 2523,Philadelphia,India,Manufacturer,8,4.9,LSC-S9R37V38
2524,Metro Retail Supply 2524,Miami,India,Manufacturer,10,4.7,LSC-BNFORP25
2525,Elite Logistics 2525,San Francisco,South Korea,Wholesaler,18,3.6,LSC-0NJVJPCM
2526,United Logistics 2526,Detroit,China,Wholesaler,10,4.7,LSC-XZEANPGX
2527,Nova Partners 2527,Portland,Germany,Manufacturer,14,3.3,LSC-IWLAP3K5
2528,Prime Industrial 2528,San Jose,India,Manufacturer,2,3.4,LSC-THT7UGVI
2529,Elite Logistics 2529,San Jose,Vietnam,Manufacturer,3,4.2,LSC-J2RQB2JM
2530,Elite Trading 2530,Dallas,China,Distributor,27,,LSC-JBD25OS5
2531,South Enterprises 2531,Charlotte,USA,Manufacturer,8,,LSC-KOKPY98O
2532,North Supply 2532,Atlanta,South Korea,Manufacturer,8,4.6,LSC-86H2WJMF
2533,Prime Enterprises 2533,Boston,Japan,Manufacturer,28,4.5,LSC-BDGRB2D5
2534,Quantum Distributors 2534,Austin,Thailand,Manufacturer,11,4.9,LSC-J5RWHHI4
2535,North Distributors 2535,Miami,South Korea,Distributor,10,3.0,LSC-L5NZRV4A
2536,Rapid Wholesale 2536,Charlotte,Mexico,Wholesaler,3,3.0,LSC-Q04QPQRW
2537,Blue Wholesale 2537,Portland,Japan,Distributor,7,3.1,LSC-Z75UERJV
2538,East Logistics 2538,Houston,Canada,Distributor,24,4.3,LSC-H6R7QMY2
2539,Global Industrial 2539,Nashville,Mexico,Distributor,4,4.4,LSC-W14N53JR
2540,South Partners 2540,Seattle,South Korea,Distributor,26,3.8,LSC-XP0SHAJ4
2541,Rapid Industrial 2541,Seattle,China,Manufacturer,15,4.8,LSC-LKY55WRS
2542,Global Trading 2542,Houston,Vietnam,Distributor,29,3.6,LSC-5S222J0C
2543,West Partners 2543,San Francisco,South Korea,Distributor,25,4.1,LSC-3895TX69
2544,Metro Supply 2544,Seattle,Mexico,Manufacturer,7,4.9,LSC-BWNAZMPW
2545,Prime Distributors 2545,Denver,Canada,Manufacturer,7,3.0,LSC-6BE8XOHA
2546,Apex Trading 2546,Denver,Mexico,Distributor,29,4.9,LSC-M89BVV2J
2547,Prime Wholesale 2547,Detroit,Japan,Distributor,8,4.8,LSC-AF9VHU7A
2548,Evergreen Wholesale 2548,Seattle,India,Distributor,4,4.2,LSC-TZ1YNS3B
2549,East Distributors 2549,Los Angeles,Germany,Manufacturer,20,3.1,LSC-86MTZHSP
2550,West Enterprises 2550,Detroit,Japan,Wholesaler,30,,LSC-37F3LYI3
2551,Rapid Distributors 2551,Columbus,Mexico,Distributor,7,3.7,LSC-4GSE74V5
2552,Blue Partners 2552,San Francisco,Thailand,Manufacturer,7,4.7,LSC-NQPTS0MM
2553,Prime Trading 2553,Los Angeles,USA,Distributor,18,2.8,LSC-P03LK0QD
2554,Quantum Supply 2554,Boston,India,Wholesaler,18,3.9,LSC-VEZLBUXK
2555,Evergreen Supply 2555,Atlanta,Mexico,Distributor,12,2.6,LSC-7O7MMZ1H
2556,Quantum Partners 2556,San Jose,South Korea,Distributor,4,4.6,LSC-SZXQ1K1Q
2557,West Industrial 2557,Miami,South Korea,Manufacturer,13,3.9,LSC-GKZESFKV
2558,United Industrial 2558,Portland,Vietnam,Distributor,17,4.0,LSC-ACKLN9TL
2559, North Industrial 2559 ,Miami,Thailand,Manufacturer,25,4.6,LSC-DPHU2XRF
2560,Rapid Enterprises 2560,Atlanta,Mexico,Manufacturer,12,4.8,LSC-71PJ0AK2
2561,Summit Industrial 2561,Phoenix,USA,Wholesaler,23,3.7,LSC-M2738YHD
2562,Prime Supply 2562,San Francisco,Canada,Wholesaler,11,4.9,LSC-MIKM85NP
2563,Apex Distributors 2563,Charlotte,Canada,Manufacturer,19,4.9,LSC-XH27R81O
2564,Prime Partners 2564,Portland,Thailand,Wholesaler,13,,LSC-K2UBPZKC
2565,Vertex Procurement 2565,San Francisco,India,Wholesaler,23,3.7,LSC-LFWUUIU5
2566,United Distributors 2566,Charlotte,Vietnam,Manufacturer,3,3.8,LSC-859TXADN
2567,Metro Enterprises 2567,Chicago,Mexico,Wholesaler,4,2.8,LSC-4GFKBZY0
2568,Metro Enterprises 2568,Charlotte,Canada,Wholesaler,9,3.7,LSC-B6X6TWS7
2569,Vertex Partners 2569,Columbus,USA,Wholesaler,21,3.0,LSC-K8QD11PI
2570,Nova Wholesale 2570,New York,USA,Manufacturer,19,3.1,LSC-SDK0OKK0
2571,North Logistics 2571,Miami,South Korea,Manufacturer,29,2.6,LSC-QU111VPI
2572,Quantum Partners 2572,Chicago,Thailand,Manufacturer,23,4.2,LSC-R3KVGNQD
2573,Nova Retail Supply 2573,Portland,Thailand,Wholesaler,8,5.0,LSC-UZI3LPLF
2574,Nova Supply 2574,Phoenix,India,Distributor,22,3.4,LSC-21472J8N
2575,North Partners 2575,Chicago,South Korea,Manufacturer,30,2.8,LSC-9GF2FXX9
2576,Summit Logistics 2576,Austin,Japan,Distributor,19,3.7,LSC-GBQIZ1BN
2577,Vertex Trading 2577,San Jose,China,Distributor,15,3.7,LSC-K5SLSBJL
2578,Elite Procurement 2578,Detroit,Germany,Wholesaler,23,3.5,LSC-3693QNYB
2579,Rapid Procurement 2579,Chicago,Thailand,Wholesaler,29,4.3,LSC-6WRPX7J8
2580,United Wholesale 2580,Detroit,India,Manufacturer,3,3.4,LSC-D8M52GCF
2581,East Retail Supply 2581,Detroit,South Korea,Wholesaler,10,3.6,LSC-DNBLWD8M
2582,Global Procurement 2582,Charlotte,Canada,Manufacturer,13,4.1,LSC-IL4LTW96
2583, Apex Enterprises 2583 ,San Jose,Germany,Manufacturer,29,4.8,LSC-6O9GRVZ2
2584,Summit Trading 2584,Seattle,Canada,Manufacturer,19,5.8,LSC-O70S80RB
2585,Summit Wholesale 2585,Portland,Mexico,Manufacturer,4,,LSC-M6X4K3OW
2586,Global Procurement 2586,Phoenix,Vietnam,Manufacturer,17,2.5,LSC-GWP82H6S
2587,Metro Supply 2587,Boston,Mexico,Manufacturer,29,2.5,LSC-R00NHPA1
2588,Summit Distributors 2588,Austin,South Korea,Distributor,19,4.0,LSC-K2HQKQ8F
2589,Evergreen Trading 2589,Chicago,Japan,Distributor,21,2.8,LSC-K2GPM4GH
2590,Vertex Retail Supply 2590,Denver,China,Manufacturer,12,3.8,LSC-PFQLFQEB
2591,United Retail Supply 2591,Philadelphia,Japan,Wholesaler,25,2.6,LSC-QLA6M04Y
2592,North Partners 2592,Philadelphia,Vietnam,Distributor,3,3.6,LSC-AQCCGZDN
2593,Metro Wholesale 2593,Atlanta,Thailand,Manufacturer,13,,LSC-G217A5JK
2594,Quantum Distributors 2594,Charlotte,Germany,Wholesaler,12,3.7,LSC-CPKFDTBJ
2595,Elite Logistics 2595,Charlotte,India,Distributor,25,3.8,LSC-M7LDAZK4
2596,Vertex Procurement 2596,Boston,Germany,Manufacturer,19,3.8,LSC-2DVGONI9
2597,Metro Trading 2597,New York,Vietnam,Distributor,12,3.7,LSC-1ZGZBUTK
2598,Elite Logistics 2598,Atlanta,USA,Distributor,16,4.8,LSC-BXDQ30PE
2599,Apex Procurement 2599,Portland,South Korea,Manufacturer,7,3.9,LSC-Y257WUQQ
2600,Rapid Retail Supply 2600,San Jose,China,Distributor,5,3.6,LSC-VNMD8IYU
2601,Global Distributors 2601,Los Angeles,Thailand,Manufacturer,23,3.4,LSC-N3DN1GZC
2602,Metro Retail Supply 2602,Boston,USA,Distributor,22,3.7,LSC-SZJKNZ2K
2603,Rapid Wholesale 2603,San Francisco,South Korea,Manufacturer,20,3.0,LSC-4QX495AJ
2604,Apex Supply 2604,Philadelphia,Mexico,Distributor,19,4.7,LSC-LF7GDXFA
2605,Summit Retail Supply 2605,Chicago,Japan,Manufacturer,5,3.9,LSC-S50AV7H4
2606,Vertex Enterprises 2606,Miami,Germany,Manufacturer,29,3.9,LSC-3CQBHEYY
2607,East Supply 2607,Denver,Mexico,Wholesaler,29,4.5,LSC-YSQRRBJV
2608,Summit Retail Supply 2608,San Jose,Mexico,Wholesaler,6,4.7,LSC-DUPX06LB
2609,West Industrial 2609,Seattle,USA,Distributor,22,3.3,LSC-VO2Y93FM
2610,Blue Trading 2610,Denver,Mexico,Wholesaler,14,,LSC-747X202V
2611,Rapid Supply 2611,Los Angeles,Thailand,Wholesaler,17,3.4,LSC-P050ORNE
2612,Summit Distributors 2612,Philadelphia,Japan,Manufacturer,25,3.7,LSC-S7KQI5WW
2613,Quantum Partners 2613,Boston,South Korea,Wholesaler,8,3.8,LSC-NVV1GFBC
2614,Metro Supply 2614,Austin,India,Distributor,30,3.1,LSC-XENRUU8U
2615,Metro Procurement 2615,Atlanta,Japan,Manufacturer,23,2.6,LSC-WITUBXTS
2616,West Procurement 2616,Atlanta,Japan,Manufacturer,9,3.3,LSC-LPGEY18J
2617,East Distributors 2617,Houston,Canada,Manufacturer,7,3.9,LSC-O4VKNQUF
2618,Summit Wholesale 2618,Nashville,USA,Manufacturer,9,2.7,LSC-XSM72UJZ
2619,South Procurement 2619,Los Angeles,Germany,Wholesaler,12,3.3,LSC-RX02UQH6
2620,Evergreen Trading 2620,Boston,Thailand,Manufacturer,22,3.3,LSC-MSZCLM4F
2621,South Wholesale 2621,Los Angeles,China,Wholesaler,21,3.2,LSC-B2NZNX9G
2622,Nova Trading 2622,Seattle,USA,Wholesaler,20,2.8,LSC-T6293TLO
2623,Nova Trading 2623,Nashville,Mexico,Distributor,22,4.8,LSC-JD2CK42V
2624,Nova Enterprises 2624,Seattle,China,Distributor,13,3.2,LSC-VE8DSCTX
2625,North Enterprises 2625,Portland,Mexico,Distributor,22,2.8,LSC-815VN8LT
2626,East Distributors 2626,Houston,Mexico,Distributor,4,3.3,LSC-R4KNBD9O
2627,Apex Retail Supply 2627,Dallas,Canada,Manufacturer,11,4.6,LSC-MLOF683M
2628,Nova Retail Supply 2628,Portland,India,Distributor,24,4.2,LSC-FIKR41IK
2629,Nova Retail Supply 2629,Austin,India,Manufacturer,3,4.8,LSC-273JYZBB
2630,United Enterprises 2630,San Jose,Japan,Wholesaler,29,5.0,LSC-BU1DGEJ1
2631,Vertex Wholesale 2631,New York,China,Manufacturer,7,2.9,LSC-WRONBVPX
2632,Vertex Partners 2632,San Francisco,Japan,Distributor,10,2.8,LSC-HHO0AS9V
2633,Vertex Procurement 2633,Charlotte,USA,Manufacturer,24,4.4,LSC-LEXDNRGC
2634,Quantum Wholesale 2634,Boston,Germany,Wholesaler,20,2.9,LSC-DVEYXFUV
2635,East Distributors 2635,Boston,Germany,Manufacturer,5,3.2,LSC-1HSNZ6UU
2636,Evergreen Wholesale 2636,Charlotte,China,Wholesaler,12,2.9,LSC-633BQ6FW
2637,East Logistics 2637,Boston,Vietnam,Manufacturer,15,4.0,LSC-S8ONKCTQ
2638,Blue Trading 2638,Austin,Germany,Distributor,16,,LSC-LVDO8YU9
2639,Quantum Trading 2639,Phoenix,India,Wholesaler,25,2.8,LSC-X6DCLEDO
2640,Apex Trading 2640,Boston,Japan,Wholesaler,7,,LSC-790F00JG
2641,Elite Industrial 2641,Chicago,Germany,Wholesaler,22,3.1,LSC-2AFI41JI
2642,North Industrial 2642,Los Angeles,Japan,Manufacturer,28,3.6,LSC-NLE7H97X
2643,West Retail Supply 2643,Austin,Vietnam,Wholesaler,17,3.3,LSC-8Z6R5CQM
2644,Evergreen Supply 2644,New York,India,Manufacturer,9,4.6,LSC-Z5NCY31Z
2645,West Wholesale 2645,Boston,Japan,Wholesaler,27,3.7,LSC-9MGM5P39
2646,Metro Enterprises 2646,Dallas,Canada,Distributor,17,5.0,LSC-P01ZULGT
2647,Blue Partners 2647,Dallas,Japan,Manufacturer,27,4.8,LSC-U6X8W1QX
2648,East Supply 2648,Philadelphia,Germany,Wholesaler,30,5.0,LSC-7JXI6QXC
2649,Rapid Enterprises 2649,Atlanta,Japan,Manufacturer,4,4.6,LSC-0YVYXLLQ
2650,Prime Procurement 2650,New York,India,Wholesaler,28,3.7,LSC-4XRN0T1K
2651,Evergreen Enterprises 2651,Portland,China,Manufacturer,21,4.5,LSC-O2QSZO1I
2652, Global Procurement 2652 ,Nashville,Germany,Wholesaler,13,2.7,LSC-2JKM0FNL
2653,Blue Trading 2653,Seattle,South Korea,Wholesaler,24,2.6,LSC-LCKUHYD0
2654,Blue Supply 2654,Portland,Vietnam,Wholesaler,15,3.7,LSC-MY93POMV
2655,Quantum Supply 2655,Miami,Vietnam,Distributor,4,3.7,LSC-R7FIE5RS
2656,South Supply 2656,Seattle,Vietnam,Wholesaler,30,4.9,LSC-YH3ESP55
2657,United Procurement 2657,Boston,South Korea,Wholesaler,23,3.6,LSC-Y058E6PL
2658,North Trading 2658,Philadelphia,South Korea,Manufacturer,30,4.5,LSC-CL4H9DAT
2659,Elite Wholesale 2659,Atlanta,Germany,Distributor,3,4.5,LSC-0M85YAI7
2660,Blue Partners 2660,New York,Germany,Wholesaler,9,4.3,LSC-K8ZY7ESK
2661,Nova Supply 2661,Columbus,Canada,Wholesaler,4,3.6,LSC-EJPPTTXW
2662,Apex Distributors 2662,Boston,Vietnam,Distributor,20,4.0,LSC-R6AX8KXX
2663,Nova Trading 2663,Seattle,India,Wholesaler,11,3.3,LSC-DOCBA4AA
2664,Evergreen Distributors 2664,Seattle,Mexico,Manufacturer,5,3.1,LSC-N8QKBR9F
2665,Summit Trading 2665,Portland,Thailand,Manufacturer,13,3.6,LSC-4YEDN2Z2
2666,West Partners 2666,Detroit,Vietnam,Distributor,17,3.6,LSC-075HRXEH
2667,Vertex Partners 2667,Nashville,Mexico,Distributor,9,4.0,LSC-X2BSIJEJ
2668,Quantum Partners 2668,Charlotte,Germany,Manufacturer,18,4.5,LSC-D0Q0KT6B
2669,Elite Logistics 2669,Los Angeles,Canada,Wholesaler,9,,LSC-2MRLLGU1
2670,Quantum Trading 2670,Austin,India,Distributor,25,2.9,LSC-NKLGIGCU
2671,Nova Supply 2671,Charlotte,Mexico,Distributor,9,3.8,LSC-46A908CM
2672,South Partners 2672,Miami,USA,Wholesaler,7,2.6,LSC-6MXZ1YJ7
2673,Prime Industrial 2673,San Jose,USA,Distributor,24,4.0,LSC-OQ85T27F
2674,Summit Distributors 2674,Los Angeles,Thailand,Wholesaler,25,2.6,LSC-2YAJ1WR8
2675,Blue Wholesale 2675,Boston,Vietnam,Distributor,14,2.8,LSC-PYTA7D58
2676, Evergreen Partners 2676 ,Charlotte,Japan,Wholesaler,15,3.7,LSC-SJJ8EK38
2677, Prime Logistics 2677 ,Nashville,India,Distributor,19,3.5,LSC-C29SQAIL
2678,Prime Logistics 2678,Boston,Japan,Manufacturer,9,4.5,LSC-BILNPT95
2679,Nova Enterprises 2679,Los Angeles,Mexico,Distributor,26,3.0,LSC-1J8SDQW5
2680,East Enterprises 2680,Nashville,USA,Manufacturer,6,3.2,LSC-4FQKSD7G
2681,Vertex Partners 2681,Charlotte,India,Manufacturer,26,4.9,LSC-II37Y3D2
2682,Apex Industrial 2682,Denver,Germany,Distributor,21,2.7,LSC-3CII1J0F
2683, Elite Industrial 2683 ,Boston,South Korea,Distributor,2,4.9,LSC-22LNL5YH
2684,Vertex Procurement 2684,Miami,Japan,Distributor,5,4.1,LSC-E46XAAD0
2685,Metro Supply 2685,Los Angeles,India,Distributor,13,4.7,LSC-G9LF52P9
2686,United Procurement 2686,Seattle,Mexico,Wholesaler,19,3.2,LSC-E1E3DYYW
2687,Evergreen Logistics 2687,Phoenix,Mexico,Manufacturer,15,4.5,LSC-DJ3LP15T
2688,Summit Retail Supply 2688,San Jose,Mexico,Wholesaler,6,4.3,LSC-WCD4U4LB
2689,Metro Wholesale 2689,Seattle,India,Manufacturer,13,3.9,LSC-V3SY80W5
2690,Apex Partners 2690,San Jose,Mexico,Manufacturer,2,3.3,LSC-7RBRXDY6
2691,South Trading 2691,Denver,China,Wholesaler,10,4.5,LSC-36MKZRRK
2692,Nova Enterprises 2692,Austin,Mexico,Wholesaler,10,4.5,LSC-ILKBPNTS
2693,Summit Retail Supply 2693,Boston,Mexico,Distributor,19,3.6,LSC-8YNNHQI5
2694,Rapid Logistics 2694,Austin,Vietnam,Distributor,2,4.0,LSC-FA4AFM3M
2695,Metro Enterprises 2695,Charlotte,Thailand,Distributor,3,2.7,LSC-PU943FWJ
2696,Global Industrial 2696,Nashville,South Korea,Manufacturer,6,3.5,LSC-EY6DRHY1
2697,Metro Wholesale 2697,Denver,Germany,Manufacturer,3,4.1,LSC-IYYVIWST
2698,Nova Wholesale 2698,Detroit,Mexico,Distributor,19,3.9,LSC-F7P2R6U0
2699,Quantum Logistics 2699,Portland,Germany,Wholesaler,24,4.4,LSC-MW405G00
2700,West Logistics 2700,Phoenix,Canada,Manufacturer,16,4.3,LSC-TEFY6FVH
2701,Summit Industrial 2701,Austin,Germany,Distributor,5,3.7,LSC-7JBX9K7M
2702,Rapid Distributors 2702,Chicago,India,Wholesaler,7,3.9,LSC-ICEAAE5E
2703,Apex Supply 2703,Philadelphia,South Korea,Manufacturer,26,4.1,LSC-YMM2798P
2704,North Industrial 2704,Philadelphia,Germany,Wholesaler,27,3.2,LSC-HHZH139Q
2705,Summit Industrial 2705,San Jose,USA,Distributor,8,4.0,LSC-1UC8EANR
2706,Apex Distributors 2706,Miami,India,Wholesaler,8,4.7,LSC-W8ZN5XN2
2707,Quantum Trading 2707,Philadelphia,India,Distributor,4,3.4,LSC-MI8MAUHU
2708,United Supply 2708,Nashville,Canada,Distributor,13,2.6,LSC-W4Q46DER
2709,Metro Logistics 2709,Chicago,India,Manufacturer,25,,LSC-M61YQ6NX
2710,Global Partners 2710,Phoenix,Mexico,Manufacturer,15,,LSC-AVQGUWDF
2711,Blue Partners 2711,Nashville,Mexico,Distributor,29,4.4,LSC-KGVXLOBI
2712,Vertex Procurement 2712,Portland,South Korea,Manufacturer,26,4.7,LSC-SQMQQWHH
2713,East Partners 2713,Los Angeles,Mexico,Distributor,27,3.6,LSC-AV7QA80E
2714,United Supply 2714,Los Angeles,Japan,Wholesaler,16,3.8,LSC-TRMZRMT8
2715,Global Enterprises 2715,San Francisco,Canada,Distributor,20,4.4,LSC-KBW6GIOK
2716,Elite Wholesale 2716,Detroit,China,Wholesaler,7,3.8,LSC-8D6KYB27
2717,Nova Procurement 2717,Los Angeles,South Korea,Wholesaler,23,4.9,LSC-JOD5JGK5
2718,Evergreen Distributors 2718,Charlotte,Canada,Manufacturer,27,4.7,LSC-81NJBUYY
2719,North Enterprises 2719,San Jose,Canada,Distributor,25,4.6,LSC-768TQW8D
2720, Elite Retail Supply 2720 ,Detroit,Japan,Distributor,22,2.9,LSC-P8SWXQWL
2721,South Industrial 2721,Los Angeles,USA,Distributor,4,4.9,LSC-KH4PJYV9
2722,Nova Trading 2722,Detroit,Mexico,Distributor,19,2.5,LSC-PKRVOCSQ
2723,Elite Enterprises 2723,Dallas,Germany,Distributor,15,4.7,LSC-6FB818Y8
2724,Apex Industrial 2724,Seattle,China,Wholesaler,12,4.4,LSC-EN699FIA
2725,Quantum Industrial 2725,San Jose,China,Wholesaler,29,3.9,LSC-2EIZG1NA
2726,Global Procurement 2726,Philadelphia,China,Distributor,27,3.8,LSC-OVZHH6C6
2727,United Retail Supply 2727,San Francisco,Canada,Manufacturer,22,3.0,LSC-VL0TWY9P
2728,South Supply 2728,Philadelphia,Mexico,Wholesaler,27,2.6,LSC-BR7DKI5B
2729,Prime Logistics 2729,Nashville,South Korea,Distributor,4,4.3,LSC-X96KNPXW
2730,Elite Trading 2730,San Jose,China,Manufacturer,24,3.6,LSC-GCMRRKAL
2731,Rapid Partners 2731,Charlotte,South Korea,Wholesaler,15,2.8,LSC-F10LJRNI
2732,Vertex Logistics 2732,Houston,China,Manufacturer,25,4.3,LSC-SQPZYGWE
2733,United Enterprises 2733,Nashville,Vietnam,Distributor,28,4.5,LSC-63FL2AZE
2734,Summit Supply 2734,Boston,Canada,Manufacturer,24,3.2,LSC-S7MQ2C3Y
2735,Blue Industrial 2735,Austin,Vietnam,Distributor,14,2.5,LSC-LT4U6O3L
2736,South Retail Supply 2736,Philadelphia,Japan,Distributor,27,4.5,LSC-81ONRPOJ
2737,Elite Supply 2737,Columbus,Canada,Distributor,13,2.8,LSC-S0MXVL57
2738,Vertex Industrial 2738,Denver,China,Wholesaler,3,3.2,LSC-WSTVS9QK
2739,Nova Wholesale 2739,Dallas,Thailand,Wholesaler,2,3.6,LSC-YTYOVVT2
2740,United Partners 2740,Charlotte,Vietnam,Wholesaler,27,4.2,LSC-BNRK4PVI
2741,Vertex Logistics 2741,Atlanta,India,Wholesaler,3,3.0,LSC-TGU6IAC7
2742,East Logistics 2742,New York,Vietnam,Distributor,14,3.4,LSC-SLSLEKFO
2743,Quantum Distributors 2743,Miami,China,Manufacturer,8,3.5,LSC-QJQ8HCQU
2744,Metro Partners 2744,Detroit,USA,Distributor,24,4.8,LSC-XL886P5X
2745,Metro Partners 2745,Nashville,India,Distributor,13,4.3,LSC-0PJQTF8N
2746,Prime Distributors 2746,Portland,China,Manufacturer,21,4.4,LSC-916PJPVW
2747,North Wholesale 2747,Nashville,Canada,Distributor,8,3.5,LSC-57KP44RV
2748,Metro Retail Supply 2748,Philadelphia,Japan,Distributor,20,4.3,LSC-V9D5E93R
2749,Vertex Enterprises 2749,Los Angeles,USA,Wholesaler,23,4.5,LSC-W4054G8Q
2750,Blue Wholesale 2750,Houston,Canada,Wholesaler,26,4.7,LSC-NCBJM2GK
2751,Nova Retail Supply 2751,Dallas,USA,Wholesaler,6,2.6,LSC-OPH2V9MS
2752,Evergreen Trading 2752,Phoenix,Mexico,Distributor,14,2.8,LSC-IT8ABRL4
2753,East Logistics 2753,Chicago,China,Wholesaler,23,3.2,LSC-FFKK1MRN
2754,Metro Trading 2754,Dallas,India,Manufacturer,18,2.6,LSC-V7U2AJA7
2755,Metro Distributors 2755,New York,Germany,Wholesaler,21,2.5,LSC-RYGYZI71
2756,West Industrial 2756,Atlanta,Thailand,Wholesaler,17,3.6,LSC-MPCEM8ML
2757,Blue Logistics 2757,Detroit,Mexico,Manufacturer,5,2.9,LSC-OPMYU2U5
2758,Nova Wholesale 2758,Detroit,Mexico,Distributor,24,2.6,LSC-ECCXHJ4W
2759,Prime Retail Supply 2759,Dallas,Vietnam,Wholesaler,17,4.0,LSC-09XLGKQG
2760,Vertex Wholesale 2760,Portland,Mexico,Distributor,29,4.0,LSC-BQEVFPVU
2761,Rapid Procurement 2761,Detroit,Japan,Manufacturer,23,4.8,LSC-82D0PY9B
2762,Elite Procurement 2762,Portland,China,Manufacturer,4,2.6,LSC-Z4GJHJJ3
2763,North Enterprises 2763,Chicago,USA,Distributor,10,2.9,LSC-Y9ZWQF78
2764,Elite Partners 2764,Atlanta,Canada,Distributor,12,2.9,LSC-S4S5QTYD
2765,Metro Trading 2765,Columbus,Canada,Distributor,26,3.4,LSC-BBBCPWFS
2766,North Industrial 2766,Detroit,Germany,Wholesaler,30,3.3,LSC-OTEFX8XI
2767,Nova Retail Supply 2767,Seattle,China,Manufacturer,9,3.0,LSC-KNX8Y4T7
2768,Vertex Procurement 2768,Boston,Mexico,Distributor,25,3.5,LSC-HELH913S
2769, Blue Industrial 2769 ,Austin,USA,Distributor,20,4.2,LSC-M3MULOB7
2770, United Trading 2770 ,Detroit,USA,Manufacturer,25,3.3,LSC-G40SWDUG
2771,Summit Procurement 2771,Chicago,USA,Distributor,25,,LSC-M7W4HXIO
2772,Prime Logistics 2772,Chicago,Vietnam,Manufacturer,11,2.9,LSC-PHG4BC2F
2773,Summit Distributors 2773,New York,Japan,Manufacturer,21,4.4,LSC-N1L9GFVN
2774,Vertex Logistics 2774,Nashville,Japan,Distributor,14,4.7,LSC-UA2YY3HB
2775,South Partners 2775,Seattle,South Korea,Wholesaler,23,5.0,LSC-KRQWB9SL
2776,Elite Retail Supply 2776,Austin,Canada,Wholesaler,14,4.0,LSC-YH73YULS
2777,East Wholesale 2777,Denver,Canada,Manufacturer,30,4.3,LSC-TMG2PU2N
2778,Summit Trading 2778,Phoenix,Japan,Manufacturer,12,3.6,LSC-3RWK3OTZ
2779,Apex Industrial 2779,Los Angeles,China,Manufacturer,25,4.2,LSC-QGYIW59O
2780,Blue Supply 2780,Denver,Vietnam,Wholesaler,5,4.8,LSC-K0NT95OS
2781,Elite Partners 2781,San Jose,South Korea,Distributor,17,4.9,LSC-WG8V961Y
2782, Rapid Distributors 2782 ,San Jose,Mexico,Distributor,15,4.1,LSC-L2IKBUTZ
2783,United Distributors 2783,Columbus,Mexico,Distributor,9,3.9,LSC-EUGQV2X2
2784,Metro Industrial 2784,Philadelphia,USA,Manufacturer,21,4.9,LSC-I8TA15F2
2785,Vertex Retail Supply 2785,Seattle,Thailand,Manufacturer,5,3.8,LSC-NBWIDFCH
2786,Elite Trading 2786,Chicago,Mexico,Manufacturer,11,4.4,LSC-VGGBIT6R
2787,Prime Distributors 2787,Dallas,India,Wholesaler,21,3.4,LSC-A4IXQWOU
2788,Global Supply 2788,New York,Germany,Distributor,24,2.8,LSC-U908NM8H
2789,Apex Logistics 2789,Boston,India,Manufacturer,18,3.1,LSC-92S2E6LZ
2790,Evergreen Retail Supply 2790,Portland,South Korea,Distributor,5,2.8,LSC-9CZTARTG
2791,Prime Logistics 2791,Los Angeles,China,Wholesaler,3,4.1,LSC-X0S4T0KZ
2792,Blue Wholesale 2792,Seattle,Japan,Distributor,7,2.8,LSC-XANVZGZT
2793,Summit Procurement 2793,Dallas,USA,Distributor,24,3.6,LSC-FF55DEPU
2794,Evergreen Wholesale 2794,San Jose,India,Distributor,30,4.4,LSC-GNYD1OSE
2795,North Industrial 2795,Columbus,India,Manufacturer,15,4.3,LSC-8ALLS51P
2796, United Supply 2796 ,Dallas,Japan,Distributor,7,2.6,LSC-UDY7MXA8
2797,Global Procurement 2797,Seattle,Mexico,Manufacturer,4,4.0,LSC-KCXALLSS
2798,Apex Partners 2798,Boston,Vietnam,Distributor,15,4.8,LSC-QIRJQR0U
2799,United Supply 2799,Detroit,South Korea,Wholesaler,14,3.2,LSC-KB7IL6D6
2800,South Wholesale 2800,Detroit,Japan,Wholesaler,22,4.0,LSC-P7EGA4TI
2801,Global Procurement 2801,Houston,South Korea,Manufacturer,4,4.4,LSC-CGA64TCW
2802,Prime Procurement 2802,New york ,Canada,Manufacturer,7,3.3,LSC-OCYW34RC
2803,Vertex Industrial 2803,Los Angeles,South Korea,Wholesaler,23,3.5,LSC-T74U6U8W
2804,Vertex Wholesale 2804,Miami,India,Distributor,28,2.6,LSC-0VLKY7TX
2805,Blue Enterprises 2805,Los Angeles,Germany,Distributor,5,2.7,LSC-143MO2OP
2806,Vertex Enterprises 2806,San Francisco,USA,Distributor,6,3.2,LSC-OBRU2QLC
2807,West Industrial 2807,Los Angeles,Japan,Wholesaler,6,4.7,LSC-XTJ98KSF
2808,South Wholesale 2808,San Francisco,USA,Wholesaler,29,3.0,LSC-FWMVYTSU
2809,United Procurement 2809,San Jose,South Korea,Manufacturer,17,2.9,LSC-QGV8H0Z6
2810,Global Wholesale 2810,Miami,South Korea,Manufacturer,2,4.7,LSC-WUOPZ2LN
2811,Evergreen Logistics 2811,Phoenix,China,Manufacturer,23,,LSC-VI0OYEIC
2812,North Industrial 2812,Austin,Canada,Wholesaler,7,4.5,LSC-FI953467
2813,Apex Supply 2813,Houston,USA,Manufacturer,15,3.6,LSC-I2EYENYJ
2814,Quantum Wholesale 2814,Charlotte,Germany,Distributor,8,3.5,LSC-2TP5HQKJ
2815,Rapid Distributors 2815,Boston,China,Wholesaler,8,3.2,LSC-KFCQJUKU
2816,West Logistics 2816,Dallas,Germany,Wholesaler,26,4.5,LSC-WTK41NS6
2817,Vertex Wholesale 2817,Portland,India,Wholesaler,5,2.8,LSC-6JRV6XKV
2818,East Industrial 2818,Dallas,Thailand,Wholesaler,10,3.6,LSC-HH6W5NX3
2819,Rapid Trading 2819,New York,USA,Manufacturer,3,3.7,LSC-3J9X2HK5
2820,Apex Trading 2820,Los Angeles,Thailand,Wholesaler,12,4.9,LSC-3UJ09ASF
2821,Elite Logistics 2821,Atlanta,USA,Manufacturer,25,3.7,LSC-X3NGHB3C
2822,Nova Retail Supply 2822,New York,China,Distributor,15,3.6,LSC-0O0N5WIQ
2823,Evergreen Enterprises 2823,Houston,Vietnam,Distributor,30,4.5,LSC-22SR8WNA
2824,Vertex Logistics 2824,Detroit,China,Wholesaler,4,3.4,LSC-ADFA0GOA
2825,Nova Supply 2825,Dallas,Vietnam,Distributor,17,2.9,LSC-7WO948WE
2826,Apex Supply 2826,Columbus,Japan,Manufacturer,14,4.7,LSC-JZTFBQON
2827,South Partners 2827,Miami,Mexico,Manufacturer,7,2.6,LSC-CCD4EOXI
2828,West Wholesale 2828,Atlanta,Mexico,Wholesaler,24,4.6,LSC-7C9UGZ40
2829, Nova Industrial 2829 ,San Francisco,India,Wholesaler,23,3.7,LSC-P66ZVGIM
2830,West Industrial 2830,Nashville,China,Wholesaler,17,4.2,LSC-VT3OPQZD
2831,Rapid Enterprises 2831,Seattle,Thailand,Wholesaler,21,3.2,LSC-YDAK4U9M
2832,North Supply 2832,Phoenix,Thailand,Distributor,18,3.4,LSC-TOWNZ4PM
2833,South Retail Supply 2833,New York,Thailand,Wholesaler,17,3.3,LSC-CGCSEFEL
2834,Evergreen Distributors 2834,San Jose,Thailand,Distributor,2,4.7,LSC-EJUCM2WL
2835,Rapid Trading 2835,San Francisco,China,Distributor,7,4.5,LSC-XQQ0VBQ6
2836,Rapid Procurement 2836,Detroit,Japan,Distributor,30,3.1,LSC-5J32M7FC
2837,Apex Procurement 2837,Columbus,Germany,Manufacturer,28,3.2,LSC-QVXCRLGF
2838,West Enterprises 2838,Dallas,Mexico,Distributor,21,3.2,LSC-Y4P5HWRY
2839,Prime Wholesale 2839,Los Angeles,Canada,Manufacturer,28,3.1,LSC-SJPCJDUC
2840,Summit Logistics 2840,Phoenix,India,Distributor,15,3.9,LSC-L6HZMZH7
2841,West Retail Supply 2841,Atlanta,South Korea,Wholesaler,12,2.9,LSC-KCEPGJSF
2842,Elite Trading 2842,Seattle,China,Manufacturer,10,4.7,LSC-CSRRQSX6
2843,Metro Trading 2843,San Jose,Germany,Manufacturer,3,3.2,LSC-ZWR22BI9
2844,United Supply 2844,San Jose,Japan,Manufacturer,28,3.4,LSC-KTKP2PXY
2845,Metro Distributors 2845,Atlanta,South Korea,Manufacturer,17,4.8,LSC-T0YCU7R9
2846,North Industrial 2846,Detroit,India,Wholesaler,27,3.7,LSC-IO1QLML5
2847,Metro Logistics 2847,San Jose,USA,Wholesaler,5,4.0,LSC-3ZH1ZDBN
2848,Metro Enterprises 2848,San Francisco,South Korea,Wholesaler,13,3.0,LSC-3T0EYG8C
2849,Rapid Distributors 2849,Boston,Thailand,Manufacturer,22,3.8,LSC-M2QFJP2P
2850,Elite Industrial 2850,Boston,Mexico,Distributor,24,2.8,LSC-WE3LSPD7
2851,North Logistics 2851,Columbus,Vietnam,Distributor,9,4.3,LSC-JEZ4UIGK
2852,North Enterprises 2852,San Francisco,China,Wholesaler,28,3.7,LSC-GGBI28SH
2853,South Distributors 2853,Dallas,Japan,Manufacturer,13,3.9,LSC-TT1VDY3V
2854,Evergreen Enterprises 2854,Denver,Mexico,Manufacturer,4,,LSC-0WCZVL3X
2855,Evergreen Logistics 2855,Charlotte,South Korea,Distributor,10,4.4,LSC-F3AJ8G59
2856,East Retail Supply 2856,Philadelphia,USA,Manufacturer,19,3.4,LSC-J62SQRY1
2857,Blue Logistics 2857,Austin,Germany,Manufacturer,16,4.8,LSC-0W1PFXMB
2858,Summit Partners 2858,New York,Germany,Distributor,3,,LSC-LCRZ3RJ4
2859,Prime Trading 2859,Houston,India,Wholesaler,15,2.7,LSC-XARW20NJ
2860,West Procurement 2860,Dallas,Vietnam,Distributor,17,3.4,LSC-XZZXHEUO
2861,East Procurement 2861,Chicago,Germany,Manufacturer,13,4.2,LSC-P5SSM0DL
2862,North Retail Supply 2862,Chicago,India,Distributor,29,3.6,LSC-UUKBI7IJ
2863,Global Procurement 2863,Nashville,Vietnam,Distributor,30,3.4,LSC-EO5CHM9G
2864,Nova Procurement 2864,Chicago,India,Wholesaler,18,2.9,LSC-OOVCFZ6Q
2865,Evergreen Partners 2865,Austin,South Korea,Manufacturer,20,3.7,LSC-KR1SVOHU
2866,United Supply 2866,Denver,USA,Distributor,7,3.7,LSC-BZN59GMU
2867,Vertex Retail Supply 2867,Miami,South Korea,Distributor,6,3.1,LSC-7EKVZARH
2868,Blue Enterprises 2868,Chicago,South Korea,Wholesaler,20,4.6,LSC-5I9X4NM3
2869,Global Retail Supply 2869,Phoenix,South Korea,Wholesaler,7,,LSC-OMQXMQO0
2870,Apex Enterprises 2870,San Jose,Mexico,Distributor,11,4.5,LSC-AKA9B4FH
2871,Metro Wholesale 2871,Boston,South Korea,Manufacturer,26,3.8,LSC-ZKZN0LYI
2872,Quantum Retail Supply 2872,Chicago,Germany,Wholesaler,5,3.9,LSC-YF84TYP3
2873,Quantum Partners 2873,Charlotte,Canada,Wholesaler,6,4.2,LSC-UHXXCDXF
2874,Vertex Industrial 2874,Philadelphia,Germany,Distributor,27,4.0,LSC-3HONIX7K
2875,Apex Partners 2875,Chicago,South Korea,Distributor,22,3.1,LSC-O4UKAHYV
2876,Apex Enterprises 2876,Miami,Canada,Manufacturer,2,,LSC-RHWH0XFJ
2877,Quantum Wholesale 2877,Detroit,USA,Wholesaler,24,3.3,LSC-QDWB32IN
2878,East Industrial 2878,Columbus,China,Manufacturer,3,3.6,LSC-CZ1LK4KT
2879,Vertex Partners 2879,Denver,USA,Wholesaler,7,4.5,LSC-VSS666CE
2880,South Industrial 2880,Philadelphia,Japan,Manufacturer,15,3.2,LSC-DOD4P4E6
2881,Apex Wholesale 2881,Austin,Mexico,Distributor,5,4.6,LSC-XXZU368U
2882,Nova Enterprises 2882,Boston,China,Wholesaler,8,4.2,LSC-0J4Q495C
2883,United Partners 2883,Columbus,Thailand,Wholesaler,29,3.6,LSC-WA05B64Z
2884,Rapid Retail Supply 2884,Detroit,Germany,Wholesaler,18,3.0,LSC-8UX01811
2885,Elite Supply 2885,Houston,South Korea,Distributor,20,4.5,LSC-DWBNULIB
2886,East Industrial 2886,Columbus,South Korea,Manufacturer,3,5.0,LSC-PAF667ZT
2887,Blue Distributors 2887,Dallas,India,Distributor,2,4.4,LSC-UP4PHFAX
2888,United Logistics 2888,Miami,Germany,Distributor,18,3.1,LSC-6NRQDWAO
2889,Quantum Industrial 2889,Boston,Japan,Wholesaler,28,4.7,LSC-GORLOQVC
2890,Nova Enterprises 2890,New York,Japan,Wholesaler,20,4.9,LSC-9JPTT0IX
2891,Rapid Partners 2891,San Jose,Mexico,Wholesaler,15,3.8,LSC-CFHD82P5
2892,Summit Procurement 2892,Miami,USA,Distributor,17,4.4,LSC-6YUSL42N
2893,Quantum Enterprises 2893,Detroit,Canada,Manufacturer,26,4.3,LSC-BCUC6BHS
2894,Quantum Logistics 2894,Austin,Canada,Wholesaler,16,4.8,LSC-ZW0K41IU
2895,Prime Partners 2895,Portland,USA,Manufacturer,10,2.8,LSC-DT8NCHD8
2896, Rapid Logistics 2896 ,Phoenix,Mexico,Wholesaler,23,3.9,LSC-J2GWD8UB
2897,Rapid Enterprises 2897,Boston,India,Wholesaler,29,4.4,LSC-UFUCGUW0
2898,Prime Trading 2898,Phoenix,Mexico,Manufacturer,9,3.9,LSC-ZY9OP9NF
2899,East Enterprises 2899,San Francisco,Vietnam,Wholesaler,30,5.0,LSC-CH8LXU3Q
2900,Metro Partners 2900,Detroit,Canada,Manufacturer,11,3.2,LSC-ZGTSOF1X
2901,South Supply 2901,Dallas,South Korea,Manufacturer,14,4.4,LSC-IGAE7UTE
2902,United Distributors 2902,Chicago,South Korea,Wholesaler,28,3.7,LSC-OM3OQCEZ
2903,Summit Supply 2903,Atlanta,Germany,Manufacturer,3,4.8,LSC-T9P2JMW6
2904,United Supply 2904,Seattle,China,Manufacturer,15,2.5,LSC-PTD5G1Q7
2905,Elite Procurement 2905,San Francisco,Vietnam,Manufacturer,26,4.7,LSC-C7K4RJNY
2906,Evergreen Procurement 2906,Atlanta,Vietnam,Manufacturer,16,3.4,LSC-GPK3Y8SF
2907,Quantum Wholesale 2907,Charlotte,Japan,Distributor,22,4.6,LSC-V8Z3ND73
2908,Quantum Retail Supply 2908,Philadelphia,Germany,Wholesaler,30,3.1,LSC-I5CQKP9X
2909,Prime Retail Supply 2909,Columbus,Japan,Manufacturer,2,4.9,LSC-TSHCUJLC
2910,West Procurement 2910,San Jose,Mexico,Wholesaler,15,2.6,LSC-7K0MHIHT
2911,Summit Trading 2911,Boston,USA,Wholesaler,21,4.9,LSC-MKLBC550
2912,East Wholesale 2912,Austin,Mexico,Manufacturer,8,3.8,LSC-AX28906Q
2913,Elite Distributors 2913,San Jose,South Korea,Wholesaler,25,4.2,LSC-1ZY6N78J
2914,North Wholesale 2914,Seattle,USA,Wholesaler,22,3.7,LSC-HUXKUP5G
2915,East Distributors 2915,Nashville,Canada,Wholesaler,29,3.0,LSC-EVGUK1ZG
2916,United Wholesale 2916,San Jose,Canada,Distributor,26,4.2,LSC-514GIU5D
2917,East Procurement 2917,Miami,Thailand,Distributor,12,3.4,LSC-CTFTT7IJ
2918,Global Supply 2918,Atlanta,Germany,Wholesaler,13,3.5,LSC-B6FFRLKW
2919,Evergreen Industrial 2919,Nashville,Germany,Manufacturer,28,4.4,LSC-8MD3SZXD
2920,Summit Procurement 2920,Los Angeles,China,Distributor,18,3.5,LSC-4OTN8HPB
2921,East Partners 2921,Dallas,China,Distributor,8,2.6,LSC-GNPS2XO7
2922,Metro Retail Supply 2922,Seattle,Thailand,Wholesaler,4,3.5,LSC-I4KBQ08F
2923,Global Trading 2923,Seattle,Vietnam,Manufacturer,24,,LSC-LB3K5RUW
2924,North Trading 2924,Miami,China,Distributor,29,4.1,LSC-I9B7C8DO
2925,Elite Retail Supply 2925,Dallas,Vietnam,Distributor,26,4.9,LSC-SNLC1TLW
2926,Elite Wholesale 2926,Dallas,Germany,Distributor,30,3.9,LSC-C4WSSCN9
2927,North Supply 2927,Los Angeles,China,Manufacturer,7,4.7,LSC-6KVWPWMS
2928,Blue Retail Supply 2928,Phoenix,South Korea,Wholesaler,30,3.3,LSC-CANRTLQ7
2929,Summit Distributors 2929,Charlotte,South Korea,Distributor,13,2.6,LSC-GYFHSHJJ
2930,Global Industrial 2930,Chicago,India,Wholesaler,27,2.7,LSC-7Y1WNGXA
2931,Rapid Supply 2931,Charlotte,China,Manufacturer,15,3.6,LSC-JM7X1RCQ
2932,Quantum Procurement 2932,Miami,Vietnam,Distributor,25,4.5,LSC-G75ZK1GA
2933,Apex Partners 2933,Columbus,Thailand,Wholesaler,4,3.4,LSC-XBV9MDPO
2934,Global Distributors 2934,Dallas,Vietnam,Wholesaler,15,4.0,LSC-F841RIZK
2935,Vertex Trading 2935,Portland,Germany,Wholesaler,11,3.1,LSC-I81N0GJO
2936,Summit Trading 2936,Columbus,Vietnam,Distributor,9,3.8,LSC-KB6884RO
2937,Nova Trading 2937,Portland,South Korea,Manufacturer,20,4.0,LSC-F010AIAO
2938,Nova Distributors 2938,Boston,India,Wholesaler,19,3.5,LSC-IEXS3LC3
2939,East Industrial 2939,Houston,Thailand,Manufacturer,12,4.0,LSC-4EEHRDWR
2940,Evergreen Logistics 2940,Philadelphia,China,Wholesaler,20,4.2,LSC-UYQRJZBZ
2941,Rapid Retail Supply 2941,San Jose,China,Distributor,23,4.7,LSC-Y6TL71R2
2942,Elite Retail Supply 2942,Austin,Japan,Distributor,2,3.6,LSC-HNCK5QDA
2943,Blue Partners 2943,New York,China,Distributor,8,3.6,LSC-VSF4ET7W
2944,Global Logistics 2944,Seattle,India,Distributor,20,3.1,LSC-NOEVZRPE
2945,North Retail Supply 2945,Columbus,Germany,Distributor,11,4.9,LSC-7H0POSQF
2946,Vertex Trading 2946,San Francisco,Germany,Distributor,9,3.7,LSC-5F38IWA8
2947,Rapid Trading 2947,Portland,South Korea,Wholesaler,13,2.8,LSC-Z4BX9GVU
2948,South Trading 2948,Boston,India,Distributor,24,4.7,LSC-DJ3RZQL0
2949,Metro Industrial 2949,Detroit,Japan,Manufacturer,3,3.2,LSC-VWUPTVN2
2950,Quantum Enterprises 2950,Philadelphia,Germany,Manufacturer,16,,LSC-N2BHYAQ6
2951,Elite Partners 2951,Nashville,Canada,Manufacturer,5,4.8,LSC-S0KDY8LW
2952,Nova Trading 2952,Los Angeles,Canada,Wholesaler,17,4.6,LSC-626S2QQC
2953,North Enterprises 2953,Nashville,South Korea,Manufacturer,5,3.5,LSC-SGOLCBTL
2954,North Industrial 2954,Houston,Japan,Wholesaler,6,3.5,LSC-3YTC84VE
2955,West Partners 2955,Portland,Mexico,Distributor,22,4.6,LSC-S6FUYC5A
2956,East Logistics 2956,Houston,Japan,Distributor,25,4.2,LSC-YUMNQIZK
2957,South Retail Supply 2957,Seattle,Japan,Wholesaler,5,3.8,LSC-NORRE14J
2958,Blue Logistics 2958,Boston,Japan,Distributor,2,2.5,LSC-0J2NBI5E
2959,North Logistics 2959,Los Angeles,Canada,Manufacturer,16,4.4,LSC-VFO0GUXL
2960,Evergreen Wholesale 2960,Detroit,Canada,Wholesaler,8,4.4,LSC-JVR3V6N2
2961,West Trading 2961,Charlotte,Thailand,Wholesaler,15,4.1,LSC-59Q7S44Z
2962,United Industrial 2962,Chicago,South Korea,Manufacturer,3,4.6,LSC-L90FXV2Y
2963,West Industrial 2963,Houston,India,Distributor,19,3.3,LSC-ZAWR7ZJ8
2964,Apex Procurement 2964,Austin,China,Manufacturer,27,2.6,LSC-KHDY4QF1
2965,Global Industrial 2965,Houston,China,Manufacturer,6,4.7,LSC-UZYDP0LO
2966,Evergreen Wholesale 2966,Detroit,Japan,Manufacturer,7,3.9,LSC-VAKSWRZQ
2967,Summit Wholesale 2967,Detroit,Mexico,Wholesaler,3,2.9,LSC-MICX9ULL
2968,North Logistics 2968,Philadelphia,USA,Manufacturer,6,3.3,LSC-BK39S9BH
2969,Global Retail Supply 2969,Houston,USA,Manufacturer,12,4.3,LSC-ZB3OCJZ5
2970,West Trading 2970,Chicago,Mexico,Wholesaler,29,2.8,LSC-2Y3ZNP8K
2971,Global Procurement 2971,Atlanta,South Korea,Manufacturer,25,4.1,LSC-JWXYOUHI
2972,Apex Partners 2972,Charlotte,Japan,Manufacturer,4,3.7,LSC-XN6I8BLI
2973,Blue Trading 2973,Austin,China,Manufacturer,26,4.5,LSC-416UKLNO
2974,Quantum Distributors 2974,New York,Germany,Wholesaler,16,2.5,LSC-0X9A8F8B
2975, Elite Partners 2975 ,Philadelphia,India,Distributor,30,4.5,LSC-KEG7V48T
2976,North Wholesale 2976,San Francisco,Germany,Wholesaler,19,3.5,LSC-FOLANGXC
2977,Vertex Industrial 2977,Nashville,Vietnam,Distributor,29,4.4,LSC-ZN5H5JMC
2978,Apex Industrial 2978,Seattle,China,Wholesaler,10,4.4,LSC-J5TAC9PF
2979,Metro Logistics 2979,Charlotte,Canada,Manufacturer,26,2.7,LSC-JNL72PMF
2980,Summit Wholesale 2980,Miami,Thailand,Wholesaler,30,4.7,LSC-Q0S9AJYG
2981,South Distributors 2981,Portland,South Korea,Wholesaler,19,3.8,LSC-B4V8JQ2K
2982,Blue Wholesale 2982,Austin,South Korea,Distributor,18,2.8,LSC-1VAA4LTV
2983,Global Procurement 2983,San Jose,China,Wholesaler,3,3.9,LSC-JGK4MB4E
2984,Prime Procurement 2984,Austin,China,Distributor,24,3.1,LSC-8S3P2VW8
2985,United Distributors 2985,Houston,South Korea,Manufacturer,15,,LSC-UP68C656
2986,South Retail Supply 2986,Miami,Japan,Wholesaler,6,3.8,LSC-FY0U5OFQ
2987,Nova Enterprises 2987,San Jose,Mexico,Distributor,28,3.9,LSC-4VYLCGAU
2988,Global Trading 2988,Atlanta,Vietnam,Manufacturer,4,4.3,LSC-JPPYR6EP
2989,Rapid Industrial 2989,San Jose,Japan,Wholesaler,22,2.7,LSC-A9W4K7U1
2990,Evergreen Distributors 2990,Austin,China,Wholesaler,10,3.4,LSC-TF075G51
2991,United Supply 2991,Philadelphia,Thailand,Manufacturer,6,5.0,LSC-69TRJ7O6
2992,Rapid Procurement 2992,Philadelphia,Vietnam,Manufacturer,10,3.3,LSC-OSALSUL8
2993,East Trading 2993,Denver,Germany,Manufacturer,10,4.1,LSC-74YRTU7E
2994,Apex Supply 2994,Charlotte,South Korea,Wholesaler,21,3.5,LSC-NHN6OFQY
2995,Summit Trading 2995,Charlotte,USA,Wholesaler,19,3.1,LSC-3QIJTWV1
2996,Rapid Procurement 2996,Philadelphia,Thailand,Distributor,28,3.9,LSC-08F874ES
2997,Vertex Industrial 2997,Philadelphia,USA,Manufacturer,4,4.2,LSC-AEK5A0XU
2998,Nova Industrial 2998,Atlanta,USA,Distributor,26,3.4,LSC-HD5XZWBH
2999,United Distributors 2999,San Jose,Germany,Manufacturer,15,4.6,LSC-084W5PR0
3000,West Industrial 3000,Phoenix,China,Wholesaler,26,2.6,LSC-7C5KTSIQ
3001,Apex Retail Supply 3001,New York,Vietnam,Wholesaler,27,2.7,LSC-TQRWMH50
3002,Evergreen Wholesale 3002,Phoenix,Japan,Wholesaler,12,3.0,LSC-IWEE5RQG
3003,South Logistics 3003,Denver,Thailand,Manufacturer,16,,LSC-B9XS5GD7
3004,East Logistics 3004,Charlotte,Germany,Manufacturer,3,3.1,LSC-NTUO1R35
3005,Apex Supply 3005,Boston,Vietnam,Manufacturer,16,3.3,LSC-YYVUNSVQ
3006,West Supply 3006,Austin,Germany,Manufacturer,20,4.3,LSC-0IVSIXB9
3007,Quantum Logistics 3007,Charlotte,Vietnam,Manufacturer,4,4.6,LSC-ZZR8O9XS
3008,Vertex Partners 3008,Nashville,South Korea,Distributor,18,4.5,LSC-HO755LZ2
3009,Quantum Enterprises 3009,Phoenix,Japan,Distributor,24,4.9,LSC-EU0G8LWD
3010,Nova Industrial 3010,Seattle,Japan,Wholesaler,17,3.7,LSC-POH6V5M1
3011,West Industrial 3011,Nashville,Japan,Distributor,4,4.3,LSC-TW32ATXA
3012,Global Distributors 3012,Miami,Japan,Wholesaler,7,3.8,LSC-OOCGDRVD
3013,Prime Enterprises 3013,Austin,Vietnam,Distributor,16,2.7,LSC-ZY2XAZWM
3014,West Wholesale 3014,Miami,China,Wholesaler,7,4.1,LSC-RYX5ZVOM
3015,Summit Enterprises 3015,Boston,Japan,Wholesaler,28,3.8,LSC-48MQVFLG
3016,Metro Logistics 3016,Seattle,Germany,Manufacturer,26,4.9,LSC-L8QYYRH6
3017,Summit Retail Supply 3017,San Francisco,China,Manufacturer,19,4.6,LSC-LHCKXPDA
3018,West Distributors 3018,Dallas,South Korea,Wholesaler,29,3.8,LSC-8O79VRJO
3019,North Enterprises 3019,Philadelphia,Germany,Wholesaler,28,4.2,LSC-R260Q1G1
3020,Rapid Retail Supply 3020,Charlotte,Mexico,Manufacturer,18,4.1,LSC-I9BF1N97
3021,Rapid Wholesale 3021,Denver,Canada,Manufacturer,12,3.8,LSC-06RLA810
3022,West Wholesale 3022,San Jose,Thailand,Distributor,24,3.1,LSC-V34J008C
3023, Elite Distributors 3023 ,Miami,Vietnam,Wholesaler,-10,4.2,LSC-2HO7DUG8
3024,South Procurement 3024,Austin,China,Distributor,24,3.2,LSC-I5BLW4O9
3025,Metro Supply 3025,Los Angeles,Vietnam,Wholesaler,22,3.5,LSC-OZE9MCJQ
3026,South Supply 3026,Boston,Mexico,Distributor,28,4.8,LSC-DHX16H70
3027,United Enterprises 3027,Charlotte,Thailand,Distributor,13,4.8,LSC-RWF2L0OQ
3028,Prime Procurement 3028,Denver,Japan,Distributor,11,3.8,LSC-V1R9Y7N1
3029,Blue Procurement 3029,Boston,Vietnam,Distributor,24,3.9,LSC-97AXUHZD
3030,Summit Retail Supply 3030,San Jose,Germany,Distributor,20,3.0,LSC-3PFI14KM
3031,West Distributors 3031,Phoenix,Germany,Wholesaler,25,4.0,LSC-CJZXCV21
3032,West Retail Supply 3032,Denver,USA,Wholesaler,12,3.9,LSC-FHN5YLRA
3033, North Trading 3033 ,New York,USA,Manufacturer,27,4.2,LSC-1T5G72MF
3034,South Partners 3034,Portland,Germany,Distributor,17,2.8,LSC-0G2VORFS
3035,Evergreen Industrial 3035,Miami,Japan,Manufacturer,15,3.2,LSC-MBY6I17E
3036,Rapid Supply 3036,San Jose,Mexico,Manufacturer,19,2.6,LSC-TL03710M
3037,Blue Supply 3037,San Francisco,USA,Manufacturer,18,2.5,LSC-A6UYPV2J
3038,West Retail Supply 3038,Chicago,Canada,Wholesaler,20,3.0,LSC-T1TPGNWN
3039,Quantum Trading 3039,Atlanta,Germany,Distributor,9,3.3,LSC-PJU9HR6F
3040,North Wholesale 3040,San Jose,Vietnam,Manufacturer,5,4.0,LSC-CAHKTWI9
3041,Prime Procurement 3041,Dallas,India,Manufacturer,5,4.0,LSC-A6AR1AR6
3042,North Wholesale 3042,Portland,China,Wholesaler,4,3.2,LSC-8RI8NU17
3043,Blue Enterprises 3043,Columbus,India,Manufacturer,4,3.6,LSC-K9IPHPTM
3044,South Logistics 3044,San Jose,India,Distributor,25,4.0,LSC-Y65QI2WJ
3045,Nova Logistics 3045,Portland,Canada,Distributor,14,2.7,LSC-P4LMJRJP
3046,Apex Distributors 3046,Phoenix,Thailand,Distributor,9,3.8,LSC-SPN327CT
3047,East Industrial 3047,San Francisco,China,Distributor,13,3.7,LSC-5T9EGVXB
3048,Prime Procurement 3048,Nashville,Mexico,Distributor,2,3.3,LSC-MEILNB0C
3049,United Logistics 3049,Boston,Thailand,Manufacturer,7,3.2,LSC-EX5DEVI5
3050,Prime Retail Supply 3050,San Francisco,Germany,Manufacturer,9,3.0,LSC-5HZWR73Y
3051,Global Enterprises 3051,Austin,India,Distributor,27,2.9,LSC-GZV6SU1L
3052,West Partners 3052,Columbus,Mexico,Wholesaler,6,4.4,LSC-29Q7IVQH
3053,East Trading 3053,Charlotte,Thailand,Manufacturer,29,3.5,LSC-ARUR3792
3054,Prime Logistics 3054,Miami,Germany,Distributor,13,4.2,LSC-PFO86080
3055,Vertex Supply 3055,Detroit,India,Distributor,21,3.1,LSC-G8OFSMNA
3056,Evergreen Distributors 3056,Denver,Vietnam,Wholesaler,15,3.7,LSC-CPHT102F
3057, Quantum Partners 3057 ,Chicago,South Korea,Distributor,24,4.7,LSC-24QBSSAL
3058,Quantum Trading 3058,Columbus,South Korea,Distributor,27,2.5,LSC-HOWRPHWN
3059,South Supply 3059,Denver,Canada,Distributor,4,4.5,LSC-4OOG2TLT
3060,South Supply 3060,Dallas,South Korea,Distributor,17,4.7,LSC-SMQ5UFK8
3061,Apex Logistics 3061,Chicago,Japan,Wholesaler,9,3.7,LSC-RA5YU3TT
3062,Prime Retail Supply 3062,Columbus,China,Distributor,10,4.2,LSC-S9P7SEPH
3063,Elite Retail Supply 3063,San Francisco,China,Wholesaler,23,3.5,LSC-7RN7UQI6
3064,Quantum Logistics 3064,Houston,Thailand,Manufacturer,27,2.5,LSC-71YP6E9K
3065,Apex Procurement 3065,Columbus,India,Wholesaler,22,4.0,LSC-SCW63TFM
3066,East Logistics 3066,Denver,Germany,Manufacturer,27,3.7,LSC-FSF7AKN2
3067,Evergreen Enterprises 3067,Atlanta,Germany,Distributor,5,,LSC-AYPYEMNN
3068,North Distributors 3068,Atlanta,Japan,Wholesaler,22,3.2,LSC-ZPXBB3MK
3069,Summit Wholesale 3069,Philadelphia,Canada,Wholesaler,2,3.5,LSC-6WBXL2WL
3070, Rapid Partners 3070 ,Los Angeles,Mexico,Wholesaler,23,3.1,LSC-XHHKFFN1
3071,Blue Industrial 3071,Los Angeles,Mexico,Distributor,18,4.3,LSC-IC1KXGJW
3072,North Retail Supply 3072,Atlanta,Thailand,Distributor,23,4.0,LSC-10JH6ZAZ
3073,North Industrial 3073,Dallas,Germany,Manufacturer,28,3.3,LSC-KYN0BU8H
3074,West Supply 3074,Nashville,China,Wholesaler,18,4.9,LSC-5886D6IW
3075,Evergreen Retail Supply 3075,Portland,China,Wholesaler,5,,LSC-TNDJJO9N
3076,United Distributors 3076,Phoenix,Mexico,Wholesaler,29,3.4,LSC-PEOSO1F1
3077,Rapid Industrial 3077,Nashville,Vietnam,Wholesaler,11,3.7,LSC-NTWXWQQI
3078,United Distributors 3078,San Francisco,Canada,Distributor,26,3.7,LSC-7BJN7C41
3079,South Distributors 3079,Charlotte,USA,Distributor,12,2.6,LSC-J1NPKMX0
3080,Summit Enterprises 3080,Charlotte,South Korea,Manufacturer,25,4.0,LSC-0NDYU547
3081,South Partners 3081,Los Angeles,Germany,Manufacturer,10,4.0,LSC-RPAGTGIO
3082,Quantum Wholesale 3082,Boston,Mexico,Manufacturer,30,0.0,LSC-RPZRXEP4
3083,Nova Supply 3083,Dallas,South Korea,Wholesaler,15,4.2,LSC-GGFMNUF8
3084,Summit Distributors 3084,Seattle,Germany,Manufacturer,19,3.1,LSC-EYM4UM75
3085,Rapid Wholesale 3085,Philadelphia,South Korea,Distributor,12,2.5,LSC-OTWSJ57Z
3086,South Wholesale 3086,Philadelphia,Germany,Wholesaler,4,2.9,LSC-GLYGWR70
3087,United Wholesale 3087,Charlotte,India,Distributor,17,2.9,LSC-IFOQ6PK5
3088,Quantum Partners 3088,San Jose,Canada,Manufacturer,29,2.8,LSC-WKN8XQKY
3089,Evergreen Logistics 3089,Portland,China,Distributor,21,3.0,LSC-CPM5F505
3090,North Partners 3090,Miami,Vietnam,Manufacturer,24,4.5,LSC-8AYIX6XH
3091,Apex Supply 3091,Seattle,Canada,Wholesaler,4,3.5,LSC-6ZHDQAIB
3092,Metro Partners 3092,Columbus,South Korea,Distributor,9,3.0,LSC-DL970SDO
3093,Global Wholesale 3093,Atlanta,Mexico,Manufacturer,15,2.8,LSC-CEVS40W5
3094,Metro Distributors 3094,Houston,Vietnam,Manufacturer,13,3.2,LSC-56UTDRJD
3095,Quantum Enterprises 3095,Chicago,Vietnam,Manufacturer,2,4.2,LSC-1APGZMKB
3096,Summit Retail Supply 3096,Dallas,USA,Manufacturer,27,2.9,LSC-5RXE78D2
3097,Summit Retail Supply 3097,Houston,Japan,Manufacturer,27,4.4,LSC-M8ECKC54
3098,West Supply 3098,Austin,Vietnam,Manufacturer,6,4.3,LSC-5CUWXG8T
3099,North Procurement 3099,Los Angeles,Vietnam,Wholesaler,19,3.0,LSC-T1U37EB8
3100,West Trading 3100,Los Angeles,Vietnam,Distributor,18,4.2,LSC-Q71UHA6F
3101, Prime Procurement 3101 ,Austin,Japan,Manufacturer,7,3.5,LSC-BAGXKK36
3102,South Enterprises 3102,San Jose,Japan,Manufacturer,24,3.8,LSC-TGIQT67F
3103,Metro Wholesale 3103,Phoenix,Japan,Wholesaler,20,3.6,LSC-Y8LBKYYT
3104,Evergreen Industrial 3104,Denver,Vietnam,Wholesaler,11,3.1,LSC-DT2MJTC3
3105,Apex Logistics 3105,Charlotte,Vietnam,Distributor,8,3.5,LSC-94I4MWNA
3106,Quantum Partners 3106,Atlanta,Thailand,Manufacturer,19,3.7,LSC-B5RQBU0E
3107,Summit Distributors 3107,Chicago,USA,Manufacturer,27,5.8,LSC-NVSKHD1Y
3108, North Logistics 3108 ,New York,China,Manufacturer,5,2.6,LSC-LB5Y97LA
3109,North Wholesale 3109,Dallas,India,Manufacturer,27,4.9,LSC-BUCNJ1O7
3110,United Distributors 3110,Austin,India,Wholesaler,5,3.2,LSC-68GARYE2
3111,Evergreen Procurement 3111,Detroit,Thailand,Wholesaler,25,3.1,LSC-MDXUBC6A
3112,Quantum Retail Supply 3112,Detroit,India,Manufacturer,27,4.5,LSC-WFPIVD2I
3113,Apex Logistics 3113,Houston,Germany,Wholesaler,9,4.1,LSC-BZ392N9B
3114,North Procurement 3114,Charlotte,India,Wholesaler,2,2.9,LSC-U8NQPCKB
3115,West Distributors 3115,Philadelphia,China,Distributor,12,3.0,LSC-ERY74R21
3116,Apex Retail Supply 3116,Houston,Mexico,Manufacturer,12,3.8,LSC-7SZ4S3E3
3117,United Distributors 3117,Philadelphia,USA,Wholesaler,5,3.3,LSC-8DJ0EK3L
3118,Rapid Logistics 3118,Charlotte,South Korea,Distributor,16,3.0,LSC-67P7Q4ZD
3119,Global Retail Supply 3119,Austin,China,Distributor,21,3.3,LSC-6LBM0AJ6
3120,Vertex Industrial 3120,Austin,South Korea,Wholesaler,30,4.8,LSC-QNH5EYQT
3121,Vertex Partners 3121,Chicago,South Korea,Distributor,16,2.9,LSC-78QN8PAC
3122,Vertex Procurement 3122,Boston,South Korea,Wholesaler,29,2.8,LSC-OC6P3FKE
3123,Nova Trading 3123,Miami,Germany,Manufacturer,26,4.2,LSC-KX9CE5R5
3124, Elite Retail Supply 3124 ,Phoenix,Vietnam,Wholesaler,10,4.8,LSC-TE8CP9K0
3125,Vertex Retail Supply 3125,San Jose,USA,Wholesaler,10,3.5,LSC-I373DZWI
3126,North Retail Supply 3126,San Francisco,Germany,Wholesaler,6,2.7,LSC-1KJG7DP5
3127,Quantum Supply 3127,Charlotte,India,Distributor,3,4.4,LSC-XKD5R9X7
3128,Evergreen Retail Supply 3128,Atlanta,USA,Manufacturer,22,2.8,LSC-Y8T4BRP4
3129,Quantum Industrial 3129,Austin,Germany,Manufacturer,3,2.8,LSC-2S9JZL4K
3130,Evergreen Industrial 3130,Boston,Japan,Manufacturer,28,3.7,LSC-IZNXXVI1
3131,West Supply 3131,Houston,Japan,Manufacturer,23,3.6,LSC-1F84C3Z2
3132,Quantum Supply 3132,Miami,Japan,Manufacturer,2,4.5,LSC-HA6ELOUQ
3133,Global Enterprises 3133,Denver,India,Distributor,7,3.9,LSC-L27BM7FC
3134,Nova Industrial 3134,Phoenix,Mexico,Wholesaler,14,3.5,LSC-B80VWGC7
3135,Blue Distributors 3135,Portland,Vietnam,Wholesaler,13,4.7,LSC-BY0632GR
3136,Global Partners 3136,Columbus,Thailand,Wholesaler,25,4.4,LSC-BSH1FYE7
3137,Quantum Enterprises 3137,Phoenix,South Korea,Distributor,30,3.9,LSC-25H8GORM
3138,Metro Partners 3138,Denver,Thailand,Distributor,26,4.7,LSC-EGQE8DKG
3139,West Trading 3139,Phoenix,India,Manufacturer,8,3.3,LSC-RZ5G2YLF
3140,Nova Wholesale 3140,Los Angeles,Canada,Distributor,16,4.0,LSC-6JNSCZKM
3141,Quantum Enterprises 3141,Phoenix,China,Wholesaler,23,4.9,LSC-2I5X65UM
3142,West Industrial 3142,Portland,Vietnam,Distributor,27,4.9,LSC-VOYGHVQI
3143,Blue Retail Supply 3143,Chicago,South Korea,Distributor,6,4.0,LSC-DLD5CXBB
3144,Quantum Trading 3144,Denver,Japan,Distributor,26,4.2,LSC-GJ9KS1K0
3145,Blue Wholesale 3145,Seattle,Vietnam,Manufacturer,6,4.6,LSC-EIGBRI15
3146,West Supply 3146,Nashville,Thailand,Manufacturer,11,3.0,LSC-3DR99UPS
3147,West Enterprises 3147,Dallas,Japan,Manufacturer,5,3.1,LSC-9P8TFXSW
3148,Metro Industrial 3148,Chicago,Germany,Wholesaler,13,2.8,LSC-I74KZT22
3149,Global Trading 3149,Detroit,Germany,Manufacturer,22,3.2,LSC-X52TD2QY
3150,Nova Retail Supply 3150,Dallas,China,Distributor,11,4.6,LSC-LB45ALIM
3151,East Partners 3151,Phoenix,Vietnam,Distributor,29,3.0,LSC-J0Y2ATGX
3152,United Partners 3152,San Francisco,Mexico,Manufacturer,3,4.5,LSC-E6KR918S
3153,Rapid Trading 3153,Detroit,Mexico,Wholesaler,4,5.0,LSC-PKL48HB1
3154,Elite Retail Supply 3154,Charlotte,South Korea,Distributor,23,4.7,LSC-C6ZH6DU9
3155,North Distributors 3155,Houston,India,Distributor,20,3.3,LSC-0AIHEGYI
3156,West Enterprises 3156,Chicago,Canada,Distributor,16,2.5,LSC-8RWHO3U5
3157,Global Logistics 3157,Denver,Germany,Distributor,18,,LSC-R3O3QYEP
3158,Nova Industrial 3158,Atlanta,South Korea,Manufacturer,6,3.4,LSC-2L184UVM
3159,United Retail Supply 3159,Detroit,Thailand,Distributor,21,4.1,LSC-E3960BMT
3160,Global Trading 3160,San Francisco,Mexico,Manufacturer,24,4.9,LSC-L7TU124T
3161,Nova Logistics 3161,San Francisco,India,Distributor,15,3.3,LSC-Z90Z23QK
3162,Apex Supply 3162,San Francisco,South Korea,Manufacturer,10,2.6,LSC-8ND6NYLR
3163,Nova Supply 3163,Nashville,South Korea,Distributor,27,2.9,LSC-EORL0YB9
3164,Vertex Trading 3164,Miami,China,Wholesaler,29,4.1,LSC-KB0TNRU4
3165,Nova Retail Supply 3165,Denver,Germany,Wholesaler,11,3.8,LSC-ABBKAZJM
3166,South Retail Supply 3166,San Jose,Japan,Manufacturer,27,3.0,LSC-0TPGOK6U
3167,Summit Logistics 3167,Austin,USA,Wholesaler,15,2.8,LSC-PC8TZV0D
3168,East Distributors 3168,Dallas,Japan,Manufacturer,23,4.7,LSC-2NGXCYNL
3169,Global Logistics 3169,Atlanta,Thailand,Wholesaler,5,3.3,LSC-A57CRCPJ
3170,West Retail Supply 3170,Seattle,Thailand,Wholesaler,28,4.4,LSC-3WY61FIV
3171,Elite Industrial 3171,Los Angeles,Mexico,Distributor,7,3.4,LSC-8DS7KVK1
3172,East Enterprises 3172,Dallas,Germany,Manufacturer,10,4.2,LSC-DXIS1542
3173,South Wholesale 3173,Miami,South Korea,Manufacturer,25,4.2,LSC-KRZ3FU0L
3174,Vertex Logistics 3174,Boston,Thailand,Wholesaler,18,4.8,LSC-UL6ULM1T
3175,Elite Trading 3175,Nashville,China,Wholesaler,6,4.1,LSC-K02RA81R
3176,West Retail Supply 3176,Miami,Mexico,Distributor,29,3.9,LSC-7QBI4MU4
3177,South Distributors 3177,Charlotte,USA,Manufacturer,6,4.6,LSC-ULPQP81Y
3178,Vertex Enterprises 3178,Houston,USA,Wholesaler,21,3.0,LSC-NNJMXWEP
3179,West Supply 3179,San Jose,USA,Wholesaler,27,3.4,LSC-1QUANX0H
3180,North Industrial 3180,Los Angeles,South Korea,Distributor,23,3.3,LSC-JQ879JMQ
3181,South Supply 3181,Phoenix,Thailand,Distributor,13,5.0,LSC-0ZM8JKX2
3182,Quantum Industrial 3182,San Francisco,Mexico,Distributor,6,3.4,LSC-9HJ67TM0
3183,West Retail Supply 3183,Charlotte,USA,Manufacturer,8,3.1,LSC-MJGZ9AUM
3184,Metro Supply 3184,Detroit,China,Wholesaler,7,3.7,LSC-0EWZFOLS
3185,West Supply 3185,Columbus,China,Wholesaler,20,5.0,LSC-450XPOI7
3186,Global Wholesale 3186,Detroit,Vietnam,Distributor,15,4.2,LSC-LTX182KY
3187,Prime Supply 3187,Philadelphia,China,Manufacturer,21,4.6,LSC-2PIR2YJK
3188,Blue Retail Supply 3188,Boston,Japan,Wholesaler,20,5.0,LSC-VO8PM4Y2
3189,Quantum Enterprises 3189,Dallas,USA,Manufacturer,13,2.6,LSC-NCPRCWFB
3190,Prime Supply 3190,San Jose,India,Manufacturer,4,3.0,LSC-103UF8RI
3191,North Enterprises 3191,Dallas,India,Manufacturer,26,4.5,LSC-WDAZYW6W
3192,Blue Wholesale 3192,Nashville,Germany,Distributor,29,,LSC-6BCDFQVD
3193,North Procurement 3193,Nashville,USA,Wholesaler,13,2.7,LSC-CF33U699
3194,Elite Retail Supply 3194,Charlotte,Canada,Manufacturer,22,3.9,LSC-FU73UHR5
3195,Evergreen Wholesale 3195,San Jose,Vietnam,Wholesaler,18,3.2,LSC-IZIWWL0A
3196,Apex Industrial 3196,Philadelphia,Germany,Manufacturer,27,2.8,LSC-29U3OM8L
3197,Metro Wholesale 3197,Charlotte,India,Manufacturer,16,4.0,LSC-F5XK1SYF
3198,South Industrial 3198,Nashville,Thailand,Wholesaler,30,3.1,LSC-SXUJV248
3199,South Wholesale 3199,San Jose,Thailand,Wholesaler,17,3.7,LSC-RT7DKPZ4
3200,Apex Enterprises 3200,Austin,China,Wholesaler,29,4.1,LSC-2L4K0RCS
3201,Summit Supply 3201,Boston,Thailand,Wholesaler,2,3.2,LSC-ZA3UE1K2
3202,United Industrial 3202,Los Angeles,Canada,Wholesaler,7,3.6,LSC-P7KO2LCH
3203,Metro Distributors 3203,Chicago,China,Wholesaler,2,4.7,LSC-ZSNPI53R
3204,Prime Distributors 3204,Detroit,Japan,Manufacturer,10,3.9,LSC-D8M829A7
3205,South Trading 3205,Detroit,Canada,Distributor,8,3.1,LSC-V3XD5AX7
3206,Apex Retail Supply 3206,Dallas,South Korea,Manufacturer,4,4.6,LSC-9WF58YJ9
3207,North Distributors 3207,Seattle,Thailand,Wholesaler,18,3.5,LSC-JYPOGX49
3208,Nova Trading 3208,San Francisco,Japan,Manufacturer,19,4.3,LSC-43D3ZB28
3209,Quantum Supply 3209,Chicago,Vietnam,Manufacturer,30,3.3,LSC-ICE7W683
3210,North Supply 3210,Phoenix,Canada,Distributor,17,3.5,LSC-22ZJ719V
3211,North Supply 3211,San Francisco,Japan,Manufacturer,10,4.8,LSC-4LFQAJGO
3212,Nova Supply 3212,Austin,South Korea,Distributor,20,4.7,LSC-XYOD0R45
3213,East Wholesale 3213,Philadelphia,Mexico,Manufacturer,26,3.7,LSC-2KU2NNU8
3214,West Procurement 3214,Denver,Mexico,Wholesaler,17,2.6,LSC-GRT4LBJK
3215,Evergreen Logistics 3215,Phoenix,China,Manufacturer,21,4.9,LSC-JFO2ATZ4
3216,Vertex Procurement 3216, Houston,Mexico,Manufacturer,9,3.6,LSC-SO1GS58P
3217,Evergreen Wholesale 3217,Miami,Japan,Wholesaler,4,3.5,LSC-USK57QNT
3218,South Supply 3218,Los Angeles,Thailand,Manufacturer,15,3.8,LSC-6HMRYI02
3219,Elite Retail Supply 3219,HOUSTON,China,Manufacturer,23,2.6,LSC-J52LBRAY
3220,South Procurement 3220,Houston,Thailand,Wholesaler,24,4.4,LSC-5AQRJS9N
3221,North Distributors 3221,San Jose,Canada,Wholesaler,22,3.6,LSC-R2PRYVF3
3222,United Logistics 3222,Nashville,Germany,Distributor,29,2.8,LSC-H8VFNQGN
3223,West Partners 3223,Atlanta,Mexico,Manufacturer,8,3.6,LSC-36KY6YDY
3224,Prime Procurement 3224,Nashville,China,Distributor,20,4.5,LSC-3YW1V49T
3225,Vertex Wholesale 3225,Dallas,China,Wholesaler,12,4.4,LSC-2CHDAUBM
3226,Prime Distributors 3226,Austin,Japan,Manufacturer,29,4.1,LSC-Z0OIC67W
3227,Blue Procurement 3227,Houston,Germany,Distributor,14,,LSC-NCZFU58T
3228,Elite Trading 3228,Austin,Vietnam,Manufacturer,29,5.0,LSC-EM9NR73W
3229,Apex Procurement 3229,Miami,India,Distributor,13,2.6,LSC-T8AWAP2Q
3230,Metro Partners 3230,Philadelphia,India,Wholesaler,5,4.5,LSC-TH5619XP
3231,Quantum Partners 3231,Boston,Mexico,Manufacturer,18,3.2,LSC-88412IAA
3232,North Supply 3232,Atlanta,China,Manufacturer,24,4.5,LSC-4ZATZ8RB
3233, Nova Enterprises 3233 ,Atlanta,Thailand,Distributor,17,3.4,LSC-2KQVB3LT
3234,United Supply 3234,Miami,Mexico,Distributor,17,2.5,LSC-RTA4PN9A
3235,Prime Procurement 3235,Los Angeles,USA,Manufacturer,30,4.6,LSC-6T86LR6S
3236,Global Partners 3236,Boston,India,Manufacturer,7,3.7,LSC-AFFLAFLG
3237,Rapid Wholesale 3237,Columbus,Japan,Wholesaler,13,2.7,LSC-46ELJC2T
3238,West Procurement 3238,New York,India,Manufacturer,25,3.4,LSC-H50ETJSM
3239,Vertex Logistics 3239,Houston,Japan,Manufacturer,6,2.6,LSC-Z3RWBJ9C
3240,North Enterprises 3240,Portland,South Korea,Wholesaler,28,3.0,LSC-2FOW2NU7
3241,Nova Industrial 3241,Atlanta,Mexico,Manufacturer,18,3.7,LSC-WB7YGHB9
3242,Rapid Retail Supply 3242,Seattle,Germany,Wholesaler,15,4.5,LSC-PF34HH4W
3243,Summit Procurement 3243,Columbus,Japan,Wholesaler,28,2.7,LSC-HPU5PHPY
3244,Metro Distributors 3244,Boston,USA,Manufacturer,30,4.3,LSC-L89K8TEB
3245,Quantum Distributors 3245,Boston,South Korea,Distributor,14,4.3,LSC-27DQTROI
3246,Prime Wholesale 3246,Seattle,Mexico,Wholesaler,2,3.2,LSC-3H3YS1DU
3247,Global Wholesale 3247,San Francisco,China,Distributor,2,4.0,LSC-ZFAA2I47
3248,Elite Retail Supply 3248,San Jose,Canada,Manufacturer,11,3.7,LSC-3XN0QRSP
3249,North Trading 3249,Charlotte,South Korea,Distributor,18,2.6,LSC-H9GCTS8H
3250,Prime Enterprises 3250,Detroit,Mexico,Distributor,2,2.7,LSC-2UGQBYNS
3251,Elite Wholesale 3251,Houston,China,Distributor,2,3.9,LSC-X5X64OS9
3252,Apex Partners 3252,Chicago,Vietnam,Distributor,30,3.6,LSC-8NA164S6
3253, Vertex Wholesale 3253 ,Philadelphia,Mexico,Manufacturer,20,2.6,LSC-0FGYNSAT
3254, Vertex Industrial 3254 ,Portland,South Korea,Manufacturer,6,2.9,LSC-KXVQVAEU
3255,East Trading 3255,Miami,India,Distributor,19,4.3,LSC-W6M0JTQU
3256,Nova Partners 3256,Atlanta,Thailand,Manufacturer,8,3.1,LSC-6LNY6WNG
3257,Metro Distributors 3257,San Jose,Germany,Manufacturer,24,2.6,LSC-Z0OC7VUW
3258,Evergreen Trading 3258,New York,Vietnam,Wholesaler,18,3.7,LSC-U4HS7XM7
3259,United Industrial 3259,Houston,USA,Manufacturer,6,3.5,LSC-5SRK6M8R
3260, Blue Trading 3260 ,Detroit,South Korea,Wholesaler,8,,LSC-KG84YNER
3261,Nova Logistics 3261,Atlanta,Mexico,Distributor,8,4.6,LSC-RTQ0BXWO
3262,Summit Supply 3262,San Jose,Germany,Wholesaler,11,4.6,LSC-7PJ6JAEP
3263,Evergreen Retail Supply 3263,Austin,Japan,Wholesaler,6,2.8,LSC-WRX4ME6X
3264,Evergreen Wholesale 3264,Miami,Canada,Manufacturer,12,3.9,LSC-PQVUBQEZ
3265,West Enterprises 3265,Miami,Thailand,Wholesaler,3,3.6,LSC-AL1DSP7I
3266,North Partners 3266,San Jose,USA,Manufacturer,8,5.0,LSC-W24XVOFX
3267,Nova Retail Supply 3267,San Jose,South Korea,Wholesaler,25,3.6,LSC-U69CMNJT
3268, Evergreen Trading 3268 ,Philadelphia,China,Manufacturer,22,4.8,LSC-Z3UORWAO
3269,Prime Distributors 3269,Phoenix,China,Distributor,28,3.6,LSC-54WB2CVB
3270,Vertex Supply 3270,Los Angeles,Thailand,Wholesaler,21,2.8,LSC-O4VLMLZB
3271,Blue Industrial 3271,San Jose,China,Distributor,29,,LSC-OX505XF3
3272,Quantum Wholesale 3272,Phoenix,Vietnam,Distributor,12,4.2,LSC-TS6Y3C1H
3273,Blue Retail Supply 3273,Austin,China,Wholesaler,13,4.6,LSC-6UD0CTY1
3274,Vertex Distributors 3274,Philadelphia,Thailand,Wholesaler,4,3.0,LSC-6AFBAJFQ
3275,North Logistics 3275,Atlanta,Canada,Distributor,11,4.6,LSC-X1OFPYM4
3276,Metro Logistics 3276,Philadelphia,Mexico,Distributor,30,3.7,LSC-4C9ASZ5G
3277,West Procurement 3277,Denver,Vietnam,Distributor,21,4.1,LSC-U7U0C0Y5
3278,Apex Partners 3278,Dallas,Japan,Distributor,26,3.1,LSC-3D7JI6I8
3279,Summit Enterprises 3279,Philadelphia,South Korea,Manufacturer,16,4.3,LSC-K1I19VLY
3280,East Retail Supply 3280,Philadelphia,Vietnam,Manufacturer,24,4.1,LSC-KZK4RQJW
3281, Elite Logistics 3281 ,Portland,India,Wholesaler,17,,LSC-50SXKUAQ
3282,Vertex Supply 3282,Los Angeles,South Korea,Wholesaler,21,3.9,LSC-UKGSUINJ
3283,Blue Wholesale 3283,San Jose,South Korea,Distributor,6,3.6,LSC-S8Q185GS
3284,Vertex Supply 3284,San Francisco,Canada,Manufacturer,22,3.4,LSC-UUN4TJJ9
3285,Elite Procurement 3285,Houston,Canada,Wholesaler,22,2.9,LSC-1K7JZQA1
3286,North Trading 3286,Chicago,South Korea,Distributor,25,3.1,LSC-LXI7T264
3287,Global Industrial 3287,Seattle,Japan,Wholesaler,24,4.3,LSC-ESCDCOWD
3288,East Distributors 3288,San Francisco,China,Wholesaler,10,3.2,LSC-RTV1WQRN
3289,Global Industrial 3289,New York,South Korea,Manufacturer,21,3.4,LSC-XAOEYGO7
3290,Metro Wholesale 3290,Charlotte,Mexico,Wholesaler,12,3.6,LSC-A1VB0BS9
3291,United Industrial 3291,Portland,Canada,Wholesaler,18,3.7,LSC-XF8GVP4N
3292,Blue Partners 3292,Boston,Mexico,Wholesaler,13,3.2,LSC-DYVY96QZ
3293,Summit Partners 3293,Dallas,Mexico,Distributor,14,4.5,LSC-0AP7DVUF
3294,Evergreen Industrial 3294,Columbus,Mexico,Wholesaler,28,4.4,LSC-RDX0GH9Q
3295,United Distributors 3295,Seattle,China,Manufacturer,22,3.2,LSC-R65WPDQM
3296,Prime Wholesale 3296,Houston,Japan,Wholesaler,27,2.6,LSC-ABRPX1M3
3297,East Industrial 3297,Los Angeles,USA,Manufacturer,26,2.5,LSC-EELSX52G
3298,Global Procurement 3298,Seattle,Mexico,Distributor,30,3.7,LSC-69H0QU3G
3299,West Logistics 3299,Austin,Germany,Wholesaler,26,3.0,LSC-OSVLD0MY
3300,Metro Partners 3300,Philadelphia,Thailand,Manufacturer,6,4.6,LSC-ALV0LXJV
3301,Blue Enterprises 3301,Nashville,Germany,Distributor,14,4.1,LSC-LY81XGJH
3302,Nova Supply 3302,Nashville,Vietnam,Distributor,24,4.6,LSC-1QX4Q7XO
3303,Quantum Supply 3303,Detroit,Japan,Distributor,3,3.3,LSC-DTMXEBGX
3304,North Industrial 3304,Phoenix,Mexico,Manufacturer,2,3.7,LSC-UJ3NP6W3
3305,South Retail Supply 3305,New York,Mexico,Manufacturer,4,4.3,LSC-BJJAC9ON
3306,South Retail Supply 3306,Boston,Thailand,Distributor,16,3.4,LSC-444O050V
3307,West Industrial 3307,Boston,South Korea,Wholesaler,4,4.4,LSC-MPLA10IB
3308,Evergreen Retail Supply 3308,Dallas,Germany,Distributor,5,3.3,LSC-RAPDN3H4
3309,South Trading 3309,New York,USA,Wholesaler,12,3.0,LSC-5KTARTW3
3310,Summit Enterprises 3310,Seattle,India,Manufacturer,3,4.8,LSC-2NMCE4PE
3311,Prime Trading 3311,Charlotte,Japan,Manufacturer,29,4.7,LSC-CUJEXU4Q
3312,North Trading 3312,Houston,USA,Wholesaler,21,3.9,LSC-KPUWYTJP
3313,Vertex Wholesale 3313,Phoenix,South Korea,Distributor,-6,4.7,LSC-SAYRSZQU
3314,East Partners 3314,Phoenix,China,Distributor,10,4.4,LSC-QW90TPG9
3315, East Wholesale 3315 ,Atlanta,Thailand,Wholesaler,2,4.7,LSC-8UP6J3VM
3316,Blue Trading 3316,Seattle,USA,Manufacturer,14,3.6,LSC-FXCLQ08J
3317,Apex Partners 3317,Dallas,South Korea,Distributor,11,4.4,LSC-O7X33EIC
3318,Quantum Supply 3318,Nashville,China,Wholesaler,10,4.2,LSC-G3HD6OI9
3319,Vertex Trading 3319, Houston,Thailand,Distributor,30,,LSC-WNSCI32A
3320,South Enterprises 3320,Los Angeles,China,Distributor,11,,LSC-KVCM2CD1
3321,Nova Wholesale 3321,Philadelphia,India,Manufacturer,19,3.9,LSC-D5WC9F2T
3322,Prime Supply 3322,Portland,China,Wholesaler,18,4.6,LSC-PYX3S63L
3323,Vertex Retail Supply 3323,Charlotte,Canada,Wholesaler,29,4.3,LSC-DRQFVFA5
3324,West Supply 3324,Columbus,Germany,Manufacturer,2,3.4,LSC-S9TKYJXR
3325,Quantum Industrial 3325,Dallas,Vietnam,Manufacturer,11,5.0,LSC-BCDC25DM
3326,North Wholesale 3326,Phoenix,Mexico,Wholesaler,23,3.3,LSC-K7PXDJ8M
3327,East Trading 3327,Dallas,Vietnam,Distributor,13,2.7,LSC-UCE5OH74
3328, Summit Industrial 3328 ,Philadelphia,Thailand,Manufacturer,24,4.4,LSC-BLLYPGW0
3329,Rapid Logistics 3329,Seattle,South Korea,Wholesaler,24,3.2,LSC-TGIWEL4R
3330,Nova Distributors 3330,Denver,USA,Wholesaler,29,4.9,LSC-HT693I6H
3331,Rapid Supply 3331,San Jose,South Korea,Wholesaler,26,3.0,LSC-RELGLYZF
3332,United Logistics 3332,Phoenix,Japan,Manufacturer,5,4.3,LSC-U2RUP7FA
3333,Metro Trading 3333,Denver,Mexico,Wholesaler,2,2.5,LSC-Z4LLS9KS
3334, Evergreen Supply 3334 ,Philadelphia,Japan,Manufacturer,29,4.2,LSC-FNNMPGG0
3335,South Supply 3335,Charlotte,India,Manufacturer,30,4.4,LSC-WNSQHACM
3336,Summit Wholesale 3336,Charlotte,India,Distributor,6,4.4,LSC-7X89NADH
3337,Summit Industrial 3337,New York,USA,Distributor,26,3.0,LSC-KD6K7RMN
3338,East Retail Supply 3338,Seattle,Mexico,Distributor,25,3.7,LSC-IPVTAB38
3339,Quantum Trading 3339,San Jose,Japan,Wholesaler,7,3.8,LSC-U0CGF2IX
3340,Elite Procurement 3340,Detroit,Mexico,Distributor,24,4.4,LSC-41R1JKEW
3341,Elite Wholesale 3341,Dallas,USA,Manufacturer,6,2.5,LSC-8X213Y2E
3342,Elite Distributors 3342,Seattle,Mexico,Distributor,18,2.6,LSC-CY7B0U2H
3343,Nova Procurement 3343,Chicago,Japan,Wholesaler,3,4.9,LSC-XTSFFN9S
3344,Elite Supply 3344,Boston,Japan,Manufacturer,24,3.0,LSC-SZ2DCPGA
3345,Elite Enterprises 3345,San Francisco,Vietnam,Manufacturer,22,4.9,LSC-16LBUWCH
3346,Apex Partners 3346,San Jose,Vietnam,Distributor,19,4.0,LSC-Y3Y761SN
3347,Global Partners 3347,Chicago,Thailand,Distributor,4,4.7,LSC-ADVG8ZA2
3348,North Partners 3348,New York,Mexico,Wholesaler,18,4.1,LSC-9XK2J2R2
3349,Metro Wholesale 3349,Charlotte,Mexico,Wholesaler,29,4.5,LSC-Z94HU81C
3350,Vertex Partners 3350,Los Angeles,South Korea,Distributor,27,3.3,LSC-SKI19UR8
3351,Elite Partners 3351,Miami,Japan,Distributor,7,2.8,LSC-E1B34RQV
3352,United Distributors 3352,Houston,Thailand,Wholesaler,7,4.9,LSC-MYLACYDC
3353,East Distributors 3353,Detroit,Thailand,Manufacturer,27,4.4,LSC-LZ5RLTDC
3354,Quantum Enterprises 3354,Dallas,India,Distributor,2,3.5,LSC-AJNEQ5D5
3355,Blue Supply 3355,Nashville,Thailand,Manufacturer,13,3.1,LSC-7A6CV41C
3356,Elite Wholesale 3356,Phoenix,Mexico,Manufacturer,8,3.9,LSC-AHQBBU55
3357,Vertex Enterprises 3357,Boston,Canada,Distributor,2,2.7,LSC-6JWCZ3BQ
3358,Summit Industrial 3358,Dallas,Vietnam,Manufacturer,3,4.1,LSC-KBZ8A06Y
3359,Rapid Trading 3359,Atlanta,South Korea,Distributor,8,3.4,LSC-EOGE9B4U
3360,Elite Distributors 3360,Philadelphia,South Korea,Distributor,9,2.6,LSC-6X38DHEV
3361,South Trading 3361,Los Angeles,Japan,Wholesaler,29,4.7,LSC-V72KALWH
3362,North Retail Supply 3362,San Francisco,Japan,Distributor,9,3.1,LSC-B2I98NKH
3363,Blue Enterprises 3363,San Francisco,Canada,Manufacturer,29,3.8,LSC-ZATDFNMD
3364,Evergreen Retail Supply 3364,San Jose,India,Distributor,9,4.1,LSC-JN82IJW9
3365,Rapid Partners 3365,Boston,Canada,Wholesaler,14,4.7,LSC-KFDDXVFG
3366,Blue Retail Supply 3366,Denver,China,Wholesaler,5,4.0,LSC-TVOAV41B
3367,Quantum Distributors 3367,Nashville,Germany,Manufacturer,7,3.5,LSC-6RMAO5XX
3368,East Logistics 3368,Seattle,Mexico,Wholesaler,25,4.0,LSC-PP55U1R8
3369,Global Wholesale 3369,New York,Canada,Manufacturer,10,4.6,LSC-89CBI2MK
3370,Elite Logistics 3370,Chicago,China,Manufacturer,10,3.2,LSC-F84QYUPK
3371,Metro Distributors 3371,Boston,Mexico,Distributor,13,4.0,LSC-M88BW69Z
3372,Rapid Logistics 3372,Philadelphia,Canada,Wholesaler,8,4.9,LSC-P7EQFJOD
3373,Global Enterprises 3373,San Jose,Japan,Wholesaler,7,3.2,LSC-CSJPKB4P
3374,South Logistics 3374,Houston,China,Distributor,17,2.6,LSC-PGNM6HXG
3375,Vertex Industrial 3375,Charlotte,South Korea,Distributor,7,5.0,LSC-T6M7RJBN
3376,South Enterprises 3376,Los Angeles,Canada,Manufacturer,13,4.4,LSC-JFEGH1VO
3377,Blue Supply 3377,Columbus,China,Manufacturer,7,4.5,LSC-PXM8EC4N
3378,Elite Logistics 3378,Charlotte,USA,Wholesaler,28,4.9,LSC-RJTMG6T7
3379,Prime Distributors 3379,Boston,Germany,Wholesaler,9,4.5,LSC-3UUM55UG
3380,North Distributors 3380,New York,India,Manufacturer,6,3.8,LSC-W1DIYFYF
3381,United Wholesale 3381,Columbus,China,Distributor,26,3.5,LSC-3E1E42T2
3382,Apex Partners 3382,Seattle,Germany,Manufacturer,27,4.0,LSC-9B4H8R60
3383,United Supply 3383,Atlanta,Canada,Distributor,19,4.8,LSC-KDPR2VZ5
3384,Blue Supply 3384,San Francisco,Japan,Wholesaler,2,4.6,LSC-5UBMR81M
3385,Nova Supply 3385,Charlotte,Germany,Wholesaler,20,4.9,LSC-96IQPHXI
3386,Quantum Procurement 3386,Charlotte,Japan,Distributor,17,,LSC-L6WUGOFR
3387,Apex Logistics 3387,Atlanta,India,Distributor,17,4.4,LSC-G5WU9LOL
3388,Blue Logistics 3388,Chicago,India,Manufacturer,23,3.1,LSC-G6OXI82P
3389,Vertex Retail Supply 3389,Los Angeles,Vietnam,Distributor,13,4.5,LSC-WUQAYGI0
3390,South Logistics 3390,Seattle,South Korea,Wholesaler,16,,LSC-BHC9GCMY
3391,Blue Retail Supply 3391,Columbus,USA,Wholesaler,6,3.5,LSC-C0KN6AHQ
3392,West Trading 3392,Denver,USA,Wholesaler,11,2.8,LSC-3LM75Q7G
3393,Blue Retail Supply 3393,San Jose,Thailand,Wholesaler,19,3.3,LSC-GOR0A5SV
3394,United Partners 3394,Seattle,USA,Wholesaler,3,2.8,LSC-TNS9DNPS
3395,Prime Logistics 3395,Chicago,Thailand,Wholesaler,18,4.2,LSC-B8EKOZU2
3396,North Distributors 3396,Detroit,Thailand,Distributor,8,3.2,LSC-N73Q1PHJ
3397,Metro Distributors 3397,San Jose,Thailand,Wholesaler,4,3.0,LSC-61VH0AMX
3398,Global Partners 3398,Atlanta,Vietnam,Wholesaler,10,3.9,LSC-XORJGRU9
3399,Blue Trading 3399,Atlanta,Canada,Wholesaler,25,3.7,LSC-EZW32DCM
3400,Metro Enterprises 3400,Dallas,India,Distributor,13,4.2,LSC-TBGHROXI
3401,Evergreen Distributors 3401,Philadelphia,China,Distributor,26,3.8,LSC-OFRVAF6Y
3402,East Partners 3402,Chicago,India,Distributor,2,3.3,LSC-BVPTGSIV
3403,United Enterprises 3403,Columbus,Vietnam,Manufacturer,12,4.8,LSC-U7916822
3404,East Distributors 3404,Miami,Thailand,Distributor,15,3.9,LSC-IL3PSF81
3405,Prime Industrial 3405,Dallas,China,Wholesaler,22,3.3,LSC-SDYM2Y21
3406,United Supply 3406,Austin,Japan,Manufacturer,17,3.9,LSC-CUNBDZCF
3407,Global Logistics 3407,Boston,USA,Manufacturer,16,2.8,LSC-95BU1ETL
3408,Quantum Retail Supply 3408,Dallas,USA,Wholesaler,8,4.5,LSC-T9PC72EQ
3409,North Supply 3409,Charlotte,Vietnam,Manufacturer,26,3.0,LSC-5YXZOUUP
3410,West Logistics 3410,Chicago,Thailand,Distributor,24,3.5,LSC-TX8O7II0
3411,Rapid Retail Supply 3411,Chicago,Thailand,Distributor,30,4.7,LSC-JHRRRSUY
3412,Nova Procurement 3412,San Jose,India,Manufacturer,9,3.5,LSC-TY26GKTU
3413,Apex Trading 3413,Portland,USA,Wholesaler,30,5.0,LSC-BEJAM4RC
3414,Blue Industrial 3414,San Jose,China,Distributor,7,4.0,LSC-2VTCODAI
3415,North Trading 3415,Dallas,Canada,Wholesaler,20,3.2,LSC-I290BHJW
3416,North Enterprises 3416,Columbus,Mexico,Wholesaler,2,3.8,LSC-NLES1D3Q
3417,Global Industrial 3417,San Jose,Mexico,Distributor,8,4.1,LSC-HCEKFQNK
3418,Rapid Supply 3418,Chicago ,India,Wholesaler,30,4.9,LSC-NNLKNWT9
3419,West Supply 3419,San Francisco,India,Manufacturer,14,2.6,LSC-69RSW8KB
3420,Elite Supply 3420,New York,USA,Distributor,25,3.6,LSC-NE525XGC
3421,Elite Retail Supply 3421,New York,India,Manufacturer,27,4.2,LSC-KYNQVSKI
3422,Elite Enterprises 3422,Detroit,Thailand,Wholesaler,12,3.6,LSC-4NOAUJ9P
3423,Rapid Trading 3423,Atlanta,South Korea,Manufacturer,29,3.8,LSC-FWVVPO0T
3424,Blue Partners 3424,Detroit,Vietnam,Manufacturer,26,3.3,LSC-UKKAPILQ
3425,Quantum Distributors 3425,Phoenix,Vietnam,Wholesaler,27,4.4,LSC-EUIQCFX6
3426,Metro Supply 3426,Portland,Vietnam,Manufacturer,22,4.2,LSC-K7CF2J4L
3427,South Enterprises 3427,Portland,South Korea,Distributor,21,2.6,LSC-BGO24UEI
3428,Elite Trading 3428,Charlotte,USA,Wholesaler,13,3.6,LSC-SHZXN8BD
3429,Elite Industrial 3429,Detroit,Thailand,Wholesaler,17,4.9,LSC-9V2XX0ZE
3430,Elite Industrial 3430,Seattle,Canada,Distributor,16,2.7,LSC-PL2UEE4L
3431,Nova Supply 3431,Dallas,India,Wholesaler,19,4.3,LSC-5KKU0E4Q
3432,Nova Distributors 3432,Atlanta,Mexico,Distributor,23,3.5,LSC-R1S4VUVA
3433,West Partners 3433,Charlotte,Germany,Distributor,9,3.9,LSC-C8EYLB0W
3434,Prime Logistics 3434,Boston,Vietnam,Distributor,10,3.7,LSC-GBEKMFUC
3435,Quantum Logistics 3435,Detroit,Germany,Manufacturer,28,4.1,LSC-TJBLDWV7
3436,Elite Supply 3436,Atlanta,Canada,Distributor,16,3.9,LSC-97BLSVYY
3437,Global Partners 3437,Denver,USA,Distributor,19,3.7,LSC-Q6QBGXW4
3438,Apex Procurement 3438,Austin,Canada,Wholesaler,16,4.6,LSC-79R1133D
3439,West Industrial 3439,chicago,China,Manufacturer,18,3.5,LSC-O004OOII
3440,Elite Trading 3440,Columbus,USA,Manufacturer,5,3.1,LSC-7F2EYWPA
3441,Nova Retail Supply 3441,Austin,Japan,Wholesaler,13,4.5,LSC-JRBLOJ8I
3442,Nova Enterprises 3442,San Francisco,Thailand,Distributor,11,2.8,LSC-DQG6X4Z5
3443,United Logistics 3443,San Jose,Vietnam,Manufacturer,7,3.8,LSC-72V3M4LK
3444,Rapid Retail Supply 3444,San Jose,South Korea,Manufacturer,15,4.0,LSC-VBCGHD6E
3445, Evergreen Supply 3445 ,Miami,Canada,Manufacturer,30,4.9,LSC-7WLYZFPP
3446,Vertex Wholesale 3446,Philadelphia,Germany,Wholesaler,16,4.5,LSC-040HIIL7
3447,Evergreen Wholesale 3447,New York,Mexico,Manufacturer,4,3.9,LSC-JLONO3YG
3448,Rapid Supply 3448,Charlotte,Germany,Distributor,11,2.7,LSC-HTCX5RIG
3449, North Procurement 3449 ,Phoenix,Thailand,Manufacturer,8,3.1,LSC-9N6NPC32
3450,United Partners 3450,Miami,South Korea,Wholesaler,25,4.9,LSC-QGJYCV3S
3451,Apex Partners 3451,Portland,Germany,Wholesaler,5,4.7,LSC-Y39M3JGW
3452,North Wholesale 3452,Columbus,Germany,Manufacturer,23,4.7,LSC-3XR9D129
3453,Evergreen Industrial 3453,San Francisco,India,Wholesaler,29,2.7,LSC-0JBYWS0A
3454,Summit Logistics 3454,Los Angeles,Vietnam,Wholesaler,26,3.4,LSC-71PMEOAW
3455,North Distributors 3455,Houston,Japan,Manufacturer,21,4.9,LSC-Z1QXFIAE
3456,Nova Retail Supply 3456,Boston,USA,Wholesaler,9,4.9,LSC-VJ61TYJA
3457,Apex Trading 3457,Houston,Mexico,Distributor,20,3.4,LSC-78UI5MGA
3458,Prime Trading 3458,Miami,South Korea,Distributor,22,4.3,LSC-W80FNALN
3459,Rapid Procurement 3459,Austin,China,Manufacturer,28,2.9,LSC-SVN20PY4
3460,United Enterprises 3460,Atlanta,Japan,Manufacturer,21,4.0,LSC-KCUM8SMQ
3461,South Partners 3461,Dallas,Germany,Manufacturer,27,4.7,LSC-7A4MG5SV
3462,East Trading 3462,New York,Mexico,Distributor,23,4.6,LSC-UU3WV1SO
3463,Global Industrial 3463,Boston,India,Wholesaler,12,4.7,LSC-FL0XAHFD
3464,East Industrial 3464,Denver,India,Manufacturer,18,3.6,LSC-L2TBER5X
3465,Summit Supply 3465,Miami,Mexico,Wholesaler,14,4.5,LSC-VBQKUW37
3466,Nova Industrial 3466,Philadelphia,Canada,Manufacturer,8,4.0,LSC-BK232ARW
3467,West Distributors 3467,Columbus,Mexico,Wholesaler,22,4.1,LSC-YEG11RGY
3468,Vertex Retail Supply 3468,Portland,Japan,Wholesaler,27,4.1,LSC-76CW9OPR
3469,Global Industrial 3469,Nashville,Japan,Wholesaler,9,3.4,LSC-PPEZAI86
3470,Metro Supply 3470,New York,India,Distributor,4,4.3,LSC-C5HDFUB4
3471, West Logistics 3471 ,Chicago,India,Distributor,27,4.3,LSC-5ZJ8TAKU
3472,United Distributors 3472,Austin,Vietnam,Distributor,17,2.9,LSC-E9N09RBB
3473,Elite Supply 3473,Charlotte,Japan,Manufacturer,16,4.9,LSC-I6T5FJTB
3474,South Wholesale 3474,Portland,Mexico,Wholesaler,2,3.8,LSC-JW7TBDDC
3475,Rapid Retail Supply 3475,Miami,Germany,Distributor,16,4.1,LSC-Y0TN1QAI
3476,United Retail Supply 3476,Detroit,South Korea,Wholesaler,29,4.3,LSC-W171794A
3477,Metro Industrial 3477,San Jose,USA,Wholesaler,11,3.8,LSC-4LHBALHJ
3478,Metro Supply 3478,Miami,Japan,Distributor,21,4.5,LSC-G24AF8QM
3479,South Procurement 3479,Seattle,Mexico,Distributor,27,4.3,LSC-W22DPTMD
3480,Summit Trading 3480,Los Angeles,Germany,Distributor,8,4.6,LSC-MFR898Y5
3481,Prime Logistics 3481,Columbus,USA,Distributor,28,4.5,LSC-9A6SPZD1
3482,East Supply 3482,Boston,Germany,Distributor,11,4.3,LSC-IOL3QRDE
3483,Blue Retail Supply 3483,San Jose,India,Distributor,5,2.5,LSC-TD9XQOPI
3484,Rapid Wholesale 3484,Chicago,India,Manufacturer,12,2.9,LSC-PHXEA17T
3485,East Retail Supply 3485,Miami,South Korea,Distributor,15,5.0,LSC-3DRI54PU
3486,Metro Industrial 3486,Boston,South Korea,Wholesaler,7,3.4,LSC-LPNUUZZ3
3487,United Enterprises 3487,Denver,India,Wholesaler,4,3.5,LSC-6B09XX0B
3488,Nova Supply 3488,Portland,Japan,Manufacturer,13,4.3,LSC-8Y23M9DV
3489,Elite Trading 3489,Phoenix,USA,Manufacturer,9,2.6,LSC-L6FZPZN8
3490,Rapid Trading 3490,Atlanta,Vietnam,Distributor,27,4.4,LSC-1DE1YU96
3491,Global Retail Supply 3491,Dallas,USA,Wholesaler,19,4.3,LSC-SLZOB36A
3492,Prime Procurement 3492,Chicago,Vietnam,Manufacturer,22,3.8,LSC-JH3HIPC9
3493,East Industrial 3493,Detroit,China,Distributor,21,4.1,LSC-17KF6JZQ
3494,Summit Distributors 3494,Columbus,India,Wholesaler,17,4.4,LSC-IWKKVHOI
3495,Evergreen Partners 3495,Philadelphia,South Korea,Wholesaler,2,,LSC-8G4DYUVU
3496,Rapid Logistics 3496,San Jose,USA,Distributor,27,2.9,LSC-FRHD7MDY
3497,South Retail Supply 3497,Austin,Mexico,Distributor,9,3.2,LSC-JDP5J7QM
3498,Apex Wholesale 3498,Boston,USA,Distributor,14,4.6,LSC-O27EVCNQ
3499,United Procurement 3499,Phoenix,Mexico,Wholesaler,22,3.9,LSC-LXBWLWM5
3500,Nova Procurement 3500,San Jose,Germany,Distributor,3,3.7,LSC-PTSETIGP
3501,West Partners 3501,Atlanta,USA,Manufacturer,8,,LSC-KG727NK8
3502,Blue Retail Supply 3502,New York,India,Wholesaler,23,3.0,LSC-NIDP3LDJ
3503,Blue Enterprises 3503,Houston,Mexico,Manufacturer,3,4.1,LSC-K15UX5W3
3504,East Trading 3504,San Francisco,South Korea,Manufacturer,18,3.1,LSC-U6ADQC59
3505,Blue Procurement 3505,Austin,Japan,Manufacturer,22,3.8,LSC-M3V3DQJU
3506,Nova Supply 3506,San Jose,USA,Wholesaler,2,4.1,LSC-B25T0FW5
3507,Nova Distributors 3507,Portland,China,Wholesaler,21,4.4,LSC-L0BZIPL3
3508,Quantum Partners 3508,Detroit,USA,Wholesaler,6,,LSC-7I5LGO9T
3509,Rapid Enterprises 3509,Columbus,South Korea,Manufacturer,2,4.2,LSC-ESTAZALH
3510,Summit Partners 3510,Austin,South Korea,Manufacturer,29,3.8,LSC-RF04F69A
3511,Vertex Supply 3511,Columbus,Vietnam,Distributor,4,4.7,LSC-P07HZQ8O
3512,Blue Procurement 3512,Miami,Japan,Distributor,4,3.4,LSC-9CUUQ4YE
3513,Summit Enterprises 3513,Dallas,Germany,Wholesaler,28,,LSC-V47XOL1I
3514,Apex Retail Supply 3514,Seattle,South Korea,Distributor,19,0.0,LSC-63RXWMDV
3515,United Trading 3515,Denver,Thailand,Manufacturer,13,4.6,LSC-SQ86XJXX
3516,Blue Retail Supply 3516,Chicago,Vietnam,Distributor,23,4.0,LSC-M8TNAWVD
3517,Prime Enterprises 3517,Boston,Canada,Distributor,4,3.6,LSC-UWFBQ2SY
3518,Blue Logistics 3518,San Francisco,Thailand,Manufacturer,29,3.2,LSC-T3UWEWSM
3519,East Logistics 3519,Columbus,Thailand,Distributor,25,3.7,LSC-VBB5PT28
3520,Rapid Partners 3520,New York,South Korea,Manufacturer,30,3.7,LSC-GACWAQAU
3521,West Logistics 3521,Seattle,Mexico,Wholesaler,26,4.1,LSC-9QYXWL96
3522,Rapid Retail Supply 3522,San Jose,Mexico,Manufacturer,2,4.3,LSC-TPVADZUE
3523,Metro Retail Supply 3523,Phoenix,Germany,Manufacturer,10,4.3,LSC-KXY2YA9M
3524,Prime Retail Supply 3524,Detroit,Thailand,Distributor,30,2.8,LSC-Y2B73RRF
3525,Evergreen Partners 3525,Philadelphia,India,Wholesaler,17,3.2,LSC-N887TLET
3526,Global Enterprises 3526,HOUSTON,Vietnam,Wholesaler,29,4.5,LSC-CZ3IXL1C
3527,Global Logistics 3527,Phoenix,South Korea,Wholesaler,3,4.2,LSC-FA2U5QH1
3528,North Partners 3528,Dallas,India,Wholesaler,18,4.6,LSC-N8MMESU7
3529,Rapid Supply 3529,Charlotte,South Korea,Manufacturer,26,3.5,LSC-9SSXL9RI
3530,Prime Supply 3530,Dallas,Vietnam,Distributor,12,3.4,LSC-OJ4IQSEJ
3531,East Logistics 3531,Boston,Germany,Wholesaler,16,2.5,LSC-3YLBXN1R
3532,North Enterprises 3532,San Francisco,USA,Wholesaler,22,2.8,LSC-CDOETP5X
3533,Rapid Procurement 3533,Nashville,Canada,Distributor,10,2.9,LSC-U7XI7FCY
3534,South Industrial 3534,Chicago,Germany,Distributor,4,3.8,LSC-4ZNZQ7GB
3535,Nova Partners 3535,Portland,South Korea,Wholesaler,-11,4.7,LSC-SVP9IO1Q
3536,Metro Logistics 3536,Philadelphia,Canada,Wholesaler,14,4.2,LSC-SUZPO0ZS
3537,West Industrial 3537,Austin,Mexico,Manufacturer,11,4.9,LSC-LYTG2OL0
3538,South Enterprises 3538,Los Angeles,Vietnam,Wholesaler,22,4.5,LSC-4GC9AL4K
3539,Summit Partners 3539,Boston,China,Wholesaler,12,4.1,LSC-T8PUN5DG
3540,East Distributors 3540,Atlanta,Thailand,Manufacturer,3,3.7,LSC-I5DSYM7D
3541,United Logistics 3541,San Francisco,USA,Distributor,20,4.3,LSC-H3YC0KLR
3542,Blue Retail Supply 3542,Dallas,Germany,Distributor,27,4.2,LSC-JHD2VSOE
3543,Prime Wholesale 3543,Seattle,Canada,Manufacturer,5,3.7,LSC-W8E0BN24
3544,Elite Trading 3544,Boston,Mexico,Wholesaler,10,3.0,LSC-KOG95N8I
3545,Rapid Retail Supply 3545,Miami,Japan,Distributor,4,4.3,LSC-WVT7BGFM
3546,Vertex Logistics 3546,Atlanta,Germany,Distributor,13,4.6,LSC-DEHNSB02
3547,Evergreen Partners 3547,Denver,Thailand,Wholesaler,7,3.5,LSC-W139MXFG
3548,Prime Procurement 3548,Denver,USA,Wholesaler,27,4.5,LSC-I1689WAN
3549,East Enterprises 3549,Phoenix,India,Manufacturer,17,3.4,LSC-WHBR1P29
3550,United Trading 3550,San Francisco,Germany,Manufacturer,13,4.9,LSC-OSVC1U5W
3551,South Logistics 3551,San Jose,USA,Manufacturer,27,3.5,LSC-UBMMZH5H
3552,East Supply 3552,Detroit,China,Distributor,21,4.9,LSC-8ONUKKQ6
3553,Global Distributors 3553,Detroit,Germany,Wholesaler,27,3.3,LSC-LYO2S1W0
3554,Elite Procurement 3554,Columbus,Japan,Manufacturer,14,4.7,LSC-R2ZEHKBI
3555,Prime Retail Supply 3555,Atlanta,Japan,Distributor,24,2.7,LSC-DBPU4D4N
3556,United Procurement 3556,Nashville,USA,Manufacturer,4,4.4,LSC-2DKZ49FO
3557, Summit Wholesale 3557 ,Seattle,Mexico,Distributor,7,3.9,LSC-Y61JZEKL
3558,Summit Wholesale 3558,Miami,Mexico,Manufacturer,25,4.0,LSC-GIFY1CAG
3559,South Partners 3559,Portland,Canada,Manufacturer,7,3.9,LSC-YJICVRD7
3560,Quantum Trading 3560,Dallas,USA,Distributor,21,3.3,LSC-NWROV6ZJ
3561,West Retail Supply 3561,Boston,India,Distributor,3,4.7,LSC-T845Q7HC
3562,Nova Supply 3562,Columbus,Japan,Wholesaler,8,2.5,LSC-QVO6IBRG
3563,Blue Procurement 3563,Charlotte,Germany,Manufacturer,17,,LSC-FC06HGFL
3564,West Industrial 3564,Detroit,India,Wholesaler,8,3.9,LSC-0YGSCPVF
3565,Apex Partners 3565,Atlanta,USA,Wholesaler,8,3.8,LSC-2H7LZHVB
3566,Summit Industrial 3566,New York,USA,Distributor,26,4.0,LSC-Z73BZDKC
3567,Evergreen Procurement 3567,Dallas,Canada,Wholesaler,7,4.0,LSC-F3NYS3UU
3568,United Procurement 3568, Los Angeles,South Korea,Wholesaler,10,3.5,LSC-F8YH8KMH
3569,Quantum Partners 3569,Atlanta,USA,Distributor,8,4.3,LSC-QXU2C67A
3570,United Supply 3570,Nashville,China,Wholesaler,22,4.4,LSC-MRUCZG3R
3571,United Wholesale 3571,Seattle,India,Manufacturer,2,2.5,LSC-AP5UVK3O
3572,South Logistics 3572,Detroit,Vietnam,Manufacturer,25,4.1,LSC-M0DT08NN
3573,Elite Enterprises 3573,Phoenix,USA,Distributor,23,4.6,LSC-Q77AG3YN
3574,Nova Distributors 3574,Houston,Germany,Distributor,25,4.2,LSC-65MOX9FX
3575,South Retail Supply 3575,San Jose,USA,Wholesaler,2,4.5,LSC-7380UKBH
3576,Nova Wholesale 3576,Boston,Canada,Distributor,28,4.4,LSC-19FPJ0I9
3577,Vertex Logistics 3577,Atlanta,Japan,Manufacturer,11,4.7,LSC-Z649HCF4
3578,Nova Trading 3578,Houston,Thailand,Distributor,3,4.0,LSC-M4OI6W6N
3579,Vertex Wholesale 3579,Dallas,Canada,Wholesaler,13,2.9,LSC-4OVKTCPW
3580,Elite Logistics 3580,Boston,Japan,Wholesaler,7,3.8,LSC-W5B90QCB
3581,Vertex Supply 3581,Houston,India,Distributor,6,3.2,LSC-4K1NVKEE
3582, East Industrial 3582 ,Boston,Mexico,Wholesaler,24,4.0,LSC-AKV3X2CG
3583,Metro Distributors 3583,Boston,Thailand,Wholesaler,20,2.9,LSC-BUHZOCJE
3584,Prime Industrial 3584,Los Angeles,Canada,Wholesaler,23,4.6,LSC-YHBM2HNS
3585,South Partners 3585,San Francisco,China,Wholesaler,3,3.5,LSC-AP8MEESM
3586,Vertex Procurement 3586,Austin,South Korea,Wholesaler,2,3.9,LSC-EZ7RYC2T
3587,Blue Distributors 3587,San Francisco,Thailand,Distributor,5,2.8,LSC-6P5QDHNG
3588,Blue Supply 3588,Austin,India,Wholesaler,5,4.1,LSC-PLW85GLH
3589,Prime Industrial 3589,Seattle,Mexico,Manufacturer,17,4.7,LSC-GAF0T9L0
3590,Apex Logistics 3590,New York,South Korea,Distributor,19,3.8,LSC-ZBVYE1II
3591,Prime Distributors 3591,New York,South Korea,Wholesaler,-9,4.3,LSC-WIC597ZJ
3592,Prime Supply 3592,Portland,Canada,Wholesaler,21,4.2,LSC-E45QZ9VX
3593,Apex Partners 3593,San Jose,Mexico,Manufacturer,16,4.6,LSC-LCZ5JFMW
3594,Evergreen Procurement 3594,Los Angeles,Thailand,Wholesaler,6,3.5,LSC-JGI7PVOP
3595,Nova Partners 3595,Chicago,Canada,Wholesaler,30,2.7,LSC-M8GXE5FJ
3596,Global Retail Supply 3596,Philadelphia,Japan,Wholesaler,17,3.7,LSC-SXQSAAYE
3597, Prime Partners 3597 ,Portland,Mexico,Wholesaler,27,3.1,LSC-MZ5H0DMU
3598,Prime Partners 3598,Dallas,Japan,Distributor,23,3.1,LSC-PDZXAQ9F
3599,Quantum Distributors 3599,Phoenix,Thailand,Wholesaler,14,4.1,LSC-5CY6PV19
3600,Global Partners 3600,Miami,Canada,Manufacturer,2,4.2,LSC-W0GX8R6H
3601,North Supply 3601,San Jose,India,Manufacturer,15,3.1,LSC-2HUXMOZX
3602,West Retail Supply 3602,New York,South Korea,Wholesaler,27,4.3,LSC-MSAB3BVT
3603,Prime Retail Supply 3603,Portland,Germany,Distributor,7,3.4,LSC-YVSB9867
3604,Evergreen Distributors 3604,Nashville,Mexico,Distributor,20,4.4,LSC-14JPONZV
3605,Prime Industrial 3605,Austin,India,Wholesaler,4,4.0,LSC-1S06WTOS
3606,Global Trading 3606,Phoenix,Germany,Distributor,28,4.9,LSC-QK4Z91PL
3607,Global Supply 3607,Miami,Thailand,Distributor,8,4.6,LSC-M50D3M74
3608,Apex Enterprises 3608,San Francisco,USA,Distributor,3,4.3,LSC-IUBHUHRT
3609,South Procurement 3609,Austin,Japan,Manufacturer,17,4.9,LSC-41LCLJZ9
3610,Evergreen Trading 3610,Portland,South Korea,Wholesaler,6,3.7,LSC-SGQB3ARD
3611,Global Distributors 3611,New York,Mexico,Wholesaler,9,4.1,LSC-2AFI63OV
3612,Global Enterprises 3612,Detroit,China,Distributor,13,3.7,LSC-S3M5OURO
3613,Evergreen Logistics 3613,Portland,Japan,Distributor,3,3.2,LSC-2KY6OC8F
3614,Apex Industrial 3614,Detroit,India,Manufacturer,6,3.6,LSC-AJX4B0A4
3615,East Logistics 3615,Charlotte,South Korea,Manufacturer,13,4.3,LSC-V6ZVNSOJ
3616,Metro Trading 3616,Nashville,Germany,Distributor,16,4.9,LSC-M58TGTUO
3617,Evergreen Logistics 3617,Miami,Mexico,Wholesaler,9,4.3,LSC-4Y16NXB8
3618,Prime Partners 3618,San Francisco,Vietnam,Wholesaler,16,3.3,LSC-2QLOHTHJ
3619,Global Supply 3619,Dallas,India,Distributor,11,4.8,LSC-FR7M4K0X
3620,Quantum Distributors 3620,Dallas,India,Manufacturer,5,4.4,LSC-POASVBA8
3621,North Procurement 3621,San Jose,Vietnam,Wholesaler,30,4.1,LSC-SFL04MEU
3622,Quantum Logistics 3622,Los Angeles,South Korea,Wholesaler,22,4.1,LSC-ZWAIUOS6
3623,Nova Retail Supply 3623,Austin,Canada,Distributor,21,4.4,LSC-S9KT9EZ2
3624,United Wholesale 3624,Columbus,Japan,Wholesaler,24,4.7,LSC-5M7AA62D
3625,Prime Logistics 3625,San Jose,Vietnam,Distributor,24,3.7,LSC-PAMS126I
3626,Nova Procurement 3626,Chicago,South Korea,Distributor,7,4.0,LSC-F90M1SHR
3627,East Distributors 3627,Boston,India,Manufacturer,22,3.7,LSC-6L5A2LSE
3628,Metro Enterprises 3628,Denver,Vietnam,Manufacturer,28,4.2,LSC-X2PPQLA1
3629,Metro Procurement 3629,Philadelphia,Japan,Wholesaler,27,4.8,LSC-W6NCH4H9
3630,Vertex Logistics 3630,Dallas,India,Distributor,10,3.7,LSC-DM330FLO
3631,Vertex Logistics 3631,San Jose,Thailand,Manufacturer,30,4.4,LSC-2FZXOTCS
3632,South Procurement 3632,Philadelphia,China,Manufacturer,17,,LSC-1C5OCY1V
3633,Evergreen Supply 3633,Los Angeles,Thailand,Wholesaler,3,4.6,LSC-VLY26Y7X
3634,North Wholesale 3634,Detroit,Germany,Wholesaler,18,3.1,LSC-3URNJEK9
3635,Blue Logistics 3635,Denver,China,Manufacturer,5,4.7,LSC-QXAEXF32
3636,North Procurement 3636,Dallas,South Korea,Manufacturer,20,3.1,LSC-YRNQ1M3A
3637,Evergreen Enterprises 3637,San Jose,China,Distributor,26,5.0,LSC-UVNMIXWG
3638,Prime Enterprises 3638,Miami,Germany,Distributor,16,2.6,LSC-JJ5M5ZV9
3639,Global Distributors 3639,Columbus,South Korea,Manufacturer,25,,LSC-NYV4C4SL
3640,Summit Partners 3640,Detroit,China,Manufacturer,4,4.6,LSC-MYIXXJA3
3641,South Trading 3641,Columbus,India,Wholesaler,12,3.3,LSC-5GKF613T
3642,Global Logistics 3642,Charlotte,Germany,Distributor,18,3.8,LSC-Z6W8WBZO
3643,Nova Wholesale 3643,Philadelphia,China,Manufacturer,7,3.3,LSC-2DMTG2TM
3644,North Distributors 3644,Austin,South Korea,Distributor,7,2.7,LSC-RNRD00HK
3645,Metro Distributors 3645,Nashville,Germany,Manufacturer,24,4.6,LSC-OO1EG0XW
3646,East Enterprises 3646,Charlotte,India,Wholesaler,17,4.7,LSC-O7CELUWG
3647,Nova Industrial 3647,Austin,Japan,Wholesaler,22,4.9,LSC-7PBYD4DJ
3648,Rapid Industrial 3648,Portland,China,Distributor,6,3.3,LSC-TYGLFS9A
3649,Metro Logistics 3649,Chicago,Germany,Manufacturer,9,4.4,LSC-IMEK33DC
3650,Quantum Partners 3650,Dallas,China,Wholesaler,29,3.0,LSC-CEUDDVA3
3651,North Industrial 3651,Philadelphia,Thailand,Manufacturer,22,3.6,LSC-YH5H2O5L
3652,Metro Trading 3652,Austin,South Korea,Manufacturer,30,3.2,LSC-M948IY00
3653,Apex Distributors 3653,Los Angeles,China,Manufacturer,5,2.9,LSC-8ZQ1VKVV
3654,South Industrial 3654,Los Angeles,Thailand,Wholesaler,9,2.7,LSC-2APXETGC
3655,Nova Trading 3655,San Francisco,China,Wholesaler,11,3.4,LSC-2525WS29
3656,North Partners 3656,Charlotte,Thailand,Distributor,9,3.5,LSC-4KYZ6SEX
3657,Metro Wholesale 3657,Charlotte,India,Manufacturer,29,3.6,LSC-GFA32J5U
3658,Summit Enterprises 3658,Portland,Canada,Distributor,29,2.9,LSC-CWGQ8X2M
3659,North Enterprises 3659,Philadelphia,Japan,Wholesaler,19,4.7,LSC-CUHR5D7H
3660,Summit Enterprises 3660,Portland,Mexico,Manufacturer,18,3.0,LSC-1857D528
3661,Rapid Enterprises 3661,Denver,Vietnam,Wholesaler,11,3.7,LSC-PP9CWNBI
3662,Evergreen Supply 3662,New York,Vietnam,Manufacturer,29,4.9,LSC-YZ5SCZH3
3663,Nova Trading 3663,Atlanta,South Korea,Manufacturer,15,2.5,LSC-MJG0D6MU
3664,Summit Enterprises 3664,Chicago,Canada,Manufacturer,26,4.2,LSC-V8V49WXV
3665,Vertex Trading 3665,Austin,Japan,Wholesaler,11,2.7,LSC-XLZE639K
3666,Metro Retail Supply 3666,New York,South Korea,Distributor,30,3.9,LSC-A5C3A1M9
3667,Metro Retail Supply 3667,New York,Thailand,Distributor,21,3.5,LSC-HKW9X6RE
3668,Global Enterprises 3668,Charlotte,South Korea,Manufacturer,3,4.9,LSC-NM292MG1
3669,North Wholesale 3669,Boston,India,Distributor,23,5.0,LSC-U0U83T5K
3670,West Supply 3670,Miami,South Korea,Distributor,15,3.2,LSC-5LM9YUHZ
3671,Prime Procurement 3671,Detroit,South Korea,Wholesaler,26,4.5,LSC-8KCXHHDA
3672,East Enterprises 3672,Chicago,Vietnam,Wholesaler,24,3.5,LSC-1RYWYMCS
3673,Quantum Partners 3673,Austin,India,Manufacturer,18,4.7,LSC-BZGJVB2Y
3674,East Enterprises 3674,Phoenix,China,Distributor,12,4.4,LSC-23LSHZ8B
3675,West Supply 3675,Seattle,China,Manufacturer,16,3.7,LSC-1FNTTUYS
3676,Metro Supply 3676,Detroit,Germany,Distributor,10,3.8,LSC-8CG90MX7
3677,Global Procurement 3677,Los Angeles,Germany,Manufacturer,25,2.7,LSC-DZZC5A8S
3678,Rapid Logistics 3678,Houston,Japan,Distributor,25,4.6,LSC-8EGJ7A0K
3679,Quantum Wholesale 3679,San Francisco,Canada,Wholesaler,12,4.7,LSC-ZNLNCJ7X
3680,South Supply 3680,Chicago,China,Wholesaler,28,2.6,LSC-GELVD3DD
3681,Evergreen Partners 3681,Atlanta,Vietnam,Wholesaler,7,3.1,LSC-ZV07EY3E
3682,Elite Retail Supply 3682,Nashville,Japan,Manufacturer,11,3.8,LSC-74CCFH9A
3683, North Industrial 3683 ,Nashville,India,Distributor,28,3.5,LSC-9WOQIH02
3684,Metro Retail Supply 3684,San Jose,USA,Wholesaler,11,2.7,LSC-IK6GS0JV
3685,Prime Procurement 3685,Seattle,Thailand,Distributor,18,4.2,LSC-4UXMWA17
3686,Nova Wholesale 3686,San Jose,USA,Distributor,22,2.7,LSC-TOLQGASG
3687,Evergreen Distributors 3687,Los angeles,Mexico,Distributor,28,4.8,LSC-U6606U00
3688,Vertex Procurement 3688,San Francisco,China,Wholesaler,12,2.7,LSC-LM9NWJWF
3689,Blue Industrial 3689,Seattle,Thailand,Wholesaler,6,,LSC-F1RXGTXA
3690,Summit Enterprises 3690,Chicago,India,Distributor,22,4.8,LSC-9N1XIJBW
3691,West Partners 3691,Houston,South Korea,Manufacturer,9,2.8,LSC-N1NZIH5K
3692,Vertex Trading 3692,New York,Thailand,Wholesaler,2,2.8,LSC-HKKLDIXS
3693, Global Procurement 3693 ,San Francisco,Germany,Wholesaler,23,4.8,LSC-EERR7EBL
3694,South Retail Supply 3694,Portland,Mexico,Distributor,22,3.7,LSC-V87ZMYP2
3695,Vertex Distributors 3695,Seattle,China,Wholesaler,13,2.5,LSC-QPKWQZZG
3696,North Partners 3696,New York,USA,Manufacturer,3,3.6,LSC-6WKLX2WE
3697,Blue Distributors 3697,Phoenix,Thailand,Manufacturer,30,4.6,LSC-3390F8NU
3698,United Trading 3698,Phoenix,Vietnam,Distributor,8,4.4,LSC-DKHO9C90
3699,West Logistics 3699,Boston,Germany,Distributor,30,3.5,LSC-RRE93U62
3700,Blue Procurement 3700,Philadelphia,Japan,Distributor,19,4.8,LSC-EU6RLN7O
3701,Apex Retail Supply 3701,Boston,USA,Distributor,6,3.0,LSC-50K2T9Z0
3702,Metro Industrial 3702,Chicago,Japan,Wholesaler,27,3.2,LSC-XR5SAXQC
3703,West Partners 3703,Miami,Japan,Distributor,22,3.3,LSC-BFRJSJJ7
3704,South Enterprises 3704,Seattle,Germany,Manufacturer,14,3.5,LSC-8KTO9QES
3705,North Distributors 3705,San Jose,China,Wholesaler,7,4.3,LSC-ZXKQKP90
3706,Rapid Wholesale 3706,Detroit,USA,Manufacturer,30,3.1,LSC-9XXX36DO
3707,Quantum Logistics 3707,Houston,Vietnam,Manufacturer,28,3.0,LSC-MW5MXVWB
3708,South Enterprises 3708,Los angeles,Mexico,Manufacturer,17,4.7,LSC-X3WN8AAR
3709,Blue Logistics 3709,Houston,Japan,Manufacturer,6,3.7,LSC-8VDGWMQE
3710,Prime Procurement 3710,Denver,Vietnam,Distributor,12,,LSC-6F4DQWML
3711,Elite Logistics 3711,Phoenix,USA,Distributor,26,4.7,LSC-JPF02AEJ
3712,Global Retail Supply 3712,Boston,Thailand,Distributor,30,3.9,LSC-BFMZ85DK
3713,South Retail Supply 3713,Los Angeles,India,Distributor,21,3.5,LSC-8PNBIFEU
3714,Elite Enterprises 3714,Seattle,Vietnam,Manufacturer,27,2.9,LSC-NA0B6NWY
3715,Quantum Partners 3715,San Jose,Thailand,Distributor,10,3.2,LSC-MHJ6C6AB
3716,Apex Supply 3716,Columbus,USA,Manufacturer,20,3.4,LSC-OBC2F8DN
3717,South Procurement 3717,Houston,South Korea,Distributor,21,3.4,LSC-VGUASMCJ
3718,Metro Logistics 3718,Dallas,India,Distributor,7,2.6,LSC-36H2BQGF
3719,South Logistics 3719,Portland,Germany,Wholesaler,21,4.7,LSC-6U0RKTOC
3720,Elite Industrial 3720,San Jose,USA,Manufacturer,16,4.9,LSC-61SECHXG
3721,Summit Trading 3721,San Jose,Thailand,Distributor,9,3.4,LSC-8FQMJ22O
3722,United Wholesale 3722,Miami,Germany,Distributor,10,3.9,LSC-VTOKD7GD
3723,Rapid Procurement 3723,Boston,South Korea,Manufacturer,6,3.7,LSC-IXUCE5YC
3724,Elite Enterprises 3724,Los Angeles,Canada,Distributor,11,3.7,LSC-NB84XX9J
3725,Vertex Enterprises 3725,Los Angeles,Vietnam,Wholesaler,26,4.5,LSC-HQBWO7BA
3726,Quantum Retail Supply 3726,Dallas,USA,Manufacturer,9,4.9,LSC-39JY193A
3727,Rapid Distributors 3727,CHICAGO,Germany,Distributor,20,4.0,LSC-6LOI5YRC
3728,Blue Distributors 3728,Philadelphia,Vietnam,Manufacturer,18,3.3,LSC-GVGQ2UOK
3729,Summit Wholesale 3729,Phoenix,Mexico,Distributor,30,4.6,LSC-FMTCP2R7
3730,Vertex Industrial 3730,Austin,Germany,Distributor,13,4.2,LSC-FY5746S5
3731,United Retail Supply 3731,Charlotte,Thailand,Manufacturer,2,3.7,LSC-UIXBH3HS
3732,Elite Distributors 3732,Denver,Vietnam,Distributor,28,4.1,LSC-GOSNSTAV
3733, North Procurement 3733 ,Atlanta,Germany,Manufacturer,3,2.6,LSC-GF9AHO3K
3734, Global Enterprises 3734 ,Phoenix,Canada,Manufacturer,19,2.6,LSC-6QDFE2K3
3735,West Enterprises 3735,Atlanta,India,Wholesaler,20,2.9,LSC-FO0SKUJR
3736,North Wholesale 3736,Portland,China,Wholesaler,9,4.3,LSC-1705SFLY
3737,Apex Partners 3737,Chicago,Canada,Distributor,27,5.0,LSC-3WD6OCSV
3738,East Supply 3738,Portland,Vietnam,Distributor,19,3.9,LSC-CAHOGFJK
3739,Summit Wholesale 3739,Philadelphia,Canada,Wholesaler,13,4.0,LSC-ER2YZRGF
3740,Quantum Procurement 3740,Atlanta,Germany,Distributor,6,3.3,LSC-1O5G5U6J
3741,Blue Distributors 3741,Austin,Mexico,Manufacturer,-7,4.5,LSC-92PTG832
3742,Blue Trading 3742,Seattle,Thailand,Distributor,20,3.6,LSC-3A0MQ4XO
3743,Evergreen Industrial 3743,Chicago,USA,Manufacturer,23,2.7,LSC-D6EAF0EZ
3744,Nova Retail Supply 3744,San Francisco,Vietnam,Distributor,13,4.7,LSC-17PZ4M6C
3745,Elite Industrial 3745,Charlotte,Germany,Manufacturer,22,4.7,LSC-MW1C8N3V
3746,Elite Supply 3746,Dallas,Canada,Wholesaler,6,3.0,LSC-JLZ2MDKQ
3747, Global Logistics 3747 ,Seattle,Canada,Manufacturer,30,4.2,LSC-9KDPPEQ1
3748,Nova Wholesale 3748,Dallas,Japan,Manufacturer,6,2.7,LSC-GK8DZVR9
3749,Vertex Enterprises 3749,New York,Germany,Distributor,9,3.1,LSC-HQDXVNIU
3750,Global Partners 3750,Seattle,Vietnam,Distributor,9,2.9,LSC-DKH8DHX0
3751,Evergreen Trading 3751,Chicago,USA,Distributor,24,3.6,LSC-CYWC9I31
3752,Nova Industrial 3752,Chicago,South Korea,Manufacturer,24,,LSC-J9IXS6LD
3753,North Partners 3753,Nashville,Mexico,Manufacturer,6,4.2,LSC-FOTUX6J1
3754,Prime Wholesale 3754,San Jose,Canada,Distributor,11,3.4,LSC-EUUYDUX8
3755,North Wholesale 3755,Denver,India,Distributor,11,,LSC-H7L0MH78
3756,Blue Trading 3756,Charlotte,India,Wholesaler,16,4.2,LSC-4CD3LIQA
3757,United Retail Supply 3757,Philadelphia,Canada,Distributor,4,2.8,LSC-ZRP1482G
3758,South Partners 3758,Portland,Canada,Wholesaler,11,4.6,LSC-XN1FVQFB
3759,Vertex Partners 3759,Charlotte,Germany,Wholesaler,7,4.0,LSC-C1DNP7WL
3760,Elite Logistics 3760,Philadelphia,Mexico,Distributor,10,2.5,LSC-2E3WM5QM
3761,Global Logistics 3761,Austin,Mexico,Wholesaler,28,2.8,LSC-EZT07BVQ
3762,Elite Industrial 3762,San Francisco,Mexico,Distributor,11,3.4,LSC-PVCKJMXC
3763,Rapid Retail Supply 3763,Seattle,Germany,Wholesaler,15,4.2,LSC-CSXF1GEH
3764,North Industrial 3764,San Jose,USA,Distributor,8,4.7,LSC-4HMZYWDV
3765,South Retail Supply 3765,Atlanta,Canada,Manufacturer,18,3.4,LSC-7ZXFMX9I
3766,North Trading 3766,Charlotte,Canada,Manufacturer,14,2.9,LSC-RC38P58M
3767,Quantum Procurement 3767,Seattle,Germany,Distributor,21,3.2,LSC-NBXSM2EJ
3768,North Trading 3768,Los Angeles,China,Wholesaler,21,3.9,LSC-QFMZJQH3
3769,Evergreen Trading 3769,Chicago,Canada,Manufacturer,11,4.7,LSC-ZJ6ML55U
3770,South Retail Supply 3770,Phoenix,China,Wholesaler,11,4.8,LSC-T8RBA2FY
3771,West Industrial 3771,New York,China,Manufacturer,8,3.4,LSC-7P72I82X
3772,South Enterprises 3772,Portland,Canada,Wholesaler,17,3.3,LSC-YABZM36W
3773,Evergreen Supply 3773,Philadelphia,South Korea,Wholesaler,7,4.6,LSC-8K2D0JZC
3774,Prime Partners 3774,Phoenix,China,Wholesaler,20,2.9,LSC-BFL1HBGY
3775,Prime Distributors 3775,Chicago,Japan,Wholesaler,11,3.6,LSC-63QWBMNE
3776,West Partners 3776,Seattle,South Korea,Distributor,24,4.0,LSC-J8RR1L7K
3777,Summit Retail Supply 3777,Atlanta,Japan,Wholesaler,8,3.0,LSC-714U655M
3778,Prime Trading 3778,Boston,South Korea,Distributor,19,3.0,LSC-BEDBPBX2
3779,Nova Enterprises 3779, Los Angeles,Vietnam,Wholesaler,8,3.4,LSC-0I97ERR5
3780,Metro Trading 3780,Boston,USA,Manufacturer,24,4.2,LSC-I1W8Z6QT
3781,Summit Distributors 3781,Columbus,Mexico,Wholesaler,7,,LSC-NAPGFHTN
3782,East Distributors 3782,Chicago,USA,Manufacturer,23,4.5,LSC-A27F57U5
3783,West Supply 3783,Phoenix,China,Distributor,27,4.6,LSC-2Q5IMLX6
3784,Metro Procurement 3784,Boston,Mexico,Manufacturer,26,3.6,LSC-GOVUOLAF
3785,East Logistics 3785,Portland,Mexico,Distributor,6,2.6,LSC-CWWJABXX
3786,Rapid Industrial 3786,Phoenix,India,Wholesaler,18,4.7,LSC-WWI825DN
3787,West Trading 3787,Atlanta,South Korea,Distributor,8,4.8,LSC-GN938KY4
3788,Evergreen Enterprises 3788,Austin,USA,Distributor,14,3.8,LSC-UG8NMLGC
3789,Blue Procurement 3789,Boston,Mexico,Manufacturer,11,4.4,LSC-TLVAJN23
3790,South Supply 3790,Seattle,Canada,Manufacturer,23,2.8,LSC-DXQWBMJ6
3791,East Trading 3791,Nashville,China,Distributor,4,2.6,LSC-9GYDBXE1
3792,Prime Wholesale 3792,Portland,South Korea,Manufacturer,16,2.9,LSC-M3LM8FHC
3793,Prime Industrial 3793,Portland,Canada,Distributor,15,4.4,LSC-70HAGMQP
3794,Apex Distributors 3794,Dallas,Japan,Distributor,17,,LSC-F4HN6MGW
3795,Rapid Retail Supply 3795,Denver,Canada,Wholesaler,14,2.9,LSC-UG7LVV0K
3796,Evergreen Distributors 3796,Boston,Mexico,Distributor,17,,LSC-HP41169G
3797,North Logistics 3797,San Jose,Mexico,Manufacturer,13,3.9,LSC-69PV6LR0
3798,Quantum Distributors 3798,Columbus,Japan,Distributor,15,4.7,LSC-7BQ0U75C
3799,Rapid Enterprises 3799,New York,USA,Wholesaler,12,4.0,LSC-54OQLFJ8
3800,West Enterprises 3800,Denver,Vietnam,Distributor,3,4.6,LSC-T2KO4YWH
3801,Apex Partners 3801,Denver,China,Distributor,3,4.3,LSC-DFQA2XAW
3802,Apex Procurement 3802,Dallas,Thailand,Wholesaler,5,3.0,LSC-1IAUYKZN
3803,Summit Industrial 3803,Austin,Canada,Manufacturer,9,3.3,LSC-Z5KQVQDY
3804,Summit Enterprises 3804,San Francisco,Vietnam,Manufacturer,10,3.4,LSC-2V0TIW5L
3805,Evergreen Enterprises 3805,Portland,USA,Manufacturer,22,4.6,LSC-Y4CVIM1X
3806,Quantum Wholesale 3806,Phoenix,Vietnam,Manufacturer,19,4.3,LSC-XLEAYCDY
3807,South Trading 3807,Chicago,China,Wholesaler,5,2.7,LSC-6PH4UVD5
3808,Quantum Supply 3808,Boston,Thailand,Manufacturer,23,5.0,LSC-L1WDX68C
3809,Rapid Enterprises 3809,Philadelphia,Canada,Manufacturer,13,4.4,LSC-H69M0GAK
3810,Global Partners 3810,Boston,Canada,Distributor,28,2.7,LSC-ST7OJBQP
3811,Quantum Procurement 3811,Los Angeles,China,Wholesaler,24,3.4,LSC-E9EBHNQQ
3812,Global Industrial 3812,Nashville,Vietnam,Distributor,14,4.1,LSC-B4O6PJHN
3813,Blue Wholesale 3813,Columbus,Thailand,Distributor,10,4.5,LSC-UNV92VN8
3814,West Industrial 3814,Los Angeles,Mexico,Distributor,24,3.5,LSC-WEEVX3NY
3815,Nova Enterprises 3815,New York,USA,Wholesaler,15,4.7,LSC-4XREAZMC
3816,Summit Supply 3816,Portland,USA,Wholesaler,26,4.7,LSC-NV1VM2HJ
3817,Nova Trading 3817,Columbus,Mexico,Wholesaler,13,4.8,LSC-XHRUSZVD
3818,West Partners 3818,Philadelphia,USA,Distributor,29,2.5,LSC-UD2YZDZI
3819,West Enterprises 3819,San Francisco,Thailand,Distributor,30,4.2,LSC-FHJFC6AQ
3820,Blue Wholesale 3820,Philadelphia,Germany,Wholesaler,18,3.7,LSC-VI0R3X40
3821,Metro Wholesale 3821,Dallas,Canada,Manufacturer,25,2.6,LSC-SF5KSXZ5
3822,Blue Enterprises 3822,Philadelphia,Germany,Manufacturer,18,4.4,LSC-2D5VR2BK
3823,Summit Procurement 3823,Portland,South Korea,Distributor,20,2.5,LSC-Z5GKE1RZ
3824,United Distributors 3824,Atlanta,Mexico,Distributor,17,3.7,LSC-JJI6CMYU
3825,Quantum Distributors 3825,Philadelphia,India,Manufacturer,9,3.1,LSC-7SIS1BWM
3826,Summit Enterprises 3826,Philadelphia,Japan,Wholesaler,21,3.5,LSC-NKGD8ABF
3827,East Wholesale 3827,Houston,USA,Distributor,28,6.5,LSC-A4XPZWYH
3828,Summit Enterprises 3828,Phoenix,China,Manufacturer,5,4.4,LSC-I0B4DJ7N
3829,Quantum Supply 3829,Nashville,USA,Wholesaler,6,4.5,LSC-C3K77JJ6
3830,Nova Enterprises 3830,Detroit,China,Manufacturer,6,3.4,LSC-QF6BR2LE
3831,Blue Industrial 3831,Denver,China,Distributor,15,3.1,LSC-JAJNDKJP
3832,Rapid Industrial 3832,Boston,Vietnam,Manufacturer,18,2.7,LSC-KLLZSSXO
3833, Elite Procurement 3833 ,New York,USA,Manufacturer,30,3.9,LSC-IAIC7KC7
3834,Blue Trading 3834,Charlotte,China,Wholesaler,24,4.0,LSC-8MSWRR90
3835,South Distributors 3835,Denver,Mexico,Distributor,10,,LSC-FE989AHS
3836,Metro Logistics 3836,Houston,Mexico,Manufacturer,7,3.2,LSC-EI5QFQ6V
3837,Rapid Trading 3837,Philadelphia,Thailand,Wholesaler,3,4.9,LSC-BPFV7UW6
3838,South Trading 3838,Atlanta,Vietnam,Wholesaler,13,2.9,LSC-9T6GXNYT
3839,Apex Retail Supply 3839,Atlanta,Canada,Wholesaler,7,,LSC-SK9150UM
3840,East Enterprises 3840,Nashville,Vietnam,Wholesaler,18,4.9,LSC-YS62VJUR
3841,United Logistics 3841,Phoenix,Germany,Wholesaler,26,4.1,LSC-OGXVX9M3
3842,Metro Trading 3842,Boston,Japan,Manufacturer,20,4.2,LSC-Z1QWJ35Y
3843,Metro Wholesale 3843,Boston,Vietnam,Distributor,6,3.2,LSC-HW145WC0
3844,South Trading 3844,Houston,Thailand,Distributor,14,3.0,LSC-EXAS2R8L
3845,West Partners 3845,Atlanta,Vietnam,Wholesaler,28,3.9,LSC-BR6D6NWT
3846,North Enterprises 3846,Chicago,South Korea,Distributor,3,2.9,LSC-4US3G19K
3847,Rapid Wholesale 3847,Los Angeles,China,Wholesaler,16,3.5,LSC-U3M3TD7U
3848,West Partners 3848,Nashville,Thailand,Manufacturer,13,2.8,LSC-O4CDTBJ9
3849,Summit Industrial 3849,Detroit,Thailand,Distributor,14,2.6,LSC-XEDE4NAB
3850,Metro Retail Supply 3850,Charlotte,South Korea,Distributor,26,3.8,LSC-QLV7RXT4
3851,South Distributors 3851,Columbus,Japan,Distributor,10,4.5,LSC-NCN47DVC
3852,Apex Trading 3852,Charlotte,Japan,Manufacturer,8,5.0,LSC-RE3DVSB5
3853,Vertex Supply 3853,Phoenix,Thailand,Manufacturer,14,2.9,LSC-PNNQK0GM
3854,Summit Enterprises 3854,Dallas,Germany,Manufacturer,12,3.2,LSC-6O81YRIC
3855,Vertex Logistics 3855,Denver,Canada,Distributor,13,4.7,LSC-8BNI976F
3856,Metro Industrial 3856,Dallas,India,Distributor,10,3.6,LSC-QN4G6RCK
3857,South Enterprises 3857,New York,China,Wholesaler,10,4.5,LSC-9MFF0GBV
3858,North Logistics 3858,Phoenix,South Korea,Distributor,13,3.2,LSC-QBJRW7XO
3859,Metro Logistics 3859,San Jose,Mexico,Wholesaler,21,3.7,LSC-8CPENM5U
3860,Rapid Wholesale 3860,Chicago,Canada,Manufacturer,5,4.4,LSC-X8L3JDA0
3861,Metro Industrial 3861,Portland,Germany,Wholesaler,27,2.7,LSC-S4A2IS06
3862,East Trading 3862,Charlotte,Vietnam,Wholesaler,10,3.3,LSC-WQ1QU1RE
3863,Evergreen Wholesale 3863,Nashville,Germany,Manufacturer,22,5.0,LSC-04HT2LSV
3864, West Partners 3864 ,San Francisco,Japan,Distributor,3,4.5,LSC-6Q556RGL
3865,Prime Partners 3865,Houston,India,Distributor,12,3.8,LSC-TOPY7VND
3866,United Wholesale 3866,Boston,Japan,Wholesaler,15,3.7,LSC-XXWFMH6A
3867,Global Wholesale 3867,Portland,India,Wholesaler,27,3.4,LSC-WNL2URQN
3868,Apex Supply 3868,Nashville,India,Wholesaler,24,3.1,LSC-CYAK3J8W
3869, West Wholesale 3869 ,Nashville,USA,Wholesaler,28,4.9,LSC-KXHRTAUZ
3870,Summit Partners 3870,Nashville,China,Wholesaler,10,2.6,LSC-8Q3518RW
3871,Blue Partners 3871,Miami,Thailand,Wholesaler,15,4.6,LSC-VTRZR8DO
3872,Summit Industrial 3872,Denver,India,Manufacturer,21,2.9,LSC-L7DAOVXP
3873,Evergreen Supply 3873,New York,India,Manufacturer,21,4.2,LSC-BSEWYO0C
3874,Global Retail Supply 3874,Houston,USA,Distributor,2,3.8,LSC-MIQACAAF
3875,Summit Wholesale 3875,Houston,India,Wholesaler,7,4.3,LSC-UH9WL4B7
3876,Vertex Partners 3876,Chicago,Germany,Wholesaler,25,3.4,LSC-HJVANQW6
3877,Vertex Supply 3877,Houston,India,Distributor,11,4.0,LSC-C279IGFF
3878,Blue Enterprises 3878,Austin,China,Distributor,10,4.4,LSC-677SNPFC
3879,West Supply 3879,Phoenix,Mexico,Distributor,28,,LSC-42VLBFJ0
3880,Vertex Partners 3880,Phoenix,Germany,Manufacturer,12,4.6,LSC-JSLQM4L9
3881,Apex Logistics 3881,Phoenix,Canada,Wholesaler,10,4.1,LSC-EH8GEQLS
3882,West Distributors 3882,Seattle,Vietnam,Wholesaler,6,2.5,LSC-ADH2EI2O
3883,North Industrial 3883,Miami,Mexico,Manufacturer,11,3.8,LSC-GSRA6WB4
3884,Evergreen Enterprises 3884,Charlotte,Vietnam,Wholesaler,9,2.6,LSC-UNOQ4GNW
3885,North Logistics 3885,Portland,China,Wholesaler,21,5.8,LSC-9B2R9K9L
3886,Nova Procurement 3886,San Jose,Vietnam,Wholesaler,29,3.2,LSC-KOQZEY6Q
3887,Rapid Trading 3887,Miami,Japan,Wholesaler,7,3.7,LSC-0H4S41F2
3888,Apex Industrial 3888,Austin,Japan,Distributor,15,4.9,LSC-J0WE511K
3889,North Logistics 3889,San Francisco,Japan,Manufacturer,22,3.2,LSC-C6BBX4IO
3890,Evergreen Procurement 3890,Seattle,Vietnam,Distributor,19,5.0,LSC-G9EI2LIM
3891,North Partners 3891,Dallas,USA,Wholesaler,6,4.4,LSC-S8131YK6
3892,Summit Supply 3892,Atlanta,India,Wholesaler,28,4.2,LSC-TEIWWCW6
3893,South Industrial 3893,New York,Japan,Wholesaler,5,,LSC-5EC0TW4H
3894,Rapid Trading 3894,Portland,USA,Wholesaler,10,2.9,LSC-CMQ0OB1N
3895,South Procurement 3895,New York,Mexico,Distributor,13,4.7,LSC-3V2E5NB7
3896,Vertex Supply 3896,New York,Canada,Manufacturer,22,,LSC-JHBQI1YM
3897,Evergreen Wholesale 3897,Detroit,Mexico,Distributor,22,3.5,LSC-GAWG5753
3898,North Trading 3898,Houston,Japan,Manufacturer,4,3.3,LSC-CCM4S459
3899,Nova Distributors 3899,Miami,China,Manufacturer,29,4.9,LSC-GZKVBN9J
3900,Elite Distributors 3900,Boston,South Korea,Wholesaler,8,3.8,LSC-H6S0OK0Y
3901, Quantum Logistics 3901 ,Los Angeles,Germany,Manufacturer,13,,LSC-XJUVRM28
3902,West Wholesale 3902,Boston,Vietnam,Wholesaler,12,4.5,LSC-QU7TG2MY
3903,Global Logistics 3903,Phoenix ,Japan,Manufacturer,5,,LSC-EWVE14QL
3904,Nova Procurement 3904,Seattle,Vietnam,Distributor,20,4.3,LSC-XZPWN79P
3905,Apex Trading 3905,Atlanta,USA,Distributor,20,3.3,LSC-I74BY6X0
3906,Metro Enterprises 3906,San Francisco,South Korea,Distributor,29,4.1,LSC-5NYQ3YHG
3907,Rapid Wholesale 3907,Boston,Japan,Distributor,13,3.8,LSC-43E90EQE
3908,United Trading 3908,Denver,South Korea,Manufacturer,19,3.0,LSC-FKUGMMUL
3909,West Partners 3909,Philadelphia,Mexico,Distributor,4,3.6,LSC-CLYVMZSV
3910,Prime Procurement 3910,Miami,Thailand,Manufacturer,19,4.7,LSC-1GPZRV2H
3911,Metro Distributors 3911,Charlotte,China,Manufacturer,4,4.4,LSC-AVFTXXZU
3912,Summit Industrial 3912,Philadelphia,Japan,Distributor,12,2.8,LSC-IX2BV50M
3913,Elite Retail Supply 3913,Portland,China,Wholesaler,20,2.8,LSC-7E0L4OL5
3914,Evergreen Distributors 3914,Charlotte,China,Wholesaler,11,4.6,LSC-ID6DNWTL
3915,Global Wholesale 3915,Austin,South Korea,Wholesaler,25,4.6,LSC-DBZXAI9I
3916,United Procurement 3916,Houston,South Korea,Distributor,19,3.3,LSC-GVD3OH64
3917,United Enterprises 3917,San Jose,India,Manufacturer,16,2.7,LSC-YSY8L5BQ
3918,Evergreen Procurement 3918,Detroit,USA,Wholesaler,25,3.7,LSC-7E563025
3919,East Trading 3919,Houston,Vietnam,Manufacturer,14,3.1,LSC-15H25ZHL
3920,Rapid Industrial 3920,San Jose,Japan,Distributor,28,3.4,LSC-5QC35AZN
3921,North Supply 3921,Austin,Canada,Wholesaler,20,4.1,LSC-MSMFCBSO
3922,Rapid Trading 3922,Phoenix,Thailand,Distributor,14,4.4,LSC-JJDZCYA1
3923,Nova Trading 3923,Nashville,Japan,Wholesaler,15,3.8,LSC-SHU1BACX
3924,Summit Supply 3924,San Jose,Mexico,Manufacturer,17,2.8,LSC-WTTVZUXR
3925,Blue Partners 3925,Nashville,Canada,Manufacturer,20,4.5,LSC-U48T5EOA
3926,East Distributors 3926,Detroit,Canada,Distributor,25,3.4,LSC-PAS8PP40
3927,Summit Retail Supply 3927,Phoenix,Germany,Manufacturer,11,4.0,LSC-DESIS69O
3928,North Procurement 3928,Chicago,Vietnam,Distributor,17,,LSC-HH41QKII
3929, Summit Industrial 3929 ,Charlotte,Vietnam,Manufacturer,27,3.0,LSC-2MIRXC55
3930,Quantum Retail Supply 3930,Charlotte,Vietnam,Distributor,22,4.4,LSC-DHDGDLTG
3931,Apex Partners 3931,Chicago,Vietnam,Manufacturer,29,4.3,LSC-8KIMGKAR
3932, North Partners 3932 ,Detroit,Germany,Distributor,12,3.6,LSC-XKZKJFS5
3933,West Trading 3933,Portland,Canada,Distributor,19,,LSC-DELLTRQ3
3934,Rapid Supply 3934,Seattle,India,Manufacturer,26,2.7,LSC-CLXNTXLP
3935,North Trading 3935,Columbus,South Korea,Wholesaler,17,4.5,LSC-K5CLF0XS
3936,United Logistics 3936,Chicago,South Korea,Manufacturer,2,3.6,LSC-13E09WQ4
3937,Rapid Retail Supply 3937,Dallas,Vietnam,Distributor,24,4.4,LSC-53W56I9P
3938,West Industrial 3938,Miami,Germany,Distributor,11,4.6,LSC-B09UHQE1
3939,Blue Partners 3939,Dallas,Mexico,Distributor,24,2.6,LSC-AY6B0M1G
3940,Blue Industrial 3940,Seattle,Japan,Manufacturer,23,4.3,LSC-E8BCAOKP
3941,Rapid Distributors 3941,San Jose,China,Distributor,10,3.7,LSC-2R6WSSK4
3942,West Enterprises 3942,Denver,USA,Wholesaler,16,4.3,LSC-RD5D7VKC
3943,Prime Retail Supply 3943,Nashville,Thailand,Manufacturer,24,4.8,LSC-GIZ2DTX4
3944,Metro Wholesale 3944,Philadelphia,Vietnam,Wholesaler,23,3.8,LSC-OSP89UKA
3945,United Wholesale 3945,Austin,Canada,Manufacturer,27,3.3,LSC-X956JD1B
3946,South Retail Supply 3946,Denver,Germany,Manufacturer,29,2.7,LSC-3HGUVRBZ
3947,North Distributors 3947,New York,China,Manufacturer,19,0.0,LSC-9WU1VB1H
3948,North Partners 3948,Detroit,Thailand,Wholesaler,14,2.7,LSC-ZUONEW4M
3949,Quantum Retail Supply 3949,Chicago,USA,Manufacturer,10,4.3,LSC-9E076WYK
3950,Rapid Trading 3950,Chicago,China,Wholesaler,7,4.7,LSC-6B1UBB25
3951,Nova Distributors 3951,Detroit,Thailand,Wholesaler,3,3.0,LSC-ZGIRICKW
3952,Evergreen Distributors 3952,Boston,Japan,Wholesaler,30,4.1,LSC-ES65O412
3953,West Enterprises 3953,Boston,Canada,Wholesaler,25,2.9,LSC-8VD3RRJ1
3954,Vertex Procurement 3954,Chicago,China,Distributor,30,3.7,LSC-MA7YPCFY
3955,Nova Enterprises 3955,Austin,Vietnam,Distributor,28,2.7,LSC-6Z9LVORJ
3956, West Supply 3956 ,Charlotte,Japan,Manufacturer,12,4.8,LSC-TY2P47HS
3957,South Industrial 3957,Houston,Mexico,Wholesaler,23,4.7,LSC-QGUUHY52
3958,West Retail Supply 3958,Philadelphia,India,Manufacturer,2,4.2,LSC-1RAEXUPF
3959,Nova Logistics 3959,San Francisco,Canada,Manufacturer,7,3.6,LSC-9KHZAVRW
3960,Prime Retail Supply 3960,Boston,Vietnam,Wholesaler,15,4.7,LSC-MU0D1TT0
3961,Evergreen Enterprises 3961,San Jose,India,Distributor,17,4.2,LSC-VGGHUGT7
3962,East Industrial 3962,New York,India,Wholesaler,22,4.2,LSC-QN92T2KR
3963,Elite Procurement 3963,Seattle,Germany,Manufacturer,2,3.9,LSC-J8KASIFM
3964,South Procurement 3964,New York,Mexico,Wholesaler,10,2.7,LSC-FO1YN1U4
3965,Quantum Procurement 3965,Detroit,Vietnam,Manufacturer,9,2.7,LSC-1F8PFXRP
3966,Metro Partners 3966,Phoenix ,India,Wholesaler,27,4.2,LSC-SRCBJS4T
3967,North Logistics 3967,Houston,Canada,Manufacturer,22,3.6,LSC-VV4WVX12
3968,United Enterprises 3968,Seattle,Mexico,Distributor,9,3.8,LSC-0S3THZOU
3969,East Wholesale 3969,Denver,Canada,Manufacturer,18,2.8,LSC-QUZ8D9M0
3970,United Procurement 3970,Los Angeles,Vietnam,Distributor,17,4.5,LSC-W4WITR0M
3971,Blue Enterprises 3971,Portland,South Korea,Wholesaler,18,2.6,LSC-7J6OY77G
3972,Rapid Supply 3972,Columbus,Canada,Manufacturer,14,3.7,LSC-9FXPT6QP
3973,South Partners 3973,Charlotte,India,Wholesaler,16,4.2,LSC-IVC99BXP
3974,North Partners 3974,Nashville,USA,Manufacturer,30,3.9,LSC-HNYKYFJN
3975,Prime Trading 3975,Atlanta,China,Distributor,6,3.2,LSC-URGMTJVW
3976,North Retail Supply 3976,Chicago,Mexico,Distributor,8,,LSC-KO78GQ4V
3977,Rapid Industrial 3977,Phoenix,USA,Distributor,27,3.5,LSC-ZLAF7Z4S
3978,Rapid Partners 3978,New York,China,Distributor,2,3.9,LSC-36P67U29
3979,Quantum Supply 3979,San Francisco,Vietnam,Distributor,4,4.7,LSC-WL10MVNI
3980,Evergreen Procurement 3980,Atlanta,Vietnam,Distributor,14,4.6,LSC-WOZRZUWQ
3981,Summit Wholesale 3981,Phoenix,Mexico,Distributor,24,3.6,LSC-5NY1LI8A
3982,West Supply 3982,Phoenix,Canada,Wholesaler,16,4.4,LSC-04RP59Q6
3983,North Enterprises 3983,Atlanta,Japan,Manufacturer,29,3.8,LSC-BLJITXYE
3984,North Partners 3984,Chicago,Germany,Manufacturer,6,4.4,LSC-5R5BO46Y
3985,Rapid Procurement 3985,San Jose,Germany,Wholesaler,30,4.8,LSC-7HVX55JM
3986,North Procurement 3986,Dallas,Vietnam,Distributor,8,,LSC-D0TWKDW1
3987,Rapid Distributors 3987,Detroit,Mexico,Distributor,14,3.9,LSC-H7ICPL6R
3988,Rapid Retail Supply 3988,Portland,Japan,Distributor,13,4.3,LSC-AP3OE23S
3989,West Logistics 3989,Los Angeles,Germany,Wholesaler,24,4.5,LSC-XC39YUV3
3990,Summit Distributors 3990,Miami,South Korea,Wholesaler,12,2.8,LSC-P9SVUUEU
3991,United Supply 3991,Dallas,Mexico,Manufacturer,19,3.2,LSC-MCML5UGD
3992,Blue Wholesale 3992,Charlotte,China,Wholesaler,3,3.2,LSC-0M9ULWTT
3993,Nova Logistics 3993,New York,Japan,Wholesaler,21,4.7,LSC-T7P9QWGR
3994,Prime Procurement 3994,Miami,Canada,Wholesaler,18,3.6,LSC-TBOFA204
3995,Elite Supply 3995,Nashville,Canada,Manufacturer,22,5.0,LSC-JODAD46Y
3996,United Procurement 3996,Los Angeles,USA,Distributor,15,3.5,LSC-NN443BMA
3997,East Procurement 3997,Denver,Vietnam,Manufacturer,24,3.6,LSC-LTU3RZID
3998,Evergreen Industrial 3998,Miami,Germany,Distributor,-17,3.7,LSC-54BG5C21
3999,Elite Supply 3999,Nashville,Vietnam,Wholesaler,5,2.6,LSC-Q6JC15GY
4000,United Wholesale 4000,Chicago,South Korea,Distributor,5,2.7,LSC-WBPOYIQ9
4001,Blue Trading 4001,Atlanta,Germany,Distributor,2,,LSC-9I9NFR72
4002,Metro Logistics 4002,Austin,Thailand,Distributor,8,4.5,LSC-0GPW2PO6
4003,Elite Retail Supply 4003,Columbus,Germany,Manufacturer,3,4.4,LSC-87BBMUX7
4004,Metro Partners 4004,Houston,Japan,Distributor,12,3.7,LSC-N664JY90
4005,Quantum Industrial 4005,Columbus,China,Wholesaler,5,3.9,LSC-BRW62W0D
4006,Evergreen Partners 4006,San Jose,Japan,Wholesaler,29,4.5,LSC-M1W2EKPD
4007,Quantum Logistics 4007,Houston,Germany,Manufacturer,16,2.7,LSC-A47OFOPT
4008,Evergreen Procurement 4008,San Francisco,Germany,Wholesaler,9,4.4,LSC-WOR2PMWM
4009,Prime Wholesale 4009,Atlanta,Canada,Manufacturer,10,3.2,LSC-1E6U4GN9
4010,East Logistics 4010,Portland,South Korea,Wholesaler,22,2.8,LSC-XDNFSOZT
4011,Prime Procurement 4011,Seattle,Canada,Manufacturer,8,2.7,LSC-MWC9MEDP
4012,Global Wholesale 4012,Philadelphia,Vietnam,Manufacturer,18,3.2,LSC-GL9UGGG1
4013,Blue Industrial 4013,Austin,USA,Manufacturer,4,4.0,LSC-8OFGSM89
4014,Nova Trading 4014,Houston,USA,Distributor,8,4.1,LSC-1ZYKSLJ5
4015,Metro Enterprises 4015,Philadelphia,Thailand,Manufacturer,6,3.9,LSC-P0MMRU4N
4016,East Trading 4016,Boston,South Korea,Distributor,10,2.9,LSC-ESVJLV8E
4017,Blue Procurement 4017,Phoenix,Canada,Distributor,18,4.9,LSC-ITA84DQ6
4018,Elite Logistics 4018,Portland,Thailand,Manufacturer,5,3.3,LSC-L9R84A3N
4019,Blue Logistics 4019,Charlotte,USA,Wholesaler,23,2.8,LSC-YKC5IR6S
4020,Global Enterprises 4020,Chicago,Thailand,Manufacturer,8,3.2,LSC-WSAAENXX
4021,Evergreen Procurement 4021,Houston,Germany,Manufacturer,11,4.0,LSC-DUYMTGRH
4022,Prime Industrial 4022,Dallas,China,Manufacturer,21,3.5,LSC-04STIS5N
4023,Evergreen Partners 4023,Phoenix,Canada,Manufacturer,29,3.7,LSC-GH53VQAL
4024,Elite Logistics 4024,Miami,South Korea,Wholesaler,12,2.5,LSC-AAYJZEVB
4025,Vertex Partners 4025,Philadelphia,China,Manufacturer,9,3.0,LSC-BR3I93QF
4026,West Trading 4026,Charlotte,Japan,Wholesaler,21,4.6,LSC-C3FX6LBQ
4027,Rapid Trading 4027,San Francisco,India,Wholesaler,28,2.9,LSC-P36JH83M
4028,Metro Enterprises 4028,Detroit,Canada,Manufacturer,30,3.0,LSC-KNHX3VKP
4029, Elite Supply 4029 ,New York,China,Manufacturer,21,3.9,LSC-ZFJALJZE
4030,Elite Logistics 4030,Chicago,Mexico,Distributor,27,2.7,LSC-WDHNLBX1
4031,Rapid Logistics 4031,Dallas,India,Wholesaler,15,2.6,LSC-OTXXGSH4
4032,Metro Partners 4032,Portland,India,Wholesaler,12,4.8,LSC-K5UGLXKR
4033,Apex Enterprises 4033,Miami,Thailand,Wholesaler,21,3.6,LSC-MNDS1S5Y
4034,North Trading 4034,Columbus,Canada,Distributor,8,3.6,LSC-OMQH0CEC
4035,United Partners 4035,Philadelphia,Thailand,Wholesaler,13,4.5,LSC-XYJCKS3M
4036,Quantum Industrial 4036,Boston,Mexico,Distributor,20,3.8,LSC-ZIPSHYNN
4037,Evergreen Trading 4037,Los angeles,Germany,Manufacturer,21,4.6,LSC-7Y7M8MRY
4038,Evergreen Retail Supply 4038,Charlotte,Germany,Manufacturer,29,2.6,LSC-280X30F0
4039,West Distributors 4039,Denver,China,Manufacturer,17,4.4,LSC-ODTXC23F
4040,Blue Wholesale 4040,Seattle,South Korea,Wholesaler,20,3.3,LSC-NG4PSEFM
4041,Nova Distributors 4041,Miami,Vietnam,Distributor,6,4.8,LSC-OIE00EJH
4042,West Distributors 4042,San Francisco,Thailand,Manufacturer,22,2.6,LSC-L4OTPT31
4043,Vertex Distributors 4043,Denver,Vietnam,Manufacturer,26,4.0,LSC-HPKHGYGM
4044,Nova Retail Supply 4044,Portland,China,Manufacturer,23,,LSC-GN0ZD54P
4045,South Trading 4045,Dallas,Mexico,Wholesaler,8,4.3,LSC-DKMQ9UQW
4046,Apex Retail Supply 4046,New York,China,Manufacturer,30,3.0,LSC-HPAYIW1T
4047,East Enterprises 4047,Chicago,Canada,Distributor,21,4.3,LSC-AZP79UVH
4048,East Distributors 4048,Nashville,China,Manufacturer,22,2.8,LSC-6UU3YJEI
4049,Vertex Enterprises 4049,New York,South Korea,Wholesaler,3,2.9,LSC-DMR6SOH7
4050, South Trading 4050 ,San Francisco,Thailand,Distributor,8,3.0,LSC-5BS3VOPP
4051,Rapid Partners 4051,Miami,Mexico,Wholesaler,8,2.7,LSC-N6CYO51K
4052,Nova Industrial 4052,Seattle,Japan,Manufacturer,27,4.0,LSC-ON20CMPC
4053,Prime Trading 4053,Los Angeles,Mexico,Manufacturer,23,4.4,LSC-QUB7TULN
4054,South Enterprises 4054,Seattle,Japan,Wholesaler,12,4.7,LSC-KJFDU1GD
4055,Rapid Partners 4055,Charlotte,India,Wholesaler,3,3.6,LSC-X116DBJX
4056,Blue Procurement 4056,Houston,Japan,Wholesaler,27,,LSC-0KMCMXZY
4057,West Logistics 4057,Dallas,Canada,Wholesaler,21,4.2,LSC-62J6GOQL
4058,Nova Trading 4058,Nashville,USA,Distributor,25,4.7,LSC-KH7O4EA8
4059,South Logistics 4059,Miami,USA,Distributor,6,3.4,LSC-IUZ04TMW
4060,South Retail Supply 4060,San Jose,China,Manufacturer,29,2.9,LSC-UTTFL9NE
4061,Nova Wholesale 4061,Columbus,China,Manufacturer,3,4.0,LSC-RFV4VAPI
4062,Blue Procurement 4062,Portland,Thailand,Distributor,4,2.7,LSC-MHEBYMHR
4063,West Supply 4063,Columbus,Vietnam,Distributor,-2,2.6,LSC-6I17TGNQ
4064,West Wholesale 4064,Los Angeles,South Korea,Distributor,23,2.8,LSC-IIA7G8U3
4065,Nova Industrial 4065,Miami,China,Wholesaler,30,2.7,LSC-7I7MVSV9
4066,Evergreen Wholesale 4066,Phoenix,Thailand,Manufacturer,15,4.1,LSC-HN5A5W9X
4067,Evergreen Enterprises 4067,Houston,USA,Distributor,9,2.7,LSC-3XH3NRHL
4068,Metro Procurement 4068,Chicago,Japan,Distributor,25,4.8,LSC-LG1EFLHL
4069,Quantum Wholesale 4069,Portland,USA,Distributor,16,4.4,LSC-UZVO9QT9
4070,United Procurement 4070,Dallas,Germany,Distributor,5,4.2,LSC-R9NAPDHY
4071,Vertex Procurement 4071,Miami,Canada,Distributor,3,2.9,LSC-JQH5QMDH
4072,West Supply 4072,Seattle,Canada,Distributor,22,,LSC-EDAMNVO3
4073,North Logistics 4073,Dallas,Mexico,Wholesaler,16,4.8,LSC-0G58JLKN
4074,North Partners 4074,Philadelphia,Canada,Manufacturer,21,4.9,LSC-RLR4GVOH
4075,Vertex Trading 4075,Seattle,China,Wholesaler,9,2.8,LSC-WU2Z833A
4076,North Industrial 4076,Houston,Japan,Manufacturer,21,3.9,LSC-C4KDTE0M
4077,Blue Retail Supply 4077,Los Angeles,Canada,Wholesaler,27,3.0,LSC-K89FBP54
4078, East Industrial 4078 ,Nashville,Mexico,Distributor,12,4.3,LSC-C21UNC7W
4079,Metro Wholesale 4079,San Francisco,Thailand,Distributor,16,3.8,LSC-BTM5PABZ
4080,United Logistics 4080,Philadelphia,South Korea,Manufacturer,25,4.6,LSC-01CGEH3X
4081,United Partners 4081,Denver,Canada,Wholesaler,22,3.9,LSC-L5DYVF8Q
4082,Summit Trading 4082,Los Angeles,Thailand,Manufacturer,27,3.0,LSC-NTIUWMDE
4083,United Enterprises 4083,Nashville,China,Wholesaler,17,4.4,LSC-Q2TXVP9O
4084,South Partners 4084,Dallas,India,Manufacturer,9,3.5,LSC-WZGVN54O
4085,Blue Logistics 4085,Miami,Mexico,Distributor,23,3.2,LSC-SMJAO3NC
4086, Evergreen Enterprises 4086 ,Portland,Thailand,Distributor,22,2.8,LSC-SPB4SCAA
4087,Nova Trading 4087,Seattle,China,Wholesaler,20,2.8,LSC-KDZE9ZWV
4088,United Trading 4088,New York,Vietnam,Wholesaler,22,3.3,LSC-AQ8UM5K4
4089,Apex Industrial 4089,Houston,Canada,Distributor,28,4.6,LSC-FUXAZK8J
4090,Blue Retail Supply 4090,Chicago,China,Wholesaler,23,3.4,LSC-HYOG3SSL
4091, Blue Retail Supply 4091 ,Atlanta,Mexico,Manufacturer,6,3.1,LSC-DR90RXCI
4092,North Wholesale 4092,Dallas,Germany,Manufacturer,15,4.6,LSC-MJZE72HM
4093,North Trading 4093,San Francisco,Thailand,Distributor,17,3.8,LSC-9EK1ZOS3
4094,Blue Trading 4094,Dallas,Canada,Distributor,23,4.8,LSC-C6153X7S
4095,Quantum Distributors 4095,Houston,Germany,Distributor,19,,LSC-CE8DNE1N
4096,Quantum Enterprises 4096,Austin,Vietnam,Manufacturer,18,2.9,LSC-VDJBEFIP
4097,Vertex Retail Supply 4097,Philadelphia,South Korea,Distributor,28,3.5,LSC-BQOUQ6TJ
4098,South Partners 4098,Detroit,Vietnam,Distributor,4,3.9,LSC-4H8IR60M
4099,Vertex Supply 4099,Miami,Japan,Distributor,17,3.1,LSC-AWB9FDEC
4100,Evergreen Partners 4100,Dallas,South Korea,Manufacturer,11,,LSC-43KIJKNQ
4101,Evergreen Wholesale 4101,San Francisco,Canada,Wholesaler,20,3.5,LSC-K7117VPZ
4102,United Trading 4102,Miami,China,Distributor,13,2.5,LSC-JWDDWHPO
4103,Elite Distributors 4103,Philadelphia,Canada,Manufacturer,2,3.5,LSC-7N0UJO2T
4104,Summit Supply 4104,Portland,South Korea,Distributor,18,3.7,LSC-T175STUV
4105, United Logistics 4105 ,Miami,Germany,Manufacturer,30,3.1,LSC-LP4L1G22
4106,North Trading 4106,Austin,Vietnam,Wholesaler,6,2.6,LSC-8CAXJYKD
4107,Apex Trading 4107,Chicago,India,Distributor,30,4.1,LSC-CC2P37IP
4108,Blue Partners 4108,Denver,India,Wholesaler,27,3.9,LSC-HM707X3K
4109,Prime Procurement 4109,Detroit,Thailand,Distributor,4,4.6,LSC-23L8N6KY
4110,Quantum Retail Supply 4110,Austin,Germany,Distributor,15,3.6,LSC-M1883F7A
4111,East Supply 4111,San Francisco,South Korea,Distributor,22,3.8,LSC-U1URVG8O
4112,Rapid Procurement 4112,Phoenix,China,Wholesaler,13,3.7,LSC-CBZ45G5V
4113,East Logistics 4113,Columbus,China,Wholesaler,3,4.6,LSC-PSYYW0GA
4114,Nova Trading 4114,Miami,China,Distributor,6,2.9,LSC-VXRNE5YA
4115,United Trading 4115,Nashville,Mexico,Manufacturer,19,3.9,LSC-HUKBR3PT
4116,Global Distributors 4116,Boston,USA,Manufacturer,3,4.7,LSC-P0FMTB02
4117,Prime Enterprises 4117,San Francisco,China,Wholesaler,21,2.6,LSC-YQVAOO41
4118,Blue Partners 4118,Seattle,Japan,Distributor,26,3.8,LSC-5TTNO6OO
4119,Metro Retail Supply 4119,Detroit,South Korea,Wholesaler,23,4.9,LSC-5QZLVZYZ
4120,Apex Retail Supply 4120,Portland,Vietnam,Wholesaler,5,3.4,LSC-JTW7TDWD
4121, Summit Logistics 4121 ,San Francisco,Canada,Distributor,28,2.9,LSC-Q3BBT9MM
4122, Quantum Retail Supply 4122 ,Dallas,Thailand,Wholesaler,10,3.2,LSC-3C020ZTX
4123,Elite Industrial 4123,San Jose,Germany,Distributor,20,4.3,LSC-5D5EUSC7
4124,Vertex Logistics 4124,Dallas,China,Distributor,2,2.8,LSC-JWXTLT5G
4125,Vertex Logistics 4125,New York,South Korea,Distributor,11,3.5,LSC-LTYHMP1H
4126,Apex Industrial 4126,Atlanta,Thailand,Distributor,9,2.6,LSC-XAL1LXK6
4127,Apex Distributors 4127,Los Angeles,Germany,Distributor,29,4.8,LSC-L8NPR2XC
4128,West Enterprises 4128,New York,India,Wholesaler,20,4.1,LSC-ZZV7W234
4129,Nova Retail Supply 4129,Detroit,China,Manufacturer,15,2.7,LSC-AUE1H4O8
4130,Quantum Industrial 4130,Austin,India,Distributor,6,2.7,LSC-90VFAQ6V
4131,Quantum Procurement 4131,New York,South Korea,Wholesaler,2,4.5,LSC-1KCP41YB
4132,Rapid Industrial 4132,Dallas,Vietnam,Distributor,17,3.4,LSC-F55AELU3
4133,Metro Enterprises 4133,New York,Japan,Manufacturer,12,3.0,LSC-B0XZZB7Q
4134,Global Trading 4134,Phoenix,South Korea,Distributor,30,4.3,LSC-SV3FX6RN
4135,West Industrial 4135,Portland,USA,Distributor,10,4.8,LSC-NTHGE1SF
4136,East Partners 4136,Los Angeles,Canada,Wholesaler,30,3.7,LSC-M57PMM0T
4137,Elite Logistics 4137,Denver,USA,Wholesaler,4,4.4,LSC-UJQINY4W
4138,Rapid Distributors 4138,Austin,Vietnam,Manufacturer,13,2.9,LSC-YR5LDQTI
4139,Vertex Logistics 4139,Boston,Japan,Distributor,19,4.8,LSC-XPQOHQZ8
4140,Global Trading 4140,Chicago,Germany,Wholesaler,18,3.8,LSC-498GRUPB
4141,North Partners 4141,San Jose,Japan,Distributor,27,3.8,LSC-NY20GAYB
4142,Quantum Industrial 4142,Columbus,Vietnam,Distributor,11,3.5,LSC-FCH1LTOL
4143,Blue Procurement 4143,Atlanta,China,Wholesaler,4,2.8,LSC-KC4ZEWXR
4144,Prime Partners 4144,Charlotte,Germany,Wholesaler,23,3.8,LSC-LDXPOB2R
4145,Rapid Enterprises 4145,Atlanta,Germany,Distributor,21,3.5,LSC-B93MYFNC
4146,Summit Logistics 4146,Austin,USA,Wholesaler,30,3.4,LSC-FX0NRQ27
4147,Quantum Distributors 4147,Austin,Mexico,Wholesaler,19,3.1,LSC-A3F5ZCXS
4148,Prime Wholesale 4148,Chicago,Japan,Wholesaler,25,3.2,LSC-SB1TPY3L
4149,South Industrial 4149,Atlanta,Thailand,Distributor,11,4.2,LSC-HUIVG9ZC
4150, United Retail Supply 4150 ,Austin,USA,Distributor,20,4.5,LSC-9WIVXSOS
4151,West Trading 4151,Phoenix,Thailand,Wholesaler,20,5.0,LSC-QLJMFDXQ
4152,Summit Logistics 4152,Boston,India,Manufacturer,14,4.6,LSC-SMTWBCO3
4153,Evergreen Industrial 4153,San Jose,USA,Distributor,8,4.9,LSC-3F4KZL67
4154,West Wholesale 4154,Miami,Canada,Manufacturer,10,4.4,LSC-N8IFTKF7
4155,Apex Industrial 4155,Boston,Vietnam,Manufacturer,20,,LSC-UBSYFB8C
4156,Blue Wholesale 4156,San Jose,South Korea,Distributor,13,,LSC-NKL4ZYFI
4157,Global Supply 4157,Columbus,USA,Wholesaler,29,4.8,LSC-RNW1HF0A
4158,United Logistics 4158,Detroit,Japan,Distributor,18,4.4,LSC-IP85LJWC
4159,Prime Trading 4159,Phoenix,USA,Wholesaler,8,5.0,LSC-TXMJQP6I
4160,Rapid Partners 4160,San Francisco,Germany,Distributor,19,2.9,LSC-W5JM8PFJ
4161, Vertex Wholesale 4161 ,Chicago,USA,Distributor,6,3.4,LSC-97SS0GHR
4162, Blue Logistics 4162 ,Houston,Germany,Manufacturer,6,4.8,LSC-1QXQCRWY
4163,Apex Logistics 4163,Miami,Vietnam,Manufacturer,30,4.3,LSC-M08LVPD4
4164,Rapid Retail Supply 4164,San Jose,Canada,Wholesaler,28,3.7,LSC-EBKNKV25
4165,Nova Retail Supply 4165,San Jose,USA,Distributor,11,3.4,LSC-HDAUGMYS
4166,West Wholesale 4166,Austin,Japan,Distributor,8,4.2,LSC-ZRBGWVNG
4167,Global Wholesale 4167,Atlanta,Mexico,Manufacturer,19,4.5,LSC-37S4BI97
4168,Evergreen Enterprises 4168,Philadelphia,China,Manufacturer,3,3.4,LSC-WLZA0WUO
4169,Nova Trading 4169,Atlanta,Japan,Wholesaler,13,3.5,LSC-GLACCE7S
4170,Global Supply 4170,New York,Germany,Wholesaler,3,3.8,LSC-FEBI0BVU
4171,Rapid Retail Supply 4171,Los Angeles,South Korea,Wholesaler,18,3.9,LSC-BPCQ4ADQ
4172,Apex Logistics 4172,Detroit,South Korea,Distributor,28,3.4,LSC-UZ16GBOL
4173,Elite Partners 4173,San Jose,Vietnam,Distributor,22,4.3,LSC-NZ2G8HPI
4174,Rapid Supply 4174,Phoenix,South Korea,Manufacturer,24,3.3,LSC-5A38EQ4C
4175,Rapid Wholesale 4175,Miami,India,Distributor,4,4.2,LSC-7VJ10PKT
4176,Elite Industrial 4176,Austin,USA,Manufacturer,26,4.1,LSC-XZO4EFSA
4177, Global Supply 4177 ,Houston,Japan,Wholesaler,8,4.4,LSC-8JQJ0ARS
4178,Apex Trading 4178,Dallas,Mexico,Manufacturer,6,3.3,LSC-0XTIR26X
4179,Summit Trading 4179,Atlanta,China,Wholesaler,10,3.3,LSC-EJQOQ99P
4180, Prime Supply 4180 ,Los Angeles,Vietnam,Wholesaler,2,4.7,LSC-V4E6F0R1
4181,Metro Trading 4181,Boston,Japan,Wholesaler,18,4.2,LSC-DCOVY86D
4182,Quantum Procurement 4182,Denver,India,Wholesaler,23,3.8,LSC-XSN1QDYD
4183,United Partners 4183,Phoenix,Japan,Manufacturer,8,3.7,LSC-XTJN7LDH
4184,Vertex Trading 4184,San Jose,India,Wholesaler,13,4.3,LSC-6KD7GI80
4185,Quantum Industrial 4185,Los Angeles,Thailand,Wholesaler,4,,LSC-38QI5XCP
4186,Metro Retail Supply 4186,Los Angeles,Thailand,Distributor,13,3.2,LSC-0UCRIWT5
4187,Apex Industrial 4187,Detroit,USA,Manufacturer,12,3.5,LSC-10VWAZKS
4188,Elite Supply 4188,Portland,Mexico,Manufacturer,13,,LSC-5D34GU5Z
4189,West Procurement 4189,San Jose,USA,Wholesaler,15,3.3,LSC-M3ARIHNE
4190,Nova Enterprises 4190,Phoenix,Germany,Distributor,18,4.1,LSC-OUSOXLOP
4191,Nova Procurement 4191,Miami,China,Wholesaler,27,4.0,LSC-NKYGO3U1
4192,Summit Procurement 4192,San Francisco,Mexico,Distributor,18,4.4,LSC-BH3TXZ1N
4193,United Logistics 4193,Boston,Vietnam,Wholesaler,21,2.7,LSC-4BS4KUT7
4194,Apex Industrial 4194,Dallas,Mexico,Wholesaler,16,4.6,LSC-3P2KR4WG
4195,East Distributors 4195,Columbus,China,Manufacturer,4,3.5,LSC-R6RXEIBB
4196,West Trading 4196,Charlotte,Germany,Distributor,4,3.7,LSC-L1JRWSWA
4197, Prime Supply 4197 ,New York,Japan,Wholesaler,30,,LSC-IC4WZJTA
4198,Global Distributors 4198,CHICAGO,India,Manufacturer,25,4.6,LSC-I2XFMW55
4199,Summit Industrial 4199,Philadelphia,Thailand,Distributor,-15,3.2,LSC-IQPKNS75
4200,Evergreen Retail Supply 4200,Columbus,Canada,Distributor,20,4.7,LSC-NYT3HOL1
4201, Evergreen Industrial 4201 ,Los Angeles,Thailand,Distributor,22,4.9,LSC-DS0YVZVA
4202,East Trading 4202,Atlanta,India,Wholesaler,18,4.7,LSC-4NPUT2UT
4203,Vertex Wholesale 4203,Austin,India,Manufacturer,14,,LSC-WE0UUFZQ
4204,South Supply 4204,San Jose,Mexico,Distributor,27,4.1,LSC-ZNQ6KTP4
4205,South Industrial 4205,San Francisco,Thailand,Wholesaler,21,4.8,LSC-QPHX3SBQ
4206,Prime Retail Supply 4206,San Jose,China,Manufacturer,6,3.0,LSC-02I6UK1Y
4207,Apex Retail Supply 4207,Philadelphia,Mexico,Distributor,19,3.8,LSC-3QQXT7JO
4208,Rapid Wholesale 4208,Chicago,Vietnam,Distributor,16,5.0,LSC-7EIAL2YV
4209,East Partners 4209,New York,Germany,Manufacturer,7,5.0,LSC-17V3M13O
4210,Metro Supply 4210,San Jose,USA,Wholesaler,18,3.8,LSC-RYP003Y2
4211,Global Retail Supply 4211,Phoenix,Japan,Manufacturer,8,4.2,LSC-XMK1KC3L
4212,South Supply 4212,Columbus,USA,Distributor,30,3.2,LSC-0REP1KTL
4213,Elite Trading 4213,Miami,USA,Manufacturer,8,3.6,LSC-3948JPFZ
4214, Elite Industrial 4214 ,Dallas,Germany,Distributor,10,2.5,LSC-VFXC6I4N
4215,Elite Retail Supply 4215,Detroit,Vietnam,Distributor,3,2.7,LSC-5CQQA2ZU
4216,Apex Supply 4216,Philadelphia,Germany,Distributor,27,2.7,LSC-SV79FCDT
4217,Elite Supply 4217,San Francisco,Vietnam,Distributor,3,3.0,LSC-LD7DID96
4218,Nova Distributors 4218,Miami,Mexico,Manufacturer,15,4.6,LSC-MKD9847M
4219,Vertex Retail Supply 4219,Boston,Vietnam,Manufacturer,25,4.0,LSC-MOGYNIOL
4220,Elite Procurement 4220,New York,South Korea,Manufacturer,3,3.6,LSC-KHG24A9D
4221,Rapid Trading 4221,Austin,Japan,Distributor,10,3.7,LSC-3XW4WYRW
4222,Metro Logistics 4222,Chicago,Canada,Manufacturer,11,4.5,LSC-F8J7JVYL
4223,Rapid Supply 4223,Nashville,Germany,Distributor,2,4.2,LSC-HM14J8NH
4224,Summit Enterprises 4224,Miami,South Korea,Distributor,22,4.3,LSC-N2H7DBWU
4225,Apex Retail Supply 4225,Miami,Vietnam,Manufacturer,26,3.1,LSC-S1Z0UUFA
4226,Prime Enterprises 4226,Houston,South Korea,Wholesaler,14,4.6,LSC-IY7X32EU
4227,United Wholesale 4227,Columbus,Mexico,Manufacturer,15,3.4,LSC-0E95VZ90
4228,Summit Partners 4228,Seattle,Canada,Wholesaler,2,4.7,LSC-P51EH7XG
4229,Rapid Distributors 4229,Charlotte,South Korea,Wholesaler,17,3.9,LSC-ROYUAWDR
4230,Summit Trading 4230,Atlanta,Vietnam,Distributor,24,3.3,LSC-E0NCNMG1
4231,South Wholesale 4231,Boston,Mexico,Wholesaler,13,4.2,LSC-W1Z9YUD2
4232,West Distributors 4232,Charlotte,Mexico,Distributor,19,2.9,LSC-XTCXKNF7
4233,Elite Trading 4233,Austin,Vietnam,Manufacturer,6,,LSC-AS4K586X
4234,South Trading 4234,Phoenix,Thailand,Manufacturer,24,2.9,LSC-68J4H9UH
4235,East Distributors 4235,Dallas,Thailand,Wholesaler,12,3.1,LSC-K9727TRV
4236,Nova Logistics 4236,Detroit,China,Distributor,11,4.2,LSC-PLJCMVYB
4237,Quantum Wholesale 4237,Denver,Vietnam,Wholesaler,8,2.9,LSC-IEKJTI0E
4238,Rapid Procurement 4238,New York,India,Manufacturer,26,3.9,LSC-ZQL3RZ20
4239,South Supply 4239,Charlotte,Germany,Distributor,15,2.9,LSC-2AZ7GKXQ
4240,Blue Logistics 4240,Portland,India,Distributor,29,3.2,LSC-7FSVEEGS
4241,United Supply 4241,San Francisco,South Korea,Distributor,26,3.6,LSC-EB94SARS
4242,Global Enterprises 4242,San Jose,China,Wholesaler,18,4.7,LSC-GB3MWAZV
4243,Summit Trading 4243,Denver,Japan,Wholesaler,23,3.1,LSC-UH0R2E4U
4244,Apex Procurement 4244,Chicago,South Korea,Wholesaler,2,2.5,LSC-YGRU244U
4245,East Partners 4245,Atlanta,Japan,Distributor,12,4.5,LSC-Y0JHPBGG
4246, Prime Partners 4246 ,New York,Thailand,Distributor,29,4.1,LSC-RBI1DDM6
4247,Quantum Wholesale 4247,Boston,Canada,Distributor,14,2.5,LSC-S92NU8BL
4248,Rapid Distributors 4248,Dallas,China,Wholesaler,6,,LSC-S68AUWQY
4249,Nova Distributors 4249,Houston,China,Distributor,26,3.6,LSC-NUCO3SRQ
4250,Rapid Enterprises 4250,New York,Germany,Wholesaler,26,2.8,LSC-LUSSH1Z9
4251,South Partners 4251,Charlotte,Japan,Distributor,22,3.7,LSC-M99430U1
4252,Quantum Enterprises 4252,Portland,Canada,Wholesaler,26,4.7,LSC-2CUP5RB9
4253,Vertex Supply 4253,Atlanta,Germany,Wholesaler,13,3.0,LSC-OIMFWQHA
4254,Quantum Distributors 4254,Denver,USA,Manufacturer,12,3.8,LSC-ZT9P3DXJ
4255,United Partners 4255,Detroit,Germany,Manufacturer,3,3.4,LSC-CK49E6SS
4256,Quantum Enterprises 4256,Miami,South Korea,Distributor,21,,LSC-EFZLUEHO
4257,Elite Retail Supply 4257,Boston,South Korea,Manufacturer,19,2.8,LSC-IHQJ90ZU
4258,Prime Distributors 4258,Houston,Germany,Wholesaler,2,4.7,LSC-IFJJFMJ7
4259,Quantum Distributors 4259,San Jose,Mexico,Distributor,21,4.1,LSC-SXRXLL9V
4260,Rapid Logistics 4260,Atlanta,China,Distributor,14,3.9,LSC-6BXHNZTV
4261,Global Logistics 4261,Portland,Thailand,Manufacturer,10,,LSC-B5BAVOTV
4262,Metro Trading 4262,Seattle,Vietnam,Manufacturer,4,3.5,LSC-V1ONA6ZZ
4263,South Procurement 4263,New York,Vietnam,Wholesaler,12,3.9,LSC-UA8KSCQC
4264,Blue Industrial 4264,Portland,China,Manufacturer,14,3.4,LSC-A2LF4TL0
4265,Evergreen Enterprises 4265,Miami,India,Manufacturer,13,4.2,LSC-ZHGS50NZ
4266,Nova Enterprises 4266,Atlanta,Thailand,Distributor,10,4.8,LSC-8DF9SSEQ
4267,Elite Trading 4267,Dallas,Canada,Wholesaler,3,2.7,LSC-QWHR1E0E
4268,Apex Procurement 4268,San Francisco,India,Manufacturer,18,3.9,LSC-D04XFPP5
4269,Blue Partners 4269,New York,Japan,Wholesaler,16,5.0,LSC-4LJQ22AJ
4270,Summit Procurement 4270,Portland,India,Manufacturer,16,4.7,LSC-LDMKMK9U
4271,Rapid Distributors 4271,Portland,Japan,Manufacturer,14,2.7,LSC-U6A49XJY
4272,Global Procurement 4272,Boston,Germany,Wholesaler,22,5.8,LSC-4PX7FDMT
4273,South Trading 4273,Nashville,China,Manufacturer,30,4.5,LSC-YQO0RZ4X
4274,Apex Supply 4274,Atlanta,Germany,Wholesaler,5,4.6,LSC-1RVA7MUD
4275,Summit Logistics 4275,Denver,Germany,Distributor,26,2.6,LSC-RTPLYW0B
4276,Blue Enterprises 4276,Phoenix,Canada,Wholesaler,6,3.6,LSC-1PG4VIGP
4277,Vertex Industrial 4277,Detroit,Japan,Manufacturer,7,4.6,LSC-MS4H2PGX
4278,Nova Wholesale 4278,Detroit,South Korea,Wholesaler,29,4.7,LSC-C98THX4X
4279,Prime Supply 4279,Dallas,Japan,Manufacturer,12,4.7,LSC-YB35O0AQ
4280,Rapid Trading 4280,Atlanta,Vietnam,Manufacturer,5,4.4,LSC-MKSLO87T
4281,South Procurement 4281,Seattle,South Korea,Distributor,23,2.8,LSC-ST7INUDF
4282,North Logistics 4282,Denver,India,Wholesaler,18,3.7,LSC-CNXHB9FP
4283,East Supply 4283,Detroit,South Korea,Wholesaler,2,2.7,LSC-F9335MR8
4284,Vertex Wholesale 4284,Denver,India,Manufacturer,5,2.9,LSC-TG5HAXQZ
4285,Evergreen Logistics 4285,San Francisco,Japan,Distributor,22,3.4,LSC-RPNUZFHQ
4286,Blue Distributors 4286,Philadelphia,Japan,Manufacturer,5,4.4,LSC-BKN8YE9P
4287,Elite Procurement 4287,Portland,India,Wholesaler,25,4.9,LSC-HA7G9E8Q
4288,Elite Retail Supply 4288,Boston,India,Wholesaler,9,5.0,LSC-XG28MDVW
4289,Apex Distributors 4289,Chicago,Canada,Wholesaler,4,3.3,LSC-8WP4497U
4290,Prime Retail Supply 4290,Philadelphia,China,Distributor,15,4.1,LSC-EWZ20D74
4291,United Distributors 4291,Los Angeles,China,Distributor,4,2.6,LSC-5BYJB3G7
4292,Evergreen Enterprises 4292,San Francisco,Canada,Manufacturer,28,3.5,LSC-P3ZDH4MQ
4293,Apex Wholesale 4293,Detroit,Canada,Distributor,26,4.3,LSC-T360AMHL
4294,East Partners 4294,Columbus,Vietnam,Wholesaler,29,4.8,LSC-R9V0PQ2L
4295,Metro Enterprises 4295,Denver,USA,Wholesaler,21,,LSC-TDP1FXKY
4296,Nova Industrial 4296,Miami,Mexico,Manufacturer,20,4.3,LSC-858O0J3T
4297,Blue Partners 4297,Dallas,Japan,Manufacturer,6,2.9,LSC-XJJUKQ22
4298,Evergreen Partners 4298,Denver,India,Manufacturer,27,4.2,LSC-220KLZGW
4299,South Wholesale 4299,Portland,Vietnam,Manufacturer,25,4.0,LSC-JNBCHUJ6
4300,Summit Industrial 4300,Austin,South Korea,Wholesaler,27,3.2,LSC-O7E0MJ08
4301,Summit Procurement 4301,Nashville,Thailand,Distributor,26,2.8,LSC-HG832P4H
4302,South Partners 4302,New York,Canada,Wholesaler,9,4.6,LSC-WHOOBR88
4303,Blue Enterprises 4303,Chicago,Japan,Wholesaler,26,4.1,LSC-X8TF7UD4
4304,Metro Procurement 4304,New York,Japan,Manufacturer,16,3.1,LSC-ST7MNOED
4305,Vertex Logistics 4305,Charlotte,South Korea,Wholesaler,6,3.7,LSC-SO9OC7ZO
4306,Apex Industrial 4306,Dallas,Thailand,Manufacturer,11,3.1,LSC-SE6JN59C
4307,Nova Enterprises 4307,Portland,Canada,Wholesaler,16,3.4,LSC-XCJ0IJLM
4308,Global Distributors 4308,Phoenix,China,Manufacturer,22,2.9,LSC-CWYS8KDC
4309,Prime Procurement 4309,Portland,Thailand,Wholesaler,9,,LSC-UWI9ZXGZ
4310,Apex Logistics 4310,Chicago,USA,Manufacturer,27,3.7,LSC-O2P36Y5H
4311,Apex Partners 4311,Dallas,China,Distributor,14,4.3,LSC-QC7XV9RH
4312,Evergreen Enterprises 4312,Charlotte,Vietnam,Manufacturer,7,,LSC-3MAEDN6B
4313,Apex Procurement 4313,Atlanta,Canada,Wholesaler,10,,LSC-H0NUQPW6
4314,Evergreen Logistics 4314,New York,India,Distributor,8,4.1,LSC-JGEWJ281
4315,West Wholesale 4315,New York,USA,Distributor,30,,LSC-N9FO80X2
4316,Quantum Procurement 4316,San Francisco,Germany,Wholesaler,2,2.9,LSC-3V2A830B
4317,Apex Wholesale 4317,Columbus,India,Wholesaler,18,3.2,LSC-UH8F0T80
4318,North Retail Supply 4318,San Jose,USA,Distributor,20,3.8,LSC-DOY760TK
4319,Evergreen Trading 4319,Los Angeles,China,Manufacturer,12,2.9,LSC-H9DJ8D37
4320,United Industrial 4320,New York,Japan,Manufacturer,16,4.1,LSC-RJFB5X34
4321,Prime Wholesale 4321,Portland,Thailand,Manufacturer,11,4.5,LSC-A8U9VP0S
4322,Vertex Supply 4322,Miami,Thailand,Distributor,18,3.4,LSC-DMV05G3U
4323,South Partners 4323,Boston,Thailand,Manufacturer,22,2.6,LSC-DL8JY46S
4324,West Enterprises 4324,Denver,USA,Distributor,29,4.5,LSC-L7V3EEXQ
4325,Prime Distributors 4325,Austin,India,Manufacturer,19,3.8,LSC-YLROIAW9
4326,Evergreen Industrial 4326,Portland,South Korea,Wholesaler,5,3.3,LSC-6X3G8SE5
4327,Elite Industrial 4327,Detroit,Japan,Wholesaler,10,2.8,LSC-M2KON8U3
4328,Metro Industrial 4328,Houston,Canada,Wholesaler,14,3.2,LSC-OXZDOSVN
4329,Summit Logistics 4329,Chicago,Mexico,Manufacturer,30,,LSC-PRRFOI0H
4330,Quantum Distributors 4330,New York,Japan,Wholesaler,5,4.6,LSC-AX2UHEJY
4331,Vertex Logistics 4331,Chicago,Thailand,Manufacturer,3,2.7,LSC-0BCQKJU9
4332,West Enterprises 4332,Charlotte,USA,Manufacturer,5,5.0,LSC-5JE2C0GL
4333,Summit Logistics 4333,Philadelphia,Japan,Manufacturer,25,2.5,LSC-80BGS2Q0
4334,North Logistics 4334,Dallas,Thailand,Manufacturer,12,3.2,LSC-YYCGWDL2
4335,Evergreen Retail Supply 4335,Austin,Germany,Wholesaler,15,4.0,LSC-E5RZUF21
4336,Blue Partners 4336,Detroit,Mexico,Distributor,2,,LSC-OYH91JIP
4337,Rapid Supply 4337,Columbus,Mexico,Wholesaler,7,3.9,LSC-XY8ZLZVB
4338,Summit Partners 4338,Boston,USA,Wholesaler,10,2.5,LSC-7QHYXT66
4339,Evergreen Distributors 4339,Boston,Mexico,Distributor,27,4.9,LSC-VJQCIRVO
4340,Global Retail Supply 4340,New York,India,Manufacturer,30,3.8,LSC-2EYF8AYG
4341,West Partners 4341,New York,Mexico,Wholesaler,15,4.1,LSC-0TWPWHVF
4342,Apex Distributors 4342,Phoenix,China,Manufacturer,18,3.9,LSC-OA2LTH8G
4343,Summit Trading 4343,Dallas,Mexico,Manufacturer,17,2.9,LSC-KEC1OCHS
4344,Vertex Logistics 4344,Columbus,Mexico,Manufacturer,20,4.1,LSC-J7GYH8ES
4345,Evergreen Retail Supply 4345,Austin,Germany,Wholesaler,5,4.0,LSC-UCSDSH76
4346,United Trading 4346,Detroit,USA,Distributor,26,4.2,LSC-ZYG2MMKQ
4347,Summit Industrial 4347,New York,Canada,Distributor,24,2.6,LSC-JSVYWRJJ
4348,Apex Procurement 4348,Portland,USA,Distributor,23,,LSC-HHJ4NBH9
4349,Nova Trading 4349,Phoenix,India,Manufacturer,25,2.6,LSC-69BX32IX
4350,South Industrial 4350,Atlanta,Japan,Manufacturer,15,,LSC-N18MS680
4351,Quantum Industrial 4351,Atlanta,USA,Distributor,9,3.1,LSC-9SR88GT7
4352,Evergreen Supply 4352,San Francisco,Thailand,Distributor,15,4.0,LSC-K3NDWQ0S
4353,Summit Supply 4353,Detroit,Canada,Distributor,21,4.1,LSC-FT52MFX1
4354,Quantum Retail Supply 4354,Houston,Thailand,Manufacturer,29,3.6,LSC-I9FC4Y7C
4355,South Procurement 4355,San Francisco,China,Distributor,12,4.2,LSC-Q5RNBPZ5
4356,Nova Enterprises 4356,Portland,USA,Manufacturer,27,3.8,LSC-92REOWS4
4357,East Supply 4357,Atlanta,Japan,Manufacturer,2,4.5,LSC-99UEY09A
4358,Metro Trading 4358,Boston,Thailand,Wholesaler,5,4.7,LSC-R92Z2A3W
4359,Metro Supply 4359,Atlanta,South Korea,Distributor,18,4.9,LSC-7GNH3I0D
4360,Rapid Supply 4360,Miami,India,Wholesaler,19,4.7,LSC-W90DWRN4
4361,South Trading 4361,Phoenix,India,Wholesaler,24,2.9,LSC-U5RBV6I2
4362,Elite Trading 4362,Nashville,Mexico,Distributor,5,4.1,LSC-PB83U661
4363,Vertex Retail Supply 4363,Nashville,Mexico,Manufacturer,4,4.8,LSC-1TRQNWTO
4364,Nova Logistics 4364,Miami,China,Distributor,20,2.7,LSC-TCDJF2GM
4365,South Trading 4365,New York,Germany,Wholesaler,25,2.8,LSC-SBRMK4AF
4366,West Wholesale 4366,Philadelphia,China,Manufacturer,24,4.8,LSC-NEM8R886
4367,Summit Trading 4367,Chicago,Vietnam,Wholesaler,29,2.8,LSC-JK0N5TPP
4368,Rapid Enterprises 4368,Detroit,Mexico,Wholesaler,6,3.7,LSC-QXSJAG78
4369,Quantum Industrial 4369,Boston,Thailand,Manufacturer,30,4.4,LSC-CNTJX82V
4370,West Distributors 4370,Charlotte,India,Wholesaler,24,3.2,LSC-92WU1RG1
4371,Quantum Trading 4371,Portland,Mexico,Manufacturer,2,4.8,LSC-96DAB4QI
4372,Blue Partners 4372,Dallas,South Korea,Distributor,25,3.5,LSC-RJVR0HGL
4373,East Distributors 4373,Portland,Mexico,Distributor,8,3.1,LSC-YF9JKNXM
4374,Evergreen Logistics 4374,Philadelphia,Japan,Distributor,7,3.6,LSC-6Z4K230Q
4375,Vertex Industrial 4375,Boston,Canada,Manufacturer,2,3.5,LSC-ONUUJ5YN
4376,Metro Industrial 4376,Charlotte,Vietnam,Manufacturer,21,4.9,LSC-5GN3E9V6
4377,Metro Supply 4377,Columbus,Thailand,Manufacturer,17,3.8,LSC-1UVG9GCF
4378,Elite Trading 4378,San Francisco,Vietnam,Manufacturer,27,4.8,LSC-ZTNRB8NG
4379,Quantum Distributors 4379,Portland,Japan,Distributor,8,3.0,LSC-P215KRGT
4380,East Logistics 4380,New York,Germany,Manufacturer,25,4.7,LSC-5MZCJGUC
4381,Apex Partners 4381,Houston,Thailand,Manufacturer,6,3.2,LSC-6OP6XSA8
4382,West Wholesale 4382,Portland,Mexico,Manufacturer,25,3.2,LSC-WH9MHO6T
4383,Nova Partners 4383,Houston,Japan,Manufacturer,11,4.3,LSC-DVNU48U3
4384,Vertex Enterprises 4384,Phoenix,Thailand,Distributor,2,3.8,LSC-990M2M6J
4385,Rapid Retail Supply 4385,Columbus,Canada,Wholesaler,11,4.4,LSC-M3UHJ7D4
4386,Rapid Wholesale 4386,Columbus,Thailand,Manufacturer,16,4.3,LSC-9WF55R0Z
4387,Prime Wholesale 4387,Dallas,South Korea,Wholesaler,12,4.0,LSC-63X5GRN5
4388,Rapid Procurement 4388, new york,South Korea,Wholesaler,9,4.2,LSC-QLEJP8FW
4389,South Industrial 4389,San Jose,Canada,Distributor,8,3.9,LSC-8LCHAPOR
4390,Evergreen Supply 4390,Portland,USA,Distributor,24,3.9,LSC-4BHZG8EO
4391,Global Trading 4391,Austin,Mexico,Wholesaler,4,3.2,LSC-YMJYGC7N
4392,Quantum Supply 4392,San Francisco,Vietnam,Distributor,25,3.8,LSC-UCXU3T4Z
4393,Prime Wholesale 4393,Phoenix,USA,Manufacturer,28,4.0,LSC-96CRK7SO
4394,North Enterprises 4394,Atlanta,Japan,Wholesaler,19,4.3,LSC-MJ8RX2JM
4395,Blue Industrial 4395,Denver,Japan,Wholesaler,21,3.0,LSC-PP55BYJO
4396,Vertex Logistics 4396,Detroit,Mexico,Distributor,23,4.0,LSC-O1PBTVR9
4397,East Procurement 4397,Seattle,Canada,Distributor,30,3.7,LSC-VRTSCZSB
4398,Elite Procurement 4398,Chicago,Mexico,Distributor,5,3.9,LSC-86TKKR2D
4399,South Partners 4399,San Francisco,China,Distributor,11,3.3,LSC-KRYAB120
4400,East Trading 4400,Boston,Japan,Wholesaler,19,4.5,LSC-5K7IFQNC
4401,Vertex Procurement 4401,Charlotte,India,Manufacturer,13,2.9,LSC-Q67M7NO5
4402,Vertex Partners 4402,Los Angeles,Thailand,Distributor,28,3.4,LSC-Q3FBLO3P
4403,Nova Retail Supply 4403,Los Angeles,Japan,Manufacturer,14,4.9,LSC-OL25IMZT
4404,East Partners 4404,Seattle,China,Wholesaler,25,4.5,LSC-IDUXMKLU
4405,Apex Partners 4405,Dallas,Germany,Manufacturer,25,2.5,LSC-7OPHRQZD
4406,Global Supply 4406,Phoenix,Thailand,Wholesaler,29,3.8,LSC-CBHGPODU
4407,East Partners 4407,Austin,Mexico,Wholesaler,27,,LSC-Y7UC9FRR
4408,North Procurement 4408,NEW YORK,Thailand,Manufacturer,6,4.7,LSC-VK1M1F3U
4409,Rapid Trading 4409,Denver,South Korea,Manufacturer,8,3.6,LSC-99FR8QOO
4410,Blue Retail Supply 4410,Dallas,India,Distributor,11,2.8,LSC-1GTDY1RY
4411,Blue Industrial 4411,Detroit,India,Manufacturer,26,4.8,LSC-KOTKUNUR
4412,Quantum Supply 4412,Detroit,Germany,Distributor,19,4.4,LSC-7DEHELYJ
4413,West Retail Supply 4413,Dallas,Mexico,Manufacturer,5,4.6,LSC-KW48HMKN
4414,North Retail Supply 4414,San Jose,South Korea,Manufacturer,23,3.9,LSC-G8VQ5GXQ
4415,Elite Supply 4415,Dallas,Vietnam,Manufacturer,27,3.8,LSC-Z72O5NMX
4416,Global Distributors 4416,Phoenix,Vietnam,Manufacturer,4,4.1,LSC-YUC7VVEG
4417,Quantum Enterprises 4417,Denver,Germany,Manufacturer,9,4.9,LSC-DUNURM84
4418,Nova Procurement 4418,Nashville,China,Wholesaler,20,,LSC-L1CEXHTR
4419,South Distributors 4419,Atlanta,Mexico,Manufacturer,28,4.4,LSC-P47C8D5B
4420,North Partners 4420,Philadelphia,Thailand,Manufacturer,21,3.7,LSC-FBCKPKM7
4421,North Partners 4421,Austin,USA,Manufacturer,28,2.9,LSC-FB0LJ3QA
4422,Elite Industrial 4422,Seattle,Germany,Wholesaler,21,4.3,LSC-WZ3OUB93
4423,Nova Partners 4423,Philadelphia,India,Manufacturer,6,4.3,LSC-MS1208WU
4424,Quantum Distributors 4424,Detroit,China,Distributor,30,3.4,LSC-EKRBSZYQ
4425,Summit Industrial 4425,Atlanta,USA,Distributor,30,2.9,LSC-MTQ0HIZO
4426,Apex Wholesale 4426,San Francisco,China,Distributor,3,3.6,LSC-2KHI006I
4427,Global Distributors 4427,Miami,India,Manufacturer,30,4.9,LSC-JR78ICVL
4428,Evergreen Distributors 4428,Columbus,Vietnam,Wholesaler,12,4.2,LSC-CVDB6YA1
4429,Metro Trading 4429,Los Angeles,Vietnam,Manufacturer,13,4.4,LSC-VBU6IJX4
4430, Global Supply 4430 ,San Jose,Japan,Distributor,17,4.7,LSC-OKSNSKFG
4431,South Industrial 4431,Austin,Mexico,Distributor,18,,LSC-MY45LFGR
4432,Global Distributors 4432,Portland,USA,Manufacturer,8,2.9,LSC-MZ3LK41G
4433, North Retail Supply 4433 ,Los Angeles,Thailand,Wholesaler,21,4.9,LSC-MG29VQYG
4434,Global Trading 4434,San Francisco,Vietnam,Wholesaler,16,4.7,LSC-QHGBVSZH
4435,Summit Trading 4435,Chicago,USA,Distributor,17,3.3,LSC-MHQW69XH
4436,North Procurement 4436,Columbus,Germany,Manufacturer,13,3.8,LSC-Q29K3246
4437,Vertex Procurement 4437,Columbus,Thailand,Wholesaler,20,3.7,LSC-WXZ17977
4438,Evergreen Wholesale 4438,Nashville,Japan,Wholesaler,18,4.6,LSC-HTOWQAOD
4439,Rapid Procurement 4439,Denver,Canada,Wholesaler,27,2.7,LSC-RKVTUO15
4440,Blue Distributors 4440,Denver,Germany,Manufacturer,19,3.8,LSC-AR0PEQAC
4441,Apex Retail Supply 4441,San Jose,Canada,Manufacturer,8,4.1,LSC-MOXJCBX9
4442,Blue Retail Supply 4442,Portland,China,Distributor,26,5.0,LSC-PAJMFOTE
4443,Vertex Enterprises 4443,Boston,Vietnam,Distributor,24,3.6,LSC-UAEIRD7Z
4444,United Wholesale 4444,San Francisco,USA,Manufacturer,16,3.4,LSC-3EG33HKW
4445,Prime Procurement 4445,Charlotte,Vietnam,Distributor,24,3.1,LSC-295P1CCX
4446,Elite Trading 4446,Chicago,Canada,Wholesaler,27,2.7,LSC-Y105XUR7
4447,Metro Procurement 4447,New York,Mexico,Manufacturer,23,,LSC-7NGTIDM6
4448,Global Enterprises 4448,Nashville,Japan,Wholesaler,17,3.0,LSC-3IX27KA6
4449,North Logistics 4449,Philadelphia,Mexico,Manufacturer,5,4.1,LSC-4NEVGTDD
4450,Quantum Trading 4450,Portland,Canada,Distributor,11,3.9,LSC-AQEA3140
4451,Rapid Partners 4451,Miami,USA,Wholesaler,12,3.8,LSC-BEPRNAD9
4452,North Retail Supply 4452,Philadelphia,India,Manufacturer,6,3.3,LSC-QG03JJ5E
4453,Prime Retail Supply 4453,Detroit,South Korea,Wholesaler,17,3.2,LSC-F0A1UAHJ
4454,Metro Industrial 4454,Houston,Japan,Wholesaler,2,,LSC-SGP0MJ3Q
4455,United Procurement 4455,Seattle,Japan,Manufacturer,24,3.1,LSC-4ELSS84X
4456, Metro Wholesale 4456 ,Dallas,Canada,Wholesaler,30,3.3,LSC-42MG9QQX
4457,Global Trading 4457,Atlanta,Germany,Distributor,18,3.1,LSC-5HRATRYR
4458,Quantum Wholesale 4458,Dallas,Thailand,Wholesaler,7,4.5,LSC-45Y96BKW
4459,Metro Logistics 4459,Phoenix,USA,Manufacturer,3,3.0,LSC-YTXTN1H4
4460,Prime Wholesale 4460,Houston,Japan,Wholesaler,12,4.2,LSC-OTOOK1OM
4461,Elite Enterprises 4461,Boston,Canada,Wholesaler,21,2.7,LSC-UT54EHXL
4462,Quantum Procurement 4462,Atlanta,China,Distributor,24,2.9,LSC-ORRLL5TD
4463,East Retail Supply 4463,Houston,USA,Distributor,14,4.9,LSC-OIK23VDJ
4464,Blue Retail Supply 4464,San Jose,South Korea,Wholesaler,7,3.2,LSC-2Q1YJUCY
4465,Nova Supply 4465,Charlotte,Mexico,Manufacturer,13,4.1,LSC-9ODG9RXX
4466,Nova Enterprises 4466,New York,Mexico,Manufacturer,16,3.4,LSC-IDSJNFUH
4467,Quantum Retail Supply 4467,San Francisco,Thailand,Manufacturer,5,3.3,LSC-TF8HB3KO
4468,Quantum Enterprises 4468,Charlotte,Japan,Manufacturer,16,3.5,LSC-0N1DJ6YI
4469,Evergreen Logistics 4469,Houston,Thailand,Manufacturer,11,3.5,LSC-24U0HVNF
4470,Blue Logistics 4470,Portland,Germany,Wholesaler,9,4.8,LSC-81XXWSI1
4471,Vertex Retail Supply 4471,San Jose,USA,Manufacturer,15,3.6,LSC-J32Q947H
4472,Global Industrial 4472,Chicago,Canada,Manufacturer,19,,LSC-DWJETF1R
4473,Vertex Partners 4473,Detroit,Vietnam,Wholesaler,23,2.6,LSC-EIUYJ3MJ
4474,Vertex Enterprises 4474,Nashville,Thailand,Distributor,20,3.2,LSC-5VWXEERG
4475,Vertex Logistics 4475,Phoenix,India,Distributor,6,4.7,LSC-LKCGFY44
4476,East Enterprises 4476,Seattle,India,Wholesaler,22,3.7,LSC-UBIQJ6U9
4477,Prime Supply 4477,Boston,China,Manufacturer,22,4.7,LSC-7JB168TM
4478,South Wholesale 4478,Austin,Thailand,Wholesaler,26,4.7,LSC-DMSAPPB7
4479,Summit Enterprises 4479,Denver,India,Manufacturer,28,4.2,LSC-V9LY3NFX
4480,Apex Trading 4480,Denver,Vietnam,Distributor,20,4.6,LSC-KT6OWCZP
4481,East Logistics 4481,Chicago,USA,Manufacturer,7,2.7,LSC-IUBVX1BO
4482,South Wholesale 4482,Atlanta,Germany,Wholesaler,12,2.8,LSC-J8HDI8S5
4483,West Supply 4483,San Francisco,Mexico,Manufacturer,17,2.8,LSC-4FWK06S8
4484,Prime Enterprises 4484,Charlotte,Japan,Wholesaler,10,3.5,LSC-JUKI2S6M
4485,Prime Distributors 4485,Charlotte,Thailand,Manufacturer,27,3.6,LSC-M7O9PVIE
4486,South Procurement 4486,Seattle,Canada,Distributor,21,3.0,LSC-IOCWUE0I
4487,Elite Distributors 4487,Denver,Japan,Manufacturer,25,3.6,LSC-X995405T
4488,South Partners 4488,New York,Canada,Distributor,23,3.0,LSC-CCPTTQ82
4489,Summit Supply 4489,Miami,Mexico,Wholesaler,28,3.5,LSC-KNPHN1O9
4490,Blue Trading 4490,Portland,Thailand,Manufacturer,6,4.5,LSC-35HCK1DI
4491,Apex Supply 4491,Boston,South Korea,Manufacturer,22,3.8,LSC-UZH06DIM
4492,South Enterprises 4492,Seattle,Vietnam,Wholesaler,25,3.7,LSC-Q0VCVVYE
4493,Summit Supply 4493,Chicago,Japan,Manufacturer,9,3.0,LSC-AK55ZX6B
4494,West Logistics 4494,Portland,South Korea,Manufacturer,22,2.7,LSC-89VTH9U0
4495,United Partners 4495,Phoenix,Japan,Wholesaler,26,3.6,LSC-IIAAY7U3
4496,North Industrial 4496,Seattle,Vietnam,Distributor,24,3.5,LSC-K7KYCKN6
4497,Vertex Procurement 4497,Columbus,Japan,Wholesaler,5,3.8,LSC-XAZVK626
4498,Apex Wholesale 4498,Atlanta,China,Distributor,4,4.4,LSC-RSZ5ZSUX
4499,Summit Supply 4499,Chicago,Vietnam,Distributor,27,2.6,LSC-YVSCAFF2
4500,West Logistics 4500,Detroit,South Korea,Wholesaler,18,3.1,LSC-BW1JA8H1
4501,Nova Logistics 4501,Phoenix,Mexico,Distributor,12,3.1,LSC-KJ1DRLJ0
4502,Prime Wholesale 4502,Seattle,Mexico,Manufacturer,20,2.8,LSC-YGBCPC5A
4503,United Enterprises 4503,Detroit,India,Wholesaler,26,3.9,LSC-37ILDY59
4504,Evergreen Wholesale 4504,Denver,Mexico,Manufacturer,3,3.3,LSC-YHCNF4K6
4505,South Industrial 4505,Charlotte,Japan,Distributor,28,4.2,LSC-TOY7WPG8
4506,Summit Supply 4506,Boston,USA,Manufacturer,7,4.4,LSC-R2TD8Y6C
4507,Global Partners 4507,Phoenix,Germany,Wholesaler,13,4.8,LSC-WHNDRU4L
4508,Blue Procurement 4508,Phoenix,South Korea,Distributor,30,4.5,LSC-SABVOANP
4509,Global Procurement 4509,Los Angeles,Canada,Distributor,18,3.3,LSC-X0XD0AJ3
4510,Evergreen Industrial 4510,Seattle,India,Distributor,28,,LSC-SPTP7NF5
4511,East Logistics 4511,Boston,Germany,Manufacturer,5,3.1,LSC-YLX5YCH0
4512,Global Supply 4512,Phoenix,Japan,Distributor,9,4.6,LSC-LFL4AGLC
4513,Rapid Industrial 4513,Los Angeles,Canada,Wholesaler,30,3.8,LSC-43HSOBDD
4514,United Procurement 4514,Miami,Germany,Distributor,9,4.5,LSC-K6ZXSFLM
4515,Quantum Industrial 4515,Boston,Thailand,Distributor,22,3.6,LSC-KI9C3H5X
4516,Quantum Partners 4516,Chicago,Japan,Distributor,18,2.8,LSC-X9IA5EF8
4517,Prime Enterprises 4517,Portland,China,Wholesaler,10,4.0,LSC-8X11PHHG
4518,Metro Partners 4518,Austin,Japan,Manufacturer,25,4.6,LSC-MOT5CFEW
4519,Global Procurement 4519,Seattle,India,Distributor,19,4.3,LSC-18YUZQNH
4520,Apex Logistics 4520,Austin,Japan,Wholesaler,12,2.7,LSC-GN7DPWB0
4521,Prime Industrial 4521,Nashville,India,Manufacturer,30,3.8,LSC-IAQQCYPC
4522,Global Partners 4522,Atlanta,South Korea,Wholesaler,26,2.8,LSC-72LVUHDM
4523,United Enterprises 4523,Detroit,USA,Wholesaler,29,4.8,LSC-HRL37TDG
4524, Apex Logistics 4524 ,New York,India,Distributor,30,4.7,LSC-YBLH4MTT
4525,Quantum Supply 4525,Los Angeles,Japan,Manufacturer,7,2.9,LSC-R0AYVNX9
4526,East Logistics 4526,Phoenix,Canada,Manufacturer,9,3.4,LSC-W7B42LDK
4527,Summit Partners 4527,San Jose,China,Distributor,11,2.7,LSC-Z7Z5RX7R
4528,North Enterprises 4528,Seattle,South Korea,Distributor,21,4.2,LSC-3ANC9NXA
4529,Nova Procurement 4529,Seattle,Germany,Wholesaler,25,4.3,LSC-AHWTNU73
4530,Elite Partners 4530,Philadelphia,China,Manufacturer,11,3.2,LSC-IR8EJ7FA
4531,Global Supply 4531,Columbus,USA,Wholesaler,5,4.5,LSC-2HDEKRNU
4532,North Wholesale 4532,Chicago,South Korea,Wholesaler,29,3.5,LSC-HS08ICH7
4533,West Procurement 4533,Denver,China,Distributor,2,4.5,LSC-FIFWU7C8
4534,Vertex Enterprises 4534,San Francisco,Japan,Wholesaler,23,3.8,LSC-4BI3FRLI
4535,Quantum Logistics 4535,Phoenix,Thailand,Distributor,19,3.3,LSC-33H6Z1TG
4536,Metro Wholesale 4536,Seattle,Japan,Wholesaler,18,3.1,LSC-FECVI5RY
4537,Global Wholesale 4537,Austin,Thailand,Distributor,13,3.4,LSC-LGN7FZIB
4538,Blue Partners 4538,Denver,Canada,Wholesaler,22,3.2,LSC-TALYDISZ
4539,West Trading 4539,Philadelphia,Vietnam,Wholesaler,22,4.4,LSC-JUVJK9T8
4540,Vertex Trading 4540,Phoenix,India,Distributor,11,4.4,LSC-O508DHJG
4541,United Industrial 4541,Los Angeles,South Korea,Distributor,7,,LSC-LM3YGWEJ
4542,Rapid Industrial 4542,Detroit,India,Manufacturer,23,2.8,LSC-U06UFX75
4543,North Retail Supply 4543,Denver,Mexico,Manufacturer,6,3.8,LSC-NDJVS4G9
4544,Nova Procurement 4544,Detroit,South Korea,Distributor,10,,LSC-M6XV9APG
4545,United Industrial 4545,Atlanta,China,Wholesaler,15,3.2,LSC-1N8RGKIR
4546,Prime Enterprises 4546,San Francisco,Japan,Wholesaler,18,3.0,LSC-AG1T6HIB
4547,Elite Procurement 4547,San Francisco,Thailand,Wholesaler,17,3.2,LSC-JKHOI8DA
4548,United Logistics 4548,Los Angeles,USA,Distributor,7,4.8,LSC-SQKAH4VJ
4549,Elite Logistics 4549,Philadelphia,Germany,Distributor,27,4.5,LSC-7NW3MO20
4550,Evergreen Wholesale 4550,Charlotte,India,Distributor,6,4.6,LSC-QCSVXFOR
4551,Vertex Trading 4551,Charlotte,India,Wholesaler,4,4.0,LSC-OPGFZXX6
4552,Rapid Enterprises 4552,Miami,South Korea,Wholesaler,27,2.7,LSC-JRG1M69P
4553,Elite Enterprises 4553,Detroit,USA,Manufacturer,21,2.8,LSC-PQF3IO61
4554,United Supply 4554,Los Angeles,Germany,Distributor,16,4.0,LSC-8GZX3U5R
4555,West Trading 4555,Denver,India,Wholesaler,29,3.5,LSC-WCSQ6DNN
4556,East Industrial 4556,Detroit,India,Wholesaler,9,3.3,LSC-Y7MY3WHK
4557,North Partners 4557,San Francisco,Canada,Wholesaler,27,5.0,LSC-BKWJ11VV
4558,Elite Distributors 4558,Austin,Thailand,Wholesaler,29,3.5,LSC-F088TU5U
4559,Elite Trading 4559,Charlotte,Mexico,Distributor,25,4.4,LSC-QPWN5EIA
4560,South Procurement 4560,Denver,Germany,Wholesaler,2,3.1,LSC-XJZ8ISBC
4561,Quantum Wholesale 4561,Columbus,Germany,Manufacturer,22,2.8,LSC-36QAR47X
4562,Elite Distributors 4562,San Jose,Vietnam,Wholesaler,7,3.4,LSC-ZOJ5TA6U
4563,Summit Wholesale 4563,Dallas,Canada,Wholesaler,23,3.3,LSC-4P9ODZMP
4564,North Wholesale 4564,Austin,Canada,Manufacturer,13,4.9,LSC-3KH3H1G9
4565,East Logistics 4565,New York,Mexico,Wholesaler,21,3.9,LSC-E16COJUQ
4566,Evergreen Wholesale 4566,Detroit,Japan,Distributor,8,4.6,LSC-U88YY5A3
4567,Quantum Logistics 4567,Detroit,Japan,Distributor,6,2.6,LSC-WP4NLF8Q
4568,Nova Industrial 4568,Houston,South Korea,Distributor,18,4.0,LSC-7ZOBIZ0B
4569,Vertex Industrial 4569,Nashville,USA,Distributor,17,3.7,LSC-NYBFA7YP
4570,Summit Trading 4570,San Jose,India,Wholesaler,7,,LSC-MGBLFJMZ
4571,Apex Distributors 4571,Phoenix,Mexico,Distributor,25,4.7,LSC-AM9XAJCG
4572,Elite Procurement 4572,Miami,Canada,Distributor,13,2.9,LSC-ZD1LZUP4
4573,Quantum Supply 4573,Portland,Germany,Manufacturer,22,4.7,LSC-OSWRYRC0
4574,Metro Distributors 4574,Boston,Canada,Manufacturer,24,3.0,LSC-ADIGSNTW
4575,South Supply 4575,Portland,India,Manufacturer,23,4.0,LSC-9OU0EUI4
4576,Vertex Supply 4576,Miami,USA,Manufacturer,11,3.9,LSC-RXIPP8B8
4577,East Industrial 4577,San Jose,Germany,Wholesaler,12,3.8,LSC-AVF22R2M
4578,West Procurement 4578,Chicago,China,Wholesaler,25,4.2,LSC-YWH189UX
4579,Prime Trading 4579,Nashville,USA,Manufacturer,25,4.8,LSC-02H7AB6J
4580,Metro Wholesale 4580,Charlotte,South Korea,Wholesaler,25,4.2,LSC-75WEAJEH
4581,Summit Supply 4581,Los Angeles,Thailand,Distributor,30,4.9,LSC-5TNTG6GI
4582,West Partners 4582,Chicago,USA,Manufacturer,21,3.1,LSC-46CKXOL6
4583,United Wholesale 4583,San Francisco,China,Manufacturer,4,4.3,LSC-JMPQGDKF
4584,South Enterprises 4584,Phoenix,Germany,Distributor,10,5.0,LSC-3Z9QBLZZ
4585,Prime Procurement 4585,Austin,China,Wholesaler,18,5.0,LSC-EQRJO4RL
4586,Blue Trading 4586,Dallas,USA,Distributor,14,3.0,LSC-Z6472476
4587,Summit Wholesale 4587,Portland,South Korea,Distributor,18,3.0,LSC-VF1HQJLZ
4588,Metro Partners 4588,Charlotte,China,Distributor,2,3.7,LSC-WGOSGJEU
4589,Blue Enterprises 4589,Detroit,China,Wholesaler,23,4.2,LSC-F0LNWIN5
4590,Summit Industrial 4590,San Jose,Germany,Manufacturer,15,,LSC-0K732NO6
4591,Blue Wholesale 4591,San Jose,China,Manufacturer,28,2.6,LSC-9O4ML15D
4592,Quantum Trading 4592,Chicago,Japan,Distributor,14,4.6,LSC-M3QTMPDJ
4593, Blue Wholesale 4593 ,Portland,Germany,Manufacturer,6,4.1,LSC-YSAGHWLG
4594, South Enterprises 4594 ,Austin,Thailand,Distributor,12,4.2,LSC-M8BSLT5V
4595,Prime Retail Supply 4595,Nashville,Japan,Manufacturer,3,3.3,LSC-UTSTVUW3
4596,Evergreen Logistics 4596,New York,Mexico,Distributor,14,2.6,LSC-2U7UNLMX
4597,Blue Enterprises 4597,San Jose,South Korea,Wholesaler,20,4.0,LSC-GA1QGT65
4598,Quantum Trading 4598,New York,Japan,Wholesaler,7,4.9,LSC-HHN6QMUU
4599,Rapid Trading 4599,Columbus,Vietnam,Distributor,11,2.8,LSC-27ZVDIN7
4600,Summit Procurement 4600,San Jose,Canada,Distributor,26,3.9,LSC-212YKCGJ
4601,Summit Distributors 4601,Phoenix,USA,Distributor,23,4.6,LSC-D44LXL71
4602,Global Wholesale 4602,Boston,China,Manufacturer,26,3.5,LSC-CYC3DAD6
4603,West Enterprises 4603,Philadelphia,Germany,Distributor,9,2.5,LSC-WW7ZW2AG
4604,West Wholesale 4604,Los Angeles,Canada,Manufacturer,11,2.6,LSC-W72AKAFQ
4605,Quantum Retail Supply 4605,Seattle,Japan,Manufacturer,30,4.1,LSC-LOJNBFAI
4606, Apex Partners 4606 ,Charlotte,India,Distributor,19,,LSC-PPNOV3SY
4607,Elite Trading 4607,Seattle,China,Distributor,26,5.0,LSC-BK0O4G56
4608,Global Partners 4608,Philadelphia,Canada,Distributor,28,2.6,LSC-1N7Q82ZR
4609,United Enterprises 4609,Phoenix,Vietnam,Distributor,10,4.5,LSC-Q2D82KMB
4610,East Wholesale 4610,Atlanta,South Korea,Wholesaler,6,4.4,LSC-WW4PWKZQ
4611,West Trading 4611,Phoenix,South Korea,Manufacturer,9,3.7,LSC-J5ZFFDIL
4612,Global Retail Supply 4612,Chicago,USA,Manufacturer,18,3.5,LSC-WKAO3FQ7
4613,Global Procurement 4613,Charlotte,South Korea,Manufacturer,21,3.4,LSC-SN650DJI
4614,East Distributors 4614,Phoenix,Germany,Distributor,26,3.3,LSC-7G5GVJPK
4615,Evergreen Supply 4615,Boston,Canada,Manufacturer,6,3.2,LSC-KYONP5BO
4616,United Supply 4616,New York,Mexico,Wholesaler,16,2.9,LSC-QONY8MZC
4617,Metro Enterprises 4617,Philadelphia,Japan,Distributor,26,3.8,LSC-QRNZ2R06
4618,Apex Logistics 4618,Dallas,USA,Manufacturer,30,3.1,LSC-RLYGTRO7
4619,Blue Wholesale 4619,San Jose,Mexico,Manufacturer,6,3.6,LSC-DKZW4QVV
4620,Evergreen Partners 4620,Chicago,Japan,Manufacturer,20,3.3,LSC-4OTGQODA
4621,Prime Partners 4621,Charlotte,Vietnam,Wholesaler,17,4.6,LSC-GLSO8SB4
4622,Nova Industrial 4622,Chicago,Germany,Distributor,14,3.4,LSC-OG4Z206C
4623,Apex Supply 4623,San Francisco,USA,Wholesaler,10,2.8,LSC-2S0S5K1A
4624,North Enterprises 4624,Austin,Thailand,Manufacturer,6,4.8,LSC-5FINRBNI
4625,Vertex Trading 4625,Philadelphia,China,Manufacturer,19,4.0,LSC-8Y7L5N7F
4626,Global Logistics 4626,Denver,Japan,Manufacturer,19,4.5,LSC-3HT47E3B
4627,Prime Supply 4627,Miami,Germany,Manufacturer,28,3.3,LSC-D2AONONS
4628,Quantum Enterprises 4628,Dallas,Germany,Wholesaler,22,3.2,LSC-U8SMSSF8
4629,West Supply 4629,Dallas,Germany,Distributor,5,2.8,LSC-TO83FTYZ
4630,East Distributors 4630,Miami,Canada,Wholesaler,21,3.8,LSC-OMPXXDZT
4631,Rapid Logistics 4631,Columbus,Mexico,Wholesaler,24,3.0,LSC-ND2LUIN1
4632,Evergreen Logistics 4632,Nashville,Thailand,Wholesaler,8,3.2,LSC-ZIIXP7T1
4633,Quantum Retail Supply 4633,Charlotte,Thailand,Manufacturer,25,4.9,LSC-C17OX67V
4634,Elite Logistics 4634,Los Angeles,Thailand,Wholesaler,13,,LSC-RPA18QTY
4635,Elite Distributors 4635,Boston,Vietnam,Distributor,25,4.1,LSC-IQ7ZFV0Z
4636,West Trading 4636,New York,China,Wholesaler,5,4.6,LSC-6P2VON2F
4637,West Logistics 4637,Denver,China,Wholesaler,22,3.5,LSC-U6TJ2PKK
4638,United Partners 4638,New york ,Japan,Wholesaler,23,3.5,LSC-SDKQU983
4639,South Trading 4639,Columbus,Thailand,Wholesaler,29,2.7,LSC-WZUVQEC7
4640,Vertex Trading 4640,New York,Japan,Manufacturer,6,5.0,LSC-W425OVDZ
4641,Evergreen Enterprises 4641,Philadelphia,South Korea,Wholesaler,8,,LSC-3QSYNUO9
4642,West Distributors 4642,Columbus,Japan,Distributor,27,4.6,LSC-YR8JUDW6
4643,South Procurement 4643,Houston,South Korea,Manufacturer,4,4.5,LSC-L83KKOFB
4644,Blue Retail Supply 4644,Dallas,Vietnam,Wholesaler,15,4.0,LSC-WPR1Q9Z3
4645,United Trading 4645,Dallas,China,Manufacturer,27,4.5,LSC-NHRCOSKP
4646,East Distributors 4646,Phoenix,Thailand,Manufacturer,30,2.6,LSC-PUWFQ98V
4647,Evergreen Industrial 4647,New York,Vietnam,Distributor,4,2.9,LSC-3T810JMC
4648,Elite Logistics 4648,Austin,China,Wholesaler,2,3.7,LSC-DBPZO6T6
4649,Prime Supply 4649,Miami,Canada,Wholesaler,12,3.4,LSC-ZSO5MGFE
4650,Prime Supply 4650,Austin,Vietnam,Manufacturer,27,3.4,LSC-Y6XLEJWC
4651,Global Trading 4651,Boston,Japan,Manufacturer,6,2.5,LSC-N0T4G7A4
4652,North Retail Supply 4652,San Jose,Mexico,Wholesaler,17,4.1,LSC-AXZYERNE
4653,North Industrial 4653,Houston,USA,Wholesaler,6,3.1,LSC-JZS9ONVA
4654,Blue Retail Supply 4654,Charlotte,Canada,Distributor,13,3.9,LSC-Y3POF1F9
4655,Prime Partners 4655,Austin,Mexico,Distributor,29,2.7,LSC-AD4ZN573
4656,Nova Industrial 4656,Columbus,Mexico,Wholesaler,8,4.7,LSC-TCJAY1FZ
4657,Evergreen Supply 4657,Detroit,USA,Distributor,20,4.2,LSC-KHL2YQNP
4658,Elite Distributors 4658,Portland,China,Manufacturer,14,3.0,LSC-I9I7WA78
4659,West Retail Supply 4659,Chicago,Canada,Wholesaler,3,4.4,LSC-EDM2Z9QN
4660,West Supply 4660,San Francisco,India,Manufacturer,23,2.7,LSC-EISHYVJW
4661,Vertex Retail Supply 4661,Philadelphia,Japan,Wholesaler,28,3.0,LSC-4VIJ2B8N
4662,Prime Procurement 4662,Dallas,South Korea,Manufacturer,17,3.1,LSC-CT5MO7GD
4663,East Retail Supply 4663,San Francisco,Mexico,Manufacturer,25,2.6,LSC-I4LB7U2U
4664,Apex Wholesale 4664,Dallas,Japan,Wholesaler,10,4.0,LSC-YJ2JZO76
4665,Rapid Enterprises 4665,Dallas,South Korea,Wholesaler,24,2.8,LSC-BV3ZJTCG
4666,Apex Procurement 4666,San Francisco,Japan,Distributor,24,4.0,LSC-KGCERKNC
4667,Rapid Distributors 4667,San Jose,Thailand,Manufacturer,7,2.6,LSC-WTE87ARD
4668,Quantum Trading 4668,San Jose,Vietnam,Wholesaler,24,3.3,LSC-5FJ65YMC
4669,United Retail Supply 4669,Denver,Thailand,Wholesaler,20,4.4,LSC-ULA02RXU
4670,Global Logistics 4670,Charlotte,Japan,Wholesaler,25,,LSC-0T5665CP
4671,Vertex Trading 4671,Philadelphia,India,Wholesaler,3,3.0,LSC-PCRNYGRF
4672,Evergreen Distributors 4672,Los Angeles,Japan,Wholesaler,27,2.9,LSC-FAHT4A27
4673,Vertex Logistics 4673,Atlanta,Thailand,Distributor,22,2.8,LSC-UT3JCL49
4674,Vertex Partners 4674,Portland,India,Manufacturer,7,3.1,LSC-RIIQUS3T
4675,South Distributors 4675,Seattle,Vietnam,Wholesaler,25,2.6,LSC-FIQO60A0
4676,West Industrial 4676,Portland,Germany,Wholesaler,15,3.2,LSC-Z50VQ2FI
4677,Vertex Trading 4677,San Jose,South Korea,Distributor,12,4.6,LSC-8I5QXJYM
4678,Blue Enterprises 4678,Denver,Japan,Wholesaler,10,3.2,LSC-GIJBNUSN
4679,Quantum Distributors 4679,New York,Canada,Wholesaler,18,3.8,LSC-F3P96XJL
4680, Vertex Procurement 4680 ,Portland,Germany,Wholesaler,28,4.1,LSC-20PYOA0Y
4681,Quantum Logistics 4681,Philadelphia,Germany,Distributor,29,3.7,LSC-RIS9EQPI
4682,Metro Wholesale 4682,Miami,Vietnam,Distributor,17,3.8,LSC-3ZA772F9
4683,East Enterprises 4683,Philadelphia,Germany,Manufacturer,10,4.5,LSC-KU9DUD85
4684,Rapid Distributors 4684,Austin,Vietnam,Manufacturer,11,4.0,LSC-ZABJKEYK
4685,Apex Trading 4685,New York,South Korea,Manufacturer,14,4.2,LSC-P48ARJS8
4686,Evergreen Wholesale 4686,San Francisco,India,Wholesaler,7,3.2,LSC-O6QVCZ82
4687,West Trading 4687,Nashville,USA,Manufacturer,2,4.4,LSC-RGTUH08L
4688,Rapid Distributors 4688,Atlanta,China,Distributor,8,,LSC-670NJEGO
4689,United Procurement 4689,Denver,South Korea,Wholesaler,5,3.5,LSC-RSH73R21
4690,Evergreen Trading 4690,Nashville,India,Wholesaler,17,4.6,LSC-STJQENWL
4691,Evergreen Procurement 4691,Denver,China,Wholesaler,25,3.0,LSC-V9SAHJPV
4692,Evergreen Procurement 4692,Miami,China,Distributor,28,3.3,LSC-PSV0FHSO
4693,United Supply 4693,Columbus,Japan,Manufacturer,2,2.7,LSC-X4REGTGA
4694,Apex Supply 4694,New York,Thailand,Manufacturer,27,3.4,LSC-PXQ3XTYO
4695, Prime Distributors 4695 ,Columbus,USA,Distributor,28,3.6,LSC-U5I30484
4696,Nova Supply 4696,Charlotte,India,Wholesaler,20,3.3,LSC-T2N6SLKR
4697,West Trading 4697,Denver,Vietnam,Distributor,3,3.1,LSC-E2KQKNG9
4698,Quantum Procurement 4698,Charlotte,South Korea,Manufacturer,29,4.8,LSC-I8P35A3G
4699,Quantum Wholesale 4699,Chicago,Germany,Distributor,17,4.1,LSC-X9D4GTCA
4700,Quantum Distributors 4700,New york ,India,Manufacturer,6,3.6,LSC-VMXDQ5UY
4701,Quantum Retail Supply 4701,Phoenix,India,Distributor,9,4.9,LSC-HVQ0ZQ8S
4702,Nova Trading 4702,Miami,China,Distributor,27,4.1,LSC-23LFLOH5
4703,West Trading 4703,Atlanta,USA,Distributor,9,4.8,LSC-B0JDY3FK
4704,Apex Procurement 4704,Atlanta,China,Distributor,25,4.1,LSC-BEESWDK1
4705,Blue Distributors 4705,Phoenix,Japan,Distributor,20,3.4,LSC-BXST0KKM
4706,North Trading 4706,Detroit,Thailand,Distributor,3,3.7,LSC-W1IXH7ZC
4707,United Procurement 4707,Atlanta,USA,Distributor,29,3.3,LSC-0PFFTZQ7
4708,Elite Supply 4708,Los Angeles,Japan,Wholesaler,21,3.7,LSC-26UU6DFD
4709,United Procurement 4709,Columbus,Canada,Wholesaler,5,3.4,LSC-KT5W7CLS
4710,Elite Procurement 4710,Charlotte,Japan,Distributor,2,3.9,LSC-NNYVLNZU
4711,South Industrial 4711,Denver,Germany,Distributor,13,3.6,LSC-5CIA91LG
4712,Global Logistics 4712,New York,India,Manufacturer,22,,LSC-APV3GD0Q
4713,Apex Supply 4713,Nashville,China,Distributor,11,3.1,LSC-GA7K5DVX
4714,South Industrial 4714,San Jose,Thailand,Wholesaler,17,3.0,LSC-DZ8FBZIR
4715,Metro Retail Supply 4715,Chicago,Canada,Manufacturer,18,3.6,LSC-JR6VH5Y6
4716, Apex Procurement 4716 ,Columbus,USA,Wholesaler,12,4.7,LSC-3L0UEJ8I
4717,Prime Logistics 4717,Atlanta,USA,Distributor,19,3.7,LSC-6I9SUOB4
4718,Blue Logistics 4718,Boston,Japan,Manufacturer,25,2.9,LSC-05B5NG2L
4719,West Enterprises 4719,Los Angeles,China,Wholesaler,5,-1.0,LSC-MAT5HMKJ
4720,Global Procurement 4720,Dallas,Mexico,Distributor,21,3.5,LSC-IB5JOSCT
4721,Elite Partners 4721,Atlanta,Thailand,Wholesaler,12,,LSC-DSJ9GNJR
4722,Prime Distributors 4722,Miami,China,Manufacturer,7,4.7,LSC-VAWPITKF
4723,Blue Distributors 4723,New York,Vietnam,Distributor,10,3.4,LSC-1SW42KAM
4724,Evergreen Enterprises 4724,Seattle,India,Wholesaler,2,4.1,LSC-OP7LENB0
4725,West Industrial 4725,Seattle,Japan,Wholesaler,29,4.3,LSC-BMWG92GV
4726,Metro Distributors 4726,Phoenix,Germany,Manufacturer,23,2.7,LSC-BEY9HRG0
4727,Global Supply 4727,Detroit,USA,Manufacturer,25,3.7,LSC-8V3DUO1Q
4728,Global Retail Supply 4728,Austin,South Korea,Distributor,15,3.8,LSC-S737PBTI
4729,Vertex Wholesale 4729,Philadelphia,Germany,Distributor,6,,LSC-VB4JMHVK
4730,East Enterprises 4730,San Jose,Mexico,Manufacturer,10,3.7,LSC-I5ILHR9Z
4731,Global Distributors 4731,San Francisco,USA,Distributor,26,,LSC-7SUFAH4B
4732,Global Distributors 4732,Portland,Canada,Distributor,6,3.4,LSC-T6O4RSLN
4733,Rapid Supply 4733,Denver,Canada,Manufacturer,5,4.1,LSC-DZ6477DF
4734,North Wholesale 4734,Boston,Thailand,Manufacturer,11,3.1,LSC-R1AJ1DAB
4735,Apex Retail Supply 4735,Miami,Canada,Manufacturer,21,2.8,LSC-7XR49V7J
4736,Rapid Wholesale 4736,Philadelphia,Thailand,Manufacturer,12,4.4,LSC-DRVCNIGM
4737,Rapid Retail Supply 4737,Atlanta,Canada,Wholesaler,30,3.0,LSC-HJ4TVWA3
4738,Global Supply 4738,Dallas,South Korea,Distributor,10,2.9,LSC-6CEQ2OO5
4739,Rapid Enterprises 4739,Denver,South Korea,Distributor,26,3.7,LSC-RKD0LKD9
4740,Apex Industrial 4740,Miami,Canada,Distributor,26,4.8,LSC-WCZJX59R
4741,Vertex Trading 4741,Charlotte,India,Wholesaler,17,2.8,LSC-CP91YS0U
4742,Vertex Wholesale 4742,Austin,Thailand,Wholesaler,29,3.1,LSC-T3QVDM6M
4743, South Trading 4743 ,Seattle,Canada,Wholesaler,8,4.7,LSC-VSB4SZ46
4744,Rapid Wholesale 4744,Philadelphia,Canada,Wholesaler,3,3.2,LSC-QXJ67OHX
4745,Elite Logistics 4745,Philadelphia,Japan,Wholesaler,10,3.9,LSC-4UICC1EF
4746,Vertex Partners 4746,Chicago,China,Manufacturer,13,4.7,LSC-V7TFP9UO
4747,Prime Partners 4747,Columbus,Mexico,Wholesaler,7,,LSC-INCXLFLJ
4748,Evergreen Procurement 4748,Detroit,China,Manufacturer,2,3.0,LSC-QTD339X3
4749,Nova Industrial 4749,LOS ANGELES,Vietnam,Distributor,29,3.7,LSC-CDCGIM8Z
4750,Nova Procurement 4750,Houston,USA,Wholesaler,16,4.4,LSC-IXAOZJSO
4751,South Partners 4751,Chicago,Germany,Distributor,28,3.4,LSC-UP782MYD
4752,South Wholesale 4752,Columbus,Germany,Distributor,14,3.1,LSC-CHBE5KR4
4753,Apex Wholesale 4753,Portland,Vietnam,Wholesaler,27,4.2,LSC-KHDO3CKK
4754,Blue Partners 4754,New York,USA,Wholesaler,27,3.3,LSC-4BLI02XV
4755,Apex Supply 4755,Detroit,USA,Manufacturer,26,4.0,LSC-YZV4WV2P
4756,Vertex Trading 4756,Houston,Japan,Wholesaler,5,3.9,LSC-R9XSSCQJ
4757,Blue Retail Supply 4757,Philadelphia,USA,Manufacturer,4,3.6,LSC-LQYSPR3T
4758,Blue Retail Supply 4758,Columbus,India,Distributor,7,2.6,LSC-893FSQKC
4759,Quantum Logistics 4759,Chicago,Japan,Distributor,23,3.4,LSC-ASVMDTDN
4760,West Partners 4760,Philadelphia,India,Distributor,8,3.2,LSC-9ULZWOON
4761,Blue Retail Supply 4761,Nashville,Germany,Manufacturer,12,3.2,LSC-FD2H08YU
4762,Elite Enterprises 4762,Portland,USA,Wholesaler,13,3.7,LSC-83WWMADT
4763,Evergreen Procurement 4763,Chicago,Thailand,Manufacturer,22,2.9,LSC-057GSQ7W
4764,Metro Supply 4764,Seattle,South Korea,Distributor,19,2.8,LSC-KQ8BAOZG
4765,North Wholesale 4765,Nashville,Mexico,Manufacturer,7,2.9,LSC-2U9MPG40
4766, Rapid Trading 4766 ,Dallas,Mexico,Distributor,24,3.6,LSC-PE8PQ85X
4767,Rapid Enterprises 4767,Philadelphia,China,Distributor,8,4.9,LSC-ILI1N2YC
4768,East Partners 4768,Seattle,India,Wholesaler,2,4.3,LSC-UEJEP5KU
4769,North Industrial 4769,Phoenix,USA,Wholesaler,20,3.2,LSC-QWDVC65H
4770, East Supply 4770 ,Los Angeles,China,Manufacturer,10,4.4,LSC-QAYTTZ9U
4771,West Supply 4771,Columbus,Vietnam,Manufacturer,30,3.6,LSC-BCY6KGJI
4772,Prime Wholesale 4772,Portland,USA,Distributor,20,3.0,LSC-FAHOXJBV
4773,Quantum Logistics 4773,Phoenix,Mexico,Manufacturer,17,2.6,LSC-VHYSETIK
4774,Global Industrial 4774,Houston,Canada,Wholesaler,11,4.6,LSC-2X570LA5
4775,Summit Industrial 4775,Denver,Mexico,Distributor,23,4.7,LSC-TZS9D8KT
4776,Evergreen Retail Supply 4776,Detroit,Japan,Manufacturer,10,3.9,LSC-FG2O9FMK
4777,Nova Industrial 4777,Chicago,Vietnam,Wholesaler,24,5.0,LSC-02KN3T6K
4778,Prime Retail Supply 4778,Charlotte,Germany,Wholesaler,27,2.7,LSC-FMDPBD2J
4779,Blue Partners 4779,Houston,Mexico,Manufacturer,5,4.2,LSC-BO0A7OXZ
4780,North Wholesale 4780,Chicago,India,Manufacturer,14,3.9,LSC-Q0FNCL27
4781,Summit Logistics 4781,Miami,Japan,Manufacturer,8,3.0,LSC-M6KX24ZK
4782,Elite Distributors 4782,Philadelphia,Vietnam,Wholesaler,7,4.4,LSC-216ERHSU
4783,West Supply 4783,Charlotte,Vietnam,Distributor,3,3.3,LSC-OAP70RUC
4784,North Industrial 4784,Seattle,Thailand,Distributor,11,4.2,LSC-4CFDKQUC
4785,United Retail Supply 4785,Austin,USA,Manufacturer,28,3.3,LSC-EVRG34KQ
4786,United Logistics 4786,Phoenix,Canada,Wholesaler,11,3.7,LSC-O6XUEEZ2
4787,Blue Retail Supply 4787,Boston,Germany,Distributor,3,4.5,LSC-KS8U3JJW
4788,Rapid Retail Supply 4788,Boston,Mexico,Wholesaler,15,4.8,LSC-HR3BD0BH
4789,Rapid Industrial 4789,Denver,Vietnam,Manufacturer,22,3.9,LSC-ZWVLOMKX
4790,West Retail Supply 4790,Austin,USA,Manufacturer,16,4.5,LSC-8ZHZD712
4791,Nova Supply 4791,Seattle,India,Manufacturer,7,3.3,LSC-FD9JMZ5K
4792,Evergreen Wholesale 4792,Houston,Thailand,Manufacturer,11,3.5,LSC-AKSLW4MS
4793,Metro Retail Supply 4793,Denver,Japan,Wholesaler,4,4.4,LSC-OCVD6RMW
4794,Prime Supply 4794,San Francisco,China,Wholesaler,16,5.0,LSC-HJABM8VC
4795,Metro Procurement 4795,Miami,Canada,Wholesaler,30,4.9,LSC-E69B0VK8
4796,Summit Supply 4796,Columbus,Japan,Wholesaler,12,4.0,LSC-AG2F14M6
4797,Rapid Enterprises 4797,Portland,China,Wholesaler,29,4.8,LSC-N16CZEOL
4798,Metro Retail Supply 4798,Los Angeles,Thailand,Distributor,5,3.9,LSC-DQAEBIYH
4799,Metro Retail Supply 4799,Chicago,USA,Wholesaler,30,3.2,LSC-9ZWQFCPC
4800,Blue Distributors 4800,Houston,USA,Wholesaler,29,4.9,LSC-K9T8NEIA
4801,Blue Procurement 4801,Seattle,Thailand,Manufacturer,19,4.6,LSC-5M5NWV7I
4802,Metro Distributors 4802,Phoenix,Thailand,Manufacturer,5,3.0,LSC-5286GHZN
4803,Elite Wholesale 4803,Portland,China,Distributor,5,4.9,LSC-729CIJ4A
4804,Elite Supply 4804,Chicago,Thailand,Distributor,28,4.9,LSC-PEEM9JUJ
4805,South Procurement 4805,Atlanta,Mexico,Wholesaler,21,3.0,LSC-6BKDHYNH
4806,United Retail Supply 4806,Portland,India,Manufacturer,10,2.7,LSC-PDBAXNTM
4807,Quantum Logistics 4807,San Jose,Germany,Wholesaler,-20,3.1,LSC-P064NF6Y
4808,East Industrial 4808,Portland,China,Distributor,2,4.8,LSC-A3B0C5U8
4809,East Procurement 4809,Austin,Japan,Manufacturer,27,3.1,LSC-PPD7100Y
4810,Elite Trading 4810,Seattle,Japan,Distributor,19,3.9,LSC-MRECDHZV
4811,Metro Enterprises 4811,Atlanta,Mexico,Wholesaler,20,3.1,LSC-69S0F25E
4812,Rapid Retail Supply 4812,Denver,Canada,Manufacturer,25,4.1,LSC-3ABTQKQA
4813,Nova Partners 4813,Chicago,Thailand,Wholesaler,8,3.1,LSC-R9F42J07
4814,United Procurement 4814,Los Angeles,India,Wholesaler,14,3.9,LSC-L1I2X32O
4815,Elite Wholesale 4815,Charlotte,Vietnam,Wholesaler,8,3.9,LSC-FWVVQZSX
4816,Nova Procurement 4816,Miami,Thailand,Wholesaler,27,3.4,LSC-ZZAGEW7O
4817,Elite Procurement 4817,Nashville,Japan,Wholesaler,7,3.7,LSC-357EWVOL
4818,Evergreen Partners 4818,Phoenix,Germany,Wholesaler,16,3.7,LSC-U0V8E0J3
4819,United Retail Supply 4819,Boston,USA,Distributor,11,4.2,LSC-QUESKL0E
4820,Nova Industrial 4820,New York,South Korea,Manufacturer,19,2.9,LSC-HY2DXM4E
4821,East Logistics 4821,Miami,USA,Wholesaler,25,2.9,LSC-PE34JL79
4822,Rapid Distributors 4822,Dallas,Japan,Manufacturer,5,4.1,LSC-YRL66378
4823,United Retail Supply 4823,San Francisco,South Korea,Distributor,5,4.6,LSC-H1AQZGQE
4824,Apex Procurement 4824,New York,Vietnam,Manufacturer,14,4.5,LSC-G0E7H4NE
4825,United Enterprises 4825,Detroit,Japan,Distributor,21,4.2,LSC-C29YPGJF
4826,Prime Procurement 4826,Denver,Germany,Wholesaler,18,,LSC-G3NC79W2
4827,Quantum Procurement 4827,Dallas,Thailand,Wholesaler,29,2.9,LSC-FP2GW2KU
4828,Quantum Procurement 4828,Boston,South Korea,Wholesaler,6,2.9,LSC-BK90QG22
4829,Blue Wholesale 4829,Portland,South Korea,Manufacturer,18,4.1,LSC-5UQIN5IB
4830,North Trading 4830,Phoenix,Mexico,Wholesaler,8,2.6,LSC-WPV4M95R
4831,North Trading 4831,Phoenix,India,Wholesaler,21,4.7,LSC-XE4E5YW4
4832,Nova Partners 4832,Austin,Vietnam,Wholesaler,8,3.7,LSC-3BXHO8SY
4833,Prime Wholesale 4833,Austin,China,Manufacturer,22,3.8,LSC-3YMS6AI1
4834,North Procurement 4834,Columbus,Japan,Distributor,12,3.0,LSC-SWOEFJPA
4835,Evergreen Distributors 4835,New York,Japan,Distributor,26,3.4,LSC-U2GTBIDD
4836,Nova Enterprises 4836,Detroit,China,Wholesaler,10,3.3,LSC-49VBJXJ2
4837,West Distributors 4837,Dallas,USA,Manufacturer,23,3.3,LSC-28DL4WG5
4838,Global Wholesale 4838,Detroit,Thailand,Distributor,19,4.5,LSC-0BNCIBSX
4839,United Enterprises 4839,Denver,Thailand,Distributor,8,2.8,LSC-1WLY3ME5
4840,Metro Logistics 4840,San Francisco,Canada,Wholesaler,27,4.4,LSC-3TPY7264
4841,West Retail Supply 4841,Austin,Mexico,Manufacturer,27,3.7,LSC-XUC1P7ZC
4842,North Logistics 4842,New York,India,Distributor,13,2.7,LSC-TG0AZDKK
4843,South Enterprises 4843,New York,Vietnam,Manufacturer,10,3.0,LSC-SU1GIQ05
4844,North Distributors 4844,Denver,Vietnam,Manufacturer,30,4.2,LSC-FKZC7C53
4845,Blue Wholesale 4845,Charlotte,India,Manufacturer,25,3.9,LSC-E3NZLWQT
4846,North Partners 4846,Columbus,Germany,Wholesaler,12,3.5,LSC-ZO6VLOWJ
4847,Prime Enterprises 4847,Seattle,Thailand,Distributor,30,2.7,LSC-NUVLD8I0
4848,Nova Enterprises 4848,Miami,Vietnam,Manufacturer,21,3.0,LSC-QZLQ3JVZ
4849,Apex Trading 4849,Los Angeles,Thailand,Distributor,17,4.5,LSC-R52X37B9
4850,Summit Partners 4850,Charlotte,India,Manufacturer,2,4.6,LSC-9SQ49BC6
4851,Blue Trading 4851,Philadelphia,China,Manufacturer,18,2.6,LSC-DKAXJZJL
4852,United Wholesale 4852,Denver,India,Distributor,14,3.7,LSC-D3YU2C5A
4853,Nova Procurement 4853,Phoenix,Canada,Wholesaler,14,3.4,LSC-1XEOMKPY
4854,Global Supply 4854,New york ,USA,Wholesaler,19,5.0,LSC-TS9QP0DI
4855,South Wholesale 4855,Dallas,China,Distributor,7,3.8,LSC-L828YC1U
4856,Rapid Logistics 4856,Columbus,Thailand,Wholesaler,19,2.7,LSC-B7HQ574V
4857,Prime Trading 4857,Detroit,South Korea,Wholesaler,17,3.6,LSC-DAG4YGQX
4858,United Trading 4858,San Francisco,USA,Manufacturer,19,3.3,LSC-ZMCKJXR7
4859,North Industrial 4859,Phoenix,Thailand,Distributor,9,4.0,LSC-137S9D8F
4860,Prime Industrial 4860,Austin,Mexico,Distributor,29,4.4,LSC-YL9UNLXY
4861,South Supply 4861,Miami,Mexico,Distributor,6,3.4,LSC-Y6OZOZEN
4862,Nova Enterprises 4862,Austin,China,Manufacturer,14,2.6,LSC-3RATQ824
4863,Metro Partners 4863,New York,Vietnam,Distributor,13,3.6,LSC-9E4033GN
4864,Elite Partners 4864,Dallas,China,Wholesaler,17,3.1,LSC-GUC3GT0K
4865,Elite Supply 4865,Austin,Thailand,Manufacturer,18,3.8,LSC-LSV2IFWY
4866,United Trading 4866,Los Angeles,Germany,Manufacturer,10,3.2,LSC-DV9KY2O5
4867,Global Logistics 4867,Boston,Canada,Distributor,15,2.9,LSC-A1Y1X9D7
4868,Vertex Retail Supply 4868,Austin,China,Wholesaler,26,4.4,LSC-4RBHPA95
4869,Nova Wholesale 4869,Houston,China,Manufacturer,6,4.4,LSC-B2YA51A3
4870,Quantum Retail Supply 4870,Nashville,Thailand,Distributor,2,4.4,LSC-0XDRSSA3
4871,Nova Wholesale 4871,Los Angeles,South Korea,Wholesaler,17,3.3,LSC-A17QQF4P
4872,Elite Industrial 4872,Atlanta,Mexico,Distributor,10,4.0,LSC-6S8PC0ZB
4873,Rapid Partners 4873,San Francisco,China,Manufacturer,-9,3.2,LSC-CKNC62V8
4874,Summit Industrial 4874,Chicago,China,Wholesaler,25,6.5,LSC-4FDEPCVS
4875,West Wholesale 4875,New York,Vietnam,Manufacturer,4,4.4,LSC-JXLJCHXT
4876,North Trading 4876,Miami,India,Wholesaler,19,4.7,LSC-I4K8INFN
4877,Elite Enterprises 4877,Houston,USA,Wholesaler,23,3.3,LSC-8XVYAU87
4878,West Retail Supply 4878,Dallas,Canada,Distributor,11,2.5,LSC-7NACPY7C
4879,Rapid Partners 4879,Chicago,Mexico,Manufacturer,27,3.4,LSC-THFZPGPN
4880,Blue Logistics 4880,Denver,Vietnam,Distributor,2,4.2,LSC-TUU583KZ
4881,Elite Distributors 4881,Dallas,India,Distributor,12,2.7,LSC-FX3ND7SV
4882,Vertex Wholesale 4882,Boston,Mexico,Wholesaler,4,3.3,LSC-ZCCXWI2T
4883,Metro Supply 4883,Los Angeles,Thailand,Wholesaler,23,3.5,LSC-2X32VV8M
4884,South Trading 4884,Detroit,South Korea,Distributor,25,4.9,LSC-N8077XAV
4885,Evergreen Procurement 4885,Phoenix,Japan,Distributor,3,3.7,LSC-8M90GNVY
4886,Metro Trading 4886,New York,Canada,Distributor,20,3.8,LSC-5JLF73L8
4887,Nova Wholesale 4887,Dallas,Canada,Wholesaler,18,3.4,LSC-5CDIOHML
4888,North Distributors 4888,Atlanta,Mexico,Distributor,8,4.3,LSC-7HMD66DE
4889,United Industrial 4889,Phoenix,China,Wholesaler,8,4.2,LSC-5PZWS0EH
4890,Rapid Wholesale 4890,Phoenix,India,Wholesaler,4,4.5,LSC-CSBUH0SV
4891,Metro Trading 4891,Seattle,Mexico,Distributor,3,4.0,LSC-3G2VWV73
4892,Global Wholesale 4892,New York,China,Manufacturer,29,4.4,LSC-6FUXXSEE
4893,United Trading 4893,San Francisco,Thailand,Distributor,22,4.5,LSC-6P9I7SUN
4894,East Industrial 4894,Philadelphia,Germany,Manufacturer,23,4.9,LSC-VSQUUGKJ
4895,Apex Trading 4895,Denver,Canada,Distributor,20,3.8,LSC-9ZJJY8VY
4896,West Supply 4896,Phoenix,Vietnam,Manufacturer,20,,LSC-RN9277XT
4897,Prime Distributors 4897,Boston,Thailand,Wholesaler,16,3.5,LSC-U133GY1M
4898,Elite Procurement 4898,San Jose,USA,Manufacturer,14,3.5,LSC-S8J24TJM
4899,Nova Procurement 4899,Atlanta,South Korea,Manufacturer,15,3.6,LSC-34XGOHMQ
4900,East Distributors 4900,Chicago,Germany,Wholesaler,17,3.4,LSC-3VODZLPN
4901,Nova Enterprises 4901,Los Angeles,Thailand,Manufacturer,18,4.2,LSC-2ZQBBEJA
4902,Apex Wholesale 4902,Seattle,China,Manufacturer,28,4.1,LSC-66PNMMMG
4903,Rapid Supply 4903,Portland,Canada,Wholesaler,23,3.3,LSC-HA0T3KXZ
4904,Elite Distributors 4904,Columbus,Thailand,Manufacturer,5,3.7,LSC-L0PSEX2V
4905,Global Supply 4905,San Jose,Thailand,Distributor,20,4.1,LSC-78XBP8Z1
4906,South Industrial 4906,Miami,Japan,Wholesaler,15,3.6,LSC-8HKAZQLM
4907,Global Distributors 4907,Seattle,South Korea,Manufacturer,8,3.0,LSC-915909QE
4908,West Logistics 4908,Portland,Japan,Distributor,15,4.2,LSC-D9M0AF63
4909,Prime Distributors 4909,San Francisco,Canada,Manufacturer,25,3.8,LSC-L5N6HDQ8
4910,East Procurement 4910,Philadelphia,Thailand,Wholesaler,17,3.8,LSC-TP8NKAZD
4911,North Retail Supply 4911,San Jose,Thailand,Wholesaler,7,3.7,LSC-O0B2TKPZ
4912,Nova Distributors 4912,Columbus,South Korea,Distributor,4,4.6,LSC-YECM60DG
4913,Blue Enterprises 4913,Miami,Canada,Manufacturer,18,2.9,LSC-T1QZJ2JI
4914,South Distributors 4914,Columbus,China,Distributor,27,4.2,LSC-TW1LK84K
4915,South Distributors 4915,Boston,China,Manufacturer,28,4.2,LSC-2GJYQ7EY
4916,Global Industrial 4916,Chicago,Mexico,Distributor,6,3.1,LSC-PSY0LJ2F
4917,United Industrial 4917,Atlanta,South Korea,Wholesaler,20,4.2,LSC-QX7JD3M8
4918,North Distributors 4918,Seattle,Canada,Manufacturer,14,3.2,LSC-FN17BI6Q
4919,Quantum Procurement 4919,Miami,Japan,Wholesaler,25,5.0,LSC-K4KCA8YU
4920,East Partners 4920,San Francisco,Vietnam,Distributor,16,3.5,LSC-AYOPXOPH
4921,Apex Industrial 4921,Columbus,South Korea,Manufacturer,23,4.8,LSC-NZ5Z6UVZ
4922,West Partners 4922,Portland,South Korea,Distributor,22,3.0,LSC-AX0SI9IC
4923,Global Distributors 4923,Seattle,Thailand,Manufacturer,14,4.7,LSC-KSGV2F8N
4924,Elite Industrial 4924,Boston,Thailand,Distributor,29,3.1,LSC-LYG0G76L
4925,Rapid Logistics 4925,Austin,Japan,Manufacturer,16,4.3,LSC-53K54316
4926,Quantum Logistics 4926,Philadelphia,China,Distributor,11,3.0,LSC-BTUFK9X5
4927,Blue Logistics 4927,Dallas,Vietnam,Distributor,29,4.3,LSC-GSS2IZ5G
4928,Nova Enterprises 4928,Dallas,India,Wholesaler,19,3.9,LSC-KB0UVPRT
4929,Quantum Trading 4929,Detroit,USA,Wholesaler,12,4.6,LSC-D7AE3LUT
4930,Prime Procurement 4930,Austin,China,Manufacturer,2,2.9,LSC-GJXIX9D2
4931,Metro Industrial 4931,Columbus,Canada,Distributor,30,4.7,LSC-CTAYJ9UI
4932,Rapid Procurement 4932,Denver,Canada,Manufacturer,3,3.6,LSC-VG91BZTX
4933,Evergreen Logistics 4933,Nashville,South Korea,Wholesaler,5,3.0,LSC-W4ANXRKU
4934,North Logistics 4934,New York,Vietnam,Wholesaler,27,4.4,LSC-N9ND5SGK
4935,United Wholesale 4935,Nashville,Germany,Wholesaler,13,2.7,LSC-AIH0Z1EU
4936,Summit Partners 4936,San Francisco,Vietnam,Wholesaler,30,4.6,LSC-6KGIBEZ2
4937,Vertex Retail Supply 4937,Chicago,Vietnam,Manufacturer,3,4.2,LSC-D3UIFDLR
4938,Evergreen Wholesale 4938,Columbus,India,Wholesaler,4,4.5,LSC-75W4ZWKZ
4939,South Enterprises 4939,Columbus,Germany,Wholesaler,29,2.7,LSC-OAD304DM
4940,Metro Distributors 4940,Charlotte,South Korea,Wholesaler,24,3.6,LSC-BYD778Y6
4941,East Wholesale 4941,New York,Vietnam,Manufacturer,15,3.2,LSC-M8XBATWZ
4942,Metro Retail Supply 4942,Denver,China,Manufacturer,6,4.1,LSC-Y9VE90E0
4943,Quantum Retail Supply 4943,Denver,Thailand,Wholesaler,15,4.2,LSC-QZ5P8C9Q
4944,Evergreen Logistics 4944,New York,India,Manufacturer,5,3.1,LSC-MUE2I0LW
4945,South Supply 4945,Detroit,China,Wholesaler,23,,LSC-OPTRTPEG
4946,Prime Wholesale 4946,Phoenix,India,Manufacturer,19,4.3,LSC-KJF1PO9X
4947,Quantum Supply 4947,Houston,USA,Manufacturer,12,4.5,LSC-0EMTSWAA
4948,Quantum Enterprises 4948,Columbus,South Korea,Wholesaler,7,4.3,LSC-TKRBXPWQ
4949,Blue Industrial 4949,Phoenix,China,Wholesaler,20,2.8,LSC-OSLIJ9IT
4950,Metro Supply 4950,Portland,Germany,Manufacturer,22,2.8,LSC-VSXHBZ67
4951,East Procurement 4951,Phoenix,Canada,Manufacturer,3,4.1,LSC-OMS9JBTM
4952,Rapid Enterprises 4952,Denver,Germany,Distributor,4,4.0,LSC-QJIVMB9K
4953,Evergreen Enterprises 4953,Phoenix,China,Manufacturer,26,4.2,LSC-VKN7D1H4
4954,South Enterprises 4954,Boston,Germany,Manufacturer,30,4.0,LSC-66GSFWMS
4955,South Logistics 4955,Phoenix,South Korea,Distributor,16,4.9,LSC-663OH4WL
4956,Quantum Supply 4956,Nashville,South Korea,Wholesaler,27,4.7,LSC-9TYZCPT3
4957,East Distributors 4957,New York,Germany,Manufacturer,25,5.0,LSC-ZUFDD5S0
4958, Evergreen Retail Supply 4958 ,Dallas,Vietnam,Distributor,9,,LSC-8P6N6NIW
4959,United Supply 4959,Los Angeles,Japan,Manufacturer,23,3.2,LSC-YGL4BM3A
4960,Rapid Procurement 4960,Austin,Japan,Manufacturer,20,3.2,LSC-D7969M8F
4961,East Trading 4961,Portland,Japan,Distributor,14,,LSC-NRQZXE3P
4962,Rapid Retail Supply 4962,Austin,Germany,Wholesaler,26,3.3,LSC-QLOIMSEE
4963,Prime Retail Supply 4963,Nashville,Japan,Distributor,28,3.5,LSC-UVW8KVOF
4964,Evergreen Logistics 4964,Seattle,Vietnam,Manufacturer,15,4.0,LSC-G6DOZHR1
4965,South Industrial 4965,Boston,Germany,Distributor,4,3.7,LSC-HZO7E887
4966,West Retail Supply 4966,Los Angeles,Thailand,Wholesaler,13,3.0,LSC-0MH742DY
4967,Rapid Logistics 4967,Portland,USA,Wholesaler,25,4.7,LSC-WWWOSLK2
4968,West Retail Supply 4968,New York,India,Wholesaler,18,4.2,LSC-NQOP4HN5
4969,Apex Logistics 4969,Phoenix,South Korea,Distributor,19,4.5,LSC-OFDWWDIN
4970,Quantum Retail Supply 4970,Charlotte,USA,Distributor,16,3.1,LSC-VNY476RR
4971,Apex Trading 4971,Charlotte,Mexico,Wholesaler,13,4.3,LSC-O7QPM29Q
4972,Blue Retail Supply 4972,Miami,USA,Distributor,2,4.7,LSC-FDZ0EH4U
4973,Nova Procurement 4973,Detroit,Thailand,Distributor,7,3.2,LSC-J9QJZGD2
4974,Vertex Supply 4974,Nashville,USA,Wholesaler,21,4.8,LSC-MXSCUHWA
4975,Global Trading 4975,Atlanta,South Korea,Manufacturer,25,2.8,LSC-OPRM3X4B
4976,Quantum Distributors 4976,Portland,Mexico,Distributor,19,3.0,LSC-YCUYLW8N
4977,Vertex Distributors 4977,Los Angeles,Thailand,Manufacturer,28,3.0,LSC-73V5THY1
4978,Nova Supply 4978,Boston,Mexico,Wholesaler,26,3.2,LSC-7COXYHAH
4979,Evergreen Partners 4979,Denver,Thailand,Distributor,8,3.9,LSC-PW14A22S
4980,Global Procurement 4980,Philadelphia,Japan,Wholesaler,30,3.2,LSC-5UZRT924
4981,Apex Logistics 4981,Nashville,China,Wholesaler,9,3.8,LSC-CHV1QYMK
4982,Nova Logistics 4982,San Francisco,China,Distributor,27,4.8,LSC-65WM06HC
4983,Blue Enterprises 4983,Portland,South Korea,Manufacturer,12,2.8,LSC-CJMYXGK0
4984,Elite Retail Supply 4984,Atlanta,Japan,Manufacturer,15,3.0,LSC-ME6O3WP5
4985,South Trading 4985,Seattle,Germany,Wholesaler,26,4.8,LSC-9UMTIUWQ
4986,Prime Distributors 4986,San Francisco,Mexico,Manufacturer,23,2.6,LSC-ZJE4FG0O
4987,Blue Trading 4987,Miami,South Korea,Wholesaler,28,3.0,LSC-NQ1G6LLE
4988,Vertex Trading 4988,Columbus,South Korea,Manufacturer,15,2.5,LSC-STQEYSB9
4989,Rapid Retail Supply 4989,Boston,China,Distributor,27,4.2,LSC-5IE4QXZR
4990,Global Enterprises 4990,Austin,China,Distributor,3,3.9,LSC-PLI69VIN
4991,West Distributors 4991,Charlotte,India,Manufacturer,24,4.2,LSC-7NX4HOO8
4992,Global Distributors 4992,Atlanta,China,Distributor,23,2.9,LSC-CGIOFSP9
4993,Prime Partners 4993,Chicago,China,Wholesaler,15,4.0,LSC-BMH08BFZ
4994,Quantum Partners 4994,New York,Germany,Wholesaler,10,2.8,LSC-6T36WXSU
4995,United Enterprises 4995,Dallas,China,Wholesaler,4,,LSC-52WRMQG2
4996,Nova Retail Supply 4996,Austin,Germany,Wholesaler,17,3.6,LSC-0TWBARQI
4997,East Industrial 4997,Philadelphia,Canada,Distributor,11,4.6,LSC-4JSMS4NQ
4998,Evergreen Logistics 4998,San Francisco,Thailand,Manufacturer,26,3.4,LSC-FIWTRJDU
4999,United Partners 4999,Los Angeles,Canada,Manufacturer,13,4.4,LSC-YQ2XJSSA
5000,Blue Partners 5000,Charlotte,Canada,Distributor,28,2.6,LSC-T1Q279IZ
5001,Rapid Retail Supply 5001,Detroit,Mexico,Manufacturer,26,4.4,LSC-PAB1JRVI
5002,North Procurement 5002,Boston,Germany,Distributor,25,4.6,LSC-SW6KH12S
5003,Global Procurement 5003,Seattle,Canada,Wholesaler,30,3.5,LSC-J2W7YRB2
5004,South Partners 5004,Los Angeles,Mexico,Wholesaler,13,4.1,LSC-2LMEGS7U
5005,Evergreen Partners 5005,New York,India,Wholesaler,19,3.6,LSC-LGXUDZM5
5006,Elite Partners 5006,Austin,Canada,Manufacturer,27,4.0,LSC-JNTKCLRJ
5007,West Partners 5007,Detroit,Canada,Manufacturer,26,3.3,LSC-7YELO5OG
5008,Nova Retail Supply 5008,Seattle,Mexico,Manufacturer,3,3.0,LSC-160WR0MI
5009,West Partners 5009,Austin,Germany,Manufacturer,15,3.5,LSC-6P2HFDWZ
5010,Nova Procurement 5010,Columbus,Mexico,Distributor,15,2.7,LSC-5RUS56YD
5011,Rapid Distributors 5011,Portland,Thailand,Manufacturer,21,3.5,LSC-HF07273V
5012,Prime Partners 5012,Phoenix,India,Manufacturer,9,3.7,LSC-AVAFIVAQ
5013,United Wholesale 5013,Philadelphia,USA,Distributor,27,4.9,LSC-EG6RLTZD
5014,North Wholesale 5014,Denver,Japan,Manufacturer,20,3.5,LSC-044QCNEY
5015,South Industrial 5015,Detroit,Mexico,Distributor,28,2.8,LSC-HYWHB2F0
5016,South Partners 5016,Austin,USA,Manufacturer,30,4.5,LSC-D0CFIZ17
5017,Nova Supply 5017,Phoenix,Thailand,Distributor,15,4.1,LSC-3Y5IX6TU
5018,Evergreen Trading 5018,Denver,Vietnam,Manufacturer,22,3.3,LSC-47SL7K4K
5019,Rapid Logistics 5019,Portland,Thailand,Distributor,7,3.8,LSC-NQMQISOS
5020,Evergreen Procurement 5020,Seattle,India,Wholesaler,26,4.0,LSC-ELD520HH
5021,Apex Retail Supply 5021,Boston,South Korea,Manufacturer,28,2.6,LSC-DWLU81FS
5022,Summit Industrial 5022,Atlanta,Thailand,Distributor,13,4.0,LSC-D8DRYP7Z
5023,East Wholesale 5023,Nashville,Japan,Manufacturer,15,2.7,LSC-G2LYSAEB
5024,Apex Logistics 5024,Charlotte,India,Manufacturer,26,3.4,LSC-6CXEFOJH
5025,North Wholesale 5025,Portland,Mexico,Manufacturer,6,4.3,LSC-7P7J757P
5026,West Supply 5026,Seattle,China,Wholesaler,16,4.9,LSC-PCB69785
5027,West Procurement 5027,Atlanta,Thailand,Wholesaler,18,4.7,LSC-8EMZUYQ9
5028,West Distributors 5028,Columbus,Vietnam,Distributor,13,4.6,LSC-ZODCZ4TS
5029,West Procurement 5029,San Jose,Mexico,Distributor,26,2.7,LSC-T2T6FVQJ
5030,East Industrial 5030,Chicago,Thailand,Distributor,20,3.4,LSC-C4951ABA
5031,West Distributors 5031,Nashville,USA,Wholesaler,26,3.2,LSC-PLPMV3GP
5032,Global Partners 5032,Charlotte,Vietnam,Wholesaler,30,2.7,LSC-9PHCF4WG
5033,West Partners 5033,Seattle,China,Wholesaler,16,5.0,LSC-P6D5JADF
5034,Global Procurement 5034,Charlotte,Canada,Distributor,30,4.3,LSC-6FWOV6NB
5035,Blue Trading 5035,Boston,Canada,Manufacturer,6,4.7,LSC-JSRIFVOE
5036,East Distributors 5036,Chicago,Thailand,Distributor,19,2.5,LSC-EOSLNC07
5037,Apex Retail Supply 5037,Atlanta,Canada,Distributor,17,4.8,LSC-0Q75TFLW
5038,Blue Enterprises 5038,San Jose,South Korea,Manufacturer,17,3.8,LSC-0HERHESX
5039,United Enterprises 5039,Dallas,Vietnam,Wholesaler,24,4.2,LSC-QL15RNL3
5040,Global Procurement 5040,Boston,USA,Manufacturer,17,3.3,LSC-GKEH9W3B
5041,Apex Logistics 5041,Nashville,India,Wholesaler,21,4.9,LSC-JDY5QTSP
5042,Rapid Trading 5042,Austin,Germany,Wholesaler,2,2.5,LSC-481KRKRN
5043,South Trading 5043,Detroit,Canada,Wholesaler,8,2.9,LSC-O6UMQJJ8
5044,Blue Wholesale 5044,Dallas,Canada,Distributor,14,4.8,LSC-LCXWIV7B
5045,Blue Wholesale 5045,Denver,Thailand,Wholesaler,24,,LSC-N50BV6SU
5046,United Partners 5046,Portland,USA,Manufacturer,17,2.6,LSC-PJC9RTOR
5047,Summit Retail Supply 5047,Atlanta,India,Wholesaler,30,3.7,LSC-VJCL6WXE
5048,Global Logistics 5048,Boston,Thailand,Distributor,26,3.7,LSC-KAB0Y2MJ
5049,Global Retail Supply 5049,Los Angeles,South Korea,Wholesaler,9,4.8,LSC-P2F96CXB
5050,Blue Industrial 5050,Houston,USA,Manufacturer,21,4.1,LSC-IF5Q9JUU
5051,Evergreen Industrial 5051,Nashville,Vietnam,Wholesaler,16,3.4,LSC-H2ZN4L9C
5052,Evergreen Trading 5052,Atlanta,India,Distributor,24,4.1,LSC-TSI448BQ
5053,Blue Partners 5053,Columbus,Vietnam,Manufacturer,15,3.9,LSC-ET59RM7V
5054,South Wholesale 5054,Seattle,India,Distributor,3,4.2,LSC-M733OXN4
5055,Nova Distributors 5055,Seattle,Japan,Wholesaler,28,2.5,LSC-0W7FOOAX
5056,West Wholesale 5056,Portland,South Korea,Manufacturer,18,3.1,LSC-2VKC4GSY
5057,Apex Enterprises 5057,Austin,Mexico,Distributor,8,4.3,LSC-SAP15031
5058,Prime Trading 5058,Chicago,India,Distributor,13,2.8,LSC-6GPXSZPG
5059,Apex Procurement 5059,Detroit,India,Distributor,18,3.0,LSC-IODILH4E
5060,Prime Supply 5060,Chicago,Canada,Wholesaler,22,2.7,LSC-W57IAHS3
5061,Prime Distributors 5061,Phoenix,Japan,Wholesaler,7,,LSC-JH1Y3ME3
5062,Prime Distributors 5062,Los Angeles,Germany,Manufacturer,16,4.5,LSC-JG50ZB7C
5063,South Distributors 5063,San Francisco,South Korea,Distributor,18,2.6,LSC-2WCY445A
5064, Evergreen Distributors 5064 ,Dallas,India,Distributor,28,2.9,LSC-4CC96Q1L
5065,East Wholesale 5065,Austin,Mexico,Wholesaler,16,,LSC-HBRUPVK8
5066, West Distributors 5066 ,Portland,China,Manufacturer,4,2.6,LSC-NKJZS92L
5067,North Distributors 5067,Los Angeles,Vietnam,Wholesaler,20,3.4,LSC-I8TI7CFM
5068,United Retail Supply 5068,Dallas,Germany,Distributor,11,4.8,LSC-R90M1Y7X
5069,Evergreen Industrial 5069,San Francisco,Mexico,Manufacturer,2,4.5,LSC-1UCRG0GX
5070,Nova Supply 5070,Denver,India,Distributor,18,4.8,LSC-SCTMRQA4
5071,Rapid Industrial 5071,Charlotte,Germany,Wholesaler,30,3.6,LSC-E6C4ZDBG
5072,Prime Trading 5072,New York,Mexico,Manufacturer,17,3.0,LSC-ZMUT4CW8
5073,Global Supply 5073,Detroit,China,Manufacturer,29,4.1,LSC-U67PA3LJ
5074,South Procurement 5074,San Francisco,Mexico,Distributor,3,4.4,LSC-KSJ7IVK0
5075,Apex Retail Supply 5075,Austin,Vietnam,Wholesaler,7,,LSC-H6D8SZI5
5076,United Trading 5076,Miami,South Korea,Wholesaler,24,4.7,LSC-X8LMG04F
5077,South Industrial 5077,Detroit,Mexico,Distributor,4,3.0,LSC-TV3O7OCH
5078,Blue Trading 5078,Philadelphia,Japan,Distributor,18,3.6,LSC-2TX2XS4F
5079,United Supply 5079,Nashville,Japan,Wholesaler,3,4.8,LSC-QQ3TB2VA
5080,North Wholesale 5080,San Francisco,USA,Wholesaler,2,4.0,LSC-1ONOM6AS
5081,Global Wholesale 5081,Denver,Canada,Wholesaler,25,,LSC-FS1VHWJP
5082,Global Logistics 5082,Houston,Japan,Manufacturer,20,2.6,LSC-93OY8R9G
5083,West Enterprises 5083,Detroit,Mexico,Distributor,26,3.1,LSC-UA63HCYF
5084,Blue Partners 5084,Charlotte,Germany,Manufacturer,11,3.6,LSC-JN1BHIQ6
5085,Evergreen Logistics 5085,Philadelphia,Japan,Manufacturer,5,4.6,LSC-6MHRL06A
5086,Nova Partners 5086,San Jose,USA,Wholesaler,9,4.7,LSC-FT3CBZ2D
5087,Quantum Wholesale 5087,Austin,South Korea,Wholesaler,29,2.9,LSC-R71YUZRY
5088,Blue Partners 5088,Charlotte,USA,Wholesaler,30,4.0,LSC-9FAA4QP7
5089,East Industrial 5089,Nashville,Mexico,Wholesaler,10,4.0,LSC-F5HWDA7W
5090,Vertex Industrial 5090,San Jose,Japan,Distributor,8,2.7,LSC-I4CWVH1P
5091,Blue Industrial 5091,Charlotte,Canada,Wholesaler,13,3.8,LSC-SSS2IQNA
5092,Vertex Industrial 5092,Chicago,India,Manufacturer,6,4.9,LSC-MBQTUV2R
5093,Apex Retail Supply 5093,Miami,China,Manufacturer,3,4.5,LSC-8JXLJGSM
5094,Quantum Enterprises 5094,Portland,Vietnam,Distributor,4,2.6,LSC-QDLP0IRA
5095,Metro Partners 5095,Chicago,Vietnam,Wholesaler,19,3.6,LSC-SFA8H0O5
5096,United Industrial 5096,New York,Germany,Manufacturer,5,2.8,LSC-83VSQEJ7
5097,North Distributors 5097,Portland,USA,Manufacturer,26,4.2,LSC-LTRYBHAW
5098,North Wholesale 5098,Miami,Germany,Distributor,13,3.0,LSC-761D81MG
5099,South Distributors 5099,New York,Canada,Wholesaler,14,,LSC-O45MPTBG
5100,Vertex Supply 5100,Seattle,USA,Distributor,28,3.6,LSC-UQPNRC3Z
5101,Evergreen Enterprises 5101,Columbus,China,Manufacturer,25,4.6,LSC-P6CM363E
5102,United Distributors 5102,Portland,South Korea,Distributor,4,3.1,LSC-9SIVZB2S
5103,South Retail Supply 5103,Philadelphia,Germany,Distributor,25,2.9,LSC-1R81XHN3
5104,United Trading 5104,Charlotte,Japan,Wholesaler,15,3.8,LSC-4KVVRHRK
5105,West Trading 5105,Dallas,Vietnam,Distributor,11,3.3,LSC-E768NU7T
5106,West Wholesale 5106,Detroit,Vietnam,Wholesaler,23,3.5,LSC-J7GTRDD9
5107,Evergreen Logistics 5107,Boston,Vietnam,Manufacturer,7,,LSC-UUH3JBAG
5108,Rapid Procurement 5108,Miami,Thailand,Manufacturer,17,4.9,LSC-FBI8NBB2
5109,Apex Logistics 5109,Phoenix,USA,Manufacturer,9,4.0,LSC-VWORLEWU
5110,United Enterprises 5110,Houston,China,Manufacturer,19,3.7,LSC-9VBSKE11
5111,Evergreen Partners 5111,Dallas,Japan,Manufacturer,10,3.5,LSC-K61CTAIJ
5112,South Supply 5112,New York,South Korea,Wholesaler,15,2.8,LSC-PH2RSBYI
5113,Global Industrial 5113,Dallas,China,Manufacturer,4,3.9,LSC-BEOOLMOW
5114,Quantum Enterprises 5114,New York,Vietnam,Distributor,26,2.8,LSC-MGLZAQNK
5115,United Procurement 5115,Detroit,Japan,Wholesaler,19,2.8,LSC-D87A40I8
5116,East Industrial 5116,Portland,South Korea,Distributor,6,4.2,LSC-IVV63SE6
5117,West Logistics 5117,Los Angeles,USA,Distributor,3,4.5,LSC-J1NT0JGI
5118,West Retail Supply 5118,Los Angeles,Japan,Distributor,25,4.1,LSC-HN8VJF3G
5119,Summit Wholesale 5119,Charlotte,China,Distributor,11,4.8,LSC-F5XH0FN1
5120,Metro Wholesale 5120,Phoenix,Thailand,Wholesaler,6,4.1,LSC-LDX77SKJ
5121,Vertex Industrial 5121,Atlanta,South Korea,Wholesaler,2,4.1,LSC-22Z0SD0Z
5122,Summit Logistics 5122,Phoenix,Mexico,Wholesaler,10,2.8,LSC-4V9MVNEZ
5123,United Wholesale 5123,New York,India,Manufacturer,26,4.0,LSC-V1WBA2GI
5124,South Industrial 5124,Columbus,Thailand,Manufacturer,13,4.6,LSC-JMJ0LJL2
5125,South Trading 5125,Philadelphia,China,Wholesaler,6,3.6,LSC-G2H2THYN
5126,South Trading 5126,Philadelphia,Germany,Manufacturer,19,3.4,LSC-IV9C59LE
5127,North Logistics 5127,Denver,Canada,Wholesaler,14,4.2,LSC-WQMPMD5D
5128,Vertex Partners 5128,Atlanta,India,Distributor,9,4.5,LSC-INGW2MEM
5129,Evergreen Distributors 5129,Los Angeles,South Korea,Distributor,24,4.3,LSC-0C6P3E7W
5130,Summit Wholesale 5130,Los Angeles,China,Distributor,4,4.9,LSC-Q8TGEP88
5131,Elite Partners 5131,Austin,Vietnam,Manufacturer,22,4.9,LSC-9ZXPARW8
5132,Evergreen Partners 5132,Columbus,Vietnam,Manufacturer,15,,LSC-70SQ8UDG
5133,Quantum Enterprises 5133,Chicago,Vietnam,Manufacturer,4,4.9,LSC-E7KXSGAU
5134,Summit Industrial 5134,Denver,China,Wholesaler,8,2.8,LSC-ZV40GYEZ
5135,Vertex Trading 5135,New York,Japan,Distributor,29,3.5,LSC-LHGV868C
5136,Blue Partners 5136,Austin,Canada,Manufacturer,14,3.3,LSC-YDCD0KZY
5137,Nova Retail Supply 5137,San Francisco,Germany,Manufacturer,21,4.7,LSC-GON7RFVB
5138,Global Supply 5138,Boston,USA,Wholesaler,16,2.5,LSC-GO03S4L7
5139, Metro Enterprises 5139 ,CHICAGO,India,Manufacturer,8,4.2,LSC-JQE5ANUT
5140,United Distributors 5140,Dallas,Vietnam,Distributor,21,4.3,LSC-L5JS3F0E
5141,Prime Distributors 5141,New York,China,Wholesaler,23,4.9,LSC-6F9UWHTC
5142,Blue Supply 5142,Houston,USA,Manufacturer,13,4.4,LSC-AOB0RSUY
5143,Evergreen Wholesale 5143,Los Angeles,Vietnam,Manufacturer,20,3.6,LSC-4QY4P3DB
5144,Evergreen Procurement 5144,Seattle,Germany,Wholesaler,4,4.0,LSC-46WF6N0I
5145,West Distributors 5145,Miami,China,Distributor,30,4.7,LSC-1GYA73H3
5146,South Procurement 5146,Los Angeles,India,Wholesaler,20,4.2,LSC-637SC728
5147,Evergreen Enterprises 5147,Seattle,China,Manufacturer,15,2.5,LSC-9OPS82ZI
5148,Global Industrial 5148,Seattle,Japan,Wholesaler,16,2.9,LSC-4XRTTOVP
5149,Prime Distributors 5149,Seattle,Canada,Wholesaler,27,3.8,LSC-UDFLPSGY
5150,United Procurement 5150,San Jose,Vietnam,Distributor,15,2.8,LSC-J5XIK1FK
5151,Global Distributors 5151,Miami,Mexico,Wholesaler,22,,LSC-2GANOMPP
5152,Elite Distributors 5152,Phoenix,USA,Manufacturer,13,5.0,LSC-RIGBL9TS
5153,Metro Enterprises 5153,New York,Japan,Distributor,9,4.3,LSC-POO8A83O
5154,West Logistics 5154,Columbus,Mexico,Manufacturer,13,,LSC-WQ5X9ZEK
5155,Elite Partners 5155,San Francisco,Canada,Distributor,27,4.2,LSC-QP2U7NYW
5156,Prime Wholesale 5156,Columbus,Japan,Distributor,7,3.7,LSC-7ZO9JZGZ
5157,Quantum Industrial 5157,Austin,Japan,Manufacturer,9,3.2,LSC-3Y9BDRNI
5158,Apex Partners 5158,Chicago,India,Wholesaler,9,3.7,LSC-YG18PN8L
5159,Vertex Industrial 5159,Los Angeles,China,Manufacturer,12,4.5,LSC-3E2QT53B
5160,Prime Trading 5160,Los Angeles,Canada,Distributor,10,3.0,LSC-B2Q40WED
5161,Rapid Trading 5161,Dallas,China,Distributor,9,3.8,LSC-L4WNA24R
5162,Blue Supply 5162,Austin,Vietnam,Manufacturer,8,2.7,LSC-TK0BO6NZ
5163, North Wholesale 5163 ,Portland,India,Distributor,27,4.2,LSC-B51PCMEO
5164,Nova Industrial 5164,Seattle,Japan,Wholesaler,17,2.6,LSC-FX2EFTP2
5165,East Industrial 5165,Los Angeles,Vietnam,Wholesaler,26,2.6,LSC-UM6CWHMR
5166,United Trading 5166,San Jose,Germany,Manufacturer,29,4.1,LSC-G53888XP
5167,Elite Wholesale 5167,New York,USA,Manufacturer,8,3.7,LSC-OE2WBIIO
5168,Prime Trading 5168,Chicago,China,Distributor,15,4.6,LSC-XPQVJNPB
5169,Quantum Enterprises 5169,Atlanta,Germany,Distributor,25,2.7,LSC-UUGJWVXN
5170,Rapid Enterprises 5170,Los Angeles,South Korea,Distributor,7,4.5,LSC-PZ5OG7ML
5171,Evergreen Distributors 5171,Portland,Japan,Wholesaler,10,4.3,LSC-98BWWPAO
5172,Nova Supply 5172,Nashville,Vietnam,Distributor,22,2.7,LSC-15COHI6H
5173,Elite Trading 5173,Boston,Mexico,Distributor,12,4.5,LSC-GBXG0NJ3
5174,East Distributors 5174,Austin,Canada,Wholesaler,11,4.0,LSC-J625WOE9
5175,Blue Procurement 5175,Charlotte,Vietnam,Wholesaler,16,3.3,LSC-1WYVUPYV
5176,Global Retail Supply 5176,New York,India,Manufacturer,23,4.3,LSC-T9FPCBZT
5177,Apex Wholesale 5177,Miami,India,Distributor,19,4.0,LSC-ZCR9RV3B
5178,Global Supply 5178,Dallas,Vietnam,Wholesaler,-17,2.8,LSC-UQQ1YKXA
5179,Evergreen Partners 5179,Charlotte,South Korea,Distributor,23,2.6,LSC-OOFPEOUC
5180,Rapid Distributors 5180,Charlotte,USA,Wholesaler,27,4.5,LSC-E0BND25G
5181,Summit Partners 5181,Boston,Mexico,Distributor,17,3.2,LSC-VS5H8CJ1
5182,Global Logistics 5182,Miami,Canada,Manufacturer,25,3.4,LSC-6Y830X7Q
5183,Summit Enterprises 5183,Chicago,Japan,Manufacturer,16,2.8,LSC-EE8V9MS0
5184,Evergreen Distributors 5184,Nashville,China,Distributor,8,4.9,LSC-WZGW1H19
5185,Evergreen Enterprises 5185,Miami,Canada,Wholesaler,15,2.6,LSC-SZFM6E8X
5186,Quantum Wholesale 5186,Phoenix,South Korea,Distributor,7,4.8,LSC-H8LGIC5L
5187, South Supply 5187 ,Miami,India,Manufacturer,29,4.1,LSC-WUTSXI2Z
5188,Apex Supply 5188,Austin,USA,Manufacturer,23,,LSC-3U5L1GSM
5189,Vertex Wholesale 5189,Portland,USA,Distributor,23,4.4,LSC-HQSSHAK6
5190,Nova Partners 5190,Detroit,Vietnam,Distributor,15,4.6,LSC-GH5VB1T5
5191,Prime Retail Supply 5191,Portland,India,Distributor,25,4.1,LSC-H1FJCN47
5192,Vertex Retail Supply 5192,Columbus,India,Manufacturer,27,2.6,LSC-5IGS3QNX
5193, Prime Industrial 5193 ,Philadelphia,Vietnam,Distributor,6,2.7,LSC-7U9P6MCM
5194,Rapid Procurement 5194,Atlanta,Thailand,Wholesaler,10,4.9,LSC-7BFYROQ2
5195,South Procurement 5195,Atlanta,Canada,Distributor,23,4.0,LSC-UL5YZWP4
5196,North Enterprises 5196,San Jose,South Korea,Manufacturer,5,4.7,LSC-16XENG7B
5197,Global Logistics 5197,Miami,China,Distributor,21,2.9,LSC-6J2TQWOO
5198,Blue Distributors 5198,Columbus,USA,Manufacturer,13,3.7,LSC-0DAUC4RP
5199,North Retail Supply 5199,San Francisco,Thailand,Distributor,13,4.2,LSC-26V9LFBJ
5200, United Partners 5200 ,Charlotte,Canada,Distributor,27,3.3,LSC-Q996XXZX
5201,West Wholesale 5201,Philadelphia,Thailand,Wholesaler,7,3.4,LSC-VZOGWHFE
5202,Rapid Distributors 5202,Los Angeles,China,Manufacturer,2,4.0,LSC-8DWVG0J7
5203,North Distributors 5203,Seattle,China,Wholesaler,23,2.7,LSC-A56AQYCV
5204,Apex Supply 5204,Miami,India,Distributor,24,3.4,LSC-YIRM6NSK
5205,United Procurement 5205,Miami,Japan,Wholesaler,29,3.5,LSC-7WN360BG
5206,South Trading 5206,Austin,Canada,Wholesaler,8,3.7,LSC-59M73SLZ
5207,Global Industrial 5207,Philadelphia,South Korea,Distributor,30,4.7,LSC-I1SOK4KJ
5208,Rapid Procurement 5208,Detroit,Thailand,Distributor,13,4.7,LSC-C67958VP
5209,Apex Industrial 5209,San Francisco,Japan,Wholesaler,16,4.8,LSC-JVC9MWYM
5210,West Enterprises 5210,Miami,India,Wholesaler,10,3.6,LSC-AYZMX3P5
5211,Evergreen Enterprises 5211,Dallas,India,Wholesaler,16,4.5,LSC-ML15G35F
5212,Global Wholesale 5212,Seattle,Japan,Manufacturer,3,,LSC-06ZE50KW
5213,Blue Procurement 5213,Los Angeles,Mexico,Manufacturer,5,2.6,LSC-4YUEXYVC
5214,Evergreen Supply 5214,Houston,South Korea,Distributor,16,4.6,LSC-3JWDGSFU
5215,Blue Distributors 5215,New York,Japan,Distributor,20,4.3,LSC-54QYGKC1
5216,United Logistics 5216,Detroit,Japan,Wholesaler,22,3.9,LSC-QOVQ0OV6
5217,South Wholesale 5217,Houston,Thailand,Wholesaler,26,4.3,LSC-RTCVYEVB
5218,Prime Retail Supply 5218,San Jose,South Korea,Distributor,22,3.1,LSC-4KT8KX7G
5219,Rapid Partners 5219,Detroit,China,Distributor,8,2.7,LSC-DHKWLNJO
5220,Evergreen Logistics 5220,Atlanta,China,Distributor,5,3.0,LSC-6D07CPG5
5221,Summit Enterprises 5221,Los Angeles,Japan,Wholesaler,24,3.2,LSC-P48N7PKQ
5222,Evergreen Partners 5222,Los Angeles,Germany,Distributor,26,4.3,LSC-SWVD777T
5223,Nova Partners 5223,Chicago,Vietnam,Distributor,12,4.8,LSC-9RZC0FLA
5224,Metro Retail Supply 5224,Chicago,USA,Distributor,29,5.0,LSC-IBC5OIFG
5225,Elite Wholesale 5225,San Jose,China,Distributor,5,4.1,LSC-Z73QW522
5226,Metro Supply 5226,Philadelphia,USA,Wholesaler,9,5.0,LSC-N21ZQDP8
5227,North Enterprises 5227,Detroit,Canada,Manufacturer,18,2.7,LSC-GNDJPTOY
5228,West Supply 5228,Los Angeles,China,Distributor,16,3.0,LSC-F9D3QY7D
5229,Rapid Distributors 5229,Portland,China,Manufacturer,27,3.6,LSC-XA41QDPH
5230,Nova Enterprises 5230,Portland,Thailand,Wholesaler,6,3.9,LSC-JPS03SKL
5231,Rapid Distributors 5231,Phoenix,South Korea,Distributor,2,3.5,LSC-EN35QDJY
5232,East Industrial 5232,Philadelphia,South Korea,Wholesaler,5,4.8,LSC-YS4V4168
5233,Blue Wholesale 5233,Denver,Canada,Wholesaler,21,3.8,LSC-H9YCR0UP
5234,North Logistics 5234,Dallas,China,Distributor,5,3.3,LSC-C0ZO9VCE
5235, Summit Industrial 5235 ,Philadelphia,India,Manufacturer,12,3.4,LSC-6GUUHRZW
5236,United Wholesale 5236,Charlotte,India,Distributor,26,4.6,LSC-L9POQHD7
5237,Metro Procurement 5237,Phoenix,Japan,Manufacturer,17,4.2,LSC-YIB7C00F
5238,West Retail Supply 5238,Charlotte,Germany,Distributor,10,3.7,LSC-ZZSBLJ8I
5239,Global Retail Supply 5239,Austin,USA,Distributor,14,,LSC-BFZRWMH0
5240,North Supply 5240,Portland,South Korea,Distributor,20,2.6,LSC-X2ATCPMV
5241,Rapid Supply 5241,Seattle,India,Distributor,22,3.5,LSC-H2P9RA94
5242,Evergreen Trading 5242,Phoenix,USA,Manufacturer,7,4.3,LSC-AFU677KC
5243,East Trading 5243,Detroit,South Korea,Distributor,28,3.3,LSC-0JMRZ2HA
5244,Vertex Supply 5244,San Francisco,China,Wholesaler,14,3.3,LSC-0O7DSRLE
5245,Global Partners 5245,Philadelphia,Canada,Manufacturer,24,3.2,LSC-D1X4N6QR
5246,North Logistics 5246,Boston,USA,Distributor,20,3.4,LSC-I1GK2UL4
5247,Prime Logistics 5247,Seattle,Vietnam,Distributor,14,3.4,LSC-0C9Z4BXZ
5248,Summit Retail Supply 5248,San Francisco,Thailand,Wholesaler,24,3.6,LSC-5WPEIKZ0
5249,South Partners 5249,Chicago,Vietnam,Wholesaler,29,3.3,LSC-YBV8M07N
5250,Evergreen Retail Supply 5250,Portland,Canada,Distributor,6,4.1,LSC-86Y4IYT1
5251,West Logistics 5251,Chicago,South Korea,Wholesaler,7,4.8,LSC-ZRRYJ72T
5252,Evergreen Distributors 5252,Atlanta,USA,Wholesaler,30,4.0,LSC-JTSOZS2I
5253,Quantum Industrial 5253,Houston,Germany,Manufacturer,11,3.0,LSC-BHDCGZF2
5254,Quantum Trading 5254,San Francisco,Germany,Wholesaler,8,4.1,LSC-ZKFPOGXP
5255,Quantum Retail Supply 5255,Charlotte,China,Wholesaler,27,4.4,LSC-141AFT2C
5256,Vertex Distributors 5256,Phoenix,Vietnam,Distributor,2,,LSC-B255M5JF
5257,South Distributors 5257,Miami,Canada,Wholesaler,4,4.7,LSC-LM5TO0SS
5258,Global Logistics 5258,Portland,Mexico,Wholesaler,24,3.3,LSC-NM580830
5259,Elite Logistics 5259,Houston,Japan,Manufacturer,29,3.0,LSC-F1DEHKUO
5260,United Retail Supply 5260,Charlotte,India,Distributor,18,2.6,LSC-VN7M9U59
5261,South Procurement 5261,Dallas,Mexico,Wholesaler,29,3.5,LSC-51BCOSK5
5262,Metro Wholesale 5262,Portland,Japan,Distributor,22,2.6,LSC-7TZPZVOW
5263,United Enterprises 5263,San Francisco,Mexico,Manufacturer,25,4.5,LSC-0PHD2A1H
5264,Nova Enterprises 5264,PHOENIX,USA,Manufacturer,5,4.5,LSC-9W772BYR
5265,Quantum Industrial 5265,Chicago,Japan,Wholesaler,13,3.4,LSC-6N9GYRLO
5266,Vertex Logistics 5266,San Francisco,Vietnam,Wholesaler,16,3.8,LSC-N35XAMVT
5267,Global Enterprises 5267,San Francisco,China,Distributor,21,4.0,LSC-9MAHE441
5268,Summit Procurement 5268,Houston,South Korea,Manufacturer,3,3.1,LSC-NIS3IA8J
5269,West Industrial 5269,Charlotte,Germany,Distributor,23,4.1,LSC-PX7QA7DS
5270,Vertex Supply 5270,Philadelphia,Japan,Manufacturer,22,-1.0,LSC-U0RG1SMM
5271,South Supply 5271,Seattle,China,Distributor,10,3.0,LSC-KUP5XBX8
5272,West Supply 5272,San Francisco,Germany,Distributor,30,3.8,LSC-X8XLVKWK
5273,Rapid Supply 5273,Charlotte,USA,Distributor,8,3.5,LSC-UMU4YGOH
5274,United Logistics 5274,Chicago,Germany,Distributor,4,4.5,LSC-EP2XMB8K
5275, United Supply 5275 ,Denver,South Korea,Manufacturer,11,2.7,LSC-0UNJF4UQ
5276,Quantum Retail Supply 5276,Atlanta,Canada,Distributor,21,3.1,LSC-C3FYK1DR
5277,Rapid Procurement 5277,Seattle,China,Manufacturer,15,4.8,LSC-IZ282DE1
5278,Apex Retail Supply 5278,Portland,Vietnam,Distributor,30,3.1,LSC-AVBGWNDD
5279,United Enterprises 5279,Columbus,Germany,Manufacturer,15,4.4,LSC-S1HVDIYR
5280,Rapid Retail Supply 5280,Detroit,Mexico,Distributor,11,3.3,LSC-QZBO9EOS
5281,Rapid Distributors 5281,Charlotte,USA,Wholesaler,2,4.9,LSC-DCWCJ0TC
5282,Quantum Logistics 5282,Los Angeles,Mexico,Wholesaler,9,2.8,LSC-ZDJJFNFE
5283,Vertex Enterprises 5283,Dallas,India,Manufacturer,22,2.5,LSC-KCDYNVYR
5284,Metro Wholesale 5284,San Jose,China,Wholesaler,30,3.2,LSC-GEFUEWPC
5285,Nova Supply 5285,New York,Mexico,Distributor,25,,LSC-VIP0BQCN
5286,Vertex Partners 5286,Miami,South Korea,Distributor,22,4.5,LSC-6Q1JBCJ9
5287,Vertex Wholesale 5287,Phoenix,China,Distributor,7,4.3,LSC-PUGFFW2W
5288,Rapid Supply 5288,Atlanta,USA,Manufacturer,18,3.9,LSC-HRX8VG6F
5289,Quantum Trading 5289,Philadelphia,South Korea,Manufacturer,17,4.1,LSC-1FOPNTIM
5290,Evergreen Procurement 5290,Boston,Canada,Wholesaler,25,4.2,LSC-EBMSNMTM
5291,Blue Partners 5291,Nashville,Thailand,Manufacturer,26,4.8,LSC-HJQ7JWM5
5292,Quantum Trading 5292,Portland,Germany,Wholesaler,26,4.4,LSC-D12C523F
5293,Vertex Wholesale 5293,Houston,USA,Wholesaler,29,4.6,LSC-P662XQF8
5294,South Trading 5294,Houston,South Korea,Wholesaler,22,2.6,LSC-2XS3HDP7
5295,Summit Partners 5295,Houston,Mexico,Manufacturer,2,5.0,LSC-6K45TXTC
5296,Global Procurement 5296,Miami,Vietnam,Distributor,18,3.2,LSC-JI7UBTNO
5297, East Distributors 5297 ,San Francisco,Vietnam,Wholesaler,29,3.0,LSC-I9F5IIWH
5298, Nova Retail Supply 5298 ,Nashville,India,Distributor,13,3.2,LSC-YPM7U4AK
5299,East Procurement 5299,Los Angeles,South Korea,Wholesaler,16,4.8,LSC-FQDGXY56
5300,Apex Retail Supply 5300,Portland,Germany,Distributor,6,,LSC-HEVXPQ6E
5301,Prime Industrial 5301,New York,Mexico,Manufacturer,4,2.8,LSC-B4KR7SFF
5302,Summit Logistics 5302,San Jose,Thailand,Wholesaler,12,4.0,LSC-ICSMQ37H
5303,Prime Procurement 5303,Atlanta,India,Wholesaler,19,3.5,LSC-RYP6Y563
5304,South Enterprises 5304,Austin,Thailand,Wholesaler,17,4.6,LSC-TBO5ZUUJ
5305,Elite Procurement 5305,Los Angeles,Thailand,Distributor,4,3.0,LSC-9RFGXJ60
5306,Prime Partners 5306,Atlanta,Germany,Wholesaler,11,2.6,LSC-FFNILCTR
5307,West Industrial 5307,Boston,Germany,Manufacturer,12,3.9,LSC-UETN1AUS
5308,East Supply 5308,Nashville,Vietnam,Distributor,26,3.0,LSC-AVK01C38
5309,Rapid Wholesale 5309,San Francisco,Japan,Manufacturer,28,4.3,LSC-VCG8MEL6
5310,Metro Supply 5310,Columbus,Thailand,Manufacturer,20,4.2,LSC-QH05BG8R
5311,Metro Trading 5311,Phoenix,Japan,Wholesaler,30,4.5,LSC-4M71WHH5
5312,Summit Partners 5312,Denver,Thailand,Wholesaler,18,4.3,LSC-P9IWASWS
5313,United Retail Supply 5313,Phoenix,South Korea,Wholesaler,25,3.9,LSC-X7P6A7BV
5314,South Distributors 5314,Columbus,Germany,Wholesaler,27,3.8,LSC-AYYXM4IV
5315,Nova Wholesale 5315,Nashville,Thailand,Manufacturer,15,3.6,LSC-HAJ2TOH9
5316,Evergreen Retail Supply 5316,Chicago,India,Distributor,3,4.7,LSC-0T1GQVWQ
5317,Quantum Procurement 5317,San Jose,South Korea,Wholesaler,30,4.0,LSC-SHVOFBWK
5318, Blue Partners 5318 ,Denver,Canada,Wholesaler,15,4.6,LSC-I6T6IOGB
5319,United Industrial 5319,Phoenix,South Korea,Wholesaler,28,4.2,LSC-X50VJ099
5320,Metro Supply 5320,Philadelphia,Canada,Distributor,11,3.3,LSC-FVWHWGAN
5321,West Supply 5321,Columbus,Thailand,Wholesaler,8,4.0,LSC-EXO2A8BS
5322,United Industrial 5322,Chicago,Canada,Distributor,28,4.1,LSC-2FV2OF6X
5323,West Enterprises 5323,Columbus,India,Distributor,23,4.2,LSC-4FG3Y93B
5324,Apex Procurement 5324,Austin,Canada,Distributor,9,4.7,LSC-CD640M99
5325,Global Logistics 5325,Los Angeles,Thailand,Wholesaler,7,3.6,LSC-OQR7GYSI
5326,Summit Trading 5326,Miami,Canada,Distributor,13,3.1,LSC-X1HX0YS7
5327,Apex Distributors 5327,Miami,China,Distributor,7,3.7,LSC-NPPAPCJE
5328,Metro Procurement 5328,Los Angeles,USA,Distributor,23,2.8,LSC-KCAXEJCB
5329,Elite Logistics 5329,San Francisco,Germany,Manufacturer,12,4.9,LSC-GAU1Y2JE
5330,Blue Enterprises 5330,Boston,Japan,Manufacturer,28,3.5,LSC-IQWHSQ33
5331,Apex Trading 5331,Dallas,Mexico,Manufacturer,26,4.3,LSC-INP4VUN5
5332,Summit Procurement 5332,Chicago,Thailand,Wholesaler,17,2.7,LSC-GZS4YEN1
5333,Rapid Wholesale 5333,Miami,India,Manufacturer,19,3.9,LSC-IA1RH1O5
5334,East Supply 5334,Boston,Japan,Wholesaler,26,4.9,LSC-3D95CEEV
5335,Global Retail Supply 5335,Houston,Japan,Wholesaler,3,4.3,LSC-EU6Q74VP
5336,Global Trading 5336,Boston,India,Wholesaler,20,4.5,LSC-D2Z9ZKIN
5337,Evergreen Enterprises 5337,New York,Japan,Distributor,19,3.4,LSC-K5DPLOSY
5338,Nova Trading 5338,Phoenix,Vietnam,Wholesaler,6,4.3,LSC-2VI37D7V
5339,North Supply 5339,Nashville,Mexico,Wholesaler,21,3.0,LSC-9WNJBFF3
5340,East Wholesale 5340,Miami,USA,Distributor,2,2.8,LSC-6FQHDCSW
5341,South Trading 5341,Seattle,Canada,Distributor,24,4.1,LSC-KRMFU85W
5342,Elite Industrial 5342,Atlanta,Germany,Wholesaler,21,2.7,LSC-DNQGS81S
5343,Nova Supply 5343,Detroit,Canada,Wholesaler,9,4.5,LSC-KCA7YMQH
5344,Elite Enterprises 5344,San Jose,Vietnam,Wholesaler,30,4.3,LSC-ZMTVC9Z0
5345,Summit Wholesale 5345,Philadelphia,China,Manufacturer,3,4.1,LSC-64NQX3B4
5346,Prime Procurement 5346,Atlanta,Thailand,Wholesaler,15,4.4,LSC-3ZVTPH61
5347,United Partners 5347,Dallas,South Korea,Distributor,3,2.8,LSC-QOZF2JXJ
5348,Vertex Distributors 5348,Denver,Mexico,Distributor,9,4.1,LSC-8DZ02GNG
5349,North Wholesale 5349,Philadelphia,Thailand,Wholesaler,6,3.1,LSC-6QAU88QN
5350,South Distributors 5350,Charlotte,India,Wholesaler,6,3.1,LSC-F6EYYNYP
5351,Quantum Industrial 5351,Charlotte,Japan,Distributor,30,4.2,LSC-EF4A5PLL
5352,United Supply 5352,Miami,Germany,Distributor,2,3.7,LSC-ZH5HQ5QA
5353,Rapid Enterprises 5353,Seattle,India,Wholesaler,9,3.4,LSC-XGGUJ6EY
5354,Global Distributors 5354,Philadelphia,India,Distributor,4,2.6,LSC-HSC2EP33
5355,Metro Enterprises 5355,San Francisco,USA,Wholesaler,26,3.2,LSC-JL1ZC4K3
5356, East Logistics 5356 ,Los Angeles,India,Distributor,29,3.4,LSC-5QA505U3
5357,South Trading 5357,Phoenix,South Korea,Manufacturer,9,,LSC-LULW8GIJ
5358,Rapid Enterprises 5358,Atlanta,Japan,Manufacturer,29,3.9,LSC-WI8HYRYI
5359,East Supply 5359,San Francisco,Japan,Distributor,28,4.8,LSC-FW37VM0C
5360,East Partners 5360,New York,Germany,Wholesaler,12,4.9,LSC-MMOJK45Q
5361,Prime Supply 5361,Charlotte,Japan,Distributor,9,3.5,LSC-QKSC4TW8
5362,Blue Enterprises 5362,Phoenix,Thailand,Wholesaler,21,3.2,LSC-WPHWQ1UI
5363,Global Logistics 5363,Detroit,Thailand,Distributor,27,2.6,LSC-IA9PAJD6
5364,West Enterprises 5364,Nashville,Vietnam,Distributor,16,2.6,LSC-LU4QDS0R
5365,Vertex Trading 5365,Charlotte,Canada,Wholesaler,7,4.6,LSC-GLRK9AFE
5366,Blue Trading 5366,San Jose,Germany,Manufacturer,18,,LSC-X0TPBRWL
5367,Quantum Industrial 5367,Dallas,Thailand,Manufacturer,26,3.1,LSC-7U08WM20
5368,East Distributors 5368,Los Angeles,South Korea,Manufacturer,13,3.0,LSC-5AHRKG33
5369,Metro Supply 5369,Columbus,Canada,Distributor,4,4.4,LSC-QW64JOCI
5370,Global Industrial 5370,Dallas,India,Manufacturer,14,3.6,LSC-KXLIINLU
5371,Vertex Industrial 5371,Columbus,Vietnam,Wholesaler,28,2.6,LSC-ZGDGFI4Z
5372,Summit Retail Supply 5372,Seattle,Germany,Manufacturer,30,4.4,LSC-TP7QNC1T
5373,Metro Procurement 5373,San Jose,Vietnam,Distributor,5,4.5,LSC-SBMK9AL7
5374,Metro Procurement 5374,Boston,South Korea,Manufacturer,7,2.7,LSC-EZH82MWO
5375,Evergreen Logistics 5375,Boston,Germany,Manufacturer,2,2.7,LSC-QUVKCMFZ
5376,Vertex Distributors 5376,New York,Canada,Wholesaler,23,3.7,LSC-PMBN3AX5
5377,Global Retail Supply 5377,Columbus,Canada,Distributor,25,3.5,LSC-MFFK4XF5
5378,South Supply 5378,Miami,Germany,Wholesaler,7,3.8,LSC-9K9BCOEM
5379,United Wholesale 5379,Los Angeles,Mexico,Manufacturer,29,2.6,LSC-L0T3PF5I
5380,Elite Enterprises 5380,Boston,China,Distributor,10,4.2,LSC-LDEE5EUP
5381,Quantum Partners 5381,Seattle,Mexico,Distributor,22,3.4,LSC-EZ8QSPA0
5382,Apex Industrial 5382,Nashville,Mexico,Distributor,20,,LSC-GUGJAJOW
5383,Blue Industrial 5383,Denver,USA,Distributor,3,2.7,LSC-RJ4BX952
5384,East Distributors 5384,Denver,South Korea,Distributor,16,3.0,LSC-P0YVPAGA
5385,Global Partners 5385,Houston,Canada,Distributor,24,4.0,LSC-0YPMWK86
5386,East Procurement 5386,New york ,Canada,Distributor,8,4.5,LSC-F7UA5TAX
5387,Summit Enterprises 5387,Charlotte,Mexico,Distributor,2,4.3,LSC-KF3TITHG
5388, Rapid Retail Supply 5388 ,Atlanta,Canada,Distributor,27,4.9,LSC-695R4FM3
5389,East Distributors 5389,San Francisco,Germany,Distributor,26,,LSC-LHGXV83M
5390,United Partners 5390,Atlanta,USA,Manufacturer,13,2.6,LSC-6ZJGUB6X
5391,Nova Logistics 5391,Atlanta,India,Wholesaler,6,3.9,LSC-UYA687EF
5392,South Supply 5392,Atlanta,Canada,Wholesaler,6,4.1,LSC-XEST02Y9
5393,North Supply 5393,Los Angeles,Thailand,Wholesaler,22,3.4,LSC-C4E1SDA2
5394,West Industrial 5394,Detroit,Japan,Manufacturer,12,3.0,LSC-FTGXQ70F
5395,South Partners 5395,San Francisco,Germany,Distributor,24,5.0,LSC-4Q4SXA0Z
5396,United Retail Supply 5396,Portland,China,Distributor,4,,LSC-08GH61XP
5397,Vertex Enterprises 5397,Chicago,Thailand,Manufacturer,18,2.6,LSC-5DRLZZ1W
5398,West Supply 5398,New York,Canada,Wholesaler,10,4.8,LSC-7GH41UKC
5399,Elite Enterprises 5399,Phoenix,India,Manufacturer,17,3.7,LSC-B8VYCIZ6
5400,North Logistics 5400,Nashville,Vietnam,Manufacturer,2,4.5,LSC-PLCSVFXC
5401,Global Distributors 5401,Los Angeles,Vietnam,Distributor,4,,LSC-8JNRJS55
5402,Vertex Industrial 5402,Houston,Vietnam,Manufacturer,17,4.5,LSC-RV621WIS
5403,Metro Trading 5403,Philadelphia,Vietnam,Wholesaler,9,3.5,LSC-HY1O72B4
5404,Apex Retail Supply 5404,Charlotte,China,Distributor,28,4.8,LSC-I5Z21GZD
5405,East Retail Supply 5405,Phoenix,India,Distributor,13,3.1,LSC-MOU7TKEH
5406,Evergreen Enterprises 5406,Los Angeles,Germany,Manufacturer,20,4.6,LSC-52F1VFH6
5407,Nova Logistics 5407,Columbus,Japan,Distributor,8,2.5,LSC-EANLX8TO
5408,Vertex Enterprises 5408,Atlanta,USA,Manufacturer,22,3.6,LSC-2GORXP09
5409,West Trading 5409,Boston,USA,Manufacturer,12,4.2,LSC-0QEQQA9L
5410,Prime Wholesale 5410,Charlotte,Mexico,Wholesaler,11,3.7,LSC-EC5Y2BAQ
5411,Rapid Industrial 5411,Nashville,Canada,Distributor,15,,LSC-1MCHIKJ7
5412,South Retail Supply 5412,Dallas,China,Manufacturer,9,3.5,LSC-ZNYQ6PG8
5413,Nova Procurement 5413,Portland,Canada,Wholesaler,17,3.7,LSC-O4X2CW6B
5414,Apex Procurement 5414,Chicago,South Korea,Distributor,25,4.9,LSC-77DXP82G
5415,Summit Industrial 5415,Columbus,South Korea,Manufacturer,5,4.1,LSC-OJT1JR7H
5416,Metro Partners 5416,Atlanta,India,Wholesaler,20,3.3,LSC-0F8U88YN
5417,Blue Logistics 5417,Chicago,India,Distributor,9,3.3,LSC-8G4Q9LKC
5418,Global Distributors 5418,Chicago,Mexico,Distributor,26,4.0,LSC-N8IPLYQ1
5419,Evergreen Industrial 5419,Charlotte,Japan,Distributor,5,2.8,LSC-M0VYRG5A
5420,East Distributors 5420,Chicago,Japan,Manufacturer,28,2.7,LSC-4DJYR0RN
5421,Blue Enterprises 5421,Columbus,India,Manufacturer,14,4.4,LSC-NMIHIE23
5422,Evergreen Industrial 5422,Austin,Japan,Wholesaler,2,5.0,LSC-DQQXIUJJ
5423,Evergreen Distributors 5423,Dallas,India,Wholesaler,17,4.5,LSC-N3UTG1CV
5424,Metro Procurement 5424,Dallas,Vietnam,Manufacturer,30,3.4,LSC-F8T9ML0R
5425,Prime Supply 5425,Boston,India,Wholesaler,17,3.4,LSC-TB892S9Q
5426,Metro Logistics 5426,Houston,China,Distributor,30,2.8,LSC-HPBAHDG1
5427,Summit Industrial 5427,Columbus,Canada,Manufacturer,2,,LSC-0OBTGUXK
5428,Elite Wholesale 5428,Columbus,Japan,Wholesaler,11,4.5,LSC-3JPOBMUI
5429,Vertex Partners 5429,Seattle,South Korea,Distributor,20,3.3,LSC-OT6HVGNZ
5430,Blue Enterprises 5430,Denver,Vietnam,Manufacturer,4,,LSC-1ODX7QN1
5431,Rapid Retail Supply 5431,San Jose,India,Wholesaler,17,4.3,LSC-U5QHY0WN
5432,East Supply 5432,San Jose,Vietnam,Wholesaler,12,4.3,LSC-V9PF74HY
5433,Evergreen Partners 5433,Philadelphia,Thailand,Wholesaler,19,5.0,LSC-NJ55AB7X
5434,East Logistics 5434,Phoenix,Thailand,Distributor,23,4.4,LSC-NK0F3BTL
5435,Quantum Industrial 5435,Columbus,India,Wholesaler,18,,LSC-TMNG9I76
5436,Apex Industrial 5436,Austin,Thailand,Wholesaler,28,2.5,LSC-ZQONAW5Q
5437, Apex Retail Supply 5437 ,Houston,South Korea,Manufacturer,5,4.0,LSC-ZZC26Z2X
5438,United Wholesale 5438,Atlanta,Thailand,Manufacturer,6,4.3,LSC-PYIZYZ8C
5439,West Trading 5439,Houston,Thailand,Distributor,4,2.7,LSC-G4FQGO8R
5440,Blue Enterprises 5440,Portland,Canada,Manufacturer,29,3.1,LSC-TEQIK3VM
5441,Elite Trading 5441,San Francisco,Thailand,Manufacturer,11,3.6,LSC-G2N2PJUV
5442,North Retail Supply 5442,Atlanta,South Korea,Manufacturer,20,2.5,LSC-4JXPH7WG
5443,East Supply 5443,New York,Vietnam,Distributor,7,4.6,LSC-XB110OW9
5444,Metro Distributors 5444,Boston,Mexico,Manufacturer,4,3.6,LSC-I5OFVHDV
5445,Quantum Logistics 5445,Nashville,Germany,Wholesaler,16,3.4,LSC-C25F1YUP
5446,Rapid Supply 5446,Austin,South Korea,Distributor,16,4.3,LSC-IEYH3Z8U
5447,United Distributors 5447,Atlanta,Vietnam,Manufacturer,11,4.8,LSC-L6VZL4H6
5448,United Trading 5448,Phoenix ,Thailand,Wholesaler,28,4.2,LSC-M3AGTSXT
5449,United Retail Supply 5449,Boston,Mexico,Distributor,12,4.0,LSC-3I4BCQ62
5450,Vertex Trading 5450,Boston,China,Manufacturer,15,3.9,LSC-BWAMCE64
5451,West Wholesale 5451,Charlotte,Mexico,Distributor,17,2.9,LSC-KBPTZRR5
5452,Metro Partners 5452,Charlotte,Vietnam,Wholesaler,14,3.9,LSC-YZ9H0XET
5453,Global Partners 5453,Portland,Mexico,Manufacturer,23,4.7,LSC-D7VE52ZU
5454,Rapid Trading 5454,Boston,Japan,Manufacturer,6,4.2,LSC-7LOAQ63G
5455,South Procurement 5455,Austin,China,Distributor,13,4.7,LSC-W71Z7NX7
5456,Metro Retail Supply 5456,Houston,Canada,Wholesaler,2,4.5,LSC-6W773LAA
5457,Quantum Supply 5457,Los Angeles,China,Distributor,21,4.5,LSC-UQO5FD6M
5458,Summit Supply 5458,Denver,Canada,Distributor,20,3.1,LSC-1054C40I
5459,West Logistics 5459,Dallas,South Korea,Manufacturer,10,4.5,LSC-9FLVWUL6
5460,West Logistics 5460,Charlotte,USA,Distributor,12,,LSC-TP3N6DO2
5461,Apex Partners 5461,Columbus,South Korea,Manufacturer,18,,LSC-JTUU8KY6
5462,Summit Retail Supply 5462,Atlanta,Mexico,Distributor,24,4.3,LSC-ET5SYT4D
5463,Metro Supply 5463,Phoenix,Japan,Wholesaler,13,2.9,LSC-AE814WKY
5464,Prime Partners 5464,Philadelphia,Japan,Manufacturer,19,2.9,LSC-LJRAVPX0
5465,Prime Retail Supply 5465,Chicago,Vietnam,Manufacturer,14,2.7,LSC-EFE7T0TS
5466,Vertex Retail Supply 5466,Dallas,Vietnam,Distributor,14,,LSC-OSJ5FI7I
5467,East Logistics 5467,Boston,India,Manufacturer,11,3.5,LSC-DU1LVN03
5468,Vertex Industrial 5468,New York,Japan,Manufacturer,11,4.0,LSC-JZXC7NEM
5469,Vertex Partners 5469,Seattle,Thailand,Manufacturer,4,4.8,LSC-IDYDNRB3
5470,Blue Procurement 5470,Austin,Canada,Wholesaler,28,2.8,LSC-97EC7S5C
5471,Evergreen Supply 5471,Charlotte,India,Distributor,11,2.6,LSC-5M10Z8M0
5472,Summit Partners 5472,Dallas,Japan,Wholesaler,17,4.5,LSC-FJFTTDP7
5473,Evergreen Enterprises 5473,Philadelphia,USA,Wholesaler,7,4.2,LSC-SIF2LKTW
5474,United Trading 5474,Philadelphia,Germany,Distributor,13,4.0,LSC-1INT2HTS
5475,Blue Retail Supply 5475,Nashville,Vietnam,Manufacturer,10,3.5,LSC-PMU2YEV3
5476,Evergreen Industrial 5476,Charlotte,Germany,Wholesaler,18,2.6,LSC-EQUMWGLK
5477,Metro Retail Supply 5477,Philadelphia,Vietnam,Distributor,22,,LSC-FHPAFKZJ
5478,Nova Industrial 5478,Dallas,Canada,Manufacturer,27,3.7,LSC-LLRVV1RC
5479,Evergreen Partners 5479,Nashville,India,Distributor,29,3.1,LSC-HI15W3PB
5480,Vertex Logistics 5480,Miami,India,Distributor,17,2.8,LSC-80UQXCJW
5481,Quantum Enterprises 5481,Denver,Thailand,Distributor,24,4.0,LSC-CBW4QL7K
5482,Summit Retail Supply 5482,Miami,Vietnam,Distributor,28,2.6,LSC-4IN9HG9O
5483, West Trading 5483 ,Los Angeles,Mexico,Distributor,12,4.5,LSC-GSK35HXD
5484,Elite Enterprises 5484,Chicago,Thailand,Wholesaler,16,5.0,LSC-JUXVMFQ8
5485,Blue Partners 5485,New York,Vietnam,Wholesaler,13,3.3,LSC-JRC474UR
5486,United Supply 5486,Phoenix,India,Wholesaler,27,3.9,LSC-XAMOI74B
5487,South Retail Supply 5487,Phoenix,China,Distributor,26,3.9,LSC-FDX0UG12
5488,United Distributors 5488,New York,Germany,Manufacturer,25,3.9,LSC-1QG8KP1J
5489,East Distributors 5489,Charlotte,Japan,Distributor,29,,LSC-7KFSEQH1
5490,South Logistics 5490,Dallas,Japan,Manufacturer,23,3.7,LSC-VXJRYQJQ
5491,East Distributors 5491,Miami,Vietnam,Distributor,2,4.2,LSC-LCLAZUND
5492,Evergreen Industrial 5492,Los Angeles,Vietnam,Wholesaler,13,4.0,LSC-WTT6MZBX
5493,Metro Wholesale 5493,Columbus,Canada,Distributor,22,3.2,LSC-NTYIE9C6
5494,Vertex Supply 5494,Columbus,Vietnam,Manufacturer,7,2.9,LSC-3TUCHURM
5495,United Trading 5495,Austin,China,Wholesaler,16,4.4,LSC-IS4MUYOW
5496,East Distributors 5496,Seattle,Thailand,Distributor,18,4.2,LSC-61YDZDOZ
5497,Elite Logistics 5497,Detroit,Japan,Manufacturer,12,4.2,LSC-095MNSY5
5498,Apex Partners 5498,Dallas,Germany,Manufacturer,7,3.6,LSC-975UQQIT
5499,Evergreen Wholesale 5499,Nashville,China,Distributor,27,3.8,LSC-6QPWHTYZ
5500,Nova Retail Supply 5500,Atlanta,Japan,Manufacturer,14,4.2,LSC-FA5MKCC0
5501,Vertex Wholesale 5501,Dallas,Thailand,Distributor,19,5.0,LSC-WYGXJEXU
5502,Nova Enterprises 5502,Phoenix,Canada,Wholesaler,22,3.5,LSC-0LDTZ8BG
5503,Apex Trading 5503,Chicago,Mexico,Distributor,12,4.1,LSC-XDZXA7CL
5504,Summit Supply 5504,Houston,USA,Distributor,19,4.3,LSC-60LZRI1S
5505,North Procurement 5505,Philadelphia,Canada,Manufacturer,6,3.7,LSC-GBOMLNGY
5506,Rapid Logistics 5506,New York,Vietnam,Wholesaler,25,3.4,LSC-POPDLW3S
5507,Rapid Wholesale 5507,Houston,USA,Distributor,16,4.3,LSC-G4P7UIY0
5508,North Industrial 5508,Houston,India,Wholesaler,19,3.3,LSC-PXGQIXOY
5509,Elite Industrial 5509,Miami,Japan,Manufacturer,22,2.5,LSC-AWZZQYX6
5510,Rapid Trading 5510,Denver,China,Manufacturer,20,3.4,LSC-PDJ74TJR
5511,Rapid Wholesale 5511,New York,India,Wholesaler,26,4.2,LSC-NGKQTGW2
5512,East Distributors 5512,Boston,China,Wholesaler,22,4.6,LSC-QCK5XGCO
5513,Prime Supply 5513,Detroit,Vietnam,Distributor,12,2.6,LSC-YUM5F3QA
5514,North Industrial 5514,Detroit,South Korea,Wholesaler,28,3.3,LSC-SS9AWOY9
5515,North Partners 5515,Miami,Germany,Distributor,6,4.7,LSC-7597PTV9
5516,Quantum Procurement 5516,Portland,Japan,Manufacturer,30,4.4,LSC-PQQT3E02
5517,Nova Distributors 5517,Boston,Mexico,Manufacturer,29,3.7,LSC-G2IBO1C4
5518,Evergreen Retail Supply 5518,Chicago,India,Manufacturer,19,3.6,LSC-YD05KSJP
5519,Nova Enterprises 5519,Nashville,China,Manufacturer,4,2.9,LSC-XH61FB0G
5520,South Enterprises 5520,San Jose,South Korea,Wholesaler,2,4.5,LSC-3HKF37P6
5521,North Retail Supply 5521,Philadelphia,Thailand,Distributor,13,2.7,LSC-PH399IWZ
5522,Apex Industrial 5522,Boston,Vietnam,Distributor,21,4.9,LSC-DITWPLA6
5523,Global Partners 5523,Seattle,Germany,Distributor,8,4.6,LSC-15BDP4RE
5524, Vertex Distributors 5524 ,Columbus,Japan,Distributor,23,,LSC-UZ5BF3KS
5525,Vertex Trading 5525,Austin,Japan,Wholesaler,3,3.3,LSC-HJNXP90U
5526,Evergreen Supply 5526,Columbus,Thailand,Wholesaler,4,3.9,LSC-ELS4Z6RN
5527,Evergreen Industrial 5527,Portland,Thailand,Distributor,7,,LSC-Q5B8FXQW
5528,West Enterprises 5528,Austin,Germany,Distributor,8,3.1,LSC-E7YVL5BT
5529,Blue Retail Supply 5529,San Francisco,South Korea,Manufacturer,3,3.8,LSC-8QHYPCLK
5530,Blue Retail Supply 5530,Nashville,South Korea,Distributor,30,3.2,LSC-IZTLKW3Q
5531,Nova Logistics 5531,Detroit,USA,Wholesaler,13,4.4,LSC-24TWU0XD
5532,East Wholesale 5532,Portland,Thailand,Distributor,7,3.0,LSC-R92NU5VT
5533,Quantum Supply 5533,Austin,Japan,Manufacturer,15,,LSC-4DMS7MC9
5534,Global Trading 5534,San Francisco,Vietnam,Manufacturer,13,3.4,LSC-D4YYY1OX
5535,Rapid Retail Supply 5535,Philadelphia,Canada,Wholesaler,17,4.1,LSC-GD8ATJZH
5536,Prime Supply 5536,Charlotte,Vietnam,Wholesaler,9,4.3,LSC-VIT24PZE
5537,West Partners 5537,Detroit,USA,Manufacturer,7,4.6,LSC-CDNYY15P
5538,Vertex Retail Supply 5538,Columbus,Japan,Wholesaler,3,2.6,LSC-3GLL6BWL
5539,South Distributors 5539,Philadelphia,Canada,Distributor,30,2.6,LSC-GB077NXD
5540,South Partners 5540,Nashville,Thailand,Wholesaler,2,4.8,LSC-CLGVJIMX
5541,Metro Trading 5541,Miami,USA,Manufacturer,21,2.9,LSC-1G27YHAL
5542,Metro Trading 5542,New York,South Korea,Distributor,8,3.5,LSC-CE960AJX
5543,West Logistics 5543,Boston,Mexico,Wholesaler,17,4.8,LSC-5AWSEB06
5544,Global Partners 5544,Philadelphia,South Korea,Manufacturer,15,4.6,LSC-RKH7KX0M
5545,South Partners 5545,Boston,USA,Wholesaler,9,3.6,LSC-2YS8BH95
5546,Metro Retail Supply 5546,Seattle,Mexico,Manufacturer,17,4.3,LSC-LPLH87D7
5547,Blue Retail Supply 5547,Atlanta,Vietnam,Manufacturer,27,5.0,LSC-XR149M7W
5548,United Retail Supply 5548,Dallas,Mexico,Distributor,13,,LSC-IIXEP5G4
5549,Apex Wholesale 5549,Austin,Germany,Wholesaler,30,4.0,LSC-E5ESAGKA
5550,West Procurement 5550,Chicago,Germany,Manufacturer,29,4.7,LSC-AGIWZ9U2
5551, North Procurement 5551 ,Charlotte,India,Manufacturer,16,0.0,LSC-U7WJ0VYS
5552,Vertex Industrial 5552,Chicago,Canada,Manufacturer,8,4.7,LSC-BFV2KGGH
5553,Evergreen Trading 5553,Seattle,Japan,Wholesaler,6,2.7,LSC-I315XK7W
5554,Elite Supply 5554,Seattle,Canada,Wholesaler,2,4.4,LSC-VYU5RGG1
5555,Rapid Wholesale 5555,Los Angeles,Vietnam,Manufacturer,2,4.6,LSC-GMVD9AZI
5556,Blue Logistics 5556,Atlanta,USA,Manufacturer,18,3.7,LSC-KRIM9WER
5557,United Supply 5557,Los Angeles,Mexico,Manufacturer,25,4.0,LSC-8NI1GEXV
5558,Elite Industrial 5558,Miami,Vietnam,Manufacturer,19,3.9,LSC-IUJ5IR1W
5559,Evergreen Distributors 5559,Boston,South Korea,Wholesaler,9,2.7,LSC-KDVUZL8N
5560,Metro Industrial 5560,Houston,USA,Wholesaler,18,4.8,LSC-J8G5ATW1
5561,East Procurement 5561,Charlotte,USA,Distributor,23,3.1,LSC-AX2FFB3X
5562,Elite Logistics 5562,Columbus,Thailand,Wholesaler,30,4.6,LSC-MD6M4J73
5563,Metro Wholesale 5563, Houston,China,Distributor,18,3.7,LSC-INBY2TSF
5564,United Procurement 5564,Portland,Mexico,Manufacturer,10,2.5,LSC-0CUY6TIW
5565,Metro Retail Supply 5565,Phoenix,Thailand,Distributor,6,3.2,LSC-K18MONRQ
5566,United Procurement 5566,Denver,Canada,Wholesaler,29,2.7,LSC-RQ8TQVGB
5567,Rapid Enterprises 5567,Portland,Thailand,Distributor,10,,LSC-7NQLOPS7
5568,West Supply 5568,Charlotte,USA,Wholesaler,25,4.2,LSC-LVCFBWQW
5569,Global Industrial 5569,Chicago,Mexico,Wholesaler,5,2.6,LSC-7S6FG8YS
5570,East Supply 5570,Los Angeles,India,Wholesaler,26,3.9,LSC-78KKWLY3
5571,Nova Distributors 5571,Chicago,South Korea,Wholesaler,7,3.2,LSC-Z8V9C1C2
5572,Apex Distributors 5572,Philadelphia,Canada,Manufacturer,24,2.9,LSC-1LFCOP4H
5573,North Industrial 5573,San Francisco,Vietnam,Distributor,15,4.3,LSC-ONK6OQRX
5574,East Procurement 5574,San Francisco,India,Distributor,20,4.3,LSC-7661WREZ
5575,Blue Partners 5575,Detroit,Germany,Manufacturer,2,4.8,LSC-HRTQ8FO1
5576,Metro Wholesale 5576,Austin,Canada,Wholesaler,25,3.8,LSC-IC80HLRO
5577,Prime Wholesale 5577,Columbus,Vietnam,Manufacturer,6,4.9,LSC-ZRWV5ZO0
5578,Nova Distributors 5578,Atlanta,China,Manufacturer,26,2.9,LSC-M7DEYCXD
5579,Apex Distributors 5579,Denver,Germany,Wholesaler,18,2.9,LSC-4J10YEHH
5580,Summit Procurement 5580,Los Angeles,India,Manufacturer,3,3.8,LSC-08V1EBCG
5581,Vertex Procurement 5581,Nashville,Mexico,Wholesaler,11,4.4,LSC-W21ZTKKS
5582,Rapid Wholesale 5582,Detroit,Canada,Distributor,3,3.5,LSC-QXXJ3OFO
5583,Blue Industrial 5583,Los Angeles,India,Manufacturer,9,4.5,LSC-EGICQXVZ
5584,Summit Distributors 5584,Houston,South Korea,Manufacturer,16,2.6,LSC-NK4OWD14
5585,West Wholesale 5585,Los Angeles,Germany,Manufacturer,20,4.2,LSC-KAQB6J9M
5586,Blue Distributors 5586,Portland,Thailand,Wholesaler,28,4.4,LSC-3E93ZMXO
5587,Vertex Procurement 5587,Charlotte,South Korea,Distributor,9,3.6,LSC-TO9NXXKL
5588,Elite Supply 5588,Charlotte,Canada,Distributor,7,3.8,LSC-I91XRLGW
5589,Vertex Partners 5589,Philadelphia,Canada,Manufacturer,4,4.5,LSC-CZ6OMK8I
5590,Blue Distributors 5590,Phoenix,South Korea,Manufacturer,23,4.8,LSC-0P2LR52H
5591,Global Logistics 5591,Nashville,China,Manufacturer,17,4.0,LSC-DI0IRVO9
5592,Quantum Supply 5592,Dallas,USA,Distributor,21,3.7,LSC-P2J4V1ZL
5593,South Retail Supply 5593,Chicago,Japan,Manufacturer,11,4.9,LSC-N0OBKUH9
5594,Nova Supply 5594,Columbus,Germany,Wholesaler,18,4.7,LSC-MPJKC9ST
5595,Summit Procurement 5595,Columbus,South Korea,Wholesaler,22,3.0,LSC-IXMOQI19
5596,Elite Distributors 5596,Philadelphia,Germany,Wholesaler,17,4.0,LSC-SB4HY6AH
5597,Global Procurement 5597,Portland,South Korea,Distributor,22,4.3,LSC-1B2EAJPQ
5598,North Enterprises 5598,Los Angeles,South Korea,Manufacturer,17,4.8,LSC-I4U2CGBD
5599,Nova Enterprises 5599,San Jose,India,Distributor,21,2.8,LSC-YT5U694K
5600,Metro Enterprises 5600,San Jose,Mexico,Distributor,28,,LSC-Y7JOA9WA
5601,North Supply 5601,Atlanta,Canada,Wholesaler,30,3.1,LSC-071YHWFI
5602,Metro Industrial 5602,San Francisco,India,Wholesaler,12,4.2,LSC-9QBW1LX8
5603,South Wholesale 5603,Los Angeles,China,Wholesaler,15,4.0,LSC-M12RR05T
5604,East Industrial 5604,Houston,Germany,Manufacturer,8,4.6,LSC-SJ8HRABZ
5605,Metro Wholesale 5605,Portland,USA,Manufacturer,12,3.6,LSC-U9ML7V2I
5606,South Supply 5606,Charlotte,Vietnam,Wholesaler,25,2.7,LSC-Z07AHCZK
5607,Prime Logistics 5607,Seattle,USA,Wholesaler,30,3.9,LSC-AMHM7AMT
5608,Rapid Trading 5608,Boston,China,Manufacturer,24,3.9,LSC-XT2LOJ6C
5609,South Partners 5609,Boston,Canada,Distributor,8,4.7,LSC-5QB10H2R
5610,East Distributors 5610,Austin,South Korea,Distributor,21,3.4,LSC-YI3FYO3G
5611,North Supply 5611,Miami,South Korea,Distributor,26,4.3,LSC-L7A0YZC7
5612,Quantum Partners 5612,Nashville,Mexico,Wholesaler,18,2.7,LSC-00IG3L2R
5613,Evergreen Trading 5613,Boston,Canada,Manufacturer,22,3.0,LSC-VWFFOUF1
5614,United Partners 5614,Dallas,India,Manufacturer,5,4.9,LSC-PTTMDBZI
5615,Prime Distributors 5615,Seattle,Vietnam,Distributor,7,4.3,LSC-X4QXK2DJ
5616,Summit Wholesale 5616,Miami,Canada,Distributor,26,3.0,LSC-9GMLSN6L
5617,South Trading 5617,Portland,Vietnam,Distributor,29,,LSC-RG9AMB9O
5618,Rapid Enterprises 5618,Portland,USA,Distributor,5,3.2,LSC-Y1I1HUMV
5619,Quantum Retail Supply 5619,Portland,India,Wholesaler,28,2.8,LSC-98QIZW3S
5620,Metro Industrial 5620,Seattle,Germany,Manufacturer,14,,LSC-3D6G79QZ
5621,Vertex Distributors 5621,Columbus,China,Wholesaler,11,3.2,LSC-RUAFD4KU
5622,Prime Wholesale 5622,San Francisco,China,Manufacturer,27,3.3,LSC-SSLQ99AF
5623,Global Trading 5623,Detroit,Japan,Distributor,26,4.6,LSC-7MB2XHY2
5624,Global Distributors 5624,Charlotte,India,Manufacturer,10,4.9,LSC-4YTNCZ7W
5625,United Trading 5625,Philadelphia,Mexico,Distributor,4,4.1,LSC-NSLAZZ8C
5626,Evergreen Retail Supply 5626,San Francisco,Germany,Wholesaler,10,3.8,LSC-D3YG35A2
5627,Vertex Procurement 5627,Dallas,China,Manufacturer,23,3.3,LSC-BVCR7ZUA
5628,Evergreen Industrial 5628,Los Angeles,China,Wholesaler,2,,LSC-OF37CQRW
5629,South Logistics 5629,Columbus,Mexico,Distributor,22,4.0,LSC-97HU3OAL
5630,Nova Industrial 5630,New York,India,Distributor,16,4.9,LSC-1AP0RNLR
5631,United Distributors 5631,Houston,Thailand,Distributor,7,4.3,LSC-LSF6DZT2
5632,Blue Retail Supply 5632,Phoenix,Germany,Manufacturer,23,3.2,LSC-JMO7CRIB
5633, Evergreen Enterprises 5633 ,Philadelphia,South Korea,Manufacturer,18,3.3,LSC-EZ2E8QKU
5634,Blue Enterprises 5634,Houston,USA,Manufacturer,23,4.4,LSC-MLKTOBY2
5635,West Enterprises 5635,San Francisco,Vietnam,Distributor,18,4.8,LSC-3CFC4VG9
5636,United Supply 5636,Phoenix,Canada,Distributor,3,4.5,LSC-1GFL29K2
5637,Blue Trading 5637,Miami,Vietnam,Manufacturer,20,3.7,LSC-L37546FN
5638,Prime Trading 5638,Columbus,Mexico,Distributor,6,2.8,LSC-SG12BE2L
5639,United Supply 5639,Nashville,Thailand,Manufacturer,26,4.1,LSC-W3VG29KW
5640,West Supply 5640,Philadelphia,Japan,Distributor,2,3.0,LSC-MGMLRJ8D
5641,Blue Enterprises 5641,Denver,India,Distributor,26,3.7,LSC-32KX0JJU
5642,North Procurement 5642,Boston,Vietnam,Distributor,25,4.7,LSC-S3VKXSNP
5643,Vertex Distributors 5643,San Jose,Germany,Distributor,29,4.6,LSC-54PW1VAO
5644,Prime Wholesale 5644,Los Angeles,Thailand,Distributor,8,2.8,LSC-N6Q2G9ON
5645,Apex Logistics 5645,Miami,China,Manufacturer,11,4.9,LSC-M8Q9LT6U
5646,Quantum Procurement 5646,Portland,Japan,Distributor,9,4.1,LSC-VRN86ELL
5647,East Supply 5647,Philadelphia,Vietnam,Wholesaler,25,3.2,LSC-FF29202A
5648,Blue Logistics 5648,San Francisco,China,Distributor,7,4.8,LSC-GEW1E6JD
5649,Metro Enterprises 5649,San Francisco,India,Wholesaler,9,3.8,LSC-G5CSOAAZ
5650,Blue Logistics 5650,Portland,Canada,Wholesaler,3,4.1,LSC-HIDU506M
5651,West Wholesale 5651,Los Angeles,South Korea,Wholesaler,23,3.6,LSC-DNYZR8Y7
5652,East Retail Supply 5652,Denver,USA,Wholesaler,19,,LSC-IADNCCB2
5653,Metro Partners 5653,Detroit,South Korea,Distributor,27,4.0,LSC-1FH7AM1M
5654,Vertex Procurement 5654,Austin,Thailand,Distributor,21,3.8,LSC-9FVUZTCS
5655,Global Enterprises 5655,Chicago,USA,Wholesaler,27,4.8,LSC-9QZC4S4Q
5656,Blue Industrial 5656,Nashville,Mexico,Wholesaler,12,3.5,LSC-S8U3PFZR
5657,Evergreen Logistics 5657,Boston,Canada,Distributor,5,3.4,LSC-NQH52R69
5658,East Wholesale 5658,Boston,South Korea,Manufacturer,19,2.7,LSC-FT8SADGY
5659,Rapid Partners 5659,Miami,Vietnam,Wholesaler,23,3.2,LSC-QGFJ2DZK
5660,Vertex Trading 5660,Houston,Canada,Manufacturer,3,3.2,LSC-7NRB0MJK
5661,Metro Distributors 5661,Dallas,Mexico,Manufacturer,20,2.6,LSC-TGLFVQUE
5662,United Trading 5662,Detroit,India,Distributor,3,4.8,LSC-8BMC3V33
5663,Apex Wholesale 5663,Phoenix,Mexico,Wholesaler,16,4.3,LSC-9DT2MD6T
5664,West Logistics 5664,Dallas,Mexico,Manufacturer,7,3.1,LSC-US981GRR
5665,Metro Logistics 5665,New York,USA,Manufacturer,21,3.6,LSC-E8TJTL8F
5666,South Logistics 5666,San Jose,Canada,Distributor,29,4.9,LSC-DQE05LVP
5667,Apex Partners 5667,Miami,India,Wholesaler,22,4.7,LSC-OLVOR71Y
5668,Elite Enterprises 5668,Phoenix,India,Wholesaler,16,4.3,LSC-KXBXI4OB
5669,East Distributors 5669,Houston,USA,Manufacturer,30,2.8,LSC-DBAZRX9Q
5670,West Logistics 5670,San Jose,India,Wholesaler,3,3.4,LSC-EY0ERI41
5671,Prime Distributors 5671,Charlotte,Canada,Distributor,23,3.1,LSC-EEL873QE
5672,Elite Industrial 5672,Charlotte,Canada,Distributor,17,4.7,LSC-8CO9BJMT
5673,East Partners 5673,Boston,Japan,Manufacturer,27,4.1,LSC-LXKCJWSO
5674,Rapid Trading 5674,San Jose,Japan,Manufacturer,15,3.9,LSC-9KDP5RO8
5675, South Trading 5675 ,Houston,India,Distributor,12,3.4,LSC-LJZ396DF
5676,Blue Partners 5676,Charlotte,Mexico,Distributor,18,,LSC-4OK8SM0V
5677,West Distributors 5677,New York,Mexico,Manufacturer,11,3.4,LSC-8S45G7IG
5678,Evergreen Wholesale 5678,Seattle,Germany,Manufacturer,13,4.0,LSC-TSR6LM2O
5679,West Wholesale 5679,San Francisco,Canada,Wholesaler,19,4.9,LSC-OSDWAT80
5680,South Logistics 5680,Phoenix,Vietnam,Distributor,15,2.8,LSC-WLEG1NEN
5681,Metro Trading 5681,Dallas,Germany,Wholesaler,3,2.6,LSC-D5Y2PV7W
5682,West Logistics 5682,Columbus,Japan,Manufacturer,2,2.9,LSC-ZI4FLSJN
5683,North Trading 5683,Columbus,India,Wholesaler,8,4.9,LSC-XLCK8O8S
5684,Blue Procurement 5684,San Francisco,China,Wholesaler,12,3.6,LSC-GV1BYRL1
5685,Global Logistics 5685,Dallas,India,Manufacturer,10,4.5,LSC-LUOSVHI2
5686,West Distributors 5686,Detroit,Mexico,Distributor,15,3.9,LSC-ZG35V2A0
5687,Nova Industrial 5687,Detroit,Thailand,Manufacturer,6,,LSC-7FA5RQ8K
5688,Global Logistics 5688,Austin,South Korea,Wholesaler,10,2.6,LSC-RT8ID9SQ
5689,Quantum Wholesale 5689,Miami,Mexico,Wholesaler,30,3.4,LSC-6O6XY8DS
5690,East Wholesale 5690,Portland,Canada,Distributor,12,3.1,LSC-UXE06XE3
5691,Rapid Enterprises 5691,Boston,China,Manufacturer,27,3.6,LSC-GU108YJP
5692,North Enterprises 5692,Los Angeles,Mexico,Distributor,5,3.7,LSC-ANXYLIHC
5693,Blue Enterprises 5693,Atlanta,Germany,Distributor,14,3.1,LSC-1V3Y076X
5694,Metro Retail Supply 5694,Miami,Germany,Wholesaler,15,3.0,LSC-NZCLMCBU
5695, Elite Industrial 5695 ,Houston,South Korea,Manufacturer,7,4.9,LSC-T4JKR3SX
5696,Global Industrial 5696,Atlanta,Vietnam,Manufacturer,12,4.8,LSC-PARQJW72
5697,North Partners 5697,Denver,Thailand,Manufacturer,26,3.5,LSC-J1YLMUIT
5698,East Retail Supply 5698,Nashville,Canada,Wholesaler,12,3.3,LSC-TAGAWPOH
5699,West Procurement 5699,Portland,South Korea,Wholesaler,12,3.9,LSC-EYREHKX6
5700,Summit Partners 5700,Atlanta,Germany,Manufacturer,11,4.6,LSC-I5AQG53S
5701,West Procurement 5701,Atlanta,Thailand,Wholesaler,21,2.7,LSC-XDWN2IEO
5702,Vertex Retail Supply 5702,Seattle,India,Wholesaler,21,3.8,LSC-S2Q1FE2R
5703,East Distributors 5703,Denver,Vietnam,Manufacturer,27,3.0,LSC-LWW4VDSS
5704,Rapid Logistics 5704,Dallas,South Korea,Manufacturer,3,4.4,LSC-AWZVWOBR
5705,Nova Enterprises 5705,Seattle,Thailand,Wholesaler,12,4.4,LSC-ADRGHSBM
5706,Blue Trading 5706,Boston,India,Wholesaler,19,4.4,LSC-MQP8EICF
5707,Global Distributors 5707,Philadelphia,China,Distributor,9,4.2,LSC-ULYWLZHC
5708,Nova Retail Supply 5708,Philadelphia,Mexico,Manufacturer,10,2.5,LSC-AWAKQDKE
5709,Rapid Partners 5709,Detroit,Thailand,Distributor,24,4.8,LSC-I65O5IB9
5710,Vertex Trading 5710,Los Angeles,Vietnam,Manufacturer,3,3.4,LSC-GUHQUSI3
5711,North Industrial 5711,Houston,South Korea,Wholesaler,15,5.0,LSC-VU90ZCQL
5712,Vertex Logistics 5712,Boston,Thailand,Distributor,28,2.8,LSC-ZH36XLBH
5713,Apex Logistics 5713,Philadelphia,South Korea,Manufacturer,11,4.8,LSC-8S88ERTM
5714,Vertex Trading 5714,Detroit,South Korea,Distributor,3,3.0,LSC-M3U5V5T0
5715, Global Partners 5715 ,Philadelphia,Mexico,Distributor,18,4.1,LSC-KQ99QXI1
5716,Metro Retail Supply 5716,Portland,USA,Distributor,9,3.9,LSC-05VLRBB6
5717,Apex Distributors 5717,Los Angeles,China,Distributor,11,3.9,LSC-6E37TD54
5718,United Trading 5718,Chicago,China,Manufacturer,8,,LSC-H89UHLY1
5719,Nova Enterprises 5719,Seattle,Mexico,Wholesaler,17,4.4,LSC-E6DO3ULZ
5720,Blue Supply 5720,Atlanta,China,Manufacturer,22,2.5,LSC-23O40A9Z
5721,Elite Wholesale 5721,Houston,USA,Wholesaler,5,3.8,LSC-UPBI6VDX
5722,Summit Distributors 5722,Portland,Japan,Wholesaler,30,3.9,LSC-EAF87CLA
5723,North Retail Supply 5723,Boston,USA,Wholesaler,23,2.7,LSC-3AW706N3
5724, Vertex Trading 5724 ,Miami,Japan,Manufacturer,9,2.7,LSC-IGHDVV6S
5725,Summit Wholesale 5725,Seattle,Vietnam,Manufacturer,13,4.3,LSC-4I6R81P0
5726,South Distributors 5726,Portland,USA,Distributor,26,4.4,LSC-UP6FY6P0
5727,Metro Supply 5727,Columbus,South Korea,Manufacturer,17,4.3,LSC-Y5IK1B5F
5728,Rapid Logistics 5728,New York,USA,Manufacturer,15,4.3,LSC-60WYYQNC
5729,Summit Industrial 5729,Philadelphia,Japan,Manufacturer,24,3.3,LSC-HU9HN0PJ
5730,Nova Enterprises 5730,Seattle,Japan,Distributor,2,2.6,LSC-0NA7G8IV
5731,Summit Partners 5731,Atlanta,Thailand,Wholesaler,27,3.3,LSC-N8NPA25B
5732,North Enterprises 5732,San Francisco,Germany,Distributor,19,2.6,LSC-01J784KO
5733,Rapid Distributors 5733,San Francisco,South Korea,Manufacturer,16,2.7,LSC-XFIB9SH2
5734,Summit Partners 5734,Miami,Mexico,Wholesaler,27,3.2,LSC-L9BLXGWS
5735,Global Trading 5735,Philadelphia,USA,Distributor,20,4.2,LSC-J9AA9P9U
5736,West Industrial 5736,Portland,Germany,Wholesaler,3,3.1,LSC-8PJ6NK9F
5737,Blue Retail Supply 5737,Nashville,Mexico,Distributor,15,4.6,LSC-S2ZPR38U
5738,Evergreen Partners 5738,San Francisco,Germany,Wholesaler,21,3.6,LSC-54RE6HDE
5739,Elite Supply 5739,Denver,South Korea,Manufacturer,24,5.0,LSC-VTLLEACN
5740,Evergreen Industrial 5740,Denver,Thailand,Wholesaler,4,2.9,LSC-9RRUTSBC
5741,Global Trading 5741,Dallas,Mexico,Manufacturer,29,4.9,LSC-RXB814ZR
5742,United Wholesale 5742,Phoenix,USA,Distributor,13,4.2,LSC-VDN3QF7G
5743,Summit Retail Supply 5743,Los Angeles,USA,Wholesaler,4,3.6,LSC-MFW0T2HC
5744,Vertex Wholesale 5744,Miami,China,Manufacturer,6,3.0,LSC-TXX3ZCS1
5745,Elite Industrial 5745,Phoenix,South Korea,Wholesaler,16,3.8,LSC-RAZZXVKK
5746,South Distributors 5746,Miami,USA,Distributor,14,3.7,LSC-HV0WE0BS
5747,Apex Industrial 5747,Miami,Germany,Distributor,2,4.8,LSC-29PK5RJJ
5748,East Distributors 5748,Denver,Mexico,Distributor,29,4.1,LSC-X318NC6F
5749, East Retail Supply 5749 ,Miami,Mexico,Manufacturer,12,4.0,LSC-EUEDO8SD
5750,Global Partners 5750,Denver,Germany,Manufacturer,11,4.8,LSC-WICFMNLV
5751,Rapid Trading 5751,Portland,Vietnam,Manufacturer,16,3.0,LSC-191LOAP1
5752,Evergreen Wholesale 5752,New York,Canada,Wholesaler,21,2.9,LSC-FNRI3QB2
5753,Vertex Supply 5753,Austin,Japan,Wholesaler,24,4.5,LSC-70DI3IF9
5754,Apex Trading 5754,Denver,Germany,Distributor,24,3.3,LSC-HR6L3ZMB
5755,Summit Retail Supply 5755,Philadelphia,Mexico,Wholesaler,24,3.3,LSC-DG4HSJVN
5756,Apex Wholesale 5756,Atlanta,USA,Manufacturer,21,4.1,LSC-FYTJU0ZB
5757,Elite Supply 5757,Detroit,India,Distributor,20,3.0,LSC-5A8MBQWC
5758,East Distributors 5758,Charlotte,Canada,Distributor,26,4.6,LSC-NYMZT0CN
5759,Metro Wholesale 5759,Los Angeles,South Korea,Distributor,24,4.0,LSC-UXIFJVAC
5760,Apex Partners 5760,New York,Canada,Distributor,3,4.3,LSC-P47EWQQV
5761,Metro Wholesale 5761,Miami,Canada,Wholesaler,14,4.3,LSC-XYVGSVHT
5762,North Partners 5762,New York,Mexico,Wholesaler,5,,LSC-PUW3BLO8
5763,Apex Logistics 5763,Portland,India,Wholesaler,10,3.3,LSC-0GT66FN3
5764,Elite Retail Supply 5764,Portland,Mexico,Distributor,4,3.7,LSC-T4FQGIWA
5765,Elite Retail Supply 5765,New York,Mexico,Manufacturer,7,5.0,LSC-VIO4EG3K
5766,Global Trading 5766,Boston,Vietnam,Distributor,30,2.7,LSC-RAYRHRRW
5767,East Retail Supply 5767,Boston,Japan,Wholesaler,2,3.2,LSC-3J7BT42Z
5768,West Partners 5768,Charlotte,USA,Wholesaler,8,3.4,LSC-VJAZ2EVE
5769,United Procurement 5769,Miami,Vietnam,Manufacturer,28,3.0,LSC-S3A8MBTF
5770,Summit Distributors 5770,Charlotte,Germany,Distributor,29,2.8,LSC-NWH5JZ55
5771,Evergreen Supply 5771,Philadelphia,South Korea,Manufacturer,11,3.9,LSC-TJCFI1L1
5772,East Industrial 5772,Miami,Vietnam,Manufacturer,11,4.8,LSC-AU8HFPAH
5773,Apex Distributors 5773,Nashville,Japan,Distributor,5,5.0,LSC-72SBJHWN
5774,Quantum Distributors 5774,Phoenix,Mexico,Distributor,21,4.0,LSC-PZ4SBSI4
5775,South Retail Supply 5775,Nashville,Canada,Distributor,2,4.5,LSC-KN4AR8D3
5776,Quantum Enterprises 5776,Atlanta,Germany,Manufacturer,29,3.7,LSC-NHVYWU7L
5777,United Trading 5777,Dallas,India,Manufacturer,22,3.2,LSC-WI94LAUS
5778,Evergreen Logistics 5778,Atlanta,Thailand,Distributor,8,4.3,LSC-WF6RD6RT
5779,Elite Retail Supply 5779,Miami,Thailand,Distributor,26,,LSC-NXORT6SG
5780,East Procurement 5780,San Francisco,South Korea,Distributor,5,2.9,LSC-1BDSHC98
5781,West Supply 5781,San Francisco,Thailand,Manufacturer,12,3.3,LSC-OMMW4GH8
5782,North Distributors 5782,Boston,India,Manufacturer,12,2.6,LSC-KIXG21CZ
5783,Vertex Supply 5783,Houston,Japan,Distributor,23,2.8,LSC-ABKLGTP8
5784,East Supply 5784,San Jose,Vietnam,Distributor,5,2.6,LSC-0Z6MU2OK
5785,Nova Procurement 5785,San Francisco,Mexico,Wholesaler,15,3.4,LSC-TKPEZLTJ
5786,West Wholesale 5786,Phoenix,USA,Wholesaler,3,3.4,LSC-EDA9PKVR
5787,West Retail Supply 5787,Houston,Japan,Distributor,20,2.9,LSC-E3OPM3XP
5788,Evergreen Trading 5788,Houston,Vietnam,Manufacturer,23,4.2,LSC-GNN5DFMM
5789,Summit Enterprises 5789,Atlanta,USA,Manufacturer,26,3.9,LSC-G5XTWHXX
5790,South Procurement 5790,Portland,Thailand,Wholesaler,26,3.1,LSC-WWR8H22S
5791,Elite Wholesale 5791,New York,Japan,Manufacturer,17,2.7,LSC-HS6RQYMW
5792,Prime Industrial 5792,Nashville,Japan,Wholesaler,10,4.8,LSC-IHDGHO3Y
5793,Quantum Supply 5793,Austin,Thailand,Manufacturer,20,3.5,LSC-YZA84QAM
5794,Global Trading 5794,Philadelphia,India,Wholesaler,12,2.5,LSC-60AN0JR4
5795,Vertex Wholesale 5795,Atlanta,USA,Wholesaler,17,4.3,LSC-GQIR3SPF
5796,North Procurement 5796,Seattle,Japan,Manufacturer,26,4.5,LSC-4XCLQRPJ
5797,Blue Retail Supply 5797,San Jose,South Korea,Wholesaler,15,3.7,LSC-YSWE7MDX
5798,Global Supply 5798,Columbus,Vietnam,Wholesaler,2,3.1,LSC-8NT5Z1AP
5799,West Supply 5799,Detroit,Japan,Wholesaler,22,3.6,LSC-IZJ8HB3Q
5800,Metro Logistics 5800,Chicago,Canada,Manufacturer,13,2.9,LSC-JX09TI8V
5801,Evergreen Trading 5801,San Jose,Germany,Distributor,3,2.8,LSC-TB95MG9D
5802,Apex Retail Supply 5802,New York,Vietnam,Manufacturer,2,4.8,LSC-8P5PM1N3
5803,Nova Wholesale 5803,NEW YORK,USA,Distributor,14,2.9,LSC-4TQEYBFU
5804,Rapid Trading 5804,Charlotte,Canada,Wholesaler,13,4.5,LSC-FAGT4CA8
5805,Blue Procurement 5805,Detroit,South Korea,Wholesaler,26,2.8,LSC-32VZOFV1
5806,Evergreen Logistics 5806,Houston,India,Manufacturer,19,3.4,LSC-BC1H84YC
5807,North Trading 5807,Denver,Mexico,Wholesaler,11,5.0,LSC-OTT0T151
5808,South Retail Supply 5808,Dallas,Germany,Manufacturer,2,3.6,LSC-UIXKSORQ
5809, Apex Distributors 5809 ,Portland,South Korea,Manufacturer,17,3.5,LSC-E3H2K7R2
5810,Apex Procurement 5810,Denver,Mexico,Manufacturer,5,3.2,LSC-T7LEGV9W
5811,Global Distributors 5811,Los Angeles,Vietnam,Manufacturer,7,3.4,LSC-5UBY4VBZ
5812,Nova Partners 5812,Columbus,Germany,Manufacturer,9,3.3,LSC-5VPAX446
5813,South Wholesale 5813,Portland,India,Distributor,17,2.6,LSC-JBN81SGB
5814,Nova Logistics 5814,Austin,Canada,Manufacturer,23,4.4,LSC-K3HW6QGL
5815,West Enterprises 5815,San Jose,Canada,Wholesaler,9,2.5,LSC-4EJHF2ID
5816,Prime Distributors 5816,Nashville,China,Distributor,8,3.9,LSC-N9SFO8IP
5817,Vertex Enterprises 5817,Boston,China,Manufacturer,8,3.5,LSC-K3NVUFM8
5818,Metro Distributors 5818,Columbus,China,Manufacturer,29,4.1,LSC-WKL2VKSM
5819,Metro Logistics 5819,Philadelphia,Thailand,Manufacturer,5,4.5,LSC-PXC4QD80
5820,Elite Procurement 5820,Miami,Vietnam,Wholesaler,3,3.5,LSC-7BHOKD1Q
5821,Blue Logistics 5821,Phoenix,Vietnam,Wholesaler,4,4.3,LSC-ALL2DPSZ
5822,West Enterprises 5822,Nashville,Germany,Distributor,6,4.5,LSC-WC65PTNY
5823,Quantum Enterprises 5823,Portland,Vietnam,Manufacturer,4,4.2,LSC-GVYE4P4V
5824,North Supply 5824,Atlanta,Canada,Distributor,19,4.7,LSC-J8SFJ2ZE
5825,Prime Distributors 5825,Columbus,South Korea,Wholesaler,15,2.6,LSC-ALB30W8R
5826,Elite Distributors 5826,Houston,Canada,Wholesaler,24,4.9,LSC-JYPAKXAS
5827,Elite Trading 5827,Philadelphia,Canada,Distributor,11,4.2,LSC-2NE8BQQG
5828,United Partners 5828,Seattle,China,Manufacturer,25,4.2,LSC-UAO2UCCV
5829,Rapid Industrial 5829,San Francisco,Germany,Manufacturer,5,2.8,LSC-CKY5KTQ4
5830, Elite Industrial 5830 ,Seattle,USA,Manufacturer,30,4.2,LSC-01ENA4PD
5831,Summit Retail Supply 5831,Chicago,Thailand,Manufacturer,13,3.2,LSC-8S6NVCI5
5832,Evergreen Partners 5832,Houston,Germany,Wholesaler,3,2.6,LSC-GXHUDRZF
5833,North Procurement 5833,Nashville,South Korea,Wholesaler,18,2.7,LSC-M0R9UDH4
5834,South Partners 5834,Portland,China,Wholesaler,12,3.1,LSC-4PFTOI6Y
5835,Summit Logistics 5835,San Jose,South Korea,Wholesaler,4,3.7,LSC-14GRHDLS
5836,Apex Procurement 5836,Los Angeles,Canada,Wholesaler,19,3.2,LSC-HXD09DT8
5837,Apex Partners 5837,San Jose,Japan,Distributor,25,4.5,LSC-VJL3BX7K
5838,United Trading 5838,Dallas,India,Manufacturer,4,2.9,LSC-VM3KFZKH
5839,Apex Wholesale 5839,Los Angeles,USA,Manufacturer,16,3.8,LSC-XDA0BTUX
5840, Nova Supply 5840 ,Columbus,South Korea,Manufacturer,24,4.3,LSC-O9F79OID
5841,Prime Industrial 5841,Seattle,Japan,Manufacturer,18,3.4,LSC-L9KHP6VC
5842,Evergreen Supply 5842,Portland,USA,Distributor,-2,3.5,LSC-PNO2UBS8
5843,Quantum Distributors 5843,Atlanta,Mexico,Wholesaler,27,,LSC-AGBP9GXV
5844,Apex Retail Supply 5844,Phoenix,India,Wholesaler,23,4.8,LSC-I7D1NVP7
5845,Summit Trading 5845,Detroit,USA,Manufacturer,18,4.3,LSC-LQUBWLNF
5846,Global Trading 5846,Seattle,Mexico,Manufacturer,24,4.2,LSC-WAGGABDE
5847,Apex Logistics 5847,Portland,India,Manufacturer,9,3.2,LSC-WMS6FDGD
5848,Rapid Distributors 5848,Houston,USA,Wholesaler,3,3.9,LSC-6AVU7N2V
5849,United Procurement 5849,Austin,Germany,Distributor,28,2.7,LSC-JCTDYEX9
5850,Elite Supply 5850,Austin,Japan,Distributor,19,4.0,LSC-3RLRARV0
5851,Apex Wholesale 5851,Boston,Thailand,Distributor,21,4.8,LSC-JVTP6UNB
5852,Elite Enterprises 5852,Boston,Japan,Distributor,4,4.2,LSC-LUA6M7M1
5853,North Trading 5853,San Francisco,Vietnam,Distributor,11,2.8,LSC-97ZPSWIJ
5854,Quantum Retail Supply 5854,Detroit,India,Distributor,26,4.7,LSC-6XS6YC73
5855,United Wholesale 5855,Boston,Thailand,Manufacturer,26,4.3,LSC-9L879DE6
5856,Nova Partners 5856,Houston,Canada,Manufacturer,14,2.9,LSC-0WN6APOM
5857,Metro Wholesale 5857,Chicago,USA,Wholesaler,20,,LSC-JNO8TNVF
5858,East Industrial 5858,Austin,India,Distributor,4,4.5,LSC-W9OTHU52
5859,Global Wholesale 5859,Los Angeles,Mexico,Manufacturer,19,3.7,LSC-LGTU4L0B
5860,United Distributors 5860,Portland,Vietnam,Distributor,2,,LSC-Q6ULJFA7
5861,Elite Procurement 5861,Phoenix,Canada,Wholesaler,27,2.6,LSC-R49BMOI3
5862,Vertex Distributors 5862,Austin,China,Manufacturer,20,2.6,LSC-VFPGSN11
5863,West Logistics 5863,Columbus,USA,Distributor,10,4.4,LSC-AM1GP8TP
5864,North Supply 5864,Austin,Vietnam,Distributor,12,3.7,LSC-S1WVPFG5
5865,Blue Enterprises 5865,Detroit,China,Wholesaler,18,4.3,LSC-O7JSRYF2
5866,East Retail Supply 5866,Detroit,India,Distributor,24,2.9,LSC-K6M7WRRG
5867,Elite Industrial 5867,Dallas,USA,Wholesaler,27,3.8,LSC-UMP1LMCP
5868,Rapid Enterprises 5868,Nashville,USA,Wholesaler,18,3.1,LSC-J9VVMFT5
5869,United Distributors 5869,Denver,Germany,Distributor,23,,LSC-LS71NT3Y
5870,Prime Retail Supply 5870,Philadelphia,Vietnam,Wholesaler,5,4.0,LSC-RG8SXW0X
5871,Elite Industrial 5871,Houston,Vietnam,Wholesaler,28,4.7,LSC-QN0K3BQM
5872,Elite Distributors 5872,Atlanta,Germany,Manufacturer,22,5.0,LSC-5UJQXU3B
5873,Prime Logistics 5873,Boston,Vietnam,Wholesaler,29,2.7,LSC-4WA1BAR2
5874,East Logistics 5874,Atlanta,USA,Distributor,26,3.4,LSC-4SCZLSR9
5875,Metro Logistics 5875,New York,Mexico,Distributor,30,4.1,LSC-TV0TJH9A
5876,East Industrial 5876,New York,Thailand,Manufacturer,9,4.7,LSC-GB3KEFNC
5877,Prime Retail Supply 5877,San Jose,Canada,Distributor,7,4.8,LSC-0RPP4XR1
5878,Quantum Industrial 5878,Boston,Mexico,Manufacturer,30,2.9,LSC-MXT58CXP
5879,Global Retail Supply 5879,Dallas,Thailand,Wholesaler,3,4.9,LSC-EV23U50V
5880,Prime Logistics 5880,Dallas,India,Manufacturer,9,2.9,LSC-OWOZMLBW
5881,Prime Industrial 5881,Nashville,Vietnam,Wholesaler,23,,LSC-FMVEF8W4
5882,Summit Supply 5882,Philadelphia,Vietnam,Distributor,28,,LSC-JYIUFPEX
5883,Metro Industrial 5883,Los Angeles,USA,Manufacturer,5,4.5,LSC-Q3LDP5FK
5884,Quantum Enterprises 5884,San Jose,USA,Distributor,11,4.2,LSC-SZ9JXP1U
5885,United Retail Supply 5885,Houston,Japan,Manufacturer,17,4.2,LSC-N9YWT15J
5886,Blue Procurement 5886,San Francisco,USA,Wholesaler,23,2.6,LSC-DK5AKAD9
5887,United Industrial 5887,San Francisco,India,Distributor,20,4.9,LSC-DGWZI1SH
5888,Quantum Procurement 5888,Detroit,Thailand,Distributor,3,2.7,LSC-BPXWZNU8
5889,Rapid Trading 5889,San Francisco,South Korea,Manufacturer,26,2.8,LSC-NQWF3NWV
5890,Quantum Logistics 5890,Miami,Canada,Manufacturer,2,3.9,LSC-AVLVXS3X
5891,Evergreen Enterprises 5891,Charlotte,USA,Wholesaler,8,5.0,LSC-SVZ9E3ET
5892,East Trading 5892,Seattle,Germany,Manufacturer,19,4.9,LSC-VI399GNV
5893,North Logistics 5893,Nashville,South Korea,Wholesaler,9,3.4,LSC-JWRQ5KGT
5894,Apex Wholesale 5894,Atlanta,Vietnam,Wholesaler,22,4.3,LSC-BEBSYL69
5895,Evergreen Trading 5895,San Jose,Thailand,Wholesaler,6,3.6,LSC-TUPUSQSB
5896, Vertex Supply 5896 ,Denver,Japan,Wholesaler,5,4.2,LSC-DP3UWHWN
5897,Metro Logistics 5897,Denver,South Korea,Manufacturer,18,3.7,LSC-I2XFLZKX
5898,Vertex Distributors 5898,Miami,Japan,Distributor,28,3.4,LSC-MZITOTBB
5899,South Logistics 5899,San Francisco,USA,Manufacturer,5,2.8,LSC-GQCSPD7X
5900,Global Trading 5900,New York,Canada,Manufacturer,30,,LSC-MEXLDWTH
5901,Nova Enterprises 5901,Boston,USA,Manufacturer,27,4.6,LSC-R2S9I69Z
5902,Prime Wholesale 5902,Portland,India,Wholesaler,18,3.3,LSC-XNMT3C1W
5903,South Wholesale 5903,Philadelphia,China,Wholesaler,2,2.7,LSC-UHU2ERET
5904,Elite Supply 5904,Charlotte,China,Wholesaler,21,3.4,LSC-491JJRKI
5905,South Trading 5905,Seattle,Canada,Distributor,6,2.8,LSC-OG9TQFQH
5906,East Procurement 5906,Austin,India,Wholesaler,20,3.0,LSC-2E8098I9
5907,Evergreen Wholesale 5907,Los Angeles,Germany,Manufacturer,27,3.3,LSC-FBVABWZ8
5908,Evergreen Procurement 5908,Los Angeles,USA,Distributor,8,4.6,LSC-QIAG5N2G
5909,Apex Retail Supply 5909,Chicago,Thailand,Wholesaler,17,3.4,LSC-NJSTEZ7S
5910,Prime Supply 5910,Phoenix,Canada,Wholesaler,4,4.7,LSC-PXHU2H7V
5911, East Industrial 5911 ,Miami,USA,Distributor,23,4.1,LSC-L78FPYA4
5912,South Partners 5912,Charlotte,Germany,Manufacturer,15,2.5,LSC-QZKXEAQR
5913,Blue Trading 5913,Denver,Mexico,Manufacturer,23,3.9,LSC-FIIGWSES
5914,North Supply 5914,Denver,China,Manufacturer,10,2.8,LSC-95XNF2JS
5915,Nova Retail Supply 5915,Austin,India,Distributor,24,3.7,LSC-NLAQXUIE
5916,Nova Partners 5916,Phoenix,Mexico,Wholesaler,22,3.3,LSC-AT09CLUJ
5917,Rapid Supply 5917,Boston,India,Manufacturer,15,4.8,LSC-4H4MX91U
5918,United Wholesale 5918,Charlotte,South Korea,Distributor,2,2.9,LSC-R0061ALV
5919,South Trading 5919,Seattle,Germany,Distributor,26,3.4,LSC-BSVODB5Q
5920,North Trading 5920,Los Angeles,Canada,Distributor,7,4.6,LSC-6P5ZX7MN
5921,Vertex Partners 5921,Nashville,Vietnam,Wholesaler,28,3.9,LSC-36WDPCSU
5922,Apex Trading 5922,Columbus,Japan,Manufacturer,24,4.5,LSC-MYD15IJP
5923,United Supply 5923,San Jose,Japan,Distributor,28,3.9,LSC-ATAD01ER
5924,Nova Retail Supply 5924,New York,USA,Wholesaler,3,2.7,LSC-EN74IW92
5925,Global Partners 5925,Miami,USA,Wholesaler,19,,LSC-QV55Y5I4
5926,Blue Wholesale 5926,Miami,Mexico,Manufacturer,2,2.8,LSC-KOUOTP3W
5927,Global Distributors 5927,Boston,India,Manufacturer,12,2.9,LSC-UP2QHAG7
5928,Vertex Trading 5928,San Jose,Thailand,Distributor,29,,LSC-L6GW0Z69
5929,United Procurement 5929,Denver,Thailand,Wholesaler,23,4.8,LSC-WERP5P9C
5930,Vertex Retail Supply 5930,Dallas,Thailand,Wholesaler,12,3.9,LSC-HJJWRT0B
5931,Metro Industrial 5931,Phoenix,Vietnam,Distributor,12,3.9,LSC-9POT7U4Y
5932,Global Distributors 5932,Boston,Canada,Distributor,19,4.8,LSC-1B9R1I5Z
5933,Rapid Industrial 5933,Austin,USA,Manufacturer,4,,LSC-2MFRG63L
5934,Metro Procurement 5934,Boston,South Korea,Wholesaler,17,3.7,LSC-8CLPXRTU
5935,Metro Procurement 5935,San Jose,USA,Manufacturer,18,3.0,LSC-RTJV9ZOO
5936,Quantum Enterprises 5936,Chicago,USA,Wholesaler,11,3.3,LSC-M4IZEJSX
5937,Blue Logistics 5937,Dallas,India,Distributor,17,3.2,LSC-6LUMVLLY
5938,Summit Industrial 5938,Seattle,Japan,Distributor,16,4.3,LSC-AESVVJJS
5939,Quantum Supply 5939,Boston,Canada,Manufacturer,18,4.0,LSC-CNOASROE
5940,Global Partners 5940,Phoenix,Mexico,Manufacturer,19,0.0,LSC-3WBYGHSF
5941,Apex Procurement 5941,Philadelphia,China,Manufacturer,2,4.6,LSC-ZORCGR42
5942,South Industrial 5942,Atlanta,Japan,Manufacturer,25,2.8,LSC-RIOVTNVH
5943,Blue Partners 5943,Miami,Mexico,Wholesaler,9,,LSC-OF2SGHUV
5944,South Distributors 5944,Philadelphia,Canada,Distributor,19,4.9,LSC-HBGWNJLV
5945,West Logistics 5945,San Jose,Thailand,Manufacturer,6,4.1,LSC-TLX06Y9D
5946,United Enterprises 5946,New York,Mexico,Manufacturer,25,4.4,LSC-6DZIWF9T
5947,Metro Retail Supply 5947,Houston,South Korea,Distributor,29,4.3,LSC-ZFQKIDCA
5948,East Wholesale 5948,Los Angeles,USA,Wholesaler,29,3.2,LSC-3OCI9UY0
5949,Rapid Industrial 5949,Los Angeles,USA,Distributor,5,3.4,LSC-0V1RUMXX
5950, Global Wholesale 5950 ,Charlotte,South Korea,Manufacturer,30,5.0,LSC-WBHXP3H0
5951,North Retail Supply 5951,Austin,South Korea,Distributor,7,3.9,LSC-UH7CF2Z7
5952,Vertex Industrial 5952,Denver,Japan,Manufacturer,23,4.5,LSC-R1MYGYAZ
5953,West Trading 5953,New York,South Korea,Distributor,5,4.0,LSC-JY4KSTK5
5954,Metro Trading 5954,Denver,USA,Manufacturer,15,,LSC-BYY2VDZI
5955,Nova Wholesale 5955,Detroit,USA,Manufacturer,7,4.8,LSC-GS3TAAD2
5956,Vertex Industrial 5956,Boston,Thailand,Distributor,23,3.9,LSC-2SEAO8RO
5957,Nova Trading 5957,Columbus,Mexico,Distributor,21,3.2,LSC-1FMS898C
5958,Summit Enterprises 5958,Los Angeles,Germany,Manufacturer,4,5.0,LSC-ZO5NQR81
5959,Apex Trading 5959,Boston,India,Manufacturer,8,5.0,LSC-PWKWXXW6
5960,Global Trading 5960,Atlanta,Mexico,Wholesaler,13,2.5,LSC-N1B9DYQ8
5961,Rapid Supply 5961,Portland,Vietnam,Distributor,27,3.5,LSC-IQ45SOX9
5962,North Trading 5962,Phoenix,Japan,Wholesaler,28,4.6,LSC-V8V9WY6I
5963,Nova Trading 5963,Atlanta,India,Manufacturer,21,,LSC-RGO9PV7Q
5964,South Supply 5964,Austin,Mexico,Wholesaler,5,4.0,LSC-4507XT2C
5965,Elite Enterprises 5965,Nashville,China,Wholesaler,8,3.2,LSC-DL7N1FEQ
5966,Nova Wholesale 5966,Los Angeles,China,Wholesaler,22,4.1,LSC-57SKWEQY
5967,Metro Industrial 5967,San Francisco,Germany,Distributor,30,5.0,LSC-3UPP1JHJ
5968,United Retail Supply 5968,Chicago,India,Manufacturer,16,3.3,LSC-775S9Y8C
5969,Summit Procurement 5969,Houston,South Korea,Distributor,18,3.9,LSC-GD6B16IK
5970,Blue Supply 5970,Dallas,China,Manufacturer,7,2.6,LSC-IEOWUF75
5971,Metro Industrial 5971,New York,Germany,Distributor,25,4.8,LSC-0577IFH9
5972,Prime Supply 5972,Phoenix,Thailand,Distributor,27,3.0,LSC-TLEJB4ED
5973,Evergreen Partners 5973,Austin,South Korea,Distributor,3,2.6,LSC-J4YSFQPA
5974,Apex Enterprises 5974,New York,Canada,Distributor,29,4.3,LSC-QVVA2JLY
5975,Apex Supply 5975,Dallas,Japan,Distributor,26,4.9,LSC-P5WQFYR5
5976,Quantum Trading 5976,Nashville,South Korea,Distributor,18,3.0,LSC-6KIJCGT1
5977,Prime Partners 5977,Denver,Vietnam,Distributor,15,3.2,LSC-FA2LW8E9
5978,East Trading 5978,Columbus,India,Manufacturer,30,4.8,LSC-8VO784KQ
5979,Nova Partners 5979,San Francisco,Mexico,Distributor,10,2.8,LSC-4EP7CGNI
5980,Vertex Enterprises 5980,Detroit,USA,Manufacturer,8,4.2,LSC-GZJKFAMF
5981,Summit Supply 5981,Denver,South Korea,Wholesaler,7,3.5,LSC-RS1WAQNE
5982,Blue Partners 5982,Philadelphia,India,Wholesaler,24,3.5,LSC-XXVKB363
5983,Global Wholesale 5983,Charlotte,India,Distributor,26,3.6,LSC-92VDR8AL
5984,Global Wholesale 5984,Philadelphia,Vietnam,Wholesaler,8,4.1,LSC-19SG6BYH
5985,Global Distributors 5985,Houston,Mexico,Manufacturer,3,3.9,LSC-B835E8A4
5986,East Industrial 5986,San Jose,Thailand,Distributor,5,3.3,LSC-6DS4PKBC
5987,Elite Wholesale 5987,Boston,Thailand,Distributor,29,2.8,LSC-MYN6SBRU
5988,Quantum Logistics 5988,Dallas,Mexico,Wholesaler,7,4.8,LSC-0BTHESQZ
5989,East Industrial 5989,San Francisco,Thailand,Distributor,11,3.1,LSC-VHJFK6OL
5990,Apex Enterprises 5990,Miami,India,Manufacturer,18,3.2,LSC-GAWA0I98
5991,Vertex Retail Supply 5991,Los Angeles,USA,Manufacturer,21,3.6,LSC-APXJIFD8
5992,Metro Procurement 5992,Los Angeles,China,Distributor,18,4.3,LSC-AJGHMKM8
5993,Blue Trading 5993,Miami,China,Manufacturer,7,4.2,LSC-XEDK0I0U
5994,Quantum Trading 5994,Detroit,India,Manufacturer,20,4.8,LSC-ZUDM63FZ
5995,Elite Partners 5995,Boston,Japan,Distributor,22,4.6,LSC-SDETN3HO
5996,Nova Trading 5996,Boston,Canada,Wholesaler,23,2.8,LSC-D9YH1LIV
5997,Evergreen Logistics 5997,New York,USA,Manufacturer,12,4.3,LSC-JWIFTPA1
5998,Elite Wholesale 5998,Charlotte,South Korea,Wholesaler,19,4.6,LSC-DB71KQ8X
5999,West Enterprises 5999,San Jose,Thailand,Manufacturer,28,4.0,LSC-SN5SRKI3
6000,East Procurement 6000,Phoenix,Thailand,Manufacturer,12,4.4,LSC-UCUOFG9L
6001,Global Trading 6001,Houston,Mexico,Distributor,27,3.3,LSC-VMH9HH4C
6002,East Procurement 6002,Philadelphia,Canada,Manufacturer,12,2.7,LSC-J18VG7OC
6003,South Trading 6003,Houston,India,Manufacturer,11,3.4,LSC-GXKLSPO3
6004,Nova Retail Supply 6004,Houston,China,Manufacturer,5,3.6,LSC-T3RY6MXT
6005,Elite Distributors 6005,San Francisco,India,Manufacturer,3,4.8,LSC-NDBW275H
6006,Elite Distributors 6006,Denver,Canada,Wholesaler,11,3.7,LSC-CLT8CWD1
6007,Vertex Enterprises 6007,Boston,Thailand,Distributor,22,2.8,LSC-9YCCPNP8
6008,North Trading 6008,Phoenix,USA,Wholesaler,19,4.3,LSC-RSCMJ6M8
6009,Prime Retail Supply 6009,Nashville,Mexico,Manufacturer,22,4.7,LSC-8XZUDG5G
6010,Quantum Supply 6010,Portland,Mexico,Manufacturer,2,2.8,LSC-2DHW5OKH
6011,Vertex Retail Supply 6011,Dallas,USA,Distributor,9,2.5,LSC-AIBY1G9S
6012,Apex Trading 6012,San Francisco,Vietnam,Manufacturer,2,4.7,LSC-WS8S604C
6013,Evergreen Enterprises 6013,Austin,South Korea,Distributor,8,4.2,LSC-OOJ3JX7E
6014,Vertex Industrial 6014,Los Angeles,Thailand,Manufacturer,14,2.9,LSC-FDTVE10H
6015,Global Supply 6015,Seattle,China,Wholesaler,23,3.9,LSC-F5MEVZS1
6016,Blue Distributors 6016,Phoenix,USA,Wholesaler,5,2.6,LSC-V56DYY6Z
6017,Metro Retail Supply 6017,New York,Canada,Manufacturer,24,2.9,LSC-OI6ZVQF0
6018,Prime Enterprises 6018,San Francisco,Japan,Wholesaler,28,3.3,LSC-LWK6ZXTP
6019,Blue Logistics 6019,Columbus,Vietnam,Distributor,3,3.0,LSC-OO4OUAAW
6020,Prime Trading 6020,San Jose,China,Manufacturer,23,3.7,LSC-XO5Q5IGE
6021,Metro Logistics 6021,Miami,Mexico,Distributor,9,4.6,LSC-YRLR0AC3
6022,Rapid Logistics 6022,Houston,Japan,Wholesaler,11,3.9,LSC-DPE0CTF7
6023,North Distributors 6023,Portland,Mexico,Wholesaler,14,4.6,LSC-61W0PN4Q
6024,Summit Industrial 6024,Austin,Canada,Manufacturer,23,4.0,LSC-MMASXHA4
6025,Evergreen Retail Supply 6025,Portland,Canada,Wholesaler,10,3.0,LSC-6KV94YB4
6026,West Retail Supply 6026,San Jose,Germany,Distributor,4,,LSC-QSZ4A1XF
6027,Rapid Distributors 6027,Portland,Germany,Wholesaler,3,,LSC-PVKFN63B
6028,Quantum Industrial 6028,Houston,Thailand,Manufacturer,27,2.9,LSC-RZHXKA7U
6029,Global Distributors 6029,Seattle,USA,Manufacturer,15,4.5,LSC-3LURZ41E
6030,Apex Procurement 6030,Miami,China,Manufacturer,25,4.2,LSC-0GD2UKQO
6031,Apex Wholesale 6031,Nashville,Japan,Wholesaler,15,2.9,LSC-4ZKRWAYE
6032,North Enterprises 6032,Nashville,USA,Manufacturer,24,4.0,LSC-WMBJI4XV
6033,Evergreen Supply 6033,Austin,Canada,Wholesaler,9,4.8,LSC-24M9RABP
6034,Evergreen Supply 6034,Detroit,China,Distributor,30,3.1,LSC-URLEAU6U
6035, Metro Distributors 6035 ,San Jose,China,Manufacturer,15,,LSC-4YSLCJNI
6036,Elite Retail Supply 6036,Austin,Germany,Manufacturer,9,4.0,LSC-YUBEZ5IF
6037,Blue Partners 6037,Nashville,Canada,Manufacturer,26,,LSC-EXCRH6SB
6038,Vertex Industrial 6038,Philadelphia,Germany,Distributor,12,3.2,LSC-1AW77OXT
6039,Evergreen Industrial 6039,Philadelphia,Mexico,Distributor,24,5.0,LSC-U2C3WUZN
6040,South Partners 6040,Detroit,USA,Manufacturer,4,3.9,LSC-4DWC9BL4
6041,Elite Retail Supply 6041,Nashville,Japan,Wholesaler,14,2.8,LSC-38R3YHSE
6042,Nova Partners 6042,Chicago,Germany,Manufacturer,9,4.2,LSC-08VM4KCX
6043,Rapid Logistics 6043,San Francisco,Vietnam,Wholesaler,9,2.6,LSC-EDZ03YPO
6044,Blue Partners 6044,Nashville,Germany,Distributor,30,4.0,LSC-7WAO58JF
6045,Vertex Retail Supply 6045,San Jose,South Korea,Wholesaler,17,4.8,LSC-3WHNEAYT
6046,East Enterprises 6046,Miami,Mexico,Wholesaler,17,2.8,LSC-ELDXDTHZ
6047,Metro Supply 6047,Columbus,South Korea,Wholesaler,4,4.4,LSC-QZA7PEEB
6048,Nova Distributors 6048,San Francisco,India,Wholesaler,14,3.9,LSC-E032FYVW
6049,Evergreen Enterprises 6049,Portland,Thailand,Distributor,10,4.6,LSC-W21ZWS4N
6050,Apex Enterprises 6050,Atlanta,India,Wholesaler,26,4.4,LSC-9NJSOO0B
6051,Apex Wholesale 6051,Nashville,Canada,Distributor,12,4.4,LSC-6RIV8MNJ
6052, West Retail Supply 6052 ,Los Angeles,India,Wholesaler,17,4.0,LSC-YRRV501E
6053,Rapid Wholesale 6053,Los Angeles,Germany,Manufacturer,20,4.6,LSC-LZIKQJMK
6054,North Trading 6054,Seattle,Germany,Manufacturer,11,4.2,LSC-7EBGBGCH
6055,Nova Wholesale 6055,Los Angeles,South Korea,Wholesaler,30,3.6,LSC-SCMQCNEQ
6056,Vertex Enterprises 6056,Phoenix,Germany,Manufacturer,25,3.5,LSC-TQ9XUNAI
6057,Metro Partners 6057,San Jose,Mexico,Wholesaler,24,4.9,LSC-AUQI3T9R
6058,Vertex Industrial 6058,Phoenix,Thailand,Wholesaler,8,4.9,LSC-88UTM4GV
6059,Apex Partners 6059,Philadelphia,Canada,Wholesaler,5,-1.0,LSC-AG4UQQAH
6060,Metro Logistics 6060,Denver,Mexico,Distributor,27,4.4,LSC-NOT8SIS9
6061,South Distributors 6061,Los Angeles,South Korea,Manufacturer,13,3.7,LSC-JW3E1AUO
6062,Global Partners 6062,Nashville,Thailand,Distributor,19,4.9,LSC-X99ZFE8D
6063, United Partners 6063 ,Boston,Mexico,Manufacturer,3,2.8,LSC-9MWBY97H
6064,Quantum Enterprises 6064,Charlotte,Vietnam,Distributor,28,4.0,LSC-C5BLAPER
6065,Vertex Partners 6065,Charlotte,China,Manufacturer,20,3.8,LSC-THERGBY0
6066,Summit Industrial 6066,Boston,Thailand,Manufacturer,13,3.1,LSC-V1O3TO7C
6067,Elite Enterprises 6067,Phoenix,Japan,Wholesaler,19,4.6,LSC-AEWNT0HI
6068,Quantum Supply 6068,New York,Japan,Wholesaler,8,3.6,LSC-OB35LH5K
6069,South Distributors 6069,New York,Thailand,Manufacturer,15,3.8,LSC-3WR17IQ7
6070,Summit Trading 6070,Chicago,Vietnam,Wholesaler,3,4.8,LSC-EBKM7QXI
6071,Blue Wholesale 6071,New York,Vietnam,Distributor,28,3.7,LSC-ATN8SC1A
6072,South Wholesale 6072,San Francisco,Japan,Distributor,22,3.6,LSC-58GDVTLI
6073,Elite Distributors 6073,Dallas,Mexico,Distributor,17,3.0,LSC-MMTFHSFS
6074,Global Partners 6074,San Francisco,Mexico,Distributor,16,3.5,LSC-7XHGUODI
6075,Quantum Supply 6075,Phoenix,USA,Wholesaler,11,,LSC-X73762G9
6076,East Industrial 6076,Los Angeles,Vietnam,Wholesaler,18,3.8,LSC-O3M4RFU3
6077,Summit Supply 6077,Denver,Canada,Manufacturer,11,2.7,LSC-Q449GDPO
6078,Evergreen Trading 6078,Houston,Vietnam,Manufacturer,22,3.5,LSC-M3TC2SCY
6079,North Supply 6079,Dallas,Mexico,Distributor,22,2.6,LSC-47G51M92
6080,West Wholesale 6080,Atlanta,USA,Manufacturer,18,3.7,LSC-L5KUZIXU
6081,East Supply 6081,Phoenix,Germany,Distributor,7,3.3,LSC-BDN7QX2H
6082,Nova Wholesale 6082,Houston,USA,Manufacturer,11,4.5,LSC-LQUN5CJ2
6083,Quantum Enterprises 6083,Columbus,USA,Distributor,20,3.9,LSC-ODY30RYY
6084,Blue Logistics 6084,Nashville,Germany,Manufacturer,26,3.2,LSC-KMC31OS3
6085,Evergreen Procurement 6085,Detroit,South Korea,Wholesaler,27,3.3,LSC-JZGL1VE3
6086,Rapid Supply 6086,Denver,Thailand,Wholesaler,28,3.4,LSC-FCAR5LA3
6087,Apex Wholesale 6087,Portland,Thailand,Distributor,23,4.2,LSC-KOVFZKIJ
6088,Rapid Enterprises 6088,Nashville,Mexico,Distributor,12,3.6,LSC-PK033XBI
6089,Global Enterprises 6089,Detroit,USA,Distributor,7,4.0,LSC-NQTFOCS5
6090,Quantum Enterprises 6090,New York,India,Manufacturer,10,2.6,LSC-EUL52E63
6091,Global Distributors 6091,Seattle,China,Wholesaler,3,4.4,LSC-2IOIVTSV
6092,North Retail Supply 6092,San Jose,Mexico,Distributor,14,3.7,LSC-8JS5Y693
6093,Apex Wholesale 6093,CHICAGO,Vietnam,Manufacturer,21,2.5,LSC-G6XO6PB1
6094,North Logistics 6094,Miami,Vietnam,Distributor,10,4.3,LSC-631JECCO
6095,Global Enterprises 6095,Portland,USA,Distributor,22,2.6,LSC-MWBG12DM
6096,South Distributors 6096,Los Angeles,Thailand,Distributor,10,,LSC-3JP192IU
6097,Summit Wholesale 6097,San Jose,USA,Wholesaler,11,2.6,LSC-CLJW4RBX
6098,Quantum Industrial 6098,Atlanta,Germany,Distributor,12,3.8,LSC-L8JPDVF4
6099,Rapid Supply 6099,New York,South Korea,Wholesaler,15,4.1,LSC-U98DGXYA
6100,Quantum Supply 6100,Charlotte,South Korea,Wholesaler,24,3.7,LSC-ZKS77E8Q
6101,Prime Trading 6101,Atlanta,Canada,Wholesaler,3,4.7,LSC-5IMX3S1Z
6102,Blue Wholesale 6102,Chicago,Japan,Manufacturer,16,2.6,LSC-VKV5CCJC
6103,Global Retail Supply 6103,Houston,Thailand,Distributor,30,3.5,LSC-DZ15LOCO
6104,Global Industrial 6104,Austin,Thailand,Wholesaler,29,,LSC-RALTEE3Q
6105,United Wholesale 6105,Austin,Japan,Distributor,19,4.1,LSC-Z5R1C20S
6106,Evergreen Distributors 6106,Charlotte,India,Distributor,28,4.2,LSC-TPI98MEL
6107,South Retail Supply 6107,Philadelphia,South Korea,Wholesaler,-12,3.6,LSC-XA6K56P0
6108,Elite Enterprises 6108,Chicago,Thailand,Wholesaler,4,4.8,LSC-HAW6FKP4
6109,North Enterprises 6109,Charlotte,Mexico,Distributor,20,4.9,LSC-QSWUA9US
6110,Blue Retail Supply 6110,New York,Mexico,Wholesaler,10,2.8,LSC-IVZPYKU5
6111,West Supply 6111,Seattle,Vietnam,Wholesaler,19,3.1,LSC-DI5CM15B
6112,United Supply 6112,Philadelphia,Thailand,Wholesaler,18,3.3,LSC-7S19NYZK
6113, United Wholesale 6113 ,New York,Japan,Manufacturer,5,4.9,LSC-9F39H1IM
6114,Prime Trading 6114,Denver,Japan,Wholesaler,16,2.7,LSC-41J6RWTE
6115,Blue Enterprises 6115,Austin,Vietnam,Wholesaler,22,4.3,LSC-LX2R36L7
6116,Elite Supply 6116,Austin,Mexico,Wholesaler,15,2.7,LSC-ZPJDJK0X
6117,United Logistics 6117,San Jose,India,Manufacturer,12,3.2,LSC-QDLRSBLS
6118,Summit Retail Supply 6118,Nashville,Canada,Distributor,17,4.1,LSC-OP786C4V
6119,Summit Distributors 6119,Los Angeles,Mexico,Manufacturer,21,3.3,LSC-GTIZ7GLZ
6120,Elite Partners 6120,Atlanta,South Korea,Wholesaler,30,3.2,LSC-EPZZ9NDX
6121,Metro Partners 6121,Phoenix,Thailand,Manufacturer,26,2.9,LSC-OWH1SIJ5
6122,Elite Supply 6122,San Francisco,Vietnam,Wholesaler,6,5.0,LSC-0KT5F3QV
6123,Metro Partners 6123,San Jose,China,Manufacturer,13,2.7,LSC-SU5W45QC
6124,East Wholesale 6124,Portland,Mexico,Manufacturer,21,2.7,LSC-QA16P7JZ
6125,Global Retail Supply 6125,Houston,Japan,Wholesaler,18,3.6,LSC-ACHLFAPM
6126,Elite Enterprises 6126,Houston,Canada,Wholesaler,9,5.8,LSC-XGYLTMTG
6127,Blue Wholesale 6127,Phoenix,India,Manufacturer,18,4.8,LSC-VL133JBW
6128,Nova Wholesale 6128,Austin,Canada,Manufacturer,30,4.7,LSC-6O6L2DIB
6129,Nova Trading 6129,New York,China,Distributor,19,2.6,LSC-LD1GVKNZ
6130,West Retail Supply 6130,Portland,Thailand,Wholesaler,4,3.7,LSC-8MLXSKOU
6131,Blue Industrial 6131,Phoenix,Thailand,Wholesaler,18,3.3,LSC-3FE8FGKV
6132,West Partners 6132,Seattle,South Korea,Distributor,28,3.1,LSC-HPMX721C
6133,Rapid Procurement 6133,Phoenix,Vietnam,Wholesaler,24,2.8,LSC-ZFE4WDR8
6134,Global Supply 6134,Chicago,South Korea,Manufacturer,28,2.9,LSC-BM04YQXJ
6135,United Trading 6135,Houston,Thailand,Manufacturer,4,3.9,LSC-UTNBELOJ
6136,Elite Supply 6136,San Francisco,South Korea,Manufacturer,14,3.3,LSC-HEVBTMAU
6137,Quantum Industrial 6137,Dallas,Vietnam,Manufacturer,17,4.8,LSC-A1Z6OFTG
6138,Apex Procurement 6138,New York,India,Manufacturer,13,3.1,LSC-O5DHUSJ9
6139,Nova Distributors 6139,San Jose,Japan,Distributor,10,3.2,LSC-9ZF1J3L9
6140,West Enterprises 6140,Detroit,China,Distributor,7,3.6,LSC-126483DX
6141,Prime Partners 6141,Dallas,Germany,Distributor,23,4.0,LSC-5TQH61X4
6142,Prime Trading 6142,Phoenix,Thailand,Manufacturer,4,4.1,LSC-M98LNX8I
6143,Metro Industrial 6143,Austin,South Korea,Manufacturer,4,2.6,LSC-92Q05Z0W
6144,West Trading 6144,Phoenix,China,Wholesaler,11,3.5,LSC-NR6BAEDV
6145,Quantum Supply 6145,Denver,Canada,Distributor,18,4.6,LSC-X1OSG1QB
6146,Summit Logistics 6146,Denver,USA,Wholesaler,22,4.3,LSC-N4F56PY4
6147,Evergreen Logistics 6147,Seattle,Mexico,Wholesaler,7,4.4,LSC-9TQGCHGR
6148,Apex Wholesale 6148,New York,Germany,Wholesaler,11,3.3,LSC-KXAMKJ3G
6149,Apex Industrial 6149,Portland,India,Manufacturer,28,2.8,LSC-CFG1HQGA
6150, Nova Logistics 6150 ,Atlanta,Germany,Wholesaler,28,3.7,LSC-N2W3MNV2
6151,Evergreen Partners 6151,Dallas,USA,Distributor,25,4.5,LSC-RUNVR160
6152,Nova Distributors 6152,Atlanta,South Korea,Wholesaler,2,2.5,LSC-2Y3DPH1X
6153,Elite Enterprises 6153,Seattle,USA,Wholesaler,26,2.8,LSC-G402J1NK
6154,Quantum Retail Supply 6154,Austin,Vietnam,Manufacturer,23,4.2,LSC-MZAXRXK0
6155,Vertex Trading 6155,Los Angeles,India,Distributor,20,3.5,LSC-4F0KSMRV
6156,Evergreen Enterprises 6156,Boston,Thailand,Manufacturer,4,4.4,LSC-KKPYULPB
6157,West Procurement 6157,Miami,South Korea,Manufacturer,21,3.2,LSC-LQJEXGFV
6158,Vertex Partners 6158,Denver,China,Wholesaler,23,4.9,LSC-V7SCZM3Z
6159,Blue Logistics 6159,Portland,Thailand,Distributor,3,4.6,LSC-PVENK1BK
6160,East Retail Supply 6160,Nashville,Japan,Wholesaler,3,3.8,LSC-AZNRSFU0
6161,United Logistics 6161,Phoenix,South Korea,Manufacturer,26,4.6,LSC-JV9KLF2N
6162,Vertex Procurement 6162,Austin,Germany,Distributor,7,4.6,LSC-KW0FV207
6163,Summit Supply 6163,Miami,India,Manufacturer,8,2.6,LSC-OK340RWX
6164,West Wholesale 6164,Nashville,Japan,Manufacturer,18,3.3,LSC-W6S8Q8NX
6165,Quantum Industrial 6165,Denver,Japan,Wholesaler,21,4.4,LSC-UMHWFU9T
6166,Blue Enterprises 6166,Miami,Vietnam,Manufacturer,3,,LSC-S4OMG7ZT
6167,Metro Procurement 6167,San Jose,Thailand,Wholesaler,3,3.4,LSC-6BNTYAL5
6168,Elite Supply 6168,Phoenix,Japan,Wholesaler,26,3.2,LSC-EERI5KN0
6169,Nova Trading 6169,Charlotte,South Korea,Distributor,19,4.9,LSC-0TBAIZFG
6170,Quantum Procurement 6170,New York,Mexico,Manufacturer,10,3.3,LSC-ZARZ83XP
6171,Prime Partners 6171,Los Angeles,USA,Distributor,6,2.5,LSC-X6JFN7SO
6172,Prime Logistics 6172,Portland,South Korea,Manufacturer,22,3.5,LSC-EFBGYEWS
6173,Quantum Wholesale 6173,Austin,South Korea,Distributor,4,3.7,LSC-SZRENENE
6174,South Enterprises 6174,Philadelphia,Germany,Wholesaler,30,3.5,LSC-ABQTYHAE
6175,Prime Partners 6175,Miami,China,Wholesaler,20,4.6,LSC-F7BA0N68
6176,Blue Partners 6176,San Jose,India,Manufacturer,22,4.5,LSC-WJLN4UPX
6177,South Enterprises 6177,Phoenix,China,Wholesaler,14,4.2,LSC-YUCO10OX
6178,Elite Retail Supply 6178,Austin,Canada,Distributor,23,4.1,LSC-GPY0SE8S
6179,South Retail Supply 6179,Columbus,Mexico,Wholesaler,24,4.6,LSC-KSK4DPG9
6180,United Procurement 6180,Detroit,South Korea,Distributor,27,3.3,LSC-Y1LK392O
6181,Metro Trading 6181,HOUSTON,India,Wholesaler,30,3.2,LSC-EZLGIS5F
6182,Prime Procurement 6182,San Francisco,Thailand,Manufacturer,11,3.2,LSC-G86D7GI9
6183,Quantum Partners 6183,Nashville,Mexico,Distributor,22,2.9,LSC-ZR4XXN3Y
6184,Blue Trading 6184,Austin,USA,Manufacturer,22,3.7,LSC-9L6N5L8V
6185,Quantum Partners 6185,New York,Vietnam,Manufacturer,8,4.2,LSC-DFD0GRVS
6186,Rapid Enterprises 6186,Austin,Canada,Distributor,12,4.1,LSC-CD75TAGE
6187,Prime Procurement 6187,Nashville,Vietnam,Distributor,8,4.0,LSC-2BLZNXA0
6188,Evergreen Enterprises 6188,Dallas,Mexico,Wholesaler,27,4.8,LSC-1BQ6JDQY
6189,Rapid Supply 6189,Phoenix,Japan,Distributor,5,4.5,LSC-V7VCPASH
6190,Summit Enterprises 6190,Chicago,USA,Distributor,9,3.4,LSC-GV39DXE4
6191,West Wholesale 6191,Detroit,South Korea,Wholesaler,10,2.9,LSC-8G2QPCPH
6192,Blue Distributors 6192,Denver,Germany,Distributor,20,4.8,LSC-X2W66Y0Q
6193,Prime Partners 6193,Columbus,Japan,Wholesaler,12,4.8,LSC-RIEZGI6J
6194,Apex Trading 6194,Detroit,South Korea,Distributor,9,3.9,LSC-8BJZY8KY
6195,North Supply 6195,Atlanta,Vietnam,Distributor,17,3.7,LSC-UBMF27RA
6196,Summit Industrial 6196,Detroit,Mexico,Distributor,30,3.7,LSC-G7W0YYU6
6197,West Wholesale 6197,Columbus,China,Wholesaler,26,3.6,LSC-81MBWCGH
6198,Evergreen Partners 6198,Atlanta,Japan,Distributor,15,3.6,LSC-LWRTHFHL
6199,Global Wholesale 6199,Chicago,India,Wholesaler,12,3.3,LSC-MF62547M
6200,Vertex Supply 6200,Denver,India,Wholesaler,24,2.7,LSC-0MX8U2F7
6201,Prime Partners 6201,Nashville,USA,Distributor,5,3.9,LSC-SASUB7HT
6202,Blue Distributors 6202,Atlanta,Thailand,Wholesaler,6,4.7,LSC-IAOGRUOC
6203,Apex Retail Supply 6203,Nashville,South Korea,Distributor,28,2.5,LSC-E0CQIKK3
6204,Elite Enterprises 6204,New York,China,Distributor,22,3.9,LSC-BHUIU30Y
6205,Prime Logistics 6205,Miami,South Korea,Manufacturer,29,3.5,LSC-A9656VHW
6206, Apex Supply 6206 ,Dallas,Thailand,Wholesaler,17,4.7,LSC-82BL91R4
6207,Quantum Procurement 6207,Los Angeles,South Korea,Manufacturer,5,3.2,LSC-6HD6WPBM
6208,Blue Wholesale 6208,Chicago,Vietnam,Wholesaler,3,3.7,LSC-ILMYK50P
6209,Metro Industrial 6209,Denver,Thailand,Wholesaler,13,3.8,LSC-VETN3GUJ
6210,East Procurement 6210,Portland,Vietnam,Manufacturer,14,2.8,LSC-W3L2M093
6211,United Supply 6211,Chicago,Canada,Wholesaler,15,2.8,LSC-GQVKN64C
6212,Quantum Supply 6212,Detroit,Mexico,Manufacturer,5,3.6,LSC-UEH1ERDN
6213,South Procurement 6213,Seattle,China,Manufacturer,3,2.7,LSC-LRLQBDIX
6214,Global Wholesale 6214,Detroit,South Korea,Wholesaler,28,4.3,LSC-QW7ESJ7A
6215,Summit Partners 6215,Atlanta,USA,Distributor,6,3.1,LSC-9BLC72K2
6216,South Enterprises 6216,Charlotte,Thailand,Distributor,17,,LSC-FIIHEFOG
6217,Apex Industrial 6217,Miami,Thailand,Wholesaler,4,4.7,LSC-0LZNPYEV
6218,South Wholesale 6218,Portland,Vietnam,Distributor,4,3.5,LSC-Y7PH5UPQ
6219,Evergreen Retail Supply 6219,Miami,Mexico,Wholesaler,19,3.6,LSC-ZSC4VLZF
6220,Prime Industrial 6220,San Francisco,Canada,Distributor,17,2.5,LSC-21NTH5YQ
6221,Quantum Trading 6221,Los Angeles,Thailand,Distributor,8,3.7,LSC-GE9KS98Q
6222,United Distributors 6222,Phoenix,South Korea,Manufacturer,5,4.3,LSC-GFUPIKR5
6223,Blue Industrial 6223,Columbus,Germany,Wholesaler,11,5.0,LSC-49P9Q00A
6224,Blue Procurement 6224,Detroit,Thailand,Wholesaler,25,4.2,LSC-JDQPX1UG
6225,Nova Wholesale 6225,Columbus,China,Manufacturer,7,,LSC-PS99ILIJ
6226,Apex Wholesale 6226,Houston,Thailand,Wholesaler,9,4.8,LSC-FU7RV6HL
6227,Elite Supply 6227,Portland,China,Wholesaler,20,4.5,LSC-95VRTW8I
6228,Nova Trading 6228,Phoenix,Canada,Manufacturer,25,3.8,LSC-14VYWNPV
6229,Blue Industrial 6229,Chicago,China,Manufacturer,13,4.4,LSC-3VU0BI7N
6230,United Retail Supply 6230,New York,Canada,Wholesaler,16,4.5,LSC-U5IKZN44
6231,North Logistics 6231,Charlotte,Japan,Wholesaler,13,,LSC-3C55KWNO
6232,Nova Retail Supply 6232,Boston,India,Wholesaler,8,4.0,LSC-S9VYH075
6233,Nova Retail Supply 6233,Charlotte,Vietnam,Manufacturer,15,2.6,LSC-463NFZOD
6234,Summit Logistics 6234,Philadelphia,China,Distributor,5,3.0,LSC-5LAJAZUC
6235,Vertex Industrial 6235,New York,India,Manufacturer,14,3.6,LSC-IKSDX52D
6236,Blue Logistics 6236,New York,Germany,Manufacturer,30,4.0,LSC-L2DRGHVV
6237,South Supply 6237,Boston,USA,Manufacturer,21,4.6,LSC-HO8GQHC3
6238,United Wholesale 6238,San Jose,Canada,Manufacturer,18,4.5,LSC-XR5LP23M
6239,Apex Retail Supply 6239,Miami,Germany,Distributor,9,3.6,LSC-VRZ3RMME
6240,South Distributors 6240,Portland,China,Distributor,28,4.9,LSC-ESZ5LUG0
6241,Metro Logistics 6241,Nashville,Canada,Distributor,11,4.1,LSC-LW7LHQ2X
6242,Nova Enterprises 6242,Portland,India,Wholesaler,3,3.2,LSC-WZ1ZEAAW
6243,South Wholesale 6243,Austin,China,Distributor,20,4.2,LSC-MWLDRV53
6244,Elite Retail Supply 6244,Nashville,South Korea,Wholesaler,13,4.4,LSC-YZSXHRAU
6245,West Trading 6245,Houston,Germany,Distributor,26,5.0,LSC-1W3WRRDU
6246,West Retail Supply 6246,Philadelphia,Thailand,Manufacturer,11,2.7,LSC-8TR0OBQ1
6247,East Procurement 6247,Los Angeles,Japan,Distributor,28,3.2,LSC-7TFMNPGT
6248,Apex Logistics 6248,Los Angeles,USA,Distributor,28,,LSC-TY01P15B
6249,Evergreen Industrial 6249,Los Angeles,China,Wholesaler,19,3.8,LSC-B9UXXRGA
6250,Summit Industrial 6250,Denver,China,Distributor,22,3.8,LSC-V65FAB82
6251,Nova Trading 6251,Austin,Mexico,Distributor,12,4.0,LSC-03RK3MZG
6252, Metro Trading 6252 ,Charlotte,USA,Distributor,2,3.5,LSC-1VGKEYUX
6253,Apex Distributors 6253,San Francisco,Japan,Distributor,6,3.9,LSC-UUO0QBSM
6254,Nova Partners 6254,Houston,Germany,Manufacturer,19,3.8,LSC-PVXWAYJZ
6255,Rapid Logistics 6255,Philadelphia,India,Distributor,6,3.2,LSC-HBHMYKAX
6256,Nova Trading 6256,Los Angeles,India,Distributor,18,3.9,LSC-KXPOZRYL
6257,West Distributors 6257,Nashville,Germany,Distributor,20,3.5,LSC-IYY4BVRB
6258,Blue Trading 6258,New York,Japan,Distributor,25,3.8,LSC-5XSTFY0L
6259,Global Retail Supply 6259,Nashville,South Korea,Wholesaler,12,3.0,LSC-NZRQ5TEC
6260,United Distributors 6260,Detroit,USA,Distributor,6,3.1,LSC-0H5X19BB
6261,Blue Enterprises 6261,San Francisco,Germany,Distributor,21,4.7,LSC-KAW8JMHJ
6262,South Supply 6262,Denver,Vietnam,Manufacturer,16,4.7,LSC-HYEK8GVP
6263,Apex Supply 6263,Portland,India,Manufacturer,10,5.0,LSC-4ZO1UFS2
6264,East Partners 6264,Boston,South Korea,Distributor,8,3.7,LSC-48CH7C8M
6265,Vertex Industrial 6265,San Francisco,China,Wholesaler,22,3.1,LSC-8WR7YJZO
6266,Blue Partners 6266,Phoenix,USA,Manufacturer,3,4.4,LSC-6E10EBO6
6267,United Wholesale 6267,Chicago,Japan,Wholesaler,30,4.5,LSC-ZZNXP4WX
6268,North Trading 6268,Chicago,Thailand,Wholesaler,11,3.5,LSC-TR1J5CDE
6269,North Enterprises 6269,San Francisco,South Korea,Distributor,12,3.0,LSC-EDDYY83J
6270,East Partners 6270,Los Angeles,USA,Wholesaler,16,5.0,LSC-5VBBQIU7
6271,Apex Wholesale 6271,Dallas,China,Wholesaler,18,2.9,LSC-W8E5MFJ3
6272,Evergreen Distributors 6272,Detroit,USA,Manufacturer,24,4.3,LSC-DI5FQDQD
6273,Rapid Supply 6273,Austin,Thailand,Distributor,11,2.8,LSC-9ZIAO56E
6274,Evergreen Enterprises 6274,San Jose,South Korea,Distributor,16,2.6,LSC-H97Z1NW7
6275,North Industrial 6275,Charlotte,Germany,Distributor,23,3.0,LSC-0EHDVGVH
6276,Apex Trading 6276,Nashville,South Korea,Manufacturer,11,4.4,LSC-2T3BM6PE
6277,Elite Retail Supply 6277,Seattle,Canada,Distributor,14,3.8,LSC-LSX2BW54
6278,West Trading 6278,Miami,Thailand,Wholesaler,19,4.2,LSC-W9M5REOO
6279,Prime Procurement 6279,Charlotte,USA,Distributor,6,4.2,LSC-0PE7RUDJ
6280,Apex Partners 6280,San Jose,India,Distributor,10,4.9,LSC-36DYPKN6
6281,Prime Enterprises 6281,Houston,Vietnam,Manufacturer,8,3.0,LSC-5RGOEFQB
6282,Evergreen Procurement 6282,Atlanta,Canada,Wholesaler,27,4.4,LSC-3Y6YF36N
6283,East Supply 6283,Phoenix,Japan,Distributor,24,3.3,LSC-OUTSG8FD
6284,Global Partners 6284,Portland,China,Distributor,15,3.6,LSC-DGZTY678
6285,Rapid Procurement 6285,Atlanta,South Korea,Distributor,21,4.6,LSC-KHMH50GK
6286,Blue Distributors 6286,Chicago,Vietnam,Distributor,3,4.9,LSC-NVQUZG60
6287,Nova Distributors 6287,Atlanta,Canada,Wholesaler,6,3.3,LSC-O6S0VHLW
6288,North Procurement 6288,Miami,Germany,Distributor,13,,LSC-OAMNWG0N
6289,Nova Distributors 6289,Philadelphia,Japan,Wholesaler,29,4.4,LSC-X0M8R8VU
6290,Apex Supply 6290,Los Angeles,India,Wholesaler,8,,LSC-5XNRGOUS
6291,Global Enterprises 6291,Chicago,Thailand,Distributor,30,2.9,LSC-6PZD7HEH
6292,West Distributors 6292,Seattle,India,Manufacturer,29,4.9,LSC-22WRXD56
6293,Summit Retail Supply 6293,Nashville,Germany,Distributor,3,2.7,LSC-RW2ING1F
6294,Elite Supply 6294,Los Angeles,China,Wholesaler,7,2.8,LSC-DFK9OKJX
6295,North Partners 6295,Columbus,Germany,Manufacturer,7,3.1,LSC-VEWQW4ZY
6296,West Logistics 6296,Houston,Thailand,Distributor,13,2.9,LSC-AH9Q9Y8S
6297,Elite Distributors 6297,Philadelphia,Germany,Wholesaler,11,3.7,LSC-S02WRSHK
6298,East Procurement 6298,Austin,China,Distributor,30,3.2,LSC-FN90LZ4N
6299,Elite Supply 6299,San Francisco,Canada,Distributor,20,4.4,LSC-GSUED6V5
6300,Global Retail Supply 6300,Columbus,Vietnam,Wholesaler,9,2.8,LSC-3GFSBJD6
6301,Prime Industrial 6301,Los Angeles,Thailand,Manufacturer,29,3.5,LSC-DDFN4ZTN
6302,Blue Industrial 6302,Los Angeles,Thailand,Wholesaler,2,3.8,LSC-7SGGVC43
6303,Apex Industrial 6303,Portland,Vietnam,Distributor,19,4.3,LSC-CXSRKNV6
6304,Elite Procurement 6304,Portland,India,Manufacturer,19,4.0,LSC-T007GCM2
6305,Nova Procurement 6305,San Francisco,South Korea,Distributor,27,2.5,LSC-GD23RZIM
6306,Quantum Industrial 6306,Denver,Japan,Distributor,4,2.8,LSC-50ZMHPVS
6307,East Wholesale 6307,Columbus,Thailand,Distributor,6,4.2,LSC-44Z4AQ3B
6308,Rapid Retail Supply 6308,Atlanta,Germany,Manufacturer,9,4.0,LSC-SB1MW8XK
6309,Metro Wholesale 6309,Phoenix,India,Manufacturer,29,3.9,LSC-HB73FGTI
6310,Prime Logistics 6310,Nashville,Vietnam,Manufacturer,26,4.8,LSC-TPKB85E6
6311,Metro Retail Supply 6311,Charlotte,China,Manufacturer,26,4.3,LSC-ZENGUGVI
6312,Apex Procurement 6312,Austin,Japan,Manufacturer,-14,3.6,LSC-PVQLY3IB
6313,Blue Procurement 6313,Chicago,India,Wholesaler,4,4.1,LSC-BC7LW00D
6314, Nova Logistics 6314 ,Atlanta,Mexico,Manufacturer,11,4.4,LSC-X8JXCMNG
6315,Rapid Logistics 6315,Austin,Mexico,Distributor,14,3.0,LSC-AHSMLP45
6316,Vertex Distributors 6316,Dallas,China,Distributor,21,3.2,LSC-WUKBFE5Y
6317,West Procurement 6317,New York,Japan,Distributor,6,3.8,LSC-5QICJKTZ
6318,North Wholesale 6318,Detroit,China,Distributor,13,3.6,LSC-8XT9GW50
6319,South Trading 6319,Seattle,Japan,Wholesaler,24,3.6,LSC-N6YHGBKC
6320,Elite Procurement 6320,Denver,China,Wholesaler,28,4.9,LSC-CC8TZPH2
6321,Quantum Supply 6321,Dallas,India,Distributor,5,3.3,LSC-DEWSVSH4
6322,Summit Wholesale 6322,Miami,Canada,Manufacturer,6,0.0,LSC-HK0FY6E9
6323,United Supply 6323,Dallas,South Korea,Wholesaler,26,3.3,LSC-Y72QF2KT
6324,Nova Logistics 6324,Miami,Mexico,Distributor,10,2.7,LSC-MH35WTCM
6325,East Supply 6325,Los Angeles,China,Manufacturer,13,3.7,LSC-GLFU4LI8
6326,East Wholesale 6326,Seattle,Japan,Distributor,8,4.6,LSC-2FDHXS51
6327,Metro Trading 6327,Phoenix,Thailand,Manufacturer,27,2.6,LSC-SZ91NOK9
6328,Prime Enterprises 6328,San Jose,South Korea,Wholesaler,3,3.6,LSC-PX8I2TKW
6329,Prime Logistics 6329,Los Angeles,Thailand,Manufacturer,7,4.6,LSC-GJWA4B0I
6330,Apex Enterprises 6330,Denver,Japan,Distributor,30,3.4,LSC-NIM02XI8
6331,United Partners 6331,Columbus,Vietnam,Wholesaler,12,3.6,LSC-E9AHGN2P
6332,Rapid Enterprises 6332,Nashville,Vietnam,Manufacturer,22,4.0,LSC-ANXAHDQL
6333,East Distributors 6333,New York,Thailand,Distributor,12,3.1,LSC-ED98EUM9
6334,Blue Distributors 6334,Nashville,India,Manufacturer,18,4.3,LSC-LJD9JSFD
6335, Elite Partners 6335 ,Austin,Canada,Wholesaler,30,2.6,LSC-NLHP04XD
6336,East Logistics 6336,San Jose,China,Distributor,16,3.8,LSC-3RQCBUBV
6337,Metro Wholesale 6337,New York,South Korea,Manufacturer,16,4.1,LSC-9NRDVP5T
6338,Vertex Retail Supply 6338,Portland,India,Wholesaler,4,3.4,LSC-X2WAA2PQ
6339,Quantum Partners 6339,Los Angeles,China,Wholesaler,22,3.9,LSC-7IRV1QYX
6340,Metro Distributors 6340,Denver,India,Manufacturer,30,,LSC-WGLKSSST
6341,West Trading 6341,Dallas,Vietnam,Distributor,13,3.7,LSC-5ITQ58G1
6342,Nova Wholesale 6342,Nashville,Japan,Distributor,8,5.0,LSC-UY2CZ058
6343,North Wholesale 6343,Houston,Canada,Distributor,5,4.7,LSC-INPSQGNV
6344,South Wholesale 6344,Seattle,Mexico,Manufacturer,19,3.2,LSC-SCG8VNK8
6345,Prime Distributors 6345,New York,Japan,Manufacturer,30,4.7,LSC-66DD2EJ7
6346,Elite Trading 6346,Seattle,Vietnam,Manufacturer,3,2.9,LSC-Q32MUZ20
6347,Prime Trading 6347,Atlanta,Mexico,Wholesaler,27,4.0,LSC-1IS4561O
6348,Nova Supply 6348,Los Angeles,China,Manufacturer,26,3.3,LSC-LHHEIAVL
6349,Summit Supply 6349,Chicago,Canada,Distributor,8,4.7,LSC-GB2LGUM8
6350,Apex Logistics 6350,Atlanta,Thailand,Manufacturer,6,3.4,LSC-5NAUZKZK
6351,Rapid Procurement 6351,Charlotte,South Korea,Manufacturer,20,4.0,LSC-A6OMLEML
6352,Evergreen Industrial 6352,Nashville,Vietnam,Wholesaler,17,3.4,LSC-KIRH3W8B
6353,United Wholesale 6353,Los Angeles,Thailand,Distributor,22,3.6,LSC-2F8QA1RP
6354,Rapid Supply 6354,Columbus,USA,Wholesaler,11,5.8,LSC-17JD3LB4
6355,South Partners 6355,Dallas,Vietnam,Manufacturer,17,3.5,LSC-T7YEPFX0
6356,West Logistics 6356,Atlanta,Vietnam,Distributor,16,3.3,LSC-CQ3R98EE
6357,Vertex Retail Supply 6357,San Francisco,India,Distributor,22,,LSC-RQCO5RX4
6358,South Procurement 6358,Seattle,Canada,Distributor,30,2.7,LSC-F7QRPNUV
6359,Rapid Procurement 6359,Chicago,India,Distributor,12,4.5,LSC-C2FW5FQI
6360,North Retail Supply 6360,Austin,Germany,Wholesaler,19,4.2,LSC-AUWOY3LN
6361,Vertex Distributors 6361,Philadelphia,Vietnam,Distributor,26,3.4,LSC-2NHU6F8P
6362,Rapid Retail Supply 6362,Boston,Germany,Manufacturer,14,4.8,LSC-ZMOG9SLX
6363,Evergreen Trading 6363,Charlotte,China,Manufacturer,26,4.4,LSC-8UR92RAU
6364,West Retail Supply 6364,Columbus,Vietnam,Manufacturer,19,4.5,LSC-S8794DUE
6365,Rapid Industrial 6365,Austin,China,Manufacturer,25,4.3,LSC-FUVUOIH0
6366, Vertex Partners 6366 ,Charlotte,Japan,Manufacturer,6,4.3,LSC-2QRUTUH3
6367,North Industrial 6367,Austin,Canada,Manufacturer,15,2.8,LSC-QCWFY5WV
6368,Apex Supply 6368,New York,China,Wholesaler,4,4.5,LSC-5LC1E74L
6369,Global Enterprises 6369,Los Angeles,USA,Wholesaler,9,3.7,LSC-5KFFKBOV
6370,Global Procurement 6370,Columbus,India,Distributor,3,,LSC-37BQVYKH
6371,Quantum Procurement 6371,San Francisco,USA,Manufacturer,14,3.1,LSC-GO7YE539
6372,South Supply 6372,Houston,Germany,Distributor,28,4.1,LSC-DUS468V6
6373,Prime Procurement 6373,Chicago,Canada,Distributor,13,3.8,LSC-SSEN4Z51
6374,Prime Wholesale 6374,Detroit,India,Manufacturer,7,3.3,LSC-16XJPUB9
6375,Rapid Industrial 6375,Seattle,USA,Distributor,29,2.8,LSC-GMLEQWSO
6376,South Distributors 6376,Portland,Germany,Distributor,29,2.6,LSC-GG5NF2Q0
6377,Prime Partners 6377,Nashville,USA,Manufacturer,16,2.6,LSC-WLFB6EDR
6378,Rapid Supply 6378,Columbus,India,Wholesaler,14,3.1,LSC-WRZV3U2G
6379,Blue Wholesale 6379,Boston,Germany,Distributor,22,2.6,LSC-X35943YX
6380,United Retail Supply 6380,Charlotte,Mexico,Distributor,18,4.0,LSC-LAESIPEC
6381,Elite Logistics 6381,Dallas,Canada,Wholesaler,24,4.4,LSC-WP1O01YT
6382,South Procurement 6382,Nashville,India,Manufacturer,18,3.5,LSC-Q2OITDKL
6383,Summit Retail Supply 6383,Columbus,Vietnam,Wholesaler,6,4.2,LSC-18JI2DBZ
6384,Evergreen Supply 6384,Seattle,China,Wholesaler,29,4.8,LSC-CYQBWK2N
6385,Nova Partners 6385,Atlanta,Germany,Distributor,11,3.9,LSC-6D5N9LIK
6386,Quantum Retail Supply 6386,Nashville,Canada,Manufacturer,6,4.9,LSC-AI85M3UP
6387,Nova Retail Supply 6387,San Jose,USA,Distributor,30,4.7,LSC-S2Z0MX7F
6388,Apex Logistics 6388,San Jose,Vietnam,Distributor,17,3.2,LSC-2GI57WXL
6389,Quantum Procurement 6389,Chicago,South Korea,Wholesaler,5,4.9,LSC-J6BS751B
6390,Global Retail Supply 6390,Philadelphia,South Korea,Wholesaler,21,3.2,LSC-Z3UC8BXD
6391,Blue Retail Supply 6391,Phoenix,South Korea,Distributor,28,3.8,LSC-5BM0K5ZX
6392,United Enterprises 6392,Detroit,South Korea,Wholesaler,2,4.4,LSC-8R418WGA
6393,Quantum Retail Supply 6393,Chicago,Germany,Manufacturer,23,2.9,LSC-VWUY6NJY
6394,South Partners 6394,Columbus,Vietnam,Distributor,8,3.4,LSC-6V4JEN6Z
6395,Blue Wholesale 6395,New York,South Korea,Wholesaler,19,5.0,LSC-WN5AURDK
6396,Global Procurement 6396,Columbus,Thailand,Wholesaler,11,3.6,LSC-O5JL4823
6397,Summit Logistics 6397,Los Angeles,Mexico,Manufacturer,8,3.6,LSC-8EGXSQVD
6398,North Supply 6398,Dallas,USA,Wholesaler,23,4.6,LSC-AYI3LP9Q
6399,Rapid Procurement 6399,Dallas,Japan,Distributor,20,4.0,LSC-B3EVCVP6
6400,Metro Wholesale 6400,Atlanta,South Korea,Distributor,19,3.6,LSC-84AGK1B4
6401,Prime Logistics 6401,Detroit,USA,Distributor,14,3.2,LSC-A4UNNGO4
6402,Nova Logistics 6402,Seattle,Vietnam,Distributor,9,4.9,LSC-847MS2PS
6403,West Trading 6403,Miami,South Korea,Manufacturer,17,2.6,LSC-F9P9WUVU
6404,East Retail Supply 6404,Phoenix,China,Manufacturer,29,2.6,LSC-4MNFENS9
6405,Apex Trading 6405,Seattle,South Korea,Distributor,20,2.7,LSC-9329P6X7
6406,West Supply 6406,Phoenix,South Korea,Distributor,19,3.7,LSC-86121GZI
6407,Blue Trading 6407,Chicago,India,Wholesaler,23,4.5,LSC-65W2ECWZ
6408,Metro Trading 6408,Denver,Mexico,Manufacturer,5,3.6,LSC-5VZ3TWR0
6409,Evergreen Industrial 6409,Houston,Mexico,Manufacturer,11,4.8,LSC-IX5NX6E7
6410,Apex Logistics 6410,New York,Germany,Wholesaler,12,3.1,LSC-JQW4I81N
6411,Evergreen Trading 6411,Boston,Thailand,Wholesaler,22,3.3,LSC-6T6RXDGN
6412,West Trading 6412,New York,Canada,Manufacturer,8,3.0,LSC-6CA4NUWB
6413,Quantum Supply 6413,Chicago,Japan,Manufacturer,26,3.2,LSC-RN83ONB4
6414,West Supply 6414,Chicago,India,Distributor,25,4.4,LSC-1II9V6W0
6415,Quantum Industrial 6415,Chicago,Germany,Wholesaler,13,4.0,LSC-1YV3VECO
6416,Elite Distributors 6416,Philadelphia,Vietnam,Wholesaler,4,3.0,LSC-REJ8RDLI
6417,Global Retail Supply 6417,Nashville,Japan,Wholesaler,3,3.5,LSC-4ZXHG25U
6418,East Industrial 6418,Miami,Thailand,Wholesaler,15,4.1,LSC-4IDNE1G3
6419,North Distributors 6419,Chicago,Thailand,Wholesaler,20,2.8,LSC-HVGU96MS
6420,Summit Wholesale 6420,Columbus,Thailand,Wholesaler,9,4.6,LSC-AUJI6CPU
6421,Quantum Enterprises 6421,Charlotte,Thailand,Manufacturer,29,2.7,LSC-P4TVC0UY
6422,Summit Distributors 6422,Dallas,Mexico,Distributor,28,2.6,LSC-0AZYH83H
6423,Elite Procurement 6423,Charlotte,Germany,Distributor,17,4.1,LSC-ON1GV7T9
6424,Apex Industrial 6424,San Francisco,USA,Wholesaler,2,4.7,LSC-KPL0NBZ1
6425,East Procurement 6425,Columbus,Japan,Manufacturer,11,4.0,LSC-YO2S8KCK
6426,Blue Retail Supply 6426,San Jose,India,Distributor,28,4.8,LSC-AG4HYV08
6427,Quantum Supply 6427,Seattle,Thailand,Manufacturer,3,3.8,LSC-SFJZ03CV
6428,Vertex Procurement 6428,Miami,India,Distributor,7,2.9,LSC-82H97H7A
6429,Nova Partners 6429,Detroit,Japan,Distributor,11,4.6,LSC-2G24ABYQ
6430,Evergreen Enterprises 6430,Los Angeles,Vietnam,Wholesaler,6,4.3,LSC-NRZNQF3K
6431,Elite Retail Supply 6431,Detroit,Germany,Distributor,11,3.5,LSC-K6EDLV9R
6432,Apex Industrial 6432,New York,South Korea,Distributor,30,2.7,LSC-SQFIV87Y
6433,East Industrial 6433,Nashville,USA,Wholesaler,30,3.8,LSC-9PMFS99B
6434,Evergreen Retail Supply 6434,Columbus,Germany,Wholesaler,29,3.6,LSC-YHJ67AWH
6435,Rapid Retail Supply 6435,Philadelphia,Thailand,Wholesaler,8,3.7,LSC-VGS4N981
6436,Nova Logistics 6436,Houston,Thailand,Manufacturer,11,2.8,LSC-IIAGTPAU
6437,West Industrial 6437,San Francisco,Japan,Manufacturer,28,4.8,LSC-R9HN42K3
6438,Nova Wholesale 6438,San Jose,Thailand,Manufacturer,23,3.4,LSC-IQ2P786M
6439,West Trading 6439,San Francisco,Thailand,Wholesaler,24,4.0,LSC-NMTS196Z
6440,Elite Retail Supply 6440,Charlotte,Vietnam,Manufacturer,22,3.7,LSC-4LYHA06N
6441,Summit Procurement 6441,Detroit,Japan,Wholesaler,21,3.6,LSC-XN4BB263
6442,Apex Industrial 6442,Seattle,Canada,Distributor,26,4.4,LSC-DQ11998L
6443,Quantum Industrial 6443,Portland,Canada,Manufacturer,20,2.8,LSC-NEJWGYEW
6444,Prime Retail Supply 6444,Boston,Japan,Wholesaler,8,4.7,LSC-P2P0K4XQ
6445,Apex Supply 6445,Denver,Thailand,Manufacturer,3,,LSC-UG5N1Y6D
6446,Blue Retail Supply 6446,Philadelphia,China,Manufacturer,24,,LSC-Q2SOU5QI
6447,Prime Wholesale 6447,Columbus,Canada,Manufacturer,8,4.0,LSC-68TZS2YQ
6448,East Retail Supply 6448,Nashville,Vietnam,Distributor,2,4.1,LSC-BAMG4PWV
6449,North Industrial 6449,Chicago,Mexico,Distributor,14,2.7,LSC-R8DY4EAP
6450,Rapid Procurement 6450,Dallas,China,Manufacturer,28,3.7,LSC-JZF0CNXH
6451,East Partners 6451,Seattle,China,Manufacturer,11,,LSC-YQYT40D9
6452,Elite Industrial 6452,Nashville,India,Distributor,16,4.2,LSC-YAPKOM0U
6453,South Wholesale 6453,Atlanta,China,Manufacturer,8,3.3,LSC-NXYSDRD4
6454,Apex Supply 6454,Seattle,Germany,Wholesaler,17,3.8,LSC-J7TYQQQU
6455,East Partners 6455,Austin,Mexico,Distributor,18,3.1,LSC-RT1UJVQW
6456,Rapid Procurement 6456,Chicago,Canada,Manufacturer,29,4.9,LSC-DRYHL423
6457,Vertex Procurement 6457,Portland,Canada,Wholesaler,2,3.2,LSC-GOD7V8ZZ
6458,Elite Trading 6458,Portland,India,Distributor,30,,LSC-MY2MS9GA
6459,East Distributors 6459,Philadelphia,Vietnam,Distributor,21,5.0,LSC-224ZVSFJ
6460,East Trading 6460,Boston,Vietnam,Wholesaler,9,4.9,LSC-BZO5C7EI
6461,East Partners 6461,Portland,Japan,Manufacturer,5,4.9,LSC-ZV8ROTSV
6462,Apex Logistics 6462,Seattle,Thailand,Distributor,28,3.7,LSC-LWYH06E0
6463,Rapid Retail Supply 6463,Atlanta,Japan,Manufacturer,16,2.8,LSC-XYSU7G30
6464,Vertex Trading 6464,New York,Mexico,Distributor,19,3.3,LSC-KCNI8B05
6465,South Industrial 6465,Phoenix,China,Manufacturer,28,4.6,LSC-SDXK5423
6466,East Logistics 6466,San Jose,Canada,Distributor,9,,LSC-21KHI3EY
6467,Nova Retail Supply 6467,Portland,Canada,Distributor,7,4.8,LSC-ZRS6PBCK
6468,West Distributors 6468,Los Angeles,Canada,Manufacturer,28,4.7,LSC-D8SXHDF8
6469,South Logistics 6469,Miami,China,Distributor,12,2.9,LSC-3WPV7YXK
6470,East Wholesale 6470,Seattle,Germany,Distributor,17,3.6,LSC-HS0DB9PD
6471,Metro Industrial 6471,Columbus,Canada,Wholesaler,15,3.9,LSC-J8IU1PZ3
6472,Rapid Logistics 6472,Columbus,Mexico,Manufacturer,6,3.6,LSC-WNTYDOJS
6473,West Distributors 6473,New York,Japan,Wholesaler,18,4.3,LSC-2560P7FE
6474,Rapid Enterprises 6474,Los Angeles,China,Distributor,20,3.2,LSC-F64ZNF3Z
6475,Summit Procurement 6475,San Jose,Canada,Manufacturer,24,4.2,LSC-SXS66XC4
6476,East Distributors 6476,Miami,South Korea,Wholesaler,2,4.5,LSC-26W0VQDH
6477,Summit Procurement 6477,Charlotte,USA,Distributor,26,4.9,LSC-TVI2SI9U
6478,Evergreen Procurement 6478,Denver,China,Distributor,30,3.7,LSC-CZXFSM9U
6479,East Industrial 6479,Miami,Mexico,Distributor,25,4.5,LSC-YR9PEVTK
6480,Global Distributors 6480,Columbus,USA,Distributor,30,4.4,LSC-AXV5GY8B
6481,North Trading 6481,Austin,Vietnam,Manufacturer,14,4.0,LSC-9AD8VWGT
6482,Apex Distributors 6482,Dallas,Mexico,Manufacturer,24,3.4,LSC-UM0A127C
6483,Metro Procurement 6483,Phoenix,Mexico,Manufacturer,19,4.1,LSC-ITTMY2XR
6484,North Industrial 6484,Portland,Thailand,Wholesaler,14,4.3,LSC-0FI2U6YO
6485,Prime Supply 6485,New York,Thailand,Distributor,2,3.2,LSC-OSMFK2XB
6486,North Procurement 6486,Dallas,India,Manufacturer,24,4.8,LSC-240LBEDL
6487,Summit Enterprises 6487,San Jose,China,Distributor,30,4.2,LSC-OZ7DE9BX
6488,West Logistics 6488,New York,Vietnam,Wholesaler,25,2.8,LSC-77P19PEV
6489,Quantum Logistics 6489,Philadelphia,Thailand,Manufacturer,15,3.7,LSC-V3EKT6F0
6490,United Wholesale 6490,Denver,Vietnam,Distributor,19,3.8,LSC-ARDE05AX
6491,United Retail Supply 6491,Austin,South Korea,Manufacturer,5,2.9,LSC-ZEE488F3
6492,Vertex Logistics 6492,San Jose,Canada,Manufacturer,3,2.9,LSC-1WH00QQ1
6493,Blue Wholesale 6493,Boston,China,Distributor,2,-1.0,LSC-TG884SIM
6494,Vertex Distributors 6494,Denver,South Korea,Manufacturer,19,4.1,LSC-G0FWZ7FN
6495,Apex Trading 6495,Boston,Mexico,Manufacturer,11,3.6,LSC-I7GCWJB5
6496,Vertex Industrial 6496,Phoenix,China,Wholesaler,23,4.8,LSC-6N39ZVAY
6497,Blue Supply 6497,Detroit,Germany,Distributor,22,3.6,LSC-I6NPDH5B
6498,North Industrial 6498,Boston,China,Manufacturer,27,5.0,LSC-9FDEBPI0
6499,South Trading 6499,Nashville,Canada,Manufacturer,13,,LSC-8WS7SNYO
6500,Blue Wholesale 6500,Austin,USA,Distributor,15,3.1,LSC-MOX15SIC
6501,West Industrial 6501,Atlanta,USA,Distributor,15,4.4,LSC-1X5IL2OD
6502,Quantum Procurement 6502,Philadelphia,China,Manufacturer,21,3.3,LSC-RTNSN1VO
6503,Rapid Supply 6503,Philadelphia,Mexico,Wholesaler,13,3.5,LSC-5HOGHTC5
6504,Prime Distributors 6504,Detroit,Thailand,Manufacturer,20,4.8,LSC-TAZV8OPH
6505,North Wholesale 6505,Seattle,India,Wholesaler,23,3.9,LSC-F1N8DV6G
6506,Rapid Distributors 6506,Miami,Japan,Manufacturer,23,3.5,LSC-L6X9Q8OY
6507,Blue Enterprises 6507,Los Angeles,Mexico,Manufacturer,10,,LSC-JXO010D5
6508,West Logistics 6508,Nashville,Mexico,Wholesaler,16,3.2,LSC-2W2TUBJS
6509,Blue Partners 6509,PHOENIX,Germany,Distributor,26,4.6,LSC-4TESN9DU
6510,North Trading 6510,Miami,Vietnam,Distributor,23,4.7,LSC-3AZ03SGQ
6511, Summit Wholesale 6511 ,Dallas,China,Manufacturer,21,4.7,LSC-THA2Z8C7
6512,Apex Wholesale 6512,Portland,Japan,Manufacturer,28,4.8,LSC-H19VVZ7C
6513,East Procurement 6513,Denver,China,Distributor,29,3.1,LSC-RYRMXB5H
6514,South Distributors 6514,Columbus,Mexico,Distributor,4,4.4,LSC-WVF6ROLV
6515,Quantum Trading 6515,Miami,Japan,Manufacturer,26,4.0,LSC-R7JLBWMU
6516,Quantum Procurement 6516,Denver,Vietnam,Distributor,10,3.3,LSC-4EGCUJ99
6517, Global Distributors 6517 ,San Jose,Germany,Wholesaler,22,3.5,LSC-GMQOR7VQ
6518,Apex Industrial 6518,Phoenix,Japan,Distributor,3,4.6,LSC-8UMMKUQP
6519,Nova Wholesale 6519,Miami,USA,Wholesaler,11,3.8,LSC-7J0NRHUO
6520,Summit Retail Supply 6520,Nashville,South Korea,Manufacturer,11,3.2,LSC-N7NQHEKY
6521,East Wholesale 6521,Seattle,Vietnam,Manufacturer,19,4.0,LSC-MMJN52HZ
6522,East Wholesale 6522,San Jose,Mexico,Wholesaler,17,3.2,LSC-8XXLWH60
6523,Blue Partners 6523,Chicago,Vietnam,Manufacturer,13,5.0,LSC-SASJY2VJ
6524,North Retail Supply 6524,Dallas,Japan,Distributor,17,3.1,LSC-QJTGYVG4
6525,North Enterprises 6525,Atlanta,South Korea,Distributor,9,3.7,LSC-XW4OCH38
6526,Rapid Trading 6526,Philadelphia,China,Manufacturer,29,3.6,LSC-T7FB0D4J
6527, Blue Wholesale 6527 ,Dallas,Canada,Manufacturer,20,3.3,LSC-KQIW9VZ9
6528,Vertex Enterprises 6528,Dallas,Vietnam,Manufacturer,14,4.2,LSC-WVZTU8S5
6529,South Logistics 6529,Boston,Canada,Distributor,21,3.2,LSC-WS3R4EDF
6530,Elite Distributors 6530,San Jose,China,Wholesaler,16,3.0,LSC-53CAVQTE
6531,Global Enterprises 6531,Boston,Mexico,Wholesaler,10,3.5,LSC-RARB45OC
6532,Summit Wholesale 6532,Miami,Mexico,Distributor,17,2.8,LSC-COH5WYZM
6533,Elite Industrial 6533,Charlotte,Germany,Wholesaler,4,4.9,LSC-91DD2N0N
6534,Metro Enterprises 6534,Chicago,China,Manufacturer,5,2.6,LSC-TWV6TYVQ
6535,Metro Enterprises 6535,San Francisco,USA,Manufacturer,6,3.6,LSC-0RDBJM9Q
6536,Nova Wholesale 6536,Miami,South Korea,Manufacturer,8,3.8,LSC-52IA0AR7
6537,Metro Retail Supply 6537,San Francisco,Mexico,Wholesaler,26,4.5,LSC-UW8CPSLM
6538,North Enterprises 6538,Miami,Canada,Manufacturer,10,3.7,LSC-ERXZ135M
6539,Quantum Procurement 6539,Houston,China,Distributor,3,3.6,LSC-LJZQARUG
6540,Summit Distributors 6540,Boston,China,Manufacturer,16,3.5,LSC-FWS9GKUH
6541,Blue Supply 6541,San Jose,USA,Distributor,11,4.5,LSC-8PUG8LVS
6542,South Partners 6542,Columbus,China,Distributor,27,4.4,LSC-6U5YEEUO
6543,South Wholesale 6543,Detroit,Vietnam,Distributor,5,3.8,LSC-83X6ZLIM
6544,Prime Partners 6544,New York,USA,Manufacturer,13,4.1,LSC-VPIVGWTW
6545,Vertex Distributors 6545,San Jose,Vietnam,Distributor,14,2.9,LSC-ZTZ1DSZZ
6546,East Retail Supply 6546,San Francisco,Thailand,Manufacturer,3,3.0,LSC-BW6OMMRD
6547,Nova Wholesale 6547,Seattle,Thailand,Wholesaler,18,,LSC-4LAO6I1E
6548,Rapid Partners 6548,Houston,Mexico,Distributor,29,3.6,LSC-1EF5ZUUM
6549,Prime Procurement 6549,Miami,USA,Distributor,30,4.2,LSC-6MZEW0U5
6550,Elite Industrial 6550,Portland,Mexico,Distributor,22,3.3,LSC-FNS962Q2
6551,Blue Trading 6551,New York,Canada,Wholesaler,22,4.0,LSC-IRI9U2F3
6552,Evergreen Supply 6552,Dallas,India,Distributor,23,2.9,LSC-4BE2018L
6553,Global Retail Supply 6553,Charlotte,Japan,Distributor,15,4.9,LSC-4LB2VIXQ
6554,Global Procurement 6554,Philadelphia,Vietnam,Wholesaler,22,2.8,LSC-2835XY5L
6555,North Retail Supply 6555,Dallas,Germany,Wholesaler,22,3.3,LSC-UGC8NKM9
6556,Quantum Procurement 6556,Phoenix,Germany,Distributor,3,4.4,LSC-HGN109DZ
6557,Nova Supply 6557,Dallas,Canada,Wholesaler,25,2.6,LSC-RG4Q9WCP
6558,Elite Supply 6558,San Jose,Canada,Manufacturer,6,4.6,LSC-0T8E2GFO
6559,South Procurement 6559,Denver,Canada,Distributor,7,4.0,LSC-X3RRHWFG
6560,Metro Supply 6560,Columbus,Mexico,Manufacturer,11,4.8,LSC-21YDO80N
6561,Summit Distributors 6561,Charlotte,Germany,Distributor,11,4.0,LSC-1A5QSSHL
6562,Evergreen Logistics 6562,Columbus,India,Distributor,30,4.7,LSC-MHD5PE5C
6563,Quantum Retail Supply 6563,Philadelphia,USA,Wholesaler,22,2.7,LSC-87CJ44EC
6564,Rapid Logistics 6564,Boston,Thailand,Manufacturer,30,4.4,LSC-GVCVRTCF
6565,Nova Enterprises 6565,Portland,Germany,Wholesaler,28,4.9,LSC-HX2RFVN9
6566,Blue Trading 6566,Dallas,Thailand,Manufacturer,2,3.3,LSC-L1R25NBS
6567,South Retail Supply 6567,Boston,Thailand,Wholesaler,6,4.9,LSC-XOHAVKQA
6568, Prime Enterprises 6568 ,Chicago,Germany,Distributor,6,3.4,LSC-IWGBO02I
6569,East Supply 6569,Charlotte,Japan,Manufacturer,14,3.3,LSC-M0A0NHGI
6570,Elite Procurement 6570,Los Angeles,South Korea,Distributor,6,4.4,LSC-RL00M27J
6571,Evergreen Logistics 6571,Nashville,Canada,Wholesaler,21,2.9,LSC-CBSHUT9Y
6572,Prime Logistics 6572,Chicago,Vietnam,Wholesaler,23,4.4,LSC-OPH944KX
6573,East Partners 6573,Los Angeles,Vietnam,Manufacturer,25,2.6,LSC-EF0W8M8G
6574,Blue Procurement 6574,Portland,Mexico,Distributor,27,3.5,LSC-3BKYEKM3
6575,West Distributors 6575,Nashville,India,Wholesaler,11,3.9,LSC-8LSI6L5S
6576,North Supply 6576,Houston,Germany,Manufacturer,23,2.6,LSC-GEPLJU13
6577,West Procurement 6577,Charlotte,South Korea,Distributor,16,4.7,LSC-Z4LH8F83
6578,Global Trading 6578,Phoenix,Mexico,Wholesaler,24,4.6,LSC-8QSZRX0Z
6579,Summit Retail Supply 6579,Denver,China,Wholesaler,17,2.7,LSC-CCR30Y9Q
6580,Evergreen Wholesale 6580,Austin,Canada,Manufacturer,12,4.0,LSC-V5LNGC6D
6581,Blue Distributors 6581,Miami,China,Distributor,7,3.1,LSC-0UUZ1Q46
6582,Elite Supply 6582,Atlanta,Vietnam,Wholesaler,25,3.3,LSC-2772QWGO
6583,West Trading 6583,Nashville,USA,Distributor,28,4.8,LSC-2PUV0T0A
6584,South Logistics 6584,San Francisco,Vietnam,Manufacturer,8,3.8,LSC-TE7W4ASF
6585,Vertex Retail Supply 6585,Miami,South Korea,Manufacturer,9,2.6,LSC-MZCTS8FE
6586,Prime Procurement 6586,Los Angeles,China,Distributor,7,3.3,LSC-ICYALPU3
6587,Rapid Procurement 6587,Portland,Vietnam,Wholesaler,9,4.2,LSC-ZOJM6GCT
6588,Global Partners 6588,San Francisco,Mexico,Distributor,30,3.9,LSC-KJPKRSGL
6589,Prime Retail Supply 6589,New York,Mexico,Distributor,19,4.3,LSC-599VL6L6
6590,West Retail Supply 6590,Chicago,South Korea,Manufacturer,21,4.4,LSC-6ZTG5FRH
6591,Vertex Partners 6591,Miami,India,Manufacturer,6,4.7,LSC-HLAJD482
6592,Evergreen Partners 6592,Denver,Mexico,Distributor,9,4.0,LSC-OSCNGKWK
6593,United Industrial 6593,Phoenix,India,Wholesaler,12,4.5,LSC-QHPTNZCV
6594,Prime Partners 6594,Los Angeles,South Korea,Wholesaler,14,3.1,LSC-LZT4QFGX
6595,West Retail Supply 6595,Phoenix,Canada,Wholesaler,6,3.9,LSC-7S7S3T6L
6596,Rapid Trading 6596,Detroit,Vietnam,Manufacturer,7,3.2,LSC-F8V8ZVOX
6597,Rapid Wholesale 6597,Columbus,Canada,Distributor,2,3.7,LSC-B04CSMLZ
6598,Apex Wholesale 6598,Detroit,Japan,Distributor,20,4.2,LSC-NFMVP9GW
6599,North Industrial 6599,Los Angeles,Japan,Manufacturer,21,4.6,LSC-RSHUY14F
6600,East Distributors 6600,Houston,South Korea,Wholesaler,2,2.8,LSC-23I7SXNF
6601,North Trading 6601,San Francisco,USA,Wholesaler,17,2.8,LSC-7IJJZTB6
6602,South Industrial 6602,Dallas,Thailand,Distributor,3,3.6,LSC-4R40FPJU
6603,Blue Industrial 6603,Dallas,Japan,Distributor,7,3.9,LSC-13LUTZEW
6604,East Industrial 6604,New York,Vietnam,Distributor,26,4.7,LSC-TVVSR9F7
6605,Elite Distributors 6605,Portland,Mexico,Wholesaler,29,4.5,LSC-670CO6Z5
6606,Nova Distributors 6606,Chicago,Canada,Manufacturer,18,3.2,LSC-2OVXUJQV
6607,Elite Distributors 6607,Philadelphia,Canada,Distributor,27,2.7,LSC-2G7P3X6A
6608,Prime Distributors 6608,Denver,Mexico,Manufacturer,17,3.1,LSC-AMGCDJHR
6609,West Logistics 6609,Charlotte,China,Distributor,29,3.7,LSC-NL3F5TN2
6610,Rapid Supply 6610,Detroit,Thailand,Distributor,3,3.7,LSC-ESCJ8CFA
6611,Prime Distributors 6611,Austin,Vietnam,Manufacturer,17,3.2,LSC-4HZWLSSE
6612,Global Retail Supply 6612,San Jose,Germany,Manufacturer,12,3.9,LSC-UXY80YM1
6613,Nova Retail Supply 6613,Dallas,Canada,Distributor,24,3.2,LSC-9BCR2CL5
6614,United Retail Supply 6614,Nashville,Mexico,Wholesaler,17,4.4,LSC-V4AVG874
6615,Global Partners 6615,Portland,USA,Wholesaler,14,3.9,LSC-S05NQKDN
6616, Apex Procurement 6616 ,Seattle,Japan,Manufacturer,25,3.2,LSC-AT8XDVE0
6617,Blue Trading 6617,Philadelphia,Germany,Distributor,26,3.6,LSC-IGMWC52I
6618,Elite Partners 6618,Denver,South Korea,Distributor,19,5.0,LSC-PJ8GE32V
6619,Metro Enterprises 6619,Phoenix,China,Wholesaler,24,,LSC-1WRC2V4J
6620,North Trading 6620,San Francisco,Mexico,Wholesaler,5,3.4,LSC-W60WJNJU
6621,Prime Trading 6621,Columbus,Thailand,Manufacturer,15,2.7,LSC-PZDTE8SC
6622,Elite Retail Supply 6622,Philadelphia,Canada,Distributor,9,4.3,LSC-UK6Q6GHO
6623,Blue Retail Supply 6623,New York,Japan,Manufacturer,25,3.6,LSC-0H9GTIN0
6624,Elite Partners 6624,Phoenix,USA,Wholesaler,23,3.2,LSC-N1HSIKPP
6625,Blue Industrial 6625,Boston,Germany,Distributor,21,4.6,LSC-I6OU87QO
6626,Evergreen Trading 6626,Atlanta,Japan,Manufacturer,4,4.3,LSC-LRNAAQIQ
6627,Apex Wholesale 6627,Boston,India,Distributor,5,3.3,LSC-WWZ01FA2
6628,Quantum Trading 6628,Detroit,China,Distributor,8,4.3,LSC-1IA2GAR0
6629,Summit Trading 6629,Columbus,Canada,Manufacturer,27,2.8,LSC-QDONRQKS
6630,Elite Logistics 6630,Columbus,Japan,Distributor,19,4.6,LSC-RYXSXZ1H
6631,Vertex Wholesale 6631,Nashville,South Korea,Wholesaler,10,3.4,LSC-9RPXXEV8
6632,Evergreen Retail Supply 6632,Nashville,India,Manufacturer,2,2.9,LSC-VNTPKART
6633,Prime Enterprises 6633,Los Angeles,South Korea,Distributor,5,4.3,LSC-AGUYSIHX
6634,North Industrial 6634,Chicago,China,Distributor,11,3.6,LSC-1R481EOV
6635,Vertex Trading 6635,Phoenix,Mexico,Manufacturer,5,3.2,LSC-RMFMYKIT
6636,Metro Wholesale 6636,Phoenix,South Korea,Distributor,7,,LSC-89Y8B8QT
6637,Nova Industrial 6637,Nashville,Mexico,Wholesaler,22,4.7,LSC-JFNE5PQN
6638,United Wholesale 6638,Charlotte,Canada,Distributor,26,3.8,LSC-5OVDSZYT
6639,Nova Industrial 6639,Austin,Vietnam,Distributor,28,2.8,LSC-GJ5QC0UE
6640,Elite Procurement 6640,Seattle,USA,Manufacturer,8,2.6,LSC-351W06J0
6641,Rapid Retail Supply 6641,San Jose,Vietnam,Manufacturer,23,2.8,LSC-L7FYR75U
6642,Quantum Procurement 6642,Chicago,Vietnam,Wholesaler,15,3.8,LSC-QRA3JKP7
6643,East Supply 6643,Atlanta,Vietnam,Manufacturer,13,3.5,LSC-0EMKCTHG
6644,Apex Procurement 6644,Seattle,India,Distributor,19,3.5,LSC-69T81E6B
6645,Prime Wholesale 6645,Los Angeles,Japan,Wholesaler,14,3.8,LSC-TPEJWQDI
6646,West Trading 6646,Columbus,Thailand,Wholesaler,19,4.4,LSC-YJBYBE9F
6647,Global Procurement 6647,Los Angeles,Japan,Wholesaler,24,4.5,LSC-UD2B68XC
6648,West Enterprises 6648,Detroit,Japan,Wholesaler,23,5.0,LSC-478W66J7
6649,North Procurement 6649,Miami,Mexico,Manufacturer,19,3.8,LSC-EBAE112Y
6650,Nova Supply 6650,Detroit,China,Manufacturer,18,2.7,LSC-7P1OGRU6
6651,Nova Partners 6651,Philadelphia,Mexico,Manufacturer,12,3.4,LSC-ILMWR1W0
6652,North Trading 6652,Dallas,USA,Distributor,30,3.1,LSC-4PKUQ5W8
6653,Nova Logistics 6653,Chicago,China,Wholesaler,29,4.7,LSC-PM705V2P
6654,West Industrial 6654,Denver,Mexico,Distributor,9,3.5,LSC-841F6IM0
6655,Prime Industrial 6655,Nashville,USA,Distributor,3,2.9,LSC-RNR427QX
6656,Prime Wholesale 6656,Chicago,Mexico,Distributor,10,3.7,LSC-31446X0W
6657,Summit Trading 6657,Miami,Thailand,Wholesaler,23,3.6,LSC-VIT8XPKD
6658, Prime Retail Supply 6658 ,Philadelphia,Mexico,Distributor,27,3.9,LSC-9R75YUS9
6659,South Enterprises 6659,Portland,Thailand,Distributor,25,4.4,LSC-ESIBG26H
6660,Prime Supply 6660,Denver,USA,Distributor,10,3.1,LSC-N3Q7JJUF
6661,Apex Logistics 6661,Los Angeles,USA,Distributor,29,4.8,LSC-254PP232
6662,Nova Supply 6662,Austin,Mexico,Manufacturer,10,3.5,LSC-QT1PHAHD
6663,West Procurement 6663,San Jose,Vietnam,Wholesaler,24,3.6,LSC-BQQXT9HY
6664,Vertex Wholesale 6664,Nashville,USA,Distributor,17,3.8,LSC-8FPJYXVS
6665,North Distributors 6665,Houston,Mexico,Manufacturer,8,4.0,LSC-LICJXC3X
6666,Quantum Procurement 6666,Columbus,Thailand,Manufacturer,3,4.5,LSC-S79RZOR6
6667,Summit Partners 6667,Columbus,Thailand,Distributor,16,4.4,LSC-PN1AH9M7
6668,Quantum Wholesale 6668,San Francisco,Vietnam,Distributor,18,2.7,LSC-A3UGS2BT
6669,Elite Trading 6669,Seattle,Japan,Wholesaler,25,2.7,LSC-O2MIQ2LD
6670,Metro Partners 6670,LOS ANGELES,Mexico,Manufacturer,2,3.5,LSC-YM1RAV3X
6671,Blue Partners 6671,Portland,China,Manufacturer,7,3.1,LSC-TF9QM9ZL
6672,Quantum Wholesale 6672,San Jose,USA,Manufacturer,29,3.4,LSC-UUMS0D87
6673,Global Wholesale 6673,Houston,China,Manufacturer,9,3.8,LSC-T2C5D78T
6674,Evergreen Enterprises 6674,Philadelphia,Germany,Manufacturer,26,3.3,LSC-08DU86KK
6675,East Wholesale 6675,Philadelphia,South Korea,Manufacturer,11,3.5,LSC-VE3KHRAB
6676,Prime Retail Supply 6676,Dallas,South Korea,Distributor,21,4.0,LSC-0C0VJA66
6677, Prime Retail Supply 6677 ,Atlanta,Germany,Manufacturer,8,2.8,LSC-QOHBWO7C
6678,Vertex Procurement 6678,Columbus,Mexico,Distributor,24,3.4,LSC-6SP9QOC8
6679,Evergreen Procurement 6679,Phoenix,USA,Wholesaler,28,4.1,LSC-HP9VGOZ7
6680,Nova Trading 6680,San Jose,India,Manufacturer,11,3.1,LSC-8EIXXGR8
6681,North Trading 6681,Miami,USA,Wholesaler,12,4.9,LSC-OF7HNW8Y
6682,Quantum Wholesale 6682,Dallas,Vietnam,Manufacturer,16,4.3,LSC-JSBPO187
6683,North Procurement 6683,Boston,South Korea,Wholesaler,13,4.3,LSC-0WF5LKM5
6684,South Retail Supply 6684,Boston,Japan,Distributor,7,4.8,LSC-1IRTT73P
6685,Global Supply 6685,San Francisco,USA,Manufacturer,21,3.1,LSC-TF5RBP85
6686,South Distributors 6686,Seattle,USA,Distributor,4,4.4,LSC-Q6SSB3AF
6687,Elite Logistics 6687,Austin,Canada,Wholesaler,2,4.8,LSC-8SSWOMTB
6688,Vertex Procurement 6688,San Jose,Thailand,Wholesaler,2,3.1,LSC-W11TT5XS
6689,North Industrial 6689,San Francisco,South Korea,Manufacturer,28,,LSC-K9WHBR87
6690,East Supply 6690,Dallas,USA,Manufacturer,19,4.9,LSC-Z0UB26T8
6691,East Enterprises 6691,San Francisco,China,Manufacturer,9,3.7,LSC-LZOHK9Z3
6692,Prime Procurement 6692,Columbus,Canada,Distributor,30,,LSC-R4V4PCN6
6693,Summit Procurement 6693,Chicago,Japan,Manufacturer,18,3.8,LSC-XW3MAQTI
6694,Rapid Supply 6694,Portland,Germany,Wholesaler,30,4.8,LSC-DCWZ66H8
6695,Apex Retail Supply 6695,Denver,China,Manufacturer,6,4.7,LSC-5U959QAY
6696,South Industrial 6696,Philadelphia,Germany,Wholesaler,19,2.8,LSC-TTINM5DA
6697,Blue Retail Supply 6697,Nashville,Vietnam,Distributor,21,5.0,LSC-9C00UH6O
6698,Vertex Logistics 6698,Phoenix,China,Wholesaler,22,3.1,LSC-FJ7FWS19
6699,North Logistics 6699,San Francisco,South Korea,Wholesaler,8,3.1,LSC-LM8Q8161
6700,Blue Enterprises 6700,Detroit,USA,Distributor,8,3.3,LSC-QT466NIE
6701,Blue Enterprises 6701,Denver,Vietnam,Wholesaler,5,2.9,LSC-9L36W7TV
6702,Prime Partners 6702,Detroit,South Korea,Manufacturer,11,4.4,LSC-N9CWYDJL
6703,Elite Trading 6703,Chicago,China,Wholesaler,2,3.8,LSC-IXCEMSG6
6704,Evergreen Partners 6704,Charlotte,Vietnam,Distributor,22,2.7,LSC-DCHM314M
6705,East Partners 6705,Miami,China,Manufacturer,4,3.2,LSC-310QRMUQ
6706,Quantum Industrial 6706,Austin,China,Manufacturer,17,6.5,LSC-N23K4RUQ
6707,Metro Distributors 6707,Chicago,Germany,Manufacturer,20,3.6,LSC-MQ5I8Z3H
6708, Prime Industrial 6708 ,Miami,Vietnam,Wholesaler,29,4.9,LSC-5RDC947O
6709,Summit Retail Supply 6709,Chicago,Mexico,Distributor,20,4.2,LSC-S16XQV0I
6710,South Procurement 6710,Los Angeles,Japan,Manufacturer,10,3.6,LSC-QCUPY4JE
6711,Evergreen Procurement 6711,New York,Mexico,Manufacturer,5,4.2,LSC-X0D9V14C
6712,Rapid Industrial 6712,Chicago,Canada,Distributor,21,4.3,LSC-LDJ2QL5U
6713,Nova Trading 6713,Portland,Japan,Wholesaler,16,4.4,LSC-N50ZAUZ9
6714,West Logistics 6714,Columbus,Mexico,Manufacturer,26,3.4,LSC-0Z5GS9K0
6715,Blue Trading 6715,Nashville,USA,Wholesaler,24,4.8,LSC-1M6AREPR
6716,Global Partners 6716,Denver,USA,Distributor,25,5.0,LSC-NNIWJ7D3
6717,Prime Distributors 6717,Detroit,Japan,Distributor,10,4.0,LSC-YDWPCL03
6718,Nova Distributors 6718,San Jose,Mexico,Distributor,20,4.8,LSC-A5YOTYR5
6719,West Partners 6719,Austin,Germany,Manufacturer,12,2.8,LSC-U7X719NY
6720,Evergreen Industrial 6720,New York,Vietnam,Distributor,10,4.4,LSC-LDQ54PQ7
6721,Vertex Procurement 6721,Detroit,Japan,Distributor,26,,LSC-PUIO3T6Z
6722,Vertex Enterprises 6722,Dallas,Canada,Wholesaler,2,4.0,LSC-GGP3LZI2
6723,Quantum Partners 6723,Philadelphia,USA,Wholesaler,19,4.8,LSC-7A0EFWJJ
6724,North Logistics 6724,Houston,China,Manufacturer,25,3.6,LSC-DNWXMLH0
6725,West Logistics 6725,Chicago,Vietnam,Distributor,8,4.0,LSC-4YYJ1FSQ
6726,Metro Logistics 6726,Philadelphia,Thailand,Wholesaler,14,4.8,LSC-VD61P3IO
6727,Metro Partners 6727,Nashville,Japan,Distributor,6,2.7,LSC-PF27Z143
6728,Vertex Retail Supply 6728,Denver,Japan,Distributor,14,4.8,LSC-HSXPZLC8
6729,Apex Distributors 6729,Detroit,Canada,Distributor,23,4.8,LSC-PP9H1H1C
6730,Evergreen Retail Supply 6730,Philadelphia,USA,Wholesaler,14,4.6,LSC-80GP5TV2
6731,East Logistics 6731,Seattle,India,Wholesaler,18,4.8,LSC-UEYN3TD4
6732,Apex Distributors 6732,Dallas,India,Wholesaler,11,3.9,LSC-J7FUGMPL
6733,United Partners 6733,New York,Mexico,Wholesaler,13,2.7,LSC-LSLYGR25
6734,Evergreen Supply 6734,Boston,USA,Wholesaler,29,4.2,LSC-8MKP807S
6735,East Wholesale 6735,Atlanta,Canada,Manufacturer,7,3.5,LSC-TTOYMXDP
6736,North Industrial 6736,Boston,USA,Wholesaler,15,4.9,LSC-GY75MYCJ
6737,Elite Enterprises 6737,Philadelphia,India,Distributor,19,4.0,LSC-2BJ4ROFE
6738,South Partners 6738,Portland,USA,Distributor,17,3.5,LSC-XXFOW502
6739,Summit Partners 6739,Chicago,Thailand,Manufacturer,2,3.8,LSC-5ROT58O4
6740,East Partners 6740,Austin,Vietnam,Distributor,19,2.6,LSC-GPK57JEC
6741,United Retail Supply 6741,Atlanta,Vietnam,Wholesaler,4,4.2,LSC-QG3A7I28
6742,Nova Distributors 6742,Detroit,South Korea,Manufacturer,2,4.3,LSC-TCJAO5UA
6743,Elite Enterprises 6743,San Francisco,India,Distributor,28,,LSC-89LGZPJC
6744,Rapid Industrial 6744,New York,India,Manufacturer,27,4.4,LSC-WW4QV1MC
6745,Nova Trading 6745,San Jose,Vietnam,Distributor,19,4.3,LSC-1YJBAL2Y
6746,Evergreen Logistics 6746,San Francisco,Germany,Wholesaler,9,2.9,LSC-FDRXJDD7
6747,North Distributors 6747,Philadelphia,USA,Distributor,28,5.0,LSC-U68DH0HX
6748,Elite Wholesale 6748,Houston,China,Distributor,22,4.0,LSC-RJG846FY
6749,South Procurement 6749,Chicago,Vietnam,Wholesaler,11,4.3,LSC-F4LPC8VO
6750,Rapid Procurement 6750,Phoenix,South Korea,Distributor,3,,LSC-GQP2ECBY
6751,Blue Partners 6751,San Jose,China,Wholesaler,29,3.9,LSC-JZ3QUFS4
6752,Global Partners 6752,Houston,Japan,Manufacturer,28,4.1,LSC-IOGUO6PY
6753,North Supply 6753,Miami,Germany,Wholesaler,28,3.2,LSC-Z4VVV6R4
6754,South Supply 6754,Charlotte,China,Manufacturer,5,5.0,LSC-UDSWPBHW
6755, East Partners 6755 ,Chicago,Thailand,Wholesaler,27,4.1,LSC-LDCAZGNL
6756,Rapid Industrial 6756,Denver,South Korea,Distributor,23,4.8,LSC-PBTGUJZ3
6757,Prime Logistics 6757,San Jose,Vietnam,Manufacturer,17,3.0,LSC-A459QZ3Q
6758,Metro Enterprises 6758,Miami,Japan,Manufacturer,14,3.0,LSC-HNATG5SX
6759,Summit Enterprises 6759,Columbus,China,Wholesaler,6,3.3,LSC-185GCO04
6760,South Enterprises 6760,Austin,Germany,Wholesaler,27,3.5,LSC-4CA5CSZJ
6761,Apex Supply 6761,Philadelphia,Canada,Wholesaler,22,3.1,LSC-CAHRA0WA
6762,Metro Industrial 6762,Philadelphia,India,Wholesaler,21,4.9,LSC-ZLC59FKL
6763,Prime Retail Supply 6763,Miami,India,Manufacturer,24,4.6,LSC-W5PV95UC
6764,Summit Trading 6764,San Jose,Germany,Manufacturer,11,3.9,LSC-U5ADNX0N
6765,Metro Procurement 6765,Miami,USA,Wholesaler,4,4.0,LSC-UGBV6VPL
6766,Quantum Procurement 6766,Dallas,South Korea,Manufacturer,9,3.4,LSC-GZ8QZ4CL
6767,South Partners 6767,Nashville,China,Wholesaler,20,3.1,LSC-ZHTFO0QS
6768,Apex Enterprises 6768,Seattle,USA,Wholesaler,23,4.9,LSC-C7L75Z0V
6769, South Retail Supply 6769 ,Portland,Japan,Distributor,23,4.8,LSC-4LQNKKVB
6770,Summit Procurement 6770,Phoenix,India,Wholesaler,26,4.1,LSC-TI0BU2AM
6771,United Procurement 6771,Phoenix,India,Wholesaler,9,5.0,LSC-73P1DJUR
6772,West Wholesale 6772,Charlotte,Japan,Manufacturer,18,3.4,LSC-L4338YSI
6773,Global Logistics 6773,Boston,Mexico,Wholesaler,9,4.1,LSC-KJJMFIKB
6774,Rapid Trading 6774,Atlanta,Mexico,Manufacturer,5,4.1,LSC-2N92TGWX
6775,Quantum Enterprises 6775,Boston,Japan,Distributor,27,3.4,LSC-6YT4XMGK
6776,Rapid Industrial 6776,Portland,USA,Wholesaler,12,3.7,LSC-OO811K4C
6777,Evergreen Trading 6777,Dallas,Mexico,Manufacturer,26,2.6,LSC-0JS76F8R
6778,East Industrial 6778,Columbus,India,Wholesaler,11,3.2,LSC-03BO0E8O
6779,Prime Industrial 6779,Miami,USA,Wholesaler,19,3.3,LSC-GSQNKFT4
6780,Apex Logistics 6780,Philadelphia,Vietnam,Wholesaler,25,3.0,LSC-3WATQRNM
6781, Summit Procurement 6781 ,San Jose,Germany,Distributor,20,3.1,LSC-8GUGIQDY
6782, Blue Wholesale 6782 ,Houston,Thailand,Manufacturer,9,3.9,LSC-4EOHJXVP
6783,Apex Wholesale 6783,Los Angeles,Canada,Manufacturer,7,,LSC-J6ETV9JY
6784,Quantum Partners 6784,Miami,Vietnam,Manufacturer,28,3.0,LSC-KER29AW0
6785,Global Enterprises 6785,Phoenix,China,Distributor,7,3.6,LSC-DUM75F4B
6786,Rapid Distributors 6786,Miami,South Korea,Manufacturer,7,3.2,LSC-UHDUVVJD
6787,Nova Enterprises 6787,Denver,China,Wholesaler,14,,LSC-T2VCDFCQ
6788,Nova Wholesale 6788,Charlotte,India,Manufacturer,21,3.2,LSC-51DYHJPA
6789,East Supply 6789,Nashville,Mexico,Distributor,2,2.8,LSC-4RSRTI33
6790,United Logistics 6790,Detroit,Mexico,Manufacturer,21,2.9,LSC-1UHFSRWR
6791,Vertex Partners 6791,San Francisco,Canada,Distributor,14,2.6,LSC-7QJ55WSN
6792,United Wholesale 6792,Los Angeles,Thailand,Manufacturer,24,2.8,LSC-ZY1Y5S5C
6793,Global Retail Supply 6793,Phoenix,Japan,Distributor,30,2.7,LSC-SSXOVBUN
6794,North Procurement 6794,New York,China,Distributor,19,4.3,LSC-83WH9TA2
6795,Prime Enterprises 6795,Houston,Thailand,Distributor,14,3.5,LSC-NM0BUOFL
6796,Quantum Procurement 6796,Seattle,China,Wholesaler,18,4.7,LSC-9YWJUSOT
6797,Blue Trading 6797,Philadelphia,Mexico,Wholesaler,29,4.0,LSC-3R42SCI7
6798,Summit Trading 6798,Boston,Japan,Manufacturer,13,4.0,LSC-V6FJ2X0G
6799,Blue Retail Supply 6799,Philadelphia,Vietnam,Distributor,19,3.3,LSC-M14ASTWQ
6800,Metro Enterprises 6800,New York,India,Distributor,6,4.0,LSC-J7ES9N21
6801,Prime Retail Supply 6801,Miami,Germany,Distributor,28,4.5,LSC-92V33PDT
6802,East Industrial 6802,Houston,Canada,Manufacturer,22,3.8,LSC-R8S7G6EP
6803,Global Enterprises 6803,Denver,Japan,Wholesaler,18,3.5,LSC-C5A9SKQX
6804,Blue Wholesale 6804,Dallas,China,Manufacturer,13,2.8,LSC-RHBV9MYJ
6805,Prime Wholesale 6805,San Jose,South Korea,Distributor,20,4.8,LSC-0J0D1BQY
6806,Apex Enterprises 6806,Seattle,Mexico,Wholesaler,23,3.5,LSC-FU68ZA1H
6807,United Industrial 6807,Seattle,Germany,Manufacturer,29,4.6,LSC-NU0ST71T
6808,Rapid Retail Supply 6808,San Francisco,Germany,Wholesaler,14,3.5,LSC-KT0CYXH2
6809,Elite Enterprises 6809,San Francisco,India,Distributor,18,2.6,LSC-A5TVDUMY
6810,Evergreen Distributors 6810,Charlotte,Vietnam,Distributor,13,,LSC-XEP58H0H
6811,South Trading 6811,Atlanta,Canada,Distributor,3,4.7,LSC-ZSSIRPB3
6812,Rapid Distributors 6812,Nashville,Canada,Wholesaler,20,,LSC-VIPVNWZV
6813,Evergreen Distributors 6813,Boston,India,Manufacturer,12,5.0,LSC-THN45S26
6814,Evergreen Procurement 6814,Nashville,South Korea,Manufacturer,7,2.5,LSC-65I5FGPH
6815,United Wholesale 6815,San Jose,India,Manufacturer,3,3.0,LSC-WYLXJDIP
6816,Vertex Industrial 6816,Columbus,China,Manufacturer,11,3.4,LSC-RMNG7L8H
6817,Blue Distributors 6817,Charlotte,Canada,Wholesaler,10,3.6,LSC-V8CGPA0K
6818,Metro Trading 6818,Nashville,China,Distributor,19,4.0,LSC-UTBAMKII
6819,Rapid Enterprises 6819,Nashville,China,Distributor,21,3.9,LSC-5SRJETLI
6820,Metro Retail Supply 6820,San Jose,Mexico,Distributor,-14,,LSC-ZBYD0807
6821,Nova Distributors 6821,Austin,Thailand,Wholesaler,29,3.5,LSC-2XI08RPI
6822,Vertex Distributors 6822,Nashville,Germany,Manufacturer,26,3.6,LSC-VZ7S8DOS
6823,South Logistics 6823,Denver,India,Distributor,27,,LSC-C9Q8HMT1
6824,South Wholesale 6824,Austin,India,Distributor,16,4.0,LSC-4H77U8XH
6825,Apex Procurement 6825,San Francisco,Japan,Wholesaler,17,3.4,LSC-8X143ROP
6826,Prime Logistics 6826,Dallas,USA,Wholesaler,7,4.5,LSC-FKMSBZZR
6827,Prime Wholesale 6827,Miami,Vietnam,Wholesaler,2,,LSC-JXESURL7
6828,Summit Partners 6828,Austin,Mexico,Wholesaler,19,4.7,LSC-RYJU5VUZ
6829, Global Distributors 6829 ,Denver,Germany,Manufacturer,22,4.1,LSC-ULACD9JY
6830,Rapid Wholesale 6830,Charlotte,South Korea,Distributor,10,2.5,LSC-4RLUCDRU
6831,Summit Distributors 6831,Boston,India,Distributor,14,2.9,LSC-BRMWV684
6832, North Retail Supply 6832 ,Boston,Mexico,Wholesaler,24,2.6,LSC-PB8ZF234
6833,Rapid Industrial 6833,Phoenix,India,Wholesaler,24,3.8,LSC-SXRFMTNW
6834,East Retail Supply 6834,Columbus,China,Manufacturer,3,3.2,LSC-WQ1MVKZN
6835,Apex Distributors 6835,Detroit,South Korea,Manufacturer,17,4.8,LSC-QVR7L76B
6836,Global Retail Supply 6836,Houston,South Korea,Manufacturer,22,3.6,LSC-TVKJ5D5X
6837,Prime Trading 6837,Los Angeles,Japan,Wholesaler,8,,LSC-ZR9IVDTJ
6838,Prime Distributors 6838,Atlanta,Germany,Distributor,4,3.1,LSC-9RK98JVV
6839,Metro Procurement 6839,Phoenix,India,Distributor,11,4.3,LSC-KV5AA7UA
6840,Evergreen Logistics 6840,San Jose,Vietnam,Wholesaler,18,2.6,LSC-W6PQZSGT
6841,Apex Procurement 6841,New York,Vietnam,Distributor,22,4.0,LSC-W85KJYCM
6842,Vertex Logistics 6842,Seattle,India,Manufacturer,2,4.4,LSC-JBGST6XY
6843,East Logistics 6843,Detroit,Thailand,Wholesaler,12,3.9,LSC-DO2NJ3GL
6844,Nova Supply 6844,Austin,Japan,Distributor,29,2.6,LSC-MHM16V74
6845,Elite Enterprises 6845,Philadelphia,Thailand,Distributor,4,2.9,LSC-AW04NQVP
6846,Metro Logistics 6846,Chicago,Canada,Wholesaler,7,4.6,LSC-QSIM4ADC
6847,Apex Procurement 6847,Phoenix,China,Wholesaler,23,4.0,LSC-MYUI9HK2
6848,Summit Supply 6848,Denver,Japan,Manufacturer,3,3.1,LSC-7NPJO0N2
6849,Blue Trading 6849,Chicago,Vietnam,Distributor,6,4.3,LSC-BI0OII76
6850,South Partners 6850,Denver,Thailand,Wholesaler,3,3.1,LSC-PNIM24JV
6851,Apex Supply 6851,San Jose,Vietnam,Wholesaler,14,3.7,LSC-LEIW6KYN
6852,Blue Procurement 6852,Atlanta,Mexico,Wholesaler,7,3.7,LSC-62WLYMCX
6853,Metro Industrial 6853,Los Angeles,Canada,Wholesaler,10,4.4,LSC-MDD0HTJH
6854,North Retail Supply 6854,Chicago,China,Manufacturer,29,,LSC-GY51WTM7
6855,Quantum Supply 6855,Dallas,Germany,Manufacturer,22,,LSC-3Y2W1V2C
6856,Blue Distributors 6856,Columbus,Germany,Distributor,5,3.9,LSC-4NT77I4T
6857,Blue Supply 6857,Detroit,USA,Manufacturer,20,2.7,LSC-B79R47UR
6858, Quantum Retail Supply 6858 ,Atlanta,China,Wholesaler,10,3.7,LSC-WIG8IBHB
6859,Metro Trading 6859,Columbus,Thailand,Distributor,14,4.8,LSC-DBFQJF2R
6860,Apex Industrial 6860,Detroit,Vietnam,Distributor,4,4.6,LSC-1Z4CX1GZ
6861,Vertex Wholesale 6861,Chicago,China,Manufacturer,8,4.3,LSC-T8SI6HKF
6862,North Logistics 6862,Phoenix,USA,Wholesaler,10,2.5,LSC-BZ3KGWKJ
6863,West Trading 6863,Columbus,India,Distributor,8,4.4,LSC-5HRBP00A
6864,Rapid Retail Supply 6864,New York,Canada,Distributor,12,,LSC-38LUK3P1
6865,Blue Supply 6865,Los Angeles,China,Wholesaler,6,3.6,LSC-0UTOTYT9
6866,Blue Retail Supply 6866,Miami,Canada,Wholesaler,21,2.6,LSC-8K4GSU5L
6867,Elite Industrial 6867,Austin,Thailand,Wholesaler,8,2.6,LSC-FTE1MQH2
6868,Apex Enterprises 6868,Houston,South Korea,Wholesaler,29,4.4,LSC-CIU1QF5K
6869,Elite Wholesale 6869,Dallas,Japan,Distributor,7,2.8,LSC-JN23W5H8
6870,Summit Retail Supply 6870,Charlotte,Thailand,Manufacturer,20,2.8,LSC-R5O8A29L
6871,Nova Logistics 6871,Nashville,China,Distributor,15,3.6,LSC-VT3LD0ON
6872,Elite Enterprises 6872,Boston,Thailand,Distributor,26,,LSC-WL9I9A2S
6873,Prime Partners 6873,Chicago,Thailand,Manufacturer,12,3.3,LSC-X0CHX4XY
6874,North Logistics 6874,Los Angeles,Mexico,Distributor,19,3.4,LSC-6M9D1VQ9
6875,Apex Partners 6875,Houston,Vietnam,Manufacturer,14,5.0,LSC-0L4BFQ5V
6876,South Partners 6876,Chicago,Japan,Manufacturer,21,3.7,LSC-Q51ETF27
6877,Rapid Retail Supply 6877,Los Angeles,Germany,Wholesaler,12,,LSC-AFB7CQFA
6878,Nova Distributors 6878,Portland,India,Wholesaler,26,2.6,LSC-HFH2ILPB
6879,Metro Retail Supply 6879,Phoenix,South Korea,Manufacturer,13,3.5,LSC-OK7V7B2D
6880,Prime Industrial 6880,Columbus,China,Distributor,30,2.8,LSC-DDRJX3VP
6881,Elite Industrial 6881,Denver,Thailand,Distributor,6,3.2,LSC-YNRXGQ3M
6882,West Distributors 6882,Atlanta,India,Manufacturer,6,4.1,LSC-G2RJFSUA
6883,Elite Industrial 6883,Boston,Vietnam,Manufacturer,4,4.6,LSC-8XKHLKTU
6884,West Trading 6884,Los Angeles,Thailand,Manufacturer,2,3.9,LSC-0YRQRBDL
6885,Nova Wholesale 6885,Portland,China,Distributor,20,3.2,LSC-HC94P6TU
6886,West Trading 6886,Los Angeles,South Korea,Manufacturer,22,4.7,LSC-R0WIQBRK
6887,Quantum Retail Supply 6887,Philadelphia,India,Wholesaler,12,3.8,LSC-9XVWZVJV
6888,South Procurement 6888,Detroit,Vietnam,Manufacturer,27,3.9,LSC-RCSN0N2M
6889,Evergreen Trading 6889,Boston,Germany,Manufacturer,28,3.2,LSC-KP64W93D
6890,Summit Trading 6890,Los Angeles,Japan,Wholesaler,7,4.5,LSC-SF7424DY
6891,Apex Supply 6891,Phoenix,Mexico,Distributor,24,3.7,LSC-64MMG7LK
6892,United Distributors 6892,San Francisco,Vietnam,Manufacturer,30,4.5,LSC-GFH5DRN1
6893,Blue Logistics 6893,Denver,South Korea,Distributor,28,,LSC-5MWC7KTP
6894,Prime Supply 6894,Houston,USA,Manufacturer,12,4.8,LSC-IJQADH9F
6895,Global Logistics 6895,Boston,Vietnam,Distributor,14,3.0,LSC-TE2DBR5Z
6896,Apex Supply 6896,Detroit,Canada,Wholesaler,17,2.6,LSC-4R0FWNH2
6897,Quantum Retail Supply 6897,Denver,Vietnam,Manufacturer,16,3.0,LSC-FKB90S5Y
6898,Nova Procurement 6898,Dallas,Japan,Manufacturer,26,4.0,LSC-Z5WIWRGP
6899,West Supply 6899,Philadelphia,Germany,Manufacturer,28,4.3,LSC-2QARH8GW
6900,Elite Enterprises 6900,Philadelphia,South Korea,Distributor,23,3.4,LSC-QISP06UW
6901,Blue Trading 6901,San Francisco,Japan,Manufacturer,11,3.5,LSC-OMFSQMII
6902,Elite Partners 6902,Columbus,Vietnam,Manufacturer,15,2.7,LSC-BF8OXVGV
6903,South Retail Supply 6903,Nashville,South Korea,Manufacturer,21,4.6,LSC-1KSUV49H
6904,Summit Industrial 6904,Detroit,Vietnam,Distributor,12,4.9,LSC-75N69TGJ
6905,Nova Supply 6905,Seattle,India,Wholesaler,14,4.5,LSC-TWLLJUE0
6906,West Supply 6906,Nashville,USA,Wholesaler,7,5.0,LSC-0S77FDZL
6907,Quantum Trading 6907,Seattle,Vietnam,Distributor,21,4.1,LSC-Y8FVPT03
6908,Rapid Supply 6908,Portland,Germany,Wholesaler,13,4.2,LSC-E66CTBBI
6909,Blue Supply 6909,Detroit,USA,Manufacturer,10,4.8,LSC-GXB3DIEB
6910,Summit Enterprises 6910,Portland,Mexico,Wholesaler,23,4.4,LSC-301J8FG9
6911,Elite Logistics 6911,Los Angeles,Germany,Manufacturer,17,3.5,LSC-7OWS5JZL
6912,Evergreen Industrial 6912,New York,India,Wholesaler,15,4.7,LSC-WSNAEG7W
6913,West Enterprises 6913,New York,Vietnam,Distributor,5,2.7,LSC-ZF68SIJY
6914,United Trading 6914,Houston,Canada,Wholesaler,13,2.8,LSC-9GZHGBWD
6915,West Logistics 6915,Portland,China,Distributor,21,3.1,LSC-CV801DDS
6916,Prime Distributors 6916,Philadelphia,Germany,Distributor,6,4.6,LSC-JZORWZ1X
6917,Apex Retail Supply 6917,Columbus,Germany,Manufacturer,28,4.4,LSC-V5B6F53S
6918,Quantum Logistics 6918,Phoenix,India,Distributor,9,3.9,LSC-UVVSBK58
6919,Vertex Industrial 6919,New York,Vietnam,Distributor,22,2.5,LSC-8NEUQAQ0
6920,United Logistics 6920,Philadelphia,Germany,Manufacturer,22,4.3,LSC-6F37YH2E
6921,Rapid Procurement 6921,New York,Japan,Manufacturer,13,3.5,LSC-ZXYWAKP7
6922,Summit Partners 6922,San Francisco,China,Wholesaler,20,4.6,LSC-FM7YG19Z
6923,Global Logistics 6923,Phoenix,Canada,Distributor,23,4.1,LSC-TZKGVDZ9
6924,Prime Industrial 6924,Philadelphia,South Korea,Manufacturer,6,,LSC-J7KOHGQT
6925,Evergreen Procurement 6925,Portland,India,Manufacturer,9,2.6,LSC-AWVRTL8R
6926,Apex Logistics 6926,Portland,Germany,Manufacturer,6,4.4,LSC-USP91BZU
6927,Nova Retail Supply 6927,Portland,Japan,Manufacturer,2,2.8,LSC-2KXZ4QC6
6928,Evergreen Distributors 6928,San Francisco,India,Distributor,29,4.8,LSC-CBM89RL7
6929,East Retail Supply 6929,Chicago,Germany,Wholesaler,22,2.9,LSC-33XS4NFW
6930,Vertex Distributors 6930,Portland,South Korea,Wholesaler,30,3.6,LSC-1I1FGSH5
6931, Prime Distributors 6931 ,Seattle,Vietnam,Distributor,26,4.2,LSC-ZY1OU8QB
6932,United Trading 6932,Phoenix,India,Manufacturer,9,2.7,LSC-L7TJ2C8R
6933,Quantum Partners 6933,New York,Vietnam,Distributor,8,4.7,LSC-B205PEWM
6934,West Wholesale 6934,Miami,Germany,Manufacturer,11,2.7,LSC-DCIUZA52
6935,Vertex Supply 6935,Denver,Vietnam,Manufacturer,29,2.7,LSC-U1DL5185
6936,Global Industrial 6936,Austin,India,Manufacturer,10,3.1,LSC-89F4DGHT
6937,Summit Logistics 6937,Miami,South Korea,Distributor,29,3.0,LSC-7D9IKB3L
6938,West Procurement 6938,Dallas,India,Manufacturer,25,3.5,LSC-YONJ6EDX
6939,Global Enterprises 6939,Charlotte,Thailand,Wholesaler,9,3.6,LSC-K1W68VJ8
6940,East Procurement 6940,Phoenix,China,Distributor,7,2.6,LSC-2IAA5I7B
6941,Nova Industrial 6941,Columbus,China,Wholesaler,6,4.9,LSC-RLMZ40KY
6942,Summit Retail Supply 6942,Philadelphia,Canada,Manufacturer,25,4.1,LSC-LVS6M0WE
6943,South Trading 6943,Detroit,Mexico,Wholesaler,28,3.6,LSC-AFV2RKQK
6944,Blue Procurement 6944,Seattle,Germany,Manufacturer,21,3.4,LSC-OB2BLVJW
6945,Rapid Distributors 6945,Boston,Vietnam,Wholesaler,26,,LSC-6Q8T8ZKN
6946,East Enterprises 6946,Chicago,Japan,Distributor,25,4.6,LSC-K0Z05NZX
6947,Blue Supply 6947,Portland,Japan,Manufacturer,8,3.8,LSC-TGNGWR0O
6948,West Partners 6948,Nashville,Mexico,Wholesaler,23,3.8,LSC-UAD76GDE
6949,Blue Distributors 6949,Dallas,USA,Distributor,12,3.1,LSC-JA5JK451
6950,Vertex Distributors 6950,Dallas,Vietnam,Manufacturer,12,4.0,LSC-6O7QUZOE
6951,Metro Procurement 6951,Atlanta,India,Wholesaler,3,2.7,LSC-HO8HMR1R
6952,East Enterprises 6952,Philadelphia,Canada,Wholesaler,27,4.2,LSC-ZNG32M7J
6953,Apex Logistics 6953,Houston,Japan,Wholesaler,2,2.7,LSC-UVAJSCWO
6954,Summit Supply 6954,Charlotte,USA,Wholesaler,14,4.6,LSC-D41CZJE2
6955,East Partners 6955,Nashville,Germany,Wholesaler,9,3.2,LSC-QCD0OAA9
6956,Quantum Enterprises 6956,Philadelphia,Thailand,Wholesaler,9,3.7,LSC-OGKNENC9
6957,Summit Wholesale 6957,Phoenix,South Korea,Wholesaler,15,3.6,LSC-4B6AR3Z3
6958, Rapid Retail Supply 6958 ,Nashville,Vietnam,Manufacturer,25,3.2,LSC-0BL31JEW
6959,Rapid Distributors 6959,Dallas,USA,Distributor,2,2.6,LSC-4M3LGTHO
6960,North Partners 6960,Denver,India,Manufacturer,25,3.9,LSC-9W3J1BQW
6961,Blue Distributors 6961,Detroit,Thailand,Manufacturer,25,4.7,LSC-LPWLFNBS
6962,Evergreen Procurement 6962,Detroit,South Korea,Distributor,15,4.8,LSC-1E9LI565
6963,Vertex Logistics 6963,Charlotte,Vietnam,Wholesaler,3,4.9,LSC-R4CU0HVI
6964,Rapid Industrial 6964,Columbus,Canada,Distributor,29,4.7,LSC-P5AKNJJM
6965,Vertex Trading 6965,San Jose,China,Distributor,27,3.5,LSC-SHGY9XJ8
6966,Summit Trading 6966,Philadelphia,China,Wholesaler,23,3.2,LSC-LDZCPRXI
6967,Summit Partners 6967,Seattle,India,Manufacturer,15,2.8,LSC-SLA2ER8Y
6968,Global Trading 6968,Charlotte,Japan,Distributor,7,3.7,LSC-MFME4KVF
6969,South Logistics 6969,San Francisco,China,Wholesaler,27,2.9,LSC-YSP3RV4S
6970,Blue Industrial 6970,Seattle,Mexico,Manufacturer,4,4.4,LSC-P5ZE7Z1P
6971,Metro Retail Supply 6971,New York,Canada,Distributor,19,,LSC-SMZZZJUM
6972,Rapid Wholesale 6972,San Jose,USA,Distributor,28,2.7,LSC-B5VDVIUI
6973,Rapid Wholesale 6973,Atlanta,South Korea,Manufacturer,4,3.1,LSC-5LZGSMIT
6974,Global Logistics 6974,Miami,Japan,Wholesaler,27,4.7,LSC-TXDCXFCB
6975,Apex Distributors 6975,Portland,Mexico,Distributor,20,,LSC-W6HVZBGE
6976,Rapid Retail Supply 6976,Austin,Thailand,Manufacturer,4,4.9,LSC-5BEJBJVS
6977,United Logistics 6977,Phoenix,Mexico,Distributor,5,4.8,LSC-3EEEHGX1
6978,Vertex Procurement 6978,Dallas,Thailand,Manufacturer,16,3.7,LSC-N0MUG9IF
6979,Nova Wholesale 6979,San Francisco,Japan,Distributor,29,4.5,LSC-ZQUQG3G1
6980,North Distributors 6980,San Jose,South Korea,Manufacturer,16,,LSC-SY2SQFPJ
6981,Rapid Wholesale 6981,Phoenix,China,Distributor,11,4.6,LSC-IPQBIT6K
6982,North Distributors 6982,New York,India,Wholesaler,18,3.5,LSC-5OXLCK2O
6983,North Enterprises 6983,Miami,Vietnam,Manufacturer,6,3.3,LSC-BNNFQMV8
6984,Nova Distributors 6984,Nashville,Canada,Distributor,24,3.6,LSC-EVMY2EN6
6985,Metro Partners 6985,San Jose,Germany,Wholesaler,11,4.4,LSC-UQ3IK9NM
6986,Apex Industrial 6986,Charlotte,China,Manufacturer,15,4.9,LSC-EYDR1EL6
6987,East Retail Supply 6987,Denver,Vietnam,Distributor,25,4.2,LSC-6ZSQ65U9
6988,East Logistics 6988,LOS ANGELES,South Korea,Manufacturer,5,2.5,LSC-P0O5YXBP
6989,Apex Supply 6989,Chicago ,USA,Wholesaler,18,3.6,LSC-FTLO5WX4
6990,Prime Procurement 6990,Atlanta,India,Wholesaler,18,2.5,LSC-YJL86FZ4
6991,Metro Supply 6991,Philadelphia,South Korea,Manufacturer,2,4.3,LSC-BSYX0G87
6992,Evergreen Partners 6992,Portland,Mexico,Distributor,18,3.0,LSC-QXO9SLPS
6993,West Trading 6993,Austin,Thailand,Manufacturer,12,3.2,LSC-RJ0CDBJG
6994,Prime Distributors 6994,Charlotte,Thailand,Manufacturer,26,4.5,LSC-WMRDO89L
6995,Global Supply 6995,Portland,South Korea,Manufacturer,26,4.9,LSC-4WXBXJ9U
6996,Vertex Enterprises 6996,Denver,Thailand,Wholesaler,25,4.5,LSC-5A6Q8MGL
6997,Nova Enterprises 6997,Phoenix,Japan,Manufacturer,12,4.8,LSC-IB204ZGN
6998,Apex Retail Supply 6998,Miami,Canada,Wholesaler,2,2.6,LSC-VHXQL9T2
6999,Prime Retail Supply 6999,Austin,India,Wholesaler,15,4.4,LSC-HPGRBR6P
7000,Metro Retail Supply 7000,Dallas,Germany,Manufacturer,26,4.6,LSC-TSQ6JLS6
7001,Blue Distributors 7001,Charlotte,Japan,Manufacturer,14,2.8,LSC-IJ1KGCVK
7002,Blue Procurement 7002,New York,India,Manufacturer,23,3.9,LSC-B8D0FBF2
7003,Evergreen Enterprises 7003,Dallas,South Korea,Distributor,13,2.6,LSC-8OTIA47G
7004,Blue Partners 7004,Portland,South Korea,Distributor,25,4.0,LSC-1F6433SE
7005,Metro Distributors 7005,Seattle,Vietnam,Distributor,7,4.5,LSC-9262CB5E
7006,Rapid Enterprises 7006,Houston,Canada,Manufacturer,15,3.1,LSC-48M0KXAN
7007,Blue Distributors 7007,Portland,Japan,Wholesaler,19,3.1,LSC-B79BYFQH
7008,Nova Distributors 7008,Columbus,Thailand,Distributor,22,3.2,LSC-1ZHZR9M6
7009,Prime Procurement 7009,Denver,Thailand,Wholesaler,23,4.1,LSC-U4JFKNR1
7010,Metro Distributors 7010,Atlanta,Japan,Manufacturer,30,3.2,LSC-WXFUKTN8
7011,Quantum Trading 7011,Chicago,Vietnam,Manufacturer,11,3.9,LSC-33SBFOIX
7012,Metro Wholesale 7012,Portland,Vietnam,Distributor,28,3.5,LSC-C06ABWNK
7013,Metro Enterprises 7013,San Francisco,Japan,Wholesaler,24,5.8,LSC-AT5D8RK0
7014,South Supply 7014,Detroit,India,Distributor,7,4.3,LSC-69ZT9KOF
7015,East Distributors 7015,Nashville,South Korea,Manufacturer,28,4.0,LSC-SGS1GW8P
7016,Quantum Supply 7016,Atlanta,South Korea,Manufacturer,15,2.5,LSC-VVAYFCTC
7017,East Logistics 7017,Miami,Germany,Distributor,27,4.9,LSC-LEWTEMHH
7018,Evergreen Supply 7018,Austin,South Korea,Manufacturer,29,3.0,LSC-MYUN6ANK
7019,Blue Procurement 7019,Boston,Canada,Wholesaler,11,3.6,LSC-ZU3CT96E
7020,Global Partners 7020,Seattle,Canada,Wholesaler,18,3.9,LSC-G8OHR541
7021,Rapid Logistics 7021,Houston,Vietnam,Wholesaler,18,3.1,LSC-WSEYHPHD
7022,North Distributors 7022,Nashville,Vietnam,Distributor,17,3.0,LSC-EXD638YV
7023,Global Procurement 7023,Charlotte,Germany,Manufacturer,17,4.0,LSC-0TM5JYCW
7024,Blue Partners 7024,Boston,USA,Wholesaler,26,4.3,LSC-JX3PHJCP
7025,United Trading 7025,Houston,China,Manufacturer,9,4.0,LSC-HRORUKXU
7026,East Trading 7026,Denver,Mexico,Wholesaler,19,4.8,LSC-LJMEE1R0
7027,Blue Retail Supply 7027,Boston,Vietnam,Distributor,30,4.4,LSC-24XV7QAP
7028,Evergreen Supply 7028,Los Angeles,Japan,Manufacturer,5,4.4,LSC-J8CIBWQ6
7029,Apex Retail Supply 7029,Phoenix,India,Distributor,5,4.7,LSC-3CQ1DQ92
7030,Rapid Procurement 7030,Houston,Mexico,Wholesaler,9,3.5,LSC-2IAD32Y0
7031,Summit Enterprises 7031,Charlotte,China,Distributor,16,4.1,LSC-LIX5BLGU
7032,Prime Wholesale 7032,Austin,South Korea,Wholesaler,21,4.6,LSC-RLYFWAOU
7033,Nova Retail Supply 7033,Atlanta,India,Wholesaler,28,4.1,LSC-KCJWQ3PX
7034,West Industrial 7034,Houston,Thailand,Distributor,30,4.7,LSC-PBRXA0D8
7035,Global Supply 7035,Phoenix,Canada,Manufacturer,11,3.0,LSC-8UDBW80N
7036,Metro Trading 7036,Boston,Vietnam,Manufacturer,9,3.5,LSC-650QGEOX
7037,Elite Procurement 7037,Nashville,China,Distributor,25,3.3,LSC-QW4CZ521
7038,East Procurement 7038,Detroit,China,Distributor,10,4.5,LSC-8MS8XL76
7039,United Trading 7039,Austin,Mexico,Distributor,16,3.8,LSC-X7FQGMQQ
7040,Summit Enterprises 7040,San Jose,Thailand,Manufacturer,28,4.0,LSC-PMU6GYRO
7041,Elite Trading 7041,Nashville,India,Distributor,29,4.6,LSC-SWNHGNHI
7042,Vertex Trading 7042,Boston,Mexico,Manufacturer,27,2.5,LSC-Z7BXXQMB
7043,Vertex Trading 7043,San Jose,Vietnam,Wholesaler,3,4.4,LSC-7JB1GSWR
7044,Metro Partners 7044,Atlanta,South Korea,Wholesaler,30,4.9,LSC-ZKKV0DPD
7045,United Retail Supply 7045,Denver,India,Distributor,7,3.8,LSC-HWI2LLQJ
7046,Evergreen Procurement 7046,Columbus,Mexico,Manufacturer,7,3.4,LSC-X5GRQB7U
7047,Nova Procurement 7047,Seattle,Japan,Wholesaler,2,3.1,LSC-WDK7R6Y9
7048,Rapid Supply 7048,Atlanta,Germany,Distributor,23,4.7,LSC-SNHPM490
7049,United Wholesale 7049,New York,South Korea,Distributor,21,3.5,LSC-QX8PLPTM
7050,Nova Trading 7050,Boston,Canada,Manufacturer,16,3.3,LSC-MTBXCLQO
7051,Quantum Wholesale 7051,San Jose,Japan,Wholesaler,30,4.2,LSC-0OCULIEA
7052,Vertex Supply 7052,Charlotte,Japan,Wholesaler,13,3.5,LSC-XT76PS42
7053,Summit Wholesale 7053,Austin,Germany,Wholesaler,12,3.4,LSC-Y8U9X16H
7054,Blue Wholesale 7054,Portland,South Korea,Distributor,22,4.1,LSC-I60G75XM
7055,Vertex Retail Supply 7055,Charlotte,Germany,Manufacturer,22,3.4,LSC-373CJM7K
7056,East Distributors 7056,Charlotte,Vietnam,Manufacturer,28,3.2,LSC-S337J5ZE
7057,Metro Procurement 7057,Charlotte,India,Wholesaler,2,3.1,LSC-C6PM5231
7058,Blue Wholesale 7058,San Jose,Japan,Manufacturer,2,4.2,LSC-V2HM1H9X
7059,Evergreen Retail Supply 7059,Detroit,Japan,Distributor,11,3.8,LSC-7DKQNHVY
7060,Rapid Industrial 7060,Miami,Vietnam,Distributor,26,3.6,LSC-O95ATDJ7
7061,Rapid Trading 7061,New York,South Korea,Wholesaler,17,4.3,LSC-F3VUN9CQ
7062,Apex Trading 7062,Houston,Vietnam,Wholesaler,10,3.9,LSC-UPM8NOJE
7063,Summit Partners 7063,Columbus,Thailand,Wholesaler,19,3.7,LSC-NVWAT1L2
7064,Elite Enterprises 7064,Phoenix,Thailand,Distributor,3,4.9,LSC-TWGESNX1
7065,Elite Retail Supply 7065,Philadelphia,South Korea,Manufacturer,8,4.1,LSC-N30EDJQ3
7066,Quantum Distributors 7066,Portland,Thailand,Manufacturer,30,4.3,LSC-VQZE7F4H
7067,Prime Partners 7067,Atlanta,India,Distributor,26,3.5,LSC-OP7SL1JE
7068,United Procurement 7068,San Jose,USA,Wholesaler,22,4.1,LSC-V5XYANUF
7069,Summit Enterprises 7069,Los Angeles,South Korea,Manufacturer,6,,LSC-KBNKOJ1V
7070,Blue Procurement 7070,Nashville,Canada,Distributor,23,4.8,LSC-D4RIBCRC
7071,Apex Supply 7071,Charlotte,China,Manufacturer,9,4.7,LSC-SHI5SH7N
7072,Apex Distributors 7072,Seattle,Thailand,Distributor,19,4.3,LSC-RLX4JS0A
7073,South Distributors 7073,Atlanta,Canada,Distributor,19,3.1,LSC-2SMNP574
7074, Nova Trading 7074 ,Columbus,Vietnam,Manufacturer,18,4.7,LSC-10YX4JUT
7075,East Enterprises 7075,San Francisco,Thailand,Wholesaler,28,3.8,LSC-4F0SWYQ7
7076,South Enterprises 7076,Austin,Thailand,Wholesaler,2,2.6,LSC-PARBU7HF
7077,Elite Trading 7077,Houston,Thailand,Distributor,7,4.5,LSC-YLXDYQPT
7078,North Industrial 7078,Houston,USA,Wholesaler,30,3.1,LSC-ATMYSJJE
7079,Summit Partners 7079,Dallas,Thailand,Wholesaler,17,3.0,LSC-NF4MTBLQ
7080,Prime Wholesale 7080,Miami,Germany,Wholesaler,10,4.3,LSC-F8SKE5NT
7081,Rapid Supply 7081,Los Angeles,Thailand,Manufacturer,30,4.3,LSC-9M7SAE5I
7082,Nova Distributors 7082,New York,Germany,Distributor,16,-1.0,LSC-I2B3EMJ7
7083,Nova Logistics 7083,San Jose,Thailand,Manufacturer,3,3.6,LSC-5240SFKR
7084,Apex Retail Supply 7084,Detroit,China,Distributor,25,4.9,LSC-1PD5TAI4
7085,Blue Logistics 7085,San Francisco,Germany,Distributor,21,2.5,LSC-VRQSK3YK
7086,Evergreen Logistics 7086,Houston,South Korea,Manufacturer,4,2.8,LSC-1J1J45XU
7087,West Supply 7087,Portland,Thailand,Distributor,15,4.3,LSC-ULNB4X5A
7088,United Procurement 7088,Los Angeles,Vietnam,Manufacturer,30,2.7,LSC-XHTF29U8
7089,West Partners 7089,Atlanta,Japan,Wholesaler,28,4.0,LSC-WUQQEA0S
7090,Blue Trading 7090,Atlanta,South Korea,Wholesaler,29,2.8,LSC-SVDUDKTQ
7091,Metro Procurement 7091,Charlotte,Mexico,Wholesaler,24,3.7,LSC-WK2MMTC0
7092,North Enterprises 7092,Los Angeles,Canada,Distributor,19,3.9,LSC-5AT9HNUN
7093,Metro Procurement 7093,Boston,India,Distributor,14,,LSC-4W21HREU
7094,West Logistics 7094,Los Angeles,South Korea,Distributor,26,3.3,LSC-U6N7AFTN
7095,Summit Enterprises 7095,San Jose,Japan,Wholesaler,2,2.6,LSC-533CCEMU
7096,Nova Partners 7096,Miami,Canada,Manufacturer,28,3.9,LSC-0ENU382Z
7097,West Partners 7097,Miami,Vietnam,Manufacturer,4,4.5,LSC-7NQYTOH0
7098,Elite Wholesale 7098,Seattle,India,Distributor,20,2.8,LSC-M42158JY
7099,East Supply 7099,Detroit,USA,Manufacturer,16,4.6,LSC-JDV359YV
7100,South Retail Supply 7100,Boston,Canada,Distributor,11,4.1,LSC-MB4WL8LF
7101,Elite Wholesale 7101,Denver,India,Distributor,26,2.9,LSC-4UZPYJJX
7102,Nova Enterprises 7102,Columbus,Vietnam,Manufacturer,17,3.9,LSC-OIRKC1HJ
7103,Vertex Trading 7103,New York,China,Wholesaler,30,4.4,LSC-VWUIH1ZR
7104,Global Enterprises 7104,Denver,Canada,Wholesaler,15,4.7,LSC-MBM7WEU9
7105,Summit Distributors 7105,Los Angeles,Vietnam,Distributor,15,4.2,LSC-POPPO7Q1
7106,Global Retail Supply 7106,Portland,USA,Distributor,11,2.8,LSC-YF5G52S8
7107,United Partners 7107,Miami,Germany,Manufacturer,5,3.4,LSC-K5UXRJEC
7108,North Partners 7108,Houston,Thailand,Distributor,9,2.5,LSC-086ALYJ5
7109,Nova Enterprises 7109,Dallas,Germany,Manufacturer,8,5.8,LSC-E6XQ2Q3H
7110, United Trading 7110 ,Miami,Thailand,Manufacturer,24,4.8,LSC-D2B3EZI0
7111,West Trading 7111,PHOENIX,Thailand,Wholesaler,26,4.2,LSC-1TRRR1G7
7112,East Trading 7112,Portland,India,Manufacturer,20,2.8,LSC-BOCM6S07
7113,East Trading 7113,Detroit,Vietnam,Manufacturer,25,4.5,LSC-498FG4N6
7114, Rapid Distributors 7114 ,San Francisco,Mexico,Manufacturer,26,2.8,LSC-FX2K3PMM
7115,East Trading 7115,Miami,USA,Manufacturer,14,2.9,LSC-LTKV5C1S
7116,Global Wholesale 7116,San Jose,China,Distributor,5,,LSC-VJMJIKPE
7117,Nova Industrial 7117,Chicago,Japan,Distributor,25,4.6,LSC-KT7SJU0V
7118,Metro Logistics 7118,Atlanta,India,Distributor,29,3.1,LSC-NPBM51IZ
7119,Summit Trading 7119,Columbus,India,Manufacturer,7,4.4,LSC-B5AM2C91
7120,Nova Retail Supply 7120,Columbus,China,Manufacturer,8,4.7,LSC-2MR9W4V4
7121, North Retail Supply 7121 ,San Jose,Germany,Manufacturer,5,4.0,LSC-8JS1PKPL
7122,Metro Procurement 7122,Dallas,Vietnam,Wholesaler,9,3.8,LSC-RDFX9Y5E
7123,Blue Enterprises 7123,Phoenix,China,Distributor,22,4.1,LSC-1QRZ2V6N
7124,Prime Distributors 7124,Portland,China,Wholesaler,7,2.9,LSC-XDU6Q50A
7125,Blue Supply 7125,San Francisco,Thailand,Manufacturer,27,3.0,LSC-R1BVF589
7126,Metro Industrial 7126,Philadelphia,USA,Distributor,12,3.0,LSC-FJQVIC0F
7127,Elite Retail Supply 7127,Miami,Japan,Manufacturer,23,3.1,LSC-KMAQJ5RR
7128,United Supply 7128,Los Angeles,Thailand,Wholesaler,13,4.8,LSC-M2R7SNKY
7129,Summit Partners 7129,Portland,Thailand,Manufacturer,14,4.5,LSC-52C4XA72
7130,Apex Distributors 7130,Columbus,China,Manufacturer,29,2.9,LSC-OM0M1TES
7131,Global Partners 7131,Columbus,Canada,Distributor,15,4.4,LSC-KE6XICJK
7132,United Procurement 7132,Miami,USA,Wholesaler,20,3.3,LSC-ARN901X3
7133,North Enterprises 7133,San Jose,Canada,Wholesaler,17,3.9,LSC-3U6VWHJF
7134, North Wholesale 7134 ,Portland,South Korea,Manufacturer,8,2.7,LSC-7WBQE7XY
7135,North Retail Supply 7135,Nashville,China,Distributor,11,2.8,LSC-8BE4E4HL
7136,Metro Supply 7136,Denver,Mexico,Manufacturer,21,3.5,LSC-N5AYIDS3
7137,East Retail Supply 7137,Los Angeles,Thailand,Wholesaler,11,4.2,LSC-AUUUFF1F
7138,Global Supply 7138,Austin,Thailand,Wholesaler,12,3.4,LSC-KJ15CQ5U
7139,Blue Wholesale 7139,Boston,Canada,Wholesaler,7,4.2,LSC-EZPOIOON
7140,East Enterprises 7140,Miami,Germany,Wholesaler,10,3.3,LSC-9KXX4Z4H
7141,Metro Industrial 7141,Chicago,Germany,Wholesaler,13,3.1,LSC-8QMVK8XN
7142,Summit Partners 7142,Houston,Thailand,Distributor,25,3.3,LSC-W0DLL3I6
7143,Metro Distributors 7143,Nashville,Mexico,Distributor,9,3.0,LSC-NFALJDSM
7144,Evergreen Trading 7144,Nashville,Thailand,Distributor,24,2.8,LSC-35ENM12B
7145,Prime Distributors 7145,Los Angeles,Vietnam,Wholesaler,5,3.2,LSC-MR8PJIJ1
7146,Summit Retail Supply 7146,Phoenix,Thailand,Wholesaler,8,2.9,LSC-UU78US8S
7147,Elite Trading 7147,Denver,South Korea,Wholesaler,26,4.0,LSC-9FJA0DF2
7148,Prime Wholesale 7148,Chicago,China,Distributor,11,2.6,LSC-UZ2ZFJ4D
7149,Vertex Enterprises 7149,Chicago,Thailand,Manufacturer,27,4.9,LSC-LB6120OG
7150,Evergreen Partners 7150,Columbus,Germany,Wholesaler,25,3.6,LSC-HGYZPHQC
7151,South Trading 7151,Miami,China,Distributor,20,3.3,LSC-TEEI4P8D
7152,Rapid Supply 7152,Austin,Mexico,Distributor,11,3.6,LSC-M0OG9CB8
7153,Nova Industrial 7153,Atlanta,China,Wholesaler,11,2.6,LSC-ID9SBD09
7154,Quantum Logistics 7154,Charlotte,Mexico,Manufacturer,26,,LSC-3S87SOLH
7155,Summit Supply 7155,Detroit,China,Manufacturer,17,4.4,LSC-O0L4JIIX
7156, South Retail Supply 7156 ,San Jose,China,Wholesaler,24,3.2,LSC-O8TIT7X5
7157,Global Distributors 7157,San Jose,Canada,Manufacturer,19,3.2,LSC-LY95YNFJ
7158,Blue Wholesale 7158,Nashville,Japan,Manufacturer,13,3.2,LSC-E307N17L
7159,Apex Trading 7159,Nashville,Canada,Manufacturer,2,2.5,LSC-59G9FL42
7160,Nova Wholesale 7160,Seattle,Mexico,Manufacturer,9,4.2,LSC-1XHQRJEP
7161,South Enterprises 7161,Philadelphia,Germany,Wholesaler,3,4.7,LSC-85WUJF7B
7162,West Enterprises 7162,San Jose,USA,Distributor,23,3.8,LSC-J0NKZ0AS
7163,North Trading 7163,New York,China,Distributor,18,4.9,LSC-W3GSMLGQ
7164, North Partners 7164 ,Philadelphia,China,Wholesaler,26,4.5,LSC-TQ8MDEQ3
7165,Summit Partners 7165,Columbus,Germany,Wholesaler,6,3.1,LSC-36HUXZVF
7166,Prime Enterprises 7166,Columbus,Germany,Distributor,12,4.9,LSC-N3NARF3X
7167,Apex Retail Supply 7167,San Jose,Germany,Manufacturer,19,4.3,LSC-WNMWVLP1
7168,Vertex Retail Supply 7168,Portland,Mexico,Manufacturer,5,4.4,LSC-65HJAEIK
7169,East Distributors 7169,Seattle,Thailand,Manufacturer,17,2.6,LSC-P21S50G8
7170,Global Procurement 7170,Columbus,USA,Wholesaler,7,2.6,LSC-IMK86TKO
7171,Quantum Supply 7171,Philadelphia,USA,Manufacturer,25,2.7,LSC-K21BZPQC
7172,South Wholesale 7172,San Jose,China,Wholesaler,24,4.4,LSC-J3WW5XBN
7173,Rapid Distributors 7173,Chicago,Vietnam,Distributor,15,4.6,LSC-VPRRSZ1B
7174,Blue Supply 7174,Denver,Thailand,Distributor,24,4.0,LSC-M0GNAYSJ
7175,Summit Retail Supply 7175,Detroit,India,Wholesaler,6,3.6,LSC-OU01397J
7176,Apex Procurement 7176,Portland,Mexico,Distributor,16,3.5,LSC-EOL6C1FF
7177,Apex Supply 7177,Boston,Vietnam,Distributor,2,3.7,LSC-LIEBI2LW
7178,Summit Supply 7178,Miami,Japan,Wholesaler,3,4.3,LSC-BHQHMO26
7179,Evergreen Procurement 7179,Chicago,Vietnam,Distributor,9,2.9,LSC-H5IQUITI
7180,East Retail Supply 7180,Atlanta,Mexico,Manufacturer,17,2.7,LSC-5D5RWAVC
7181,Summit Partners 7181,Dallas,Germany,Distributor,10,3.8,LSC-ILYT9669
7182,Prime Logistics 7182,New York,Germany,Wholesaler,4,4.7,LSC-TXW7SYAO
7183,Rapid Trading 7183,Miami,USA,Wholesaler,26,3.7,LSC-4YNL4VBH
7184,United Wholesale 7184,Chicago,Canada,Distributor,2,3.7,LSC-A48KEQEF
7185,Summit Logistics 7185,Austin,Mexico,Wholesaler,27,4.9,LSC-3VLJUUPW
7186,United Procurement 7186,New York,India,Distributor,6,3.8,LSC-8NDPVPHH
7187,North Partners 7187,Charlotte,India,Manufacturer,23,3.5,LSC-30OPB79Q
7188,Rapid Enterprises 7188,Chicago,Mexico,Wholesaler,4,2.6,LSC-Y1JSL14O
7189,Global Distributors 7189,New York,Germany,Distributor,9,4.2,LSC-Q7N1YZV4
7190,Nova Retail Supply 7190,Philadelphia,USA,Manufacturer,24,4.5,LSC-73XYGGUP
7191,Nova Procurement 7191,Columbus,Thailand,Manufacturer,29,2.6,LSC-D154CKQB
7192,Summit Logistics 7192,Austin,Canada,Distributor,6,4.9,LSC-N4NSAC9W
7193,Evergreen Industrial 7193,Phoenix,Germany,Manufacturer,12,4.1,LSC-VKS20EGY
7194,East Procurement 7194,Atlanta,Vietnam,Wholesaler,4,3.2,LSC-ZAYAG23P
7195,Metro Retail Supply 7195,New York,Canada,Wholesaler,13,2.7,LSC-C4KM90IJ
7196,West Enterprises 7196,Columbus,USA,Wholesaler,13,2.7,LSC-KC70MVZ9
7197,Apex Trading 7197,Chicago,Mexico,Wholesaler,18,4.5,LSC-350534NG
7198,Blue Partners 7198,Seattle,India,Distributor,17,4.5,LSC-HWSJ5SAP
7199,Quantum Supply 7199,Miami,China,Wholesaler,18,3.4,LSC-SLHB70F3
7200,East Enterprises 7200,Houston,USA,Wholesaler,10,2.6,LSC-VKNGU9T4
7201,West Procurement 7201,Boston,Mexico,Wholesaler,-6,4.8,LSC-787DWQRD
7202,Rapid Industrial 7202,Miami,Canada,Distributor,20,4.0,LSC-200Q69PO
7203,Vertex Industrial 7203,Austin,Germany,Distributor,4,3.2,LSC-AGQYJ9CV
7204,East Retail Supply 7204,Chicago,China,Distributor,5,2.8,LSC-G2Y20T7E
7205,North Procurement 7205,Atlanta,Canada,Manufacturer,25,3.2,LSC-N43G48DF
7206,Summit Enterprises 7206,San Jose,India,Wholesaler,20,4.1,LSC-MLS92GR8
7207,United Distributors 7207,PHOENIX,USA,Wholesaler,30,3.9,LSC-KJFCJWXP
7208,Prime Wholesale 7208,Charlotte,South Korea,Manufacturer,27,3.7,LSC-CBFZWWCP
7209,Elite Logistics 7209,Columbus,South Korea,Distributor,21,4.7,LSC-D4JVO6XB
7210,Global Enterprises 7210,San Jose,Japan,Manufacturer,14,3.6,LSC-AA92IBKW
7211,Apex Procurement 7211,Philadelphia,Canada,Distributor,12,,LSC-CUZVX9V7
7212,Prime Distributors 7212,Denver,Japan,Manufacturer,11,4.4,LSC-L8OOXVDR
7213,Metro Enterprises 7213,Columbus,Vietnam,Manufacturer,20,3.4,LSC-KQV8UDS9
7214,Blue Enterprises 7214,Denver,India,Wholesaler,28,3.9,LSC-IRYCGFTC
7215,Summit Enterprises 7215,Miami,Canada,Manufacturer,30,,LSC-9SERL980
7216,Prime Wholesale 7216,Los Angeles,Canada,Wholesaler,27,2.5,LSC-R1GWNNNR
7217,South Retail Supply 7217,Atlanta,Canada,Distributor,20,4.8,LSC-E1BYJ4BO
7218,Summit Partners 7218,Austin,Vietnam,Manufacturer,24,3.1,LSC-WGD90N0Y
7219,Nova Industrial 7219,San Jose,South Korea,Wholesaler,18,2.8,LSC-5T42PEKH
7220,North Enterprises 7220,Miami,Japan,Wholesaler,13,4.0,LSC-MYNI4Z1P
7221,Vertex Enterprises 7221,San Francisco,Japan,Wholesaler,12,4.8,LSC-JG70E0WH
7222,Blue Partners 7222,Portland,USA,Manufacturer,27,3.0,LSC-4ONEOMA9
7223,Evergreen Logistics 7223,Los Angeles,Mexico,Distributor,5,4.2,LSC-ZOX30PAJ
7224,North Retail Supply 7224,Charlotte,Germany,Distributor,26,4.3,LSC-WBUQ0UIV
7225,South Wholesale 7225,Atlanta,Japan,Manufacturer,28,3.3,LSC-7JTBXWYO
7226,Vertex Logistics 7226,Phoenix,Vietnam,Manufacturer,20,2.7,LSC-MONE48KU
7227,East Distributors 7227,Denver,Vietnam,Wholesaler,21,4.2,LSC-XF7X98YV
7228,Quantum Enterprises 7228,Miami,Canada,Distributor,7,3.9,LSC-OVM7VSP0
7229,Elite Supply 7229,Philadelphia,USA,Manufacturer,5,3.8,LSC-3AVPM17C
7230,Metro Wholesale 7230,Portland,Japan,Wholesaler,2,3.9,LSC-Z1QI0HTV
7231,Quantum Partners 7231,Seattle,Mexico,Manufacturer,23,4.5,LSC-2I8UVXG0
7232,West Industrial 7232,Nashville,Japan,Manufacturer,4,3.0,LSC-MBKUFCRJ
7233,North Partners 7233,Philadelphia,Mexico,Manufacturer,26,4.4,LSC-49ONO3SO
7234,United Logistics 7234,Los Angeles,China,Distributor,13,4.9,LSC-FY7V24Q0
7235,Evergreen Retail Supply 7235,San Jose,Canada,Wholesaler,8,3.0,LSC-QYM1RLMM
7236,United Logistics 7236,Los Angeles,South Korea,Manufacturer,5,2.6,LSC-UYZX0JU9
7237,Global Industrial 7237,Seattle,India,Distributor,17,2.5,LSC-10JHSM6A
7238,Apex Enterprises 7238,San Jose,South Korea,Wholesaler,3,5.0,LSC-VLMBGCN9
7239,Quantum Distributors 7239,Charlotte,India,Wholesaler,8,3.4,LSC-RAU5D6TO
7240,North Logistics 7240,Denver,Mexico,Distributor,23,3.5,LSC-Y6T0CD77
7241,Quantum Partners 7241,San Jose,South Korea,Manufacturer,26,4.9,LSC-FEXX4TC4
7242,Prime Partners 7242,Atlanta,China,Manufacturer,3,2.6,LSC-B3I6583G
7243,West Retail Supply 7243,Portland,Thailand,Distributor,28,2.6,LSC-IG5JH3E3
7244,East Procurement 7244,Denver,South Korea,Distributor,17,3.1,LSC-1EN1RQQA
7245,Summit Trading 7245,Charlotte,India,Wholesaler,3,3.1,LSC-PB15MCHU
7246,Summit Supply 7246,San Francisco,Vietnam,Distributor,28,4.7,LSC-Y8QST5JJ
7247,Apex Trading 7247,Houston,India,Manufacturer,18,4.9,LSC-CC6RI3DY
7248,South Procurement 7248,Charlotte,Mexico,Distributor,25,3.8,LSC-G3RJM7VU
7249,South Retail Supply 7249,Seattle,USA,Distributor,29,3.2,LSC-6OJ244E6
7250,Metro Supply 7250,San Jose,Thailand,Manufacturer,12,4.8,LSC-I6TB7RSF
7251,Global Trading 7251,Miami,India,Distributor,16,4.8,LSC-8G5IEPTS
7252,Vertex Supply 7252,Columbus,Mexico,Distributor,19,3.8,LSC-26CLLWB0
7253,West Trading 7253,San Jose,Japan,Manufacturer,24,3.1,LSC-KGLHVTLO
7254,East Trading 7254,Columbus,Japan,Wholesaler,28,3.9,LSC-ML51O2NO
7255,Global Retail Supply 7255,New York,Thailand,Distributor,2,4.9,LSC-5HIL1B8W
7256,North Trading 7256,Portland,Vietnam,Distributor,6,3.2,LSC-J3ZB8IIG
7257,South Logistics 7257,Dallas,Germany,Manufacturer,19,4.9,LSC-J23DW5PO
7258,Quantum Partners 7258,San Jose,Japan,Manufacturer,24,3.1,LSC-VECLJ25I
7259,East Supply 7259,Denver,Japan,Manufacturer,7,3.1,LSC-QVMPNKN1
7260,West Retail Supply 7260,Chicago,China,Distributor,-7,3.4,LSC-I08WOJP2
7261,Quantum Distributors 7261,Nashville,Germany,Distributor,23,4.8,LSC-PD8707OI
7262,Quantum Supply 7262,San Francisco,Canada,Distributor,27,4.7,LSC-RL101SRO
7263,Metro Logistics 7263,Dallas,USA,Manufacturer,19,4.5,LSC-HH0XIPRZ
7264,West Distributors 7264,Chicago,Thailand,Manufacturer,20,2.7,LSC-SF5A0AM3
7265,North Partners 7265,Dallas,Thailand,Manufacturer,8,4.1,LSC-3CCK7P0D
7266,South Partners 7266,Seattle,South Korea,Distributor,29,3.2,LSC-0X6RLZIR
7267,Global Trading 7267,San Francisco,China,Distributor,28,4.8,LSC-Y2GU7VLD
7268,West Wholesale 7268,Philadelphia,Japan,Distributor,9,3.0,LSC-ZGZX4198
7269,United Distributors 7269,San Jose,Japan,Distributor,26,3.8,LSC-IMT6714S
7270,United Partners 7270,Chicago,India,Wholesaler,15,4.7,LSC-KIODD4B8
7271,West Logistics 7271,Dallas,Canada,Manufacturer,13,,LSC-RD5DZGQK
7272,Prime Enterprises 7272,San Francisco,India,Manufacturer,28,4.0,LSC-LS8KAN7G
7273,Nova Logistics 7273,Atlanta,Japan,Manufacturer,11,3.8,LSC-LJA1UWPA
7274,West Partners 7274,Miami,USA,Manufacturer,24,4.2,LSC-GUUYFXSC
7275,Summit Trading 7275,Charlotte,Canada,Distributor,7,4.0,LSC-ZT6FTQT3
7276,West Trading 7276,Houston,Thailand,Manufacturer,9,,LSC-AMRI7Z5A
7277,Metro Enterprises 7277,Detroit,India,Wholesaler,18,4.6,LSC-8I85QDSS
7278,Elite Retail Supply 7278,Atlanta,Thailand,Manufacturer,5,4.6,LSC-TOKYI2BK
7279,Nova Retail Supply 7279,Detroit,USA,Wholesaler,26,4.5,LSC-926RUXQJ
7280,Prime Trading 7280,Columbus,USA,Wholesaler,8,3.2,LSC-Z1AW72L8
7281,Elite Logistics 7281,Chicago,USA,Manufacturer,14,3.6,LSC-GWPEGDWA
7282,Summit Retail Supply 7282,Seattle,Germany,Distributor,4,2.5,LSC-429SBYFX
7283,Elite Retail Supply 7283,Dallas,India,Manufacturer,21,2.9,LSC-EDFOPNHT
7284,West Trading 7284,San Francisco,USA,Distributor,17,4.0,LSC-0WR50K3T
7285,United Enterprises 7285,Houston,China,Distributor,19,4.4,LSC-M2E6Y5UL
7286,Metro Partners 7286,Charlotte,Thailand,Manufacturer,20,3.0,LSC-HY162N3Q
7287,Summit Partners 7287,Nashville,Vietnam,Wholesaler,28,3.4,LSC-XJEEJM9M
7288,Blue Enterprises 7288,Philadelphia,USA,Wholesaler,30,4.8,LSC-A953UDSX
7289,Global Wholesale 7289,Nashville,Canada,Distributor,3,2.7,LSC-1CD7JQ8E
7290,Nova Partners 7290,Columbus,Mexico,Wholesaler,30,4.9,LSC-CCB4Y56Y
7291,West Trading 7291,Philadelphia,India,Wholesaler,17,3.1,LSC-H163D5VO
7292,East Logistics 7292,Atlanta,India,Wholesaler,26,,LSC-ZGBFNKB3
7293,United Industrial 7293,Dallas,Vietnam,Distributor,24,3.7,LSC-Q0DDL45O
7294,Elite Procurement 7294,Houston,Thailand,Distributor,27,4.2,LSC-IPVCHU8Z
7295,Elite Trading 7295,Chicago,Canada,Distributor,18,4.4,LSC-PDFBY6VH
7296,East Enterprises 7296,San Francisco,USA,Distributor,23,4.9,LSC-BJXR6V55
7297,Prime Partners 7297,Phoenix,China,Distributor,19,4.2,LSC-DW7JOL5J
7298,Blue Trading 7298,Austin,South Korea,Wholesaler,22,3.8,LSC-JWOES0RY
7299,Global Procurement 7299,Dallas,Vietnam,Manufacturer,23,4.4,LSC-CORUH2IJ
7300,Apex Retail Supply 7300,Miami,South Korea,Manufacturer,29,3.7,LSC-XO38A2MQ
7301,West Trading 7301,New York,Canada,Manufacturer,21,3.4,LSC-Y0QEH726
7302,North Enterprises 7302,Houston,Canada,Manufacturer,16,2.7,LSC-VDEKNKOQ
7303,Vertex Trading 7303,Portland,India,Wholesaler,17,4.7,LSC-POUIZ1V2
7304,South Procurement 7304,Dallas,Mexico,Manufacturer,2,3.6,LSC-GLXOD6IH
7305,Vertex Trading 7305,Phoenix,South Korea,Distributor,2,4.1,LSC-PRFMP451
7306,Global Trading 7306,Charlotte,Mexico,Wholesaler,19,3.2,LSC-02QFYGXE
7307, Prime Industrial 7307 ,Dallas,China,Distributor,26,3.4,LSC-3L7RLO1V
7308,North Logistics 7308,Detroit,Mexico,Distributor,17,4.9,LSC-OLMIJV8Y
7309,East Supply 7309,San Francisco,India,Distributor,17,2.7,LSC-S7R74QBR
7310,Metro Wholesale 7310,Portland,Vietnam,Manufacturer,25,2.9,LSC-QE8M5200
7311,Quantum Logistics 7311,Boston,USA,Wholesaler,24,3.1,LSC-KSOEHP18
7312,Elite Partners 7312,San Jose,Mexico,Distributor,25,5.0,LSC-RA2OXX70
7313,Vertex Trading 7313,Charlotte,South Korea,Manufacturer,3,3.8,LSC-8B53CZJY
7314,West Logistics 7314,Boston,China,Manufacturer,18,4.7,LSC-VTE0UTXS
7315,Evergreen Wholesale 7315,Charlotte,Japan,Distributor,7,4.3,LSC-ZKE835OR
7316,Blue Supply 7316,Columbus,Vietnam,Distributor,30,2.9,LSC-3IPBA5MJ
7317,Elite Trading 7317,Seattle,South Korea,Manufacturer,12,2.9,LSC-6PLTGSDB
7318,Quantum Retail Supply 7318,Phoenix,South Korea,Manufacturer,12,2.6,LSC-NBW6GL56
7319,United Procurement 7319,Seattle,Germany,Distributor,17,3.0,LSC-6HK3BA8J
7320,North Retail Supply 7320,Portland,Germany,Manufacturer,22,3.1,LSC-L26ST343
7321,Prime Enterprises 7321,Los Angeles,Canada,Wholesaler,20,4.1,LSC-F5N2JJO7
7322,Rapid Wholesale 7322,Dallas,Germany,Distributor,24,3.4,LSC-4DUOLRCJ
7323,East Supply 7323,Miami,India,Wholesaler,7,4.4,LSC-WEAWAPEZ
7324,Apex Trading 7324,Denver,Germany,Manufacturer,18,3.6,LSC-O0TTHXZ3
7325,Prime Logistics 7325,Miami,Vietnam,Wholesaler,20,4.4,LSC-8O84NC75
7326,Summit Retail Supply 7326,Portland,USA,Wholesaler,5,4.7,LSC-6SABJFIK
7327,Rapid Supply 7327,Denver,South Korea,Distributor,30,3.5,LSC-GH1T45OH
7328,Summit Wholesale 7328,San Jose,China,Manufacturer,18,2.9,LSC-YNCELQXN
7329,Evergreen Trading 7329,San Francisco,Thailand,Distributor,14,4.0,LSC-M56DIK7V
7330,United Logistics 7330,Portland,Vietnam,Wholesaler,14,5.0,LSC-QUXQXGZH
7331,Prime Supply 7331,Charlotte,India,Wholesaler,6,4.7,LSC-RP8QCIWV
7332,Nova Industrial 7332,Chicago,Canada,Manufacturer,7,3.6,LSC-IMQHIY5R
7333,Global Supply 7333,Charlotte,USA,Manufacturer,18,3.1,LSC-FF7X0GAA
7334,East Retail Supply 7334,Houston,USA,Manufacturer,7,2.5,LSC-TUC1LYIZ
7335,Rapid Trading 7335,Austin,Germany,Manufacturer,18,4.7,LSC-ZB9XCZPL
7336,Summit Trading 7336,Charlotte,South Korea,Wholesaler,11,4.6,LSC-H0NLW7VD
7337,South Procurement 7337,San Francisco,USA,Manufacturer,12,4.1,LSC-Y13AR1PV
7338,Rapid Retail Supply 7338,Denver,Vietnam,Wholesaler,6,4.0,LSC-6GHVK7EB
7339,Rapid Industrial 7339,Philadelphia,Vietnam,Distributor,30,3.5,LSC-CAAOAVNR
7340,Vertex Partners 7340,Columbus,India,Wholesaler,10,2.9,LSC-FRVCUY8W
7341,Quantum Procurement 7341,Boston,Vietnam,Distributor,23,3.0,LSC-CUMTVHT6
7342,Apex Logistics 7342,Houston,USA,Wholesaler,24,2.9,LSC-73H6LL96
7343,Rapid Enterprises 7343,San Francisco,Thailand,Manufacturer,18,4.9,LSC-B9GOKH38
7344,Nova Industrial 7344,New York,Japan,Wholesaler,21,4.7,LSC-XTZOZH7G
7345,Rapid Procurement 7345,Dallas,Canada,Manufacturer,16,4.0,LSC-3VHOMSXX
7346,Blue Supply 7346,Atlanta,Germany,Distributor,25,2.7,LSC-QJX6BDSQ
7347,South Partners 7347,Austin,Germany,Distributor,9,4.5,LSC-QCAM8QHT
7348,Vertex Logistics 7348,Atlanta,Thailand,Manufacturer,12,4.8,LSC-X0Q9ZM0C
7349,Rapid Wholesale 7349,Miami,China,Manufacturer,4,3.4,LSC-RVWTZH36
7350,Summit Wholesale 7350,Charlotte,USA,Wholesaler,30,3.4,LSC-8S0WIX4E
7351,Nova Logistics 7351,Portland,South Korea,Distributor,8,3.0,LSC-VMQEYL0Q
7352,Quantum Distributors 7352,Dallas,Japan,Distributor,6,2.9,LSC-UWHMPOAM
7353,Blue Logistics 7353,Chicago,Mexico,Distributor,27,4.7,LSC-9BJUSSOP
7354,Nova Retail Supply 7354,San Jose,Thailand,Wholesaler,10,4.3,LSC-RSOAE0YV
7355,South Trading 7355,Portland,Mexico,Distributor,17,2.8,LSC-23WH6PRA
7356,Blue Logistics 7356,New York,Vietnam,Distributor,18,3.4,LSC-XBMCOPZX
7357, Elite Distributors 7357 ,New York,India,Wholesaler,6,3.7,LSC-5UUSMHVD
7358,Metro Partners 7358,Chicago,Thailand,Manufacturer,26,2.6,LSC-TFSOVZEF
7359,Global Industrial 7359,Nashville,Canada,Wholesaler,13,3.9,LSC-A5FJTDTI
7360,West Enterprises 7360,Los Angeles,Japan,Distributor,5,3.7,LSC-K8I5790I
7361,Apex Distributors 7361,San Francisco,USA,Wholesaler,11,3.0,LSC-B3E63UHM
7362, South Enterprises 7362 ,San Jose,China,Manufacturer,20,2.8,LSC-PM0VGPCG
7363, West Wholesale 7363 ,Denver,Japan,Wholesaler,25,3.2,LSC-3D93P8P7
7364,Global Procurement 7364,Seattle,Japan,Distributor,15,2.8,LSC-C82Y7HSU
7365,Prime Enterprises 7365,Austin,Thailand,Wholesaler,26,4.1,LSC-VUXOOU5A
7366,Prime Industrial 7366,Atlanta,Thailand,Distributor,30,3.6,LSC-8MCS40JZ
7367,Nova Enterprises 7367,Nashville,Canada,Manufacturer,23,2.7,LSC-443HBEU4
7368,South Trading 7368,Austin,Canada,Wholesaler,29,3.2,LSC-IL8XBE3F
7369,Rapid Supply 7369,Denver,Germany,Distributor,29,,LSC-S7OAV0PB
7370,Metro Enterprises 7370,San Jose,Germany,Manufacturer,3,4.5,LSC-A2G7LEEI
7371,Elite Wholesale 7371,Charlotte,Germany,Distributor,12,4.4,LSC-HNPIUXAQ
7372,Evergreen Wholesale 7372,San Francisco,Mexico,Wholesaler,13,2.9,LSC-KY4ZE4CY
7373,East Partners 7373,Los Angeles,India,Wholesaler,26,4.7,LSC-ZFMARTWL
7374,Blue Partners 7374,New York,Germany,Manufacturer,23,4.5,LSC-CA2E3C88
7375,Vertex Logistics 7375,San Francisco,Thailand,Wholesaler,2,3.3,LSC-DNZEFSQQ
7376,Global Wholesale 7376,Nashville,Vietnam,Wholesaler,19,4.1,LSC-9ZE1NB7E
7377,Rapid Retail Supply 7377,Phoenix,Japan,Wholesaler,12,3.3,LSC-SZ807ODT
7378,Prime Supply 7378,Portland,USA,Distributor,22,4.5,LSC-QJN2V6F6
7379,Summit Distributors 7379,San Francisco,USA,Wholesaler,13,3.5,LSC-GYXXJYS6
7380,West Industrial 7380,San Francisco,Canada,Manufacturer,28,3.6,LSC-NEGF9FDN
7381,West Retail Supply 7381,Detroit,Japan,Manufacturer,12,,LSC-MS3CTDG7
7382,United Wholesale 7382,Seattle,Mexico,Wholesaler,14,,LSC-MYE8LSD0
7383,North Supply 7383,Columbus,South Korea,Distributor,25,4.2,LSC-RK3O7DCA
7384,United Procurement 7384,Austin,Mexico,Distributor,6,4.9,LSC-GGM8J8YX
7385,Rapid Partners 7385,Philadelphia,Thailand,Distributor,14,2.5,LSC-CWF8DYBM
7386,Vertex Procurement 7386,Houston,China,Distributor,21,4.7,LSC-VH6NHIP1
7387,South Procurement 7387,Boston,Thailand,Distributor,15,3.9,LSC-ZSRENH5B
7388,Quantum Trading 7388,Atlanta,India,Wholesaler,20,4.5,LSC-6AXPVPOA
7389,United Industrial 7389,Seattle,Germany,Manufacturer,27,2.6,LSC-DHTCRYF3
7390,Vertex Supply 7390,Seattle,Germany,Manufacturer,29,5.0,LSC-SHC85WQR
7391,Rapid Retail Supply 7391,Boston,China,Wholesaler,15,4.1,LSC-8KZCZ22F
7392,Global Retail Supply 7392,Houston,Germany,Distributor,2,3.0,LSC-2JPAO5D0
7393,Metro Distributors 7393,Dallas,Japan,Manufacturer,8,2.6,LSC-SGLSR4X6
7394,Prime Wholesale 7394,San Francisco,China,Wholesaler,7,3.7,LSC-53WFOBPD
7395,Apex Logistics 7395,San Francisco,China,Wholesaler,19,3.6,LSC-CM4GC5TK
7396,South Trading 7396,Atlanta,China,Manufacturer,8,2.6,LSC-QH4HRQ2K
7397,Summit Trading 7397,New York,Japan,Manufacturer,13,4.6,LSC-MLCELF6L
7398,Nova Retail Supply 7398,Chicago,Thailand,Distributor,3,4.1,LSC-A2W6BIRV
7399,Blue Wholesale 7399,Atlanta,Canada,Manufacturer,13,4.2,LSC-QDBWHOQ1
7400,Global Retail Supply 7400,Dallas,Vietnam,Manufacturer,3,3.7,LSC-588SQYLK
7401,Vertex Retail Supply 7401,Denver,USA,Wholesaler,24,3.8,LSC-L742RYM6
7402,Nova Partners 7402,Houston,Thailand,Distributor,22,4.4,LSC-8YDR0MOV
7403,North Wholesale 7403,Detroit,Vietnam,Wholesaler,21,4.8,LSC-JWHKY0K9
7404,South Distributors 7404,New York,Thailand,Wholesaler,6,3.7,LSC-AWXU3YJD
7405,West Logistics 7405,Boston,Thailand,Distributor,21,3.2,LSC-EID4QUE2
7406,Global Supply 7406,New York,India,Manufacturer,4,4.5,LSC-078TXBMO
7407,Apex Supply 7407,Phoenix,Germany,Distributor,24,3.8,LSC-INEWKZUM
7408, Prime Procurement 7408 ,Miami,Japan,Distributor,4,3.0,LSC-CL8QEBBE
7409,Metro Wholesale 7409,Philadelphia,Canada,Manufacturer,4,4.3,LSC-FV1LNY5E
7410,Elite Trading 7410,Chicago,India,Wholesaler,29,2.7,LSC-NUR97Z8E
7411,West Partners 7411,Phoenix,USA,Wholesaler,30,4.5,LSC-JXQKQLGO
7412,Rapid Partners 7412,Charlotte,Vietnam,Distributor,5,3.9,LSC-N0I5CODH
7413,South Enterprises 7413,Columbus,China,Wholesaler,28,3.9,LSC-Z5QKJ217
7414,West Trading 7414,Detroit,Vietnam,Distributor,19,3.6,LSC-GMV4RWHC
7415,West Enterprises 7415,Dallas,Canada,Distributor,22,4.8,LSC-ZSIAGWSF
7416,Metro Partners 7416,New York,India,Wholesaler,-20,4.5,LSC-VQ6EYSIQ
7417,Evergreen Wholesale 7417,Boston,Mexico,Wholesaler,11,4.5,LSC-35PKASJO
7418,South Enterprises 7418,Atlanta,China,Manufacturer,3,4.6,LSC-Q35LTQGK
7419,Elite Wholesale 7419,Dallas,South Korea,Distributor,11,4.3,LSC-KEQ1GH73
7420,Metro Supply 7420,Miami,Mexico,Wholesaler,2,2.5,LSC-MC0JT8G2
7421,Evergreen Enterprises 7421,Denver,Thailand,Wholesaler,8,3.6,LSC-KIMPHWAP
7422, Vertex Trading 7422 ,Austin,Japan,Distributor,28,2.9,LSC-HT1S7YKC
7423,Prime Supply 7423,Columbus,Japan,Wholesaler,21,3.4,LSC-7I5O3SZD
7424,Rapid Supply 7424,Los Angeles,Canada,Manufacturer,3,4.3,LSC-9V07OQKB
7425,Rapid Supply 7425,Seattle,Thailand,Wholesaler,5,4.0,LSC-01EQA870
7426,Summit Trading 7426,San Jose,Japan,Distributor,12,3.3,LSC-4RXJ9R5B
7427,Elite Trading 7427,Miami,Germany,Wholesaler,10,3.7,LSC-V9KRBOKK
7428,Prime Retail Supply 7428,Houston,India,Manufacturer,20,2.9,LSC-9291ZFBZ
7429,West Retail Supply 7429,Detroit,Mexico,Wholesaler,8,4.2,LSC-0E0S51FI
7430,Blue Partners 7430,PHOENIX,South Korea,Wholesaler,11,4.4,LSC-Y60KB3O3
7431,Rapid Trading 7431,Boston,Canada,Manufacturer,3,2.9,LSC-4ON4HPTW
7432,Global Logistics 7432,Seattle,Germany,Wholesaler,17,4.7,LSC-1KCVYJIQ
7433,Summit Partners 7433,New York,Canada,Manufacturer,5,4.3,LSC-1R30SMXE
7434,East Industrial 7434,Los Angeles,Thailand,Wholesaler,16,4.0,LSC-XYTDYG8S
7435,Apex Enterprises 7435,San Jose,Mexico,Manufacturer,29,4.8,LSC-W0SBJ6M8
7436,United Partners 7436,San Francisco,Thailand,Wholesaler,3,4.6,LSC-TSKNU9XH
7437,South Distributors 7437,San Francisco,Canada,Wholesaler,20,3.7,LSC-J8IK2C1S
7438,Rapid Distributors 7438,Miami,Vietnam,Wholesaler,19,,LSC-YAF9JSC1
7439,Summit Supply 7439,Boston,China,Distributor,18,3.6,LSC-SLIWKYUO
7440,Summit Distributors 7440,Atlanta,Mexico,Distributor,22,,LSC-TJ6UBRW9
7441,Prime Enterprises 7441,Columbus,China,Distributor,19,3.5,LSC-NS8CRH9K
7442,Apex Procurement 7442,Houston,Vietnam,Wholesaler,30,5.0,LSC-S9ELLLQX
7443,Nova Wholesale 7443,Austin,Mexico,Manufacturer,6,4.3,LSC-XW7D6K0J
7444,Rapid Wholesale 7444,New York,India,Distributor,26,3.4,LSC-1QY3TK0Y
7445,Summit Logistics 7445,Miami,Vietnam,Manufacturer,17,3.8,LSC-7HAY14ZQ
7446,Metro Procurement 7446,Seattle,India,Wholesaler,12,3.0,LSC-J8WV0MQ2
7447,South Partners 7447,Austin,South Korea,Manufacturer,22,5.0,LSC-EUOBJ04G
7448,Elite Wholesale 7448,Miami,Vietnam,Wholesaler,14,4.3,LSC-RLOZ8IIC
7449,Summit Distributors 7449,Houston,USA,Manufacturer,15,2.9,LSC-K03GOYNY
7450,South Retail Supply 7450,Los Angeles,USA,Manufacturer,2,4.9,LSC-AKZ0G7UP
7451,Elite Retail Supply 7451,Austin,Germany,Manufacturer,14,4.4,LSC-OB78YTSZ
7452,West Distributors 7452,Los Angeles,Thailand,Distributor,8,3.3,LSC-LJHRWRIE
7453,Evergreen Supply 7453,Miami,Germany,Distributor,17,2.7,LSC-MVUFE3Z2
7454,East Partners 7454,Philadelphia,China,Manufacturer,30,,LSC-JF46AJ35
7455,East Enterprises 7455,Portland,Canada,Manufacturer,3,2.6,LSC-U5583LR2
7456,Metro Logistics 7456,Denver,India,Wholesaler,20,3.8,LSC-J0R1QZKZ
7457,North Enterprises 7457,Atlanta,Vietnam,Distributor,28,3.9,LSC-LFA3LVO8
7458,Apex Retail Supply 7458,Dallas,South Korea,Wholesaler,11,4.5,LSC-MPGQCLAD
7459, Apex Partners 7459 ,San Jose,Germany,Manufacturer,2,,LSC-IEYKGTAQ
7460,West Wholesale 7460,Dallas,China,Wholesaler,11,3.0,LSC-UOL5WFD2
7461,Apex Procurement 7461,Chicago,China,Distributor,6,3.9,LSC-H3ZWCHFK
7462,Apex Industrial 7462,Nashville,USA,Distributor,24,3.0,LSC-OIYFK8AS
7463,Nova Industrial 7463,Columbus,Mexico,Manufacturer,29,4.5,LSC-L089EMT0
7464,Global Trading 7464,Chicago,Thailand,Manufacturer,6,4.3,LSC-5HQBQVDB
7465,South Partners 7465,Miami,South Korea,Distributor,21,4.5,LSC-4VVHG2QM
7466,United Procurement 7466,Denver,Japan,Wholesaler,2,4.3,LSC-XP1VE0J2
7467,North Trading 7467,Atlanta,India,Wholesaler,2,4.5,LSC-DC8L7JZX
7468,East Logistics 7468,Phoenix ,Japan,Wholesaler,16,4.7,LSC-TNCEQHR2
7469,Nova Procurement 7469,Houston,South Korea,Wholesaler,14,3.7,LSC-TNA3EA25
7470,Prime Distributors 7470,Atlanta,India,Manufacturer,22,,LSC-7Y617BP0
7471,South Wholesale 7471,Nashville,South Korea,Manufacturer,17,3.3,LSC-F1S5GKGI
7472,Summit Trading 7472,Los Angeles,China,Wholesaler,20,,LSC-QWZZN1ED
7473,Metro Logistics 7473,Phoenix,Germany,Wholesaler,28,3.0,LSC-JZ1O33E6
7474,East Wholesale 7474,Philadelphia,Japan,Wholesaler,3,2.5,LSC-PWGUW5EP
7475,Metro Logistics 7475,Charlotte,Thailand,Wholesaler,7,4.1,LSC-BM6GR9ST
7476,Blue Logistics 7476,Atlanta,USA,Wholesaler,24,3.5,LSC-IUJVBET0
7477,Nova Logistics 7477,Charlotte,India,Wholesaler,29,3.4,LSC-MZTI50RE
7478,Prime Partners 7478,Portland,Mexico,Manufacturer,25,3.2,LSC-MDFEA9RU
7479,Summit Retail Supply 7479,Charlotte,Vietnam,Wholesaler,23,2.8,LSC-CW2IMB8X
7480,North Procurement 7480,Dallas,Canada,Wholesaler,7,5.0,LSC-VSUQLM42
7481,Nova Partners 7481,Dallas,Germany,Distributor,17,2.7,LSC-1XN4CIM8
7482,North Trading 7482,Houston,Vietnam,Distributor,-9,3.2,LSC-TKGN64B9
7483,West Industrial 7483,San Francisco,China,Distributor,23,4.2,LSC-KHKR29XU
7484,Nova Procurement 7484,Denver,China,Wholesaler,26,3.1,LSC-VFRDIACN
7485,United Logistics 7485,Detroit,India,Manufacturer,10,4.9,LSC-2I5F0EUQ
7486,Rapid Logistics 7486,Denver,India,Distributor,27,3.4,LSC-AL4DL1X2
7487,Global Logistics 7487,San Jose,Thailand,Manufacturer,27,2.6,LSC-N1QXV05Z
7488,United Enterprises 7488,Phoenix,Germany,Wholesaler,8,2.7,LSC-EL4B7T03
7489,East Enterprises 7489,Boston,Thailand,Wholesaler,27,2.5,LSC-J69J364R
7490,West Enterprises 7490,Philadelphia,China,Manufacturer,18,2.9,LSC-SPK7SCKU
7491,South Distributors 7491,Miami,Mexico,Distributor,17,2.9,LSC-BI6HM8VU
7492,United Procurement 7492,Seattle,Vietnam,Manufacturer,9,3.5,LSC-FPQBH0RY
7493,Metro Wholesale 7493,San Francisco,Mexico,Distributor,13,3.2,LSC-8JD2TM00
7494,Apex Trading 7494,Nashville,Japan,Manufacturer,4,3.0,LSC-OPIYW3XN
7495,South Distributors 7495,Philadelphia,Japan,Wholesaler,22,2.5,LSC-7KG5RMW9
7496,Global Distributors 7496,Atlanta,Thailand,Manufacturer,8,3.2,LSC-00V5KUJB
7497,Evergreen Supply 7497,Houston,Canada,Manufacturer,16,3.6,LSC-YOQN5ALV
7498,Nova Distributors 7498,Houston,India,Manufacturer,12,2.8,LSC-UOLUJAZN
7499,West Wholesale 7499,Boston,China,Distributor,2,4.2,LSC-AYXP5X5P
7500,Evergreen Industrial 7500,Charlotte,Vietnam,Manufacturer,18,3.3,LSC-DIZV5PGH
7501,Vertex Distributors 7501,Dallas,Mexico,Manufacturer,21,3.9,LSC-X1SS1JOW
7502,South Retail Supply 7502,Portland,Germany,Manufacturer,16,2.5,LSC-PFM0LJH3
7503,West Logistics 7503,Atlanta,Canada,Distributor,14,2.9,LSC-29DJ9E4R
7504,Summit Wholesale 7504,Columbus,India,Wholesaler,9,,LSC-SPQT5SHW
7505,United Partners 7505,Houston,Thailand,Distributor,26,4.5,LSC-UYGW9A0F
7506,Elite Logistics 7506,Charlotte,Germany,Wholesaler,27,3.6,LSC-XDI46F8O
7507,Evergreen Partners 7507,Phoenix ,Thailand,Wholesaler,21,4.2,LSC-G33IF416
7508,Vertex Procurement 7508,Phoenix,South Korea,Wholesaler,8,4.7,LSC-MRC8T4C2
7509,Rapid Logistics 7509,New York,Canada,Manufacturer,12,3.8,LSC-RWCA80YY
7510,Prime Procurement 7510,Austin,Japan,Manufacturer,-17,3.1,LSC-ABKN37OK
7511,Prime Retail Supply 7511,Philadelphia,Mexico,Distributor,21,2.9,LSC-SSIKN7UZ
7512,North Trading 7512,New York,South Korea,Wholesaler,20,3.3,LSC-ORLXP7O3
7513,Evergreen Industrial 7513,San Jose,Japan,Manufacturer,20,4.9,LSC-IIARP9OD
7514,Prime Procurement 7514,New York,Canada,Manufacturer,15,4.8,LSC-0HNYRO55
7515,Vertex Enterprises 7515,Columbus,China,Distributor,24,3.6,LSC-JB4IP9YC
7516,Blue Supply 7516,Austin,Japan,Wholesaler,4,4.8,LSC-53YFC7LV
7517,United Logistics 7517,Houston,Germany,Distributor,24,4.9,LSC-C3K6TDMR
7518,Quantum Retail Supply 7518,Los Angeles,Thailand,Distributor,13,3.6,LSC-BIP8DETG
7519,Nova Wholesale 7519,NEW YORK,Canada,Manufacturer,29,3.3,LSC-5GZFAX6J
7520,Blue Industrial 7520,Atlanta,Canada,Distributor,17,4.4,LSC-D7XY5KAB
7521,Apex Distributors 7521,Los Angeles,Thailand,Distributor,25,2.8,LSC-9SZ8PYYN
7522,South Industrial 7522,San Francisco,Thailand,Distributor,10,3.0,LSC-W5GVLKZF
7523,Quantum Wholesale 7523,Houston,Japan,Distributor,25,2.7,LSC-026ZO3ZG
7524,Elite Retail Supply 7524,Denver,Thailand,Distributor,10,2.5,LSC-0XSB6HOL
7525,North Partners 7525,Boston,South Korea,Manufacturer,4,3.9,LSC-089LW8BA
7526,Rapid Partners 7526,Miami,South Korea,Manufacturer,18,4.4,LSC-IYX4PLO8
7527,Elite Retail Supply 7527,Atlanta,Germany,Wholesaler,8,2.6,LSC-8A7JQDOP
7528,East Industrial 7528,San Francisco,Vietnam,Manufacturer,5,4.3,LSC-Z10JOZO6
7529,Vertex Supply 7529,Miami,Germany,Distributor,19,4.8,LSC-GSCQKKVO
7530,North Logistics 7530,Columbus,Canada,Distributor,20,4.1,LSC-R7AG13W2
7531, Rapid Retail Supply 7531 ,Austin,Canada,Manufacturer,7,3.5,LSC-RMMZ1OUX
7532,Blue Enterprises 7532,Philadelphia,Vietnam,Wholesaler,15,3.4,LSC-4SXZE4G6
7533,Vertex Trading 7533,Atlanta,Germany,Manufacturer,21,3.8,LSC-RGR9953C
7534,Evergreen Supply 7534,Austin,India,Distributor,23,2.7,LSC-NY3IO3VY
7535,North Wholesale 7535,Columbus,USA,Manufacturer,8,4.4,LSC-AOLDSAZD
7536,Vertex Trading 7536,Detroit,India,Wholesaler,13,4.4,LSC-VP90P9JP
7537,Apex Supply 7537,Charlotte,Canada,Manufacturer,8,4.9,LSC-DXO4VP6A
7538,South Distributors 7538,Dallas,India,Wholesaler,4,2.7,LSC-H34QEF2Q
7539,East Trading 7539,Nashville,Mexico,Manufacturer,16,4.9,LSC-DW419K9Q
7540,Metro Logistics 7540,Los Angeles,Germany,Distributor,24,3.8,LSC-HQMQDZWN
7541,Summit Wholesale 7541,Denver,Japan,Distributor,27,3.7,LSC-74L5B0KV
7542,Evergreen Wholesale 7542,Dallas,Mexico,Wholesaler,9,4.1,LSC-QD885M3E
7543,South Enterprises 7543,Seattle,Mexico,Distributor,23,2.9,LSC-DM5BTJEE
7544,Blue Enterprises 7544,Portland,Thailand,Manufacturer,18,4.0,LSC-6M8U60KS
7545,Vertex Supply 7545,Charlotte,USA,Distributor,20,3.4,LSC-3G46CO1V
7546, Apex Retail Supply 7546 ,Portland,Mexico,Distributor,27,3.5,LSC-CRZSI0ED
7547,North Partners 7547,Atlanta,Japan,Wholesaler,30,3.1,LSC-H9DUP5BM
7548,East Industrial 7548,Boston,Japan,Manufacturer,25,4.0,LSC-VLMID882
7549,Global Trading 7549,Austin,Germany,Distributor,14,3.8,LSC-J2RE7XUS
7550,South Industrial 7550,Atlanta,Vietnam,Distributor,5,4.7,LSC-RTTCDH33
7551,Rapid Partners 7551,Dallas,Thailand,Manufacturer,4,2.6,LSC-PO2EFAY4
7552,Elite Supply 7552,Phoenix,USA,Wholesaler,28,4.5,LSC-YYF74X29
7553,West Wholesale 7553,Boston,Vietnam,Manufacturer,20,3.3,LSC-SP1HFXHY
7554,Evergreen Distributors 7554,Atlanta,China,Manufacturer,20,4.5,LSC-SBHU1GKV
7555,Blue Procurement 7555,Philadelphia,USA,Manufacturer,12,2.8,LSC-J84J1WRC
7556,Prime Retail Supply 7556,Philadelphia,South Korea,Manufacturer,16,4.8,LSC-2IAO9P3D
7557,Elite Distributors 7557,Seattle,India,Manufacturer,16,2.7,LSC-KI52UWYM
7558,Global Supply 7558,Los Angeles,China,Distributor,27,3.7,LSC-D505Q7DP
7559,East Retail Supply 7559,Chicago,USA,Distributor,22,4.3,LSC-KPHK333E
7560,Nova Industrial 7560,Denver,India,Manufacturer,17,4.6,LSC-G2X8XC31
7561,Blue Supply 7561,Austin,Mexico,Manufacturer,12,3.8,LSC-T5QQFGSR
7562,Quantum Partners 7562,Denver,Germany,Distributor,27,3.3,LSC-00FJV7YR
7563,Metro Logistics 7563,Austin,South Korea,Wholesaler,16,3.2,LSC-04KZVVXN
7564,United Retail Supply 7564,Austin,Thailand,Wholesaler,7,,LSC-QY3GT610
7565,Apex Industrial 7565,San Jose,Japan,Distributor,4,3.5,LSC-HDSXD5VU
7566,Blue Industrial 7566,San Jose,Thailand,Distributor,13,3.3,LSC-NQBQD321
7567,East Distributors 7567,Atlanta,China,Manufacturer,9,4.2,LSC-K3LUADH8
7568,Rapid Trading 7568,Austin,Vietnam,Wholesaler,18,2.7,LSC-1CT33RUQ
7569,Nova Industrial 7569,Chicago,China,Wholesaler,6,3.4,LSC-2YIR2VCO
7570,Quantum Trading 7570,Philadelphia,Canada,Distributor,17,4.8,LSC-K5U9ONHG
7571,East Trading 7571,Nashville,China,Distributor,29,3.5,LSC-QN3R6TMJ
7572,South Distributors 7572,Boston,China,Manufacturer,20,,LSC-0TYPD672
7573,East Wholesale 7573,Atlanta,Mexico,Wholesaler,27,4.5,LSC-47LC9KOQ
7574,Rapid Retail Supply 7574,Chicago,Canada,Manufacturer,6,3.0,LSC-5PZQ7NNM
7575,Nova Retail Supply 7575,Detroit,China,Manufacturer,14,3.4,LSC-MMPMQHX8
7576,Evergreen Partners 7576,Atlanta,South Korea,Wholesaler,2,4.0,LSC-URPCK6PH
7577,Blue Distributors 7577,San Jose,Germany,Wholesaler,7,4.1,LSC-GJTLME1L
7578,Apex Industrial 7578,Detroit,South Korea,Wholesaler,5,4.6,LSC-5CEQR8F1
7579,Rapid Distributors 7579,Atlanta,Canada,Manufacturer,13,3.0,LSC-QVHCWKIC
7580,West Partners 7580,Detroit,India,Manufacturer,18,3.3,LSC-XXIS7LST
7581,Elite Logistics 7581,Detroit,Mexico,Distributor,2,4.1,LSC-SOP8QJGL
7582,Quantum Retail Supply 7582,Miami,Mexico,Distributor,6,2.9,LSC-CK5TCG3N
7583,Prime Trading 7583,Nashville,Germany,Wholesaler,24,3.7,LSC-RDO7HOKM
7584,Vertex Industrial 7584,San Francisco,China,Manufacturer,17,4.6,LSC-JBHNPF23
7585,Metro Trading 7585,Austin,Canada,Distributor,27,,LSC-6B6M7607
7586,Nova Wholesale 7586,Denver,Vietnam,Wholesaler,9,4.3,LSC-X3R4AL9B
7587,Vertex Retail Supply 7587,Portland,Japan,Distributor,12,3.7,LSC-7TFA6LXV
7588,Metro Supply 7588,Denver,Canada,Manufacturer,5,4.7,LSC-YGO7PQTM
7589,Apex Distributors 7589,San Jose,Vietnam,Manufacturer,5,3.4,LSC-4QRE192W
7590,Evergreen Retail Supply 7590,Miami,Thailand,Wholesaler,4,4.8,LSC-9J69SNCZ
7591, East Enterprises 7591 ,Denver,Mexico,Wholesaler,21,,LSC-MO94CTKQ
7592,Elite Logistics 7592,Boston,Canada,Distributor,13,4.9,LSC-YBF6BLI8
7593,Evergreen Supply 7593,Los Angeles,Mexico,Wholesaler,28,4.5,LSC-36NSCU8N
7594,Vertex Enterprises 7594,New York,USA,Distributor,24,2.7,LSC-JV64GUSR
7595,Global Partners 7595,Miami,Germany,Distributor,17,2.6,LSC-PQZCKFMF
7596,Elite Enterprises 7596,Denver,China,Wholesaler,20,,LSC-1I3XEQKI
7597,Metro Wholesale 7597,New York,Canada,Wholesaler,19,2.8,LSC-J5DK9O6G
7598,Metro Procurement 7598,Nashville,India,Manufacturer,15,2.6,LSC-8Y55U136
7599,Evergreen Partners 7599,Portland,Vietnam,Wholesaler,17,5.0,LSC-KS8WSPF1
7600,Evergreen Wholesale 7600,Charlotte,China,Manufacturer,16,,LSC-HDKS4Z8I
7601,Vertex Partners 7601,Nashville,Canada,Distributor,7,4.0,LSC-D1K2CKDF
7602,Quantum Supply 7602,Seattle,Vietnam,Manufacturer,3,,LSC-YBO953ZR
7603,United Distributors 7603,Seattle,India,Manufacturer,12,3.9,LSC-V88Y15QF
7604,Elite Partners 7604,Chicago,Germany,Wholesaler,4,4.2,LSC-6KJZQKCJ
7605,North Trading 7605,Denver,Thailand,Manufacturer,25,4.6,LSC-0D0AVSKU
7606,Rapid Trading 7606,Portland,USA,Manufacturer,30,3.1,LSC-HUL7CQVK
7607,North Procurement 7607,San Francisco,USA,Distributor,9,2.8,LSC-F8HVT9MB
7608,Summit Wholesale 7608,Charlotte,Vietnam,Distributor,14,3.4,LSC-T4GO5DXF
7609,Summit Logistics 7609,Seattle,Vietnam,Wholesaler,2,4.4,LSC-WUXSPYWY
7610,Vertex Trading 7610,Phoenix,Japan,Manufacturer,28,2.9,LSC-855CTJMM
7611,Summit Partners 7611,Boston,USA,Wholesaler,26,3.8,LSC-SE9V3ZUV
7612,Summit Wholesale 7612,CHICAGO,Canada,Wholesaler,10,2.9,LSC-LJQ1JQI8
7613,Blue Supply 7613,San Jose,Canada,Distributor,22,3.8,LSC-XT7ODSMJ
7614,Evergreen Procurement 7614,Phoenix,India,Manufacturer,11,,LSC-9OAR9TT5
7615,West Supply 7615,Los Angeles,Mexico,Wholesaler,27,3.2,LSC-A9HERQC3
7616,Elite Enterprises 7616,Denver,Japan,Distributor,10,3.5,LSC-RXTHWKNP
7617,Blue Supply 7617,Phoenix,South Korea,Distributor,7,3.4,LSC-KOT4D49P
7618,South Distributors 7618,Philadelphia,USA,Distributor,28,4.1,LSC-W3GTNO9R
7619,Vertex Procurement 7619,Detroit,South Korea,Distributor,29,2.6,LSC-NI5HO6D6
7620,Summit Industrial 7620,Boston,Canada,Distributor,16,3.0,LSC-VRAEMY85
7621,Vertex Partners 7621,Denver,Japan,Wholesaler,12,3.5,LSC-MLQDRGDJ
7622,Apex Wholesale 7622,Los Angeles,China,Distributor,16,4.0,LSC-45RHQFZQ
7623,Rapid Trading 7623,Miami,China,Distributor,27,2.9,LSC-2FPIW43R
7624,East Procurement 7624,Houston,Thailand,Wholesaler,20,4.9,LSC-WG118ILH
7625,Metro Distributors 7625,Austin,Mexico,Manufacturer,5,3.4,LSC-1UBH73H8
7626,West Enterprises 7626,Charlotte,USA,Distributor,11,3.2,LSC-6WWDAVX4
7627,United Industrial 7627,Houston,Japan,Wholesaler,17,4.6,LSC-HKACUVEO
7628,Nova Supply 7628,Philadelphia,USA,Distributor,14,2.6,LSC-LB81XHNG
7629, North Enterprises 7629 ,Chicago,USA,Wholesaler,10,2.8,LSC-HEYRK1VP
7630,Metro Supply 7630,Seattle,Vietnam,Distributor,6,3.0,LSC-3EWSQUD2
7631,Rapid Retail Supply 7631,San Francisco,China,Manufacturer,24,3.5,LSC-NRUY36GP
7632,East Enterprises 7632,Dallas,Thailand,Wholesaler,21,3.7,LSC-99V1TK0W
7633,Nova Enterprises 7633,Detroit,Thailand,Manufacturer,10,4.4,LSC-50831O18
7634,Vertex Industrial 7634,Portland,Thailand,Manufacturer,29,3.3,LSC-J31R6ATA
7635,Summit Enterprises 7635,Seattle,USA,Wholesaler,5,4.3,LSC-6SNHDFAJ
7636,Apex Procurement 7636,Charlotte,Thailand,Manufacturer,9,3.3,LSC-GCE46VVQ
7637,Metro Enterprises 7637,Austin,South Korea,Manufacturer,20,4.9,LSC-5BOWXFQA
7638,West Retail Supply 7638,Dallas,India,Manufacturer,12,3.9,LSC-7O6KG74K
7639,Rapid Distributors 7639,Portland,Mexico,Wholesaler,11,4.1,LSC-OR5NZTO4
7640,Metro Trading 7640,Chicago,Canada,Manufacturer,21,4.2,LSC-IIT2YKN5
7641,Metro Industrial 7641,Atlanta,China,Wholesaler,26,4.9,LSC-4TF4X6LM
7642,Prime Retail Supply 7642,Philadelphia,India,Distributor,13,4.1,LSC-G4ZSBXEL
7643,Elite Procurement 7643,Miami,USA,Manufacturer,11,4.0,LSC-8ZOBOFRC
7644,United Partners 7644,Chicago,Thailand,Wholesaler,11,2.7,LSC-C7NPK4NY
7645,Summit Supply 7645,New York,Japan,Distributor,19,5.0,LSC-4AXBMWJS
7646,Apex Trading 7646,Chicago,Mexico,Manufacturer,12,3.8,LSC-VGEKFJPT
7647,North Retail Supply 7647,Chicago,Canada,Wholesaler,15,4.4,LSC-CBWYMAX4
7648,Nova Enterprises 7648,Nashville,Mexico,Distributor,4,3.4,LSC-Q0O599L8
7649,Apex Distributors 7649,Philadelphia,Japan,Manufacturer,29,3.8,LSC-1J71ZYX5
7650,Elite Procurement 7650,Miami,Japan,Distributor,9,3.8,LSC-L4BHHHNX
7651,East Partners 7651,Dallas,Canada,Distributor,17,3.5,LSC-T73AWSM4
7652,Apex Enterprises 7652,Portland,Canada,Manufacturer,21,2.6,LSC-RO7FTX0R
7653,Rapid Partners 7653,Charlotte,Mexico,Distributor,16,3.2,LSC-SB64SUL4
7654,Metro Supply 7654,Nashville,Thailand,Distributor,27,2.7,LSC-IC4TRBAR
7655,Metro Retail Supply 7655,Atlanta,South Korea,Distributor,27,3.7,LSC-VIY91KJD
7656,United Industrial 7656,Phoenix,Canada,Distributor,12,,LSC-JJZ8F3U1
7657,Quantum Supply 7657,Dallas,Thailand,Manufacturer,17,4.8,LSC-0VJO0O4S
7658,South Supply 7658,Atlanta,China,Wholesaler,21,3.0,LSC-VZRO678G
7659,Metro Industrial 7659,Atlanta,Mexico,Manufacturer,20,2.8,LSC-FHB7N0NZ
7660,Prime Wholesale 7660,Charlotte,Japan,Manufacturer,28,3.6,LSC-Q4BGSQ6F
7661, Vertex Retail Supply 7661 ,New York,South Korea,Distributor,29,3.3,LSC-ZB2XVF14
7662,Prime Supply 7662,Atlanta,India,Wholesaler,21,3.9,LSC-CN54H7DX
7663,Metro Procurement 7663,Houston,South Korea,Distributor,8,4.0,LSC-59V392ND
7664,Summit Supply 7664,Phoenix,South Korea,Manufacturer,15,3.8,LSC-57ZPDRD8
7665,Global Retail Supply 7665,Portland,India,Wholesaler,7,5.0,LSC-KRDIDIUR
7666,Summit Logistics 7666,Boston,Germany,Wholesaler,26,4.0,LSC-G2N67ZCT
7667,Rapid Retail Supply 7667,Los Angeles,Japan,Distributor,11,4.9,LSC-VRMXWCQN
7668,Summit Trading 7668,Houston,Canada,Manufacturer,15,3.3,LSC-TPQBGA2T
7669,Nova Industrial 7669,Miami,India,Wholesaler,8,0.0,LSC-XKZ7CKXO
7670,Quantum Logistics 7670,Chicago,Vietnam,Distributor,12,,LSC-LXP8QN9V
7671,Apex Enterprises 7671,Chicago,Germany,Wholesaler,23,3.3,LSC-4PMFORV0
7672,North Enterprises 7672,Miami,Mexico,Wholesaler,23,3.1,LSC-TGJZNL32
7673, Nova Supply 7673 ,Los Angeles,South Korea,Wholesaler,28,4.9,LSC-HWHF5LOT
7674,United Trading 7674,San Francisco,Germany,Manufacturer,4,3.5,LSC-BRSO7GQT
7675,North Partners 7675,Austin,Thailand,Distributor,16,2.8,LSC-6Z80GVF1
7676,Apex Retail Supply 7676,Philadelphia,Japan,Manufacturer,28,3.7,LSC-9FY5FF44
7677,Global Industrial 7677,San Francisco,USA,Manufacturer,23,4.3,LSC-TUUCM5Q5
7678,South Retail Supply 7678,Portland,Japan,Distributor,15,2.8,LSC-WDV5AXI7
7679,Prime Enterprises 7679,PHOENIX,China,Wholesaler,11,4.6,LSC-M7LOR50S
7680,United Retail Supply 7680,Houston,Canada,Manufacturer,14,4.5,LSC-1FQXBGDP
7681,Rapid Trading 7681,Boston,Germany,Wholesaler,9,3.0,LSC-MZXOBDNM
7682,Elite Retail Supply 7682,New York,Thailand,Wholesaler,17,2.9,LSC-6X5NSI9S
7683,United Retail Supply 7683,Charlotte,South Korea,Manufacturer,22,3.3,LSC-5DOAR7NR
7684,United Partners 7684,Denver,India,Manufacturer,16,3.4,LSC-6DKGL30V
7685,Prime Enterprises 7685,New York,Germany,Manufacturer,22,,LSC-H3KCJKDT
7686,South Retail Supply 7686,Nashville,South Korea,Distributor,9,3.4,LSC-THQWBOSY
7687,Apex Trading 7687,Atlanta,Japan,Distributor,29,3.7,LSC-FOTROO7F
7688,Prime Supply 7688,Austin,Japan,Manufacturer,10,3.1,LSC-XUX8FFVP
7689,Blue Retail Supply 7689,Atlanta,Vietnam,Wholesaler,30,4.4,LSC-94SSAEOH
7690,United Procurement 7690,Miami,China,Manufacturer,28,3.8,LSC-32O4D2L7
7691,Evergreen Wholesale 7691,San Francisco,South Korea,Wholesaler,22,4.5,LSC-MVFY6829
7692,United Trading 7692,Columbus,Vietnam,Manufacturer,30,3.7,LSC-L6NFBIDS
7693,Quantum Partners 7693,Seattle,Japan,Distributor,20,3.0,LSC-OLNWPS69
7694,Blue Procurement 7694,Nashville,Canada,Manufacturer,13,,LSC-QDES4KJU
7695,Rapid Industrial 7695,San Jose,India,Wholesaler,20,3.4,LSC-SX0J8WLG
7696,North Industrial 7696,Dallas,Mexico,Wholesaler,14,4.0,LSC-DW3G1AB1
7697,United Trading 7697,San Francisco,China,Manufacturer,2,3.3,LSC-M12ZH8TO
7698,Metro Procurement 7698,Houston,Germany,Wholesaler,4,4.0,LSC-04M4UQ39
7699,Elite Trading 7699,San Jose,South Korea,Wholesaler,19,3.4,LSC-O8ID0YIM
7700,Rapid Retail Supply 7700,Boston,Mexico,Wholesaler,25,4.5,LSC-WR2XTH7T
7701,United Distributors 7701,Miami,USA,Distributor,9,3.3,LSC-AGL149V4
7702,North Partners 7702,Miami,Thailand,Distributor,23,4.7,LSC-3JA56N5W
7703,Metro Wholesale 7703,Dallas,USA,Wholesaler,21,4.9,LSC-5UW12E31
7704,Evergreen Procurement 7704,Austin,Japan,Wholesaler,24,3.6,LSC-L3G5MWKN
7705,Quantum Trading 7705,New York,Canada,Wholesaler,4,4.0,LSC-G8YA7Q9Q
7706,Rapid Distributors 7706,Denver,Mexico,Wholesaler,7,4.3,LSC-9NTLF91G
7707,Vertex Retail Supply 7707,Philadelphia,Thailand,Distributor,8,5.0,LSC-5KQQ02XV
7708,Vertex Partners 7708,Seattle,Thailand,Manufacturer,24,4.5,LSC-KKI2BBWW
7709,Apex Wholesale 7709,San Francisco,Canada,Manufacturer,12,4.0,LSC-0CSZ84EX
7710,Rapid Trading 7710,Los Angeles,China,Wholesaler,9,3.1,LSC-RTGY7N1E
7711,East Distributors 7711,Houston,Japan,Wholesaler,22,4.4,LSC-GLZGF0YF
7712,Quantum Industrial 7712,Boston,Canada,Manufacturer,11,3.3,LSC-WUNIJCH0
7713,South Partners 7713,Columbus,Vietnam,Distributor,28,3.6,LSC-6P8PEA3K
7714,Evergreen Distributors 7714,Los Angeles,Mexico,Wholesaler,11,4.8,LSC-5PWAH4O0
7715,Nova Logistics 7715,San Jose,Canada,Manufacturer,20,2.6,LSC-LI6IAH6Y
7716,Blue Supply 7716,San Francisco,Mexico,Distributor,24,4.5,LSC-D1UVI5Z2
7717,Quantum Retail Supply 7717,Columbus,China,Manufacturer,15,4.4,LSC-KTK95LOF
7718,Vertex Partners 7718,Philadelphia,Germany,Manufacturer,12,3.2,LSC-2X1RZ4KT
7719,Summit Industrial 7719,Philadelphia,Mexico,Wholesaler,-10,2.8,LSC-IX71P4XB
7720,Rapid Procurement 7720,Houston,Germany,Distributor,8,3.0,LSC-6DHZCB3I
7721,West Industrial 7721,Miami,USA,Manufacturer,30,4.3,LSC-Q482RISO
7722,Global Supply 7722,Los Angeles,Thailand,Manufacturer,8,4.4,LSC-BOI3W3RY
7723,Blue Wholesale 7723,Phoenix,USA,Wholesaler,29,,LSC-BZE4EP57
7724,West Wholesale 7724,Portland,Vietnam,Manufacturer,28,4.3,LSC-42MGKRO3
7725,United Logistics 7725,San Jose,South Korea,Distributor,7,4.1,LSC-Q59H5JI5
7726,Metro Retail Supply 7726,Phoenix ,India,Wholesaler,10,4.8,LSC-SUBA38B7
7727,West Retail Supply 7727,Chicago,Thailand,Manufacturer,22,4.2,LSC-LGH9ZCOY
7728,United Enterprises 7728,Portland,USA,Wholesaler,13,4.1,LSC-KA220ZMM
7729,Rapid Supply 7729,Houston,Thailand,Manufacturer,10,4.8,LSC-HYR1W9BG
7730,Global Supply 7730,Detroit,India,Wholesaler,16,3.1,LSC-X2LN1503
7731,Elite Wholesale 7731,Dallas,Thailand,Distributor,30,4.6,LSC-1GV7MZIS
7732,Apex Enterprises 7732,Nashville,Germany,Distributor,29,4.9,LSC-D2ZWE4FI
7733,Elite Logistics 7733,New York,Mexico,Manufacturer,4,4.3,LSC-OPS1PXIC
7734,Vertex Procurement 7734,San Francisco,Thailand,Distributor,13,2.6,LSC-T1DZYTS0
7735,Rapid Supply 7735,Los Angeles,China,Distributor,5,4.2,LSC-Q7U7ZV3B
7736,Apex Industrial 7736,Columbus,Germany,Distributor,2,4.8,LSC-03SNF5UO
7737,Prime Partners 7737,Nashville,South Korea,Wholesaler,15,3.3,LSC-UGKGJIWU
7738,Summit Procurement 7738,Denver,Japan,Manufacturer,11,4.0,LSC-9NG32D0E
7739,United Logistics 7739,New York,Thailand,Distributor,7,4.5,LSC-TV9QPIXQ
7740,Quantum Trading 7740,Phoenix,USA,Wholesaler,10,4.4,LSC-NT2RZCHC
7741,United Retail Supply 7741,Nashville,Germany,Manufacturer,24,3.5,LSC-JWHP5S1Z
7742,Vertex Wholesale 7742,Nashville,India,Distributor,24,4.4,LSC-AHCYB991
7743,Rapid Procurement 7743,Los Angeles,Thailand,Distributor,3,2.8,LSC-WUFL10O9
7744,Vertex Partners 7744,Philadelphia,Canada,Manufacturer,30,4.5,LSC-JVZ282TB
7745,Nova Supply 7745,Austin,India,Distributor,18,,LSC-T5WNY51J
7746,Evergreen Enterprises 7746,Denver,South Korea,Wholesaler,21,4.6,LSC-VSG4FK9D
7747,Nova Retail Supply 7747,Phoenix,South Korea,Distributor,22,4.6,LSC-QF7TBX3T
7748,Metro Procurement 7748,Denver,Thailand,Manufacturer,8,5.0,LSC-CO6DTDNE
7749,Apex Supply 7749,Nashville,India,Wholesaler,24,4.2,LSC-O5WL8YQ1
7750,Summit Distributors 7750,Phoenix,Vietnam,Manufacturer,21,3.3,LSC-DP44U73X
7751,Global Procurement 7751,Dallas,Thailand,Wholesaler,5,3.3,LSC-E0R4EG51
7752,Vertex Procurement 7752,Seattle,Mexico,Manufacturer,27,3.2,LSC-PWVTQQ6U
7753,South Trading 7753,San Francisco,China,Wholesaler,23,,LSC-HNBG4HYK
7754,Evergreen Wholesale 7754,Denver,Vietnam,Distributor,26,4.3,LSC-C9YD3115
7755,Metro Industrial 7755,Los Angeles,Germany,Wholesaler,27,4.9,LSC-0SN7ERZG
7756,East Trading 7756,Phoenix,Mexico,Distributor,6,4.1,LSC-98IRPGAB
7757,Metro Distributors 7757,Portland,Japan,Distributor,17,2.7,LSC-LQGHVNM6
7758,Elite Trading 7758,Detroit,Germany,Wholesaler,14,3.1,LSC-4Q25486F
7759,Nova Supply 7759,Chicago,Vietnam,Manufacturer,18,4.0,LSC-MZD8YO0W
7760,East Retail Supply 7760,Houston,China,Distributor,12,4.6,LSC-N2LC9L0F
7761,Prime Industrial 7761,Austin,Thailand,Manufacturer,15,3.7,LSC-SS65SE5L
7762,Evergreen Retail Supply 7762,Austin,Vietnam,Wholesaler,22,2.8,LSC-KV2GETNC
7763,East Industrial 7763,New York,India,Wholesaler,13,3.7,LSC-SEUH23FP
7764,Evergreen Trading 7764,Houston,China,Wholesaler,6,,LSC-XLSDXJF3
7765,Prime Enterprises 7765,New York,USA,Manufacturer,20,3.8,LSC-YT2PTA9N
7766,East Distributors 7766,New York,Japan,Distributor,5,4.7,LSC-IN6JJOR7
7767,Metro Enterprises 7767,Philadelphia,China,Wholesaler,5,4.6,LSC-OR2WWKZF
7768,Rapid Supply 7768,Dallas,Thailand,Manufacturer,20,2.8,LSC-WIYG1UZU
7769,Evergreen Enterprises 7769,Charlotte,Japan,Manufacturer,16,3.1,LSC-HDOAU3FN
7770,Nova Partners 7770,Los Angeles,Canada,Distributor,12,3.8,LSC-2Z6D8LI1
7771,Metro Partners 7771,Charlotte,Japan,Distributor,12,2.8,LSC-B3TO1FBL
7772,Apex Partners 7772,Dallas,Germany,Distributor,5,2.7,LSC-H8EOG3MA
7773,Quantum Enterprises 7773,Boston,USA,Manufacturer,24,3.9,LSC-YVWJTMD7
7774,United Enterprises 7774,Atlanta,Vietnam,Wholesaler,8,4.9,LSC-XDU8QPPX
7775,West Distributors 7775,Charlotte,India,Manufacturer,6,4.2,LSC-LF50RTDN
7776,Evergreen Procurement 7776,San Jose,Japan,Manufacturer,2,2.9,LSC-X3B4E0B6
7777,Apex Trading 7777,Detroit,India,Wholesaler,3,2.9,LSC-POY593NG
7778,Quantum Wholesale 7778,Houston,Thailand,Wholesaler,24,3.0,LSC-MZ40H9K9
7779,Quantum Retail Supply 7779,Columbus,Vietnam,Manufacturer,22,3.1,LSC-AB121ZNM
7780,East Logistics 7780,Atlanta,China,Wholesaler,12,3.9,LSC-XE794Y2W
7781,Evergreen Trading 7781,Charlotte,USA,Wholesaler,27,4.3,LSC-ZRYYB4OF
7782,West Distributors 7782,Phoenix,Germany,Wholesaler,5,2.5,LSC-6XKZ2DMW
7783,Prime Distributors 7783,Detroit,Canada,Wholesaler,5,3.5,LSC-JJEZ88CH
7784,East Logistics 7784,Chicago,India,Wholesaler,22,3.7,LSC-BG2RTXEU
7785,Summit Trading 7785,Denver,Canada,Distributor,25,4.3,LSC-0GGGU9FJ
7786,Global Industrial 7786,Dallas,India,Wholesaler,23,5.0,LSC-XESQ989L
7787,Apex Industrial 7787,New York,China,Distributor,7,2.6,LSC-63LQZHW5
7788,Evergreen Trading 7788,Atlanta,Vietnam,Distributor,5,4.2,LSC-UBPN2LEB
7789,Blue Trading 7789,Boston,USA,Manufacturer,28,2.8,LSC-1FQGUX3B
7790,Blue Logistics 7790,Denver,USA,Distributor,9,2.8,LSC-NRWUPYOK
7791,Blue Trading 7791,Dallas,India,Distributor,27,3.5,LSC-KMVL6A7K
7792,Rapid Distributors 7792,Phoenix,South Korea,Wholesaler,20,2.7,LSC-WLTRVGH2
7793,Apex Industrial 7793,Miami,India,Distributor,7,2.8,LSC-UHO6A9U7
7794,Quantum Procurement 7794,Philadelphia,Canada,Distributor,29,2.5,LSC-SY6JOLEO
7795,Metro Partners 7795,Miami,Germany,Wholesaler,8,2.9,LSC-J32DCIHH
7796,Rapid Supply 7796,Charlotte,Japan,Distributor,18,,LSC-YKYPU1EJ
7797,Global Enterprises 7797,San Francisco,Germany,Distributor,29,3.3,LSC-W1AD6WZH
7798,Vertex Industrial 7798,New York,Canada,Wholesaler,20,2.8,LSC-RR6O4K4Y
7799,Elite Logistics 7799,Austin,India,Manufacturer,25,3.3,LSC-XWZVCLNL
7800,Prime Logistics 7800,New York,Canada,Distributor,20,4.4,LSC-X90OX4WB
7801,Rapid Partners 7801,San Francisco,Thailand,Wholesaler,26,3.3,LSC-1M9E34LK
7802,Vertex Industrial 7802,Portland,India,Manufacturer,24,3.4,LSC-7SXVI9RG
7803,Vertex Supply 7803,Denver,Vietnam,Wholesaler,7,3.8,LSC-IWZHB28P
7804,Nova Distributors 7804,Philadelphia,Canada,Manufacturer,7,5.0,LSC-R9J1QBOG
7805,Prime Distributors 7805,Denver,South Korea,Wholesaler,19,2.8,LSC-GSQK8UYE
7806,Global Wholesale 7806,Miami,Thailand,Distributor,6,3.6,LSC-2Z7IGC9K
7807,North Supply 7807,Austin,China,Distributor,21,4.5,LSC-IDZGT421
7808,Metro Partners 7808,Miami,Canada,Manufacturer,5,2.9,LSC-HA0U81E1
7809,Nova Enterprises 7809,Charlotte,Japan,Wholesaler,8,3.7,LSC-BG9BG1AX
7810,Quantum Partners 7810,New York,Japan,Manufacturer,20,4.0,LSC-T0GNFOL4
7811, Prime Logistics 7811 ,Phoenix,India,Wholesaler,19,3.4,LSC-HTN2P67Q
7812,Quantum Trading 7812,Miami,Germany,Manufacturer,17,3.1,LSC-IGD4W4SB
7813,Nova Industrial 7813,Houston,Germany,Distributor,18,3.9,LSC-A5ZDD23Q
7814,West Supply 7814,San Francisco,China,Manufacturer,11,2.6,LSC-VSWOB0DJ
7815,Elite Logistics 7815,Philadelphia,South Korea,Wholesaler,21,4.4,LSC-Q2DLWI6O
7816,Summit Procurement 7816,Los Angeles,Vietnam,Wholesaler,7,,LSC-S1DXCMIC
7817,Apex Logistics 7817,Atlanta,India,Distributor,19,4.2,LSC-H3JAVMTZ
7818,Nova Distributors 7818,Portland,Vietnam,Distributor,21,3.7,LSC-LIB9SFYD
7819,Rapid Supply 7819,Seattle,Mexico,Wholesaler,20,4.1,LSC-ZZEOFT6J
7820,Elite Logistics 7820,Nashville,Japan,Distributor,6,,LSC-BINWOEEX
7821,Summit Enterprises 7821,Miami,Japan,Wholesaler,20,3.2,LSC-NDW873JW
7822,East Logistics 7822,Philadelphia,China,Wholesaler,30,4.1,LSC-Y5BQZIAG
7823,Rapid Retail Supply 7823,New York,Vietnam,Wholesaler,5,3.0,LSC-VJ3RMSMO
7824,Vertex Supply 7824,San Francisco,India,Distributor,7,5.0,LSC-PEA2P3DT
7825,South Trading 7825,Boston,Germany,Manufacturer,9,3.3,LSC-RCD56Z0I
7826,South Industrial 7826,Los Angeles,India,Manufacturer,10,3.7,LSC-EU2GST7X
7827,Metro Industrial 7827,Phoenix,Japan,Wholesaler,20,5.0,LSC-TUOFF6DB
7828,Vertex Logistics 7828,Miami,USA,Distributor,3,4.6,LSC-35O2UYT2
7829,Summit Distributors 7829,Miami,India,Distributor,28,3.8,LSC-NKG2D1FK
7830,Elite Trading 7830,Atlanta,Japan,Wholesaler,3,3.7,LSC-QHC0MU7O
7831,Blue Logistics 7831,Austin,China,Distributor,30,4.7,LSC-6OJFY3XW
7832,Prime Procurement 7832,Atlanta,India,Manufacturer,8,4.4,LSC-GAH9ATV2
7833,Metro Enterprises 7833,Austin,Vietnam,Wholesaler,27,2.8,LSC-LLIJTD53
7834,Blue Partners 7834,Boston,Japan,Distributor,30,3.5,LSC-8YVZXABR
7835,Apex Partners 7835,Detroit,China,Distributor,5,4.4,LSC-CO9S1TV4
7836,United Industrial 7836,Atlanta,India,Wholesaler,26,4.9,LSC-BGHLW5LX
7837,Evergreen Supply 7837,Dallas,Vietnam,Distributor,24,3.7,LSC-T3L8ORCT
7838,East Distributors 7838,Chicago,Vietnam,Distributor,9,4.5,LSC-9UJW1T7N
7839,Metro Partners 7839,Nashville,Mexico,Wholesaler,9,4.5,LSC-92R7C64U
7840,North Distributors 7840,Miami,Germany,Wholesaler,19,4.5,LSC-AXVWHVT0
7841,Vertex Trading 7841,Miami,China,Wholesaler,11,3.1,LSC-EXVXOMMJ
7842,North Logistics 7842,San Francisco,Mexico,Manufacturer,17,3.4,LSC-Z0615XHH
7843,West Enterprises 7843,Austin,Mexico,Manufacturer,2,2.9,LSC-LLXIBY4Z
7844,North Logistics 7844,Charlotte,China,Manufacturer,9,2.8,LSC-CFI4698Z
7845, Prime Retail Supply 7845 ,Nashville,USA,Distributor,6,4.0,LSC-8FWYVVWY
7846,East Enterprises 7846,Los Angeles,Japan,Wholesaler,3,4.2,LSC-UIE8CD4Z
7847,Nova Industrial 7847,Dallas,South Korea,Manufacturer,30,4.4,LSC-0AY8D1MG
7848,Apex Procurement 7848,New York,USA,Distributor,28,3.4,LSC-4HOSN01G
7849,Evergreen Trading 7849,Charlotte,South Korea,Manufacturer,3,3.3,LSC-DBPYBP22
7850,Prime Logistics 7850,San Francisco,Vietnam,Manufacturer,5,2.8,LSC-NZJ99ZKY
7851,United Industrial 7851,Austin,South Korea,Manufacturer,29,2.8,LSC-UF1KNTPV
7852,Blue Logistics 7852,San Jose,China,Distributor,18,2.7,LSC-Z0K7DRVW
7853,Summit Enterprises 7853,Chicago,India,Wholesaler,7,3.6,LSC-JZNRCBWM
7854,Apex Distributors 7854,Columbus,India,Wholesaler,3,3.2,LSC-I2PFREPH
7855,Metro Distributors 7855,Philadelphia,USA,Wholesaler,13,2.9,LSC-9H7Y9ZG2
7856, East Retail Supply 7856 ,Portland,South Korea,Wholesaler,14,3.5,LSC-IMR11PI2
7857,Vertex Retail Supply 7857,San Jose,Germany,Manufacturer,27,2.9,LSC-7DPI5U38
7858,Prime Enterprises 7858,Atlanta,China,Wholesaler,21,4.3,LSC-FI3HGL4J
7859,Blue Retail Supply 7859,Phoenix,Germany,Manufacturer,8,2.5,LSC-VQR63XTC
7860,Global Partners 7860,Detroit,Japan,Wholesaler,7,4.0,LSC-G2UUB5N0
7861,North Industrial 7861,Detroit,Thailand,Manufacturer,9,4.0,LSC-GXX3GMEO
7862,East Trading 7862,Atlanta,USA,Distributor,27,2.7,LSC-PZIDC4U4
7863,Vertex Supply 7863,Charlotte,Germany,Wholesaler,12,2.7,LSC-Z0K4TWVK
7864,Vertex Retail Supply 7864,Boston,Canada,Manufacturer,25,4.0,LSC-QA7V9W96
7865,North Supply 7865,Phoenix,Vietnam,Wholesaler,5,3.9,LSC-0VNQST6B
7866,Vertex Retail Supply 7866,Detroit,India,Distributor,19,2.5,LSC-3HMO1I4T
7867,Apex Industrial 7867,Philadelphia,Germany,Distributor,19,3.2,LSC-2EO08Z46
7868,South Logistics 7868,Columbus,USA,Manufacturer,13,3.5,LSC-HNOUG6TO
7869,Summit Distributors 7869,Nashville,Germany,Distributor,23,3.8,LSC-1C8D47VA
7870,Blue Wholesale 7870,Austin,Canada,Wholesaler,23,2.5,LSC-LFJTAVVE
7871,West Supply 7871,Nashville,India,Wholesaler,26,2.9,LSC-ONN13FHR
7872,Elite Distributors 7872,Atlanta,Thailand,Wholesaler,13,3.7,LSC-G0D74GUC
7873,Vertex Retail Supply 7873,San Jose,Mexico,Manufacturer,15,3.5,LSC-X29099U5
7874,Rapid Distributors 7874,Charlotte,Canada,Distributor,18,4.3,LSC-3KM8WZ98
7875,Apex Partners 7875,Austin,Germany,Distributor,15,3.1,LSC-5K6IB3RH
7876,Blue Enterprises 7876,Boston,Japan,Wholesaler,24,4.8,LSC-N0J8I3T1
7877,Apex Logistics 7877,Charlotte,Mexico,Distributor,16,4.4,LSC-2TJZAI36
7878,Vertex Wholesale 7878,San Francisco,Mexico,Manufacturer,14,4.6,LSC-U6DAJX33
7879,United Distributors 7879,San Jose,India,Manufacturer,30,2.8,LSC-Z23CQUI9
7880,Rapid Logistics 7880,Seattle,Japan,Distributor,6,2.7,LSC-4CEKM6WO
7881,Rapid Industrial 7881,Charlotte,India,Wholesaler,20,4.4,LSC-CYBILHF9
7882,East Wholesale 7882,Austin,Germany,Manufacturer,27,4.2,LSC-OVL5GJ7P
7883,East Distributors 7883,Seattle,South Korea,Distributor,15,2.8,LSC-F8QGZBY7
7884,Vertex Trading 7884,Seattle,Japan,Wholesaler,5,3.6,LSC-00F3IOHU
7885,Global Procurement 7885,New York,Thailand,Distributor,17,3.0,LSC-L0FKKIL9
7886,Elite Retail Supply 7886,Seattle,South Korea,Manufacturer,25,2.9,LSC-1OHSSAHO
7887,Quantum Distributors 7887,Chicago,Thailand,Manufacturer,30,3.0,LSC-F6JQNEKS
7888,Vertex Partners 7888,Columbus,Germany,Wholesaler,3,4.2,LSC-2PBWJI7I
7889, Rapid Industrial 7889 ,Miami,Vietnam,Distributor,2,,LSC-W7FIIYB1
7890,Apex Enterprises 7890,Columbus,India,Wholesaler,30,4.9,LSC-B4TY3B7L
7891,Rapid Retail Supply 7891,Portland,South Korea,Manufacturer,4,3.8,LSC-3Y1WJGCF
7892,Blue Retail Supply 7892,San Jose,Canada,Manufacturer,7,3.8,LSC-8UNDIAFC
7893,United Logistics 7893,Charlotte,South Korea,Manufacturer,6,4.3,LSC-IJHP40JA
7894,Apex Retail Supply 7894,San Jose,Canada,Wholesaler,2,3.1,LSC-3W61ZMAU
7895,Apex Trading 7895,Seattle,Canada,Distributor,28,4.2,LSC-6DTXAC8H
7896,Apex Wholesale 7896,Phoenix,India,Distributor,28,4.7,LSC-9DT28ZMF
7897,Summit Logistics 7897,Miami,Mexico,Manufacturer,23,4.5,LSC-OV8ZPZLL
7898,Prime Supply 7898,Houston,India,Manufacturer,18,2.5,LSC-0IPY0DGA
7899,United Partners 7899,Atlanta,Vietnam,Manufacturer,29,3.4,LSC-RL9QXUQ9
7900,Elite Industrial 7900,Phoenix,South Korea,Wholesaler,26,3.7,LSC-AJ658FJ2
7901,South Partners 7901,Chicago,Canada,Manufacturer,30,4.0,LSC-5H252OI3
7902,Prime Partners 7902,Phoenix,India,Distributor,12,2.8,LSC-FTC9OGPH
7903,United Retail Supply 7903,Denver,Germany,Wholesaler,26,4.3,LSC-HSJQIXFH
7904,Apex Procurement 7904,Phoenix,South Korea,Manufacturer,19,,LSC-PAJ07FY4
7905,South Trading 7905,Columbus,Canada,Wholesaler,6,3.2,LSC-3VZ2L124
7906,East Enterprises 7906,Nashville,Vietnam,Wholesaler,18,4.8,LSC-6N6XBMVY
7907,Prime Retail Supply 7907,Seattle,Mexico,Distributor,9,3.7,LSC-N7Q3BE27
7908,West Enterprises 7908,Columbus,Germany,Distributor,17,3.0,LSC-62ZO1GBT
7909,Prime Trading 7909,Denver,India,Distributor,13,4.0,LSC-UD1GWI24
7910,North Logistics 7910,Austin,Japan,Distributor,14,3.5,LSC-KNVM3TZ0
7911,United Procurement 7911,Detroit,Canada,Wholesaler,27,4.6,LSC-32SQ0N1E
7912,West Supply 7912,Denver,South Korea,Manufacturer,29,4.7,LSC-15KIKMI5
7913,Quantum Retail Supply 7913,Charlotte,Mexico,Distributor,24,3.4,LSC-Q5PY4MOO
7914,Rapid Partners 7914,San Francisco,Mexico,Wholesaler,20,4.6,LSC-3XLXSAL3
7915,East Supply 7915,New York,South Korea,Manufacturer,11,3.4,LSC-V0VJVOCY
7916,Evergreen Logistics 7916,Atlanta,India,Wholesaler,6,4.0,LSC-QLE5KT6R
7917,South Logistics 7917,Nashville,India,Wholesaler,30,3.9,LSC-M0MOQSCK
7918,North Logistics 7918,Nashville,Germany,Manufacturer,11,4.1,LSC-2VJXV873
7919,Blue Supply 7919,Charlotte,India,Manufacturer,4,4.9,LSC-X3H8N4YT
7920,East Distributors 7920,Los Angeles,Mexico,Distributor,23,5.0,LSC-4C2583SE
7921, Blue Industrial 7921 ,Nashville,Japan,Wholesaler,11,3.4,LSC-1G2GNFN8
7922,Metro Supply 7922,Denver,South Korea,Distributor,30,3.0,LSC-AD2GARGY
7923,Evergreen Retail Supply 7923,Austin,Germany,Wholesaler,6,2.9,LSC-BS27S7UL
7924,West Distributors 7924,Seattle,Germany,Manufacturer,8,3.0,LSC-1MYL54NQ
7925,Elite Procurement 7925,Nashville,China,Manufacturer,8,2.7,LSC-V0QQMQKW
7926,Elite Supply 7926,Dallas,Germany,Wholesaler,11,2.9,LSC-CVYE8OHL
7927,North Trading 7927,San Jose,Thailand,Wholesaler,15,4.9,LSC-P7RRB3OR
7928,United Distributors 7928,Los Angeles,Vietnam,Manufacturer,3,4.3,LSC-EDXRQ1HO
7929,South Wholesale 7929,Nashville,India,Distributor,9,4.1,LSC-X95YYTPM
7930,Vertex Wholesale 7930,San Jose,China,Distributor,10,3.8,LSC-YZBLI4Z3
7931,North Industrial 7931,San Jose,Thailand,Distributor,16,3.1,LSC-KC5PXFJ8
7932,Evergreen Distributors 7932,Chicago,Canada,Manufacturer,28,3.7,LSC-54UTHC18
7933,Rapid Partners 7933,Phoenix,India,Distributor,25,4.5,LSC-UWFSFSPE
7934,Apex Trading 7934,Seattle,Canada,Wholesaler,26,2.9,LSC-JE694Z4T
7935,Quantum Distributors 7935,San Jose,Germany,Manufacturer,26,4.4,LSC-DZ0N8DWL
7936,West Partners 7936,Seattle,South Korea,Manufacturer,5,2.9,LSC-VEH6O7YU
7937,North Trading 7937, Houston,Mexico,Wholesaler,25,4.7,LSC-RPTTSZ9E
7938,Metro Enterprises 7938,Los Angeles,Vietnam,Wholesaler,25,2.6,LSC-MFSFK60W
7939,North Trading 7939,Detroit,South Korea,Wholesaler,10,3.7,LSC-OFPS00RZ
7940,West Trading 7940,Detroit,Japan,Manufacturer,4,2.7,LSC-CJIYFAAS
7941,West Partners 7941,New York,India,Manufacturer,29,4.7,LSC-GA74R2PT
7942,Nova Industrial 7942,San Francisco,Germany,Distributor,11,3.8,LSC-A65VJPRO
7943,Global Partners 7943,Columbus,South Korea,Wholesaler,15,2.6,LSC-4A7GS4VB
7944,Quantum Wholesale 7944,Los Angeles,Germany,Wholesaler,22,4.7,LSC-VZ3061WB
7945,Prime Distributors 7945,Columbus,Thailand,Manufacturer,16,4.4,LSC-CVGPXO56
7946,Blue Partners 7946,Dallas,Germany,Wholesaler,18,4.2,LSC-GDZDH0WC
7947, United Procurement 7947 ,Philadelphia,India,Distributor,11,2.8,LSC-HL6XQRIA
7948,Apex Partners 7948,Philadelphia,India,Manufacturer,22,,LSC-WIDB5N6W
7949,Evergreen Supply 7949,San Jose,USA,Manufacturer,15,3.0,LSC-0ZVI1XU1
7950,Quantum Retail Supply 7950,Nashville,USA,Wholesaler,8,3.2,LSC-3PTTYZTI
7951,Blue Enterprises 7951,Phoenix,Thailand,Wholesaler,20,3.0,LSC-UZEXBM86
7952,Global Distributors 7952,Phoenix,Japan,Manufacturer,9,3.6,LSC-3OHIUY9A
7953,Quantum Partners 7953,San Jose,Canada,Manufacturer,15,2.7,LSC-7MZ3HDHC
7954, West Industrial 7954 ,San Francisco,India,Wholesaler,29,,LSC-AEYYXJ4U
7955, United Supply 7955 ,Detroit,China,Manufacturer,26,3.7,LSC-CHEPWBUZ
7956,Summit Logistics 7956,Boston,India,Manufacturer,18,3.7,LSC-YY8R8QXX
7957,Quantum Procurement 7957,Portland,Canada,Distributor,3,4.7,LSC-YHRXI0U4
7958,South Industrial 7958,Phoenix,Mexico,Manufacturer,24,4.2,LSC-ASWJF66N
7959,Summit Enterprises 7959,Charlotte,Vietnam,Manufacturer,20,2.8,LSC-1BLHHVH8
7960,West Enterprises 7960,Boston,Germany,Wholesaler,15,4.9,LSC-HCRCU71T
7961,Evergreen Retail Supply 7961,Charlotte,USA,Wholesaler,5,4.5,LSC-I0EPSEYH
7962,West Partners 7962,Portland,Mexico,Wholesaler,24,3.3,LSC-NW9Z0NJ0
7963,Rapid Wholesale 7963,Miami,Mexico,Wholesaler,4,3.5,LSC-N3NIR2U2
7964,West Logistics 7964,San Francisco,USA,Distributor,22,2.7,LSC-TTCFYPXH
7965,Nova Logistics 7965,Houston,Canada,Wholesaler,15,3.9,LSC-P4X3OKV9
7966,Apex Industrial 7966,Nashville,USA,Distributor,17,2.8,LSC-W2GY9IIA
7967,Metro Industrial 7967,Atlanta,USA,Wholesaler,25,,LSC-1DCHLIPV
7968,Blue Industrial 7968,Seattle,Canada,Distributor,8,4.0,LSC-TIMBC24F
7969,South Industrial 7969,Austin,India,Wholesaler,23,3.1,LSC-EH9B1Y0A
7970,United Wholesale 7970,Charlotte,Germany,Manufacturer,25,3.8,LSC-ICWV822J
7971,South Enterprises 7971,Atlanta,India,Distributor,7,,LSC-HQNIOW8Y
7972, Quantum Distributors 7972 ,Denver,Vietnam,Manufacturer,4,4.3,LSC-HWCQF6MY
7973,Evergreen Retail Supply 7973,Nashville,South Korea,Wholesaler,28,2.6,LSC-3DM17802
7974,Elite Distributors 7974,Seattle,China,Manufacturer,9,2.7,LSC-8LHRE75F
7975,Summit Trading 7975,Seattle,Germany,Manufacturer,8,4.6,LSC-KJPCP4A9
7976,Elite Trading 7976,San Jose,Canada,Wholesaler,15,3.1,LSC-WW1RFESV
7977,Blue Partners 7977,Denver,Thailand,Distributor,26,4.2,LSC-3V75TVJA
7978,Summit Procurement 7978,Austin,USA,Manufacturer,13,2.8,LSC-DHNNYDZ8
7979,Apex Retail Supply 7979,Philadelphia,USA,Wholesaler,19,4.3,LSC-CJFAPOUS
7980,Blue Enterprises 7980,New York,South Korea,Manufacturer,8,3.0,LSC-QDS0GY02
7981,Blue Retail Supply 7981,Miami,India,Manufacturer,30,4.6,LSC-J48HWXV4
7982,Global Trading 7982,Detroit,India,Manufacturer,22,4.2,LSC-5DGNEY26
7983,Metro Industrial 7983,Philadelphia,Germany,Wholesaler,17,,LSC-ZG12B4L9
7984,Evergreen Procurement 7984,Portland,South Korea,Manufacturer,13,2.5,LSC-DDX83JIX
7985,Global Enterprises 7985,San Jose,Mexico,Distributor,23,3.0,LSC-RHD76AII
7986,Prime Trading 7986,Atlanta,Vietnam,Wholesaler,26,3.9,LSC-IEHRBHYG
7987,Apex Procurement 7987,Seattle,USA,Distributor,22,4.5,LSC-BV8BTVEX
7988,Rapid Partners 7988,Dallas,Vietnam,Distributor,8,5.0,LSC-YT413N67
7989,Summit Industrial 7989,Philadelphia,India,Distributor,6,3.4,LSC-KGKD1AG4
7990,Summit Enterprises 7990,Denver,Thailand,Wholesaler,23,,LSC-Q446NMA9
7991,Elite Industrial 7991,Houston,India,Manufacturer,30,4.7,LSC-XOLCK43S
7992,Blue Industrial 7992,Phoenix ,South Korea,Manufacturer,30,3.8,LSC-99NCSCYY
7993,Metro Trading 7993,Dallas,USA,Manufacturer,26,3.9,LSC-WZ8CQCG1
7994,Quantum Procurement 7994,Boston,Germany,Wholesaler,30,4.6,LSC-DW6UDD2J
7995,Vertex Trading 7995,Portland,Germany,Distributor,16,4.4,LSC-FJSTSEP0
7996,Prime Industrial 7996,Atlanta,South Korea,Manufacturer,10,3.0,LSC-3GY41EBI
7997,Prime Partners 7997,Detroit,Mexico,Wholesaler,14,4.1,LSC-Q9KYLDPV
7998,Summit Partners 7998,Los Angeles,Japan,Distributor,8,3.4,LSC-DK5OK40J
7999,North Distributors 7999,Charlotte,South Korea,Manufacturer,18,3.5,LSC-ZXNP6KUB
8000,Apex Procurement 8000,Chicago,Thailand,Wholesaler,2,3.2,LSC-J4PJO4UA
8001,Global Logistics 8001,Phoenix,Thailand,Manufacturer,16,3.1,LSC-UOIIQSYB
8002,Prime Logistics 8002,Denver,USA,Distributor,3,3.5,LSC-R7H402Z8
8003,Apex Supply 8003,Seattle,South Korea,Distributor,15,3.5,LSC-ESB06XLP
8004,East Procurement 8004,Philadelphia,Mexico,Distributor,25,3.7,LSC-ZTZCHKOG
8005,Blue Retail Supply 8005,Denver,Canada,Manufacturer,22,3.7,LSC-CGFT3Z0J
8006,Metro Partners 8006,Phoenix,Mexico,Distributor,16,3.9,LSC-Y58SCQTR
8007,Blue Supply 8007,Chicago,India,Distributor,11,4.1,LSC-2E5FMAT5
8008,Quantum Retail Supply 8008,Denver,Canada,Distributor,5,4.5,LSC-T7NO3HJF
8009,Quantum Logistics 8009,Seattle,China,Distributor,20,4.2,LSC-KRA3M6R1
8010,Vertex Logistics 8010,Austin,South Korea,Manufacturer,19,2.9,LSC-FW3XFVIZ
8011,South Trading 8011,Columbus,Japan,Wholesaler,24,3.9,LSC-EEFROEVI
8012,Prime Supply 8012,Atlanta,India,Wholesaler,23,4.4,LSC-VA9PXNEK
8013,West Retail Supply 8013,Houston,Vietnam,Wholesaler,14,5.0,LSC-JFW8WU3J
8014,Elite Logistics 8014,Los Angeles,Thailand,Distributor,3,3.8,LSC-1YVQGAN3
8015,Elite Trading 8015,Austin,Thailand,Wholesaler,8,,LSC-Y9GCP3HY
8016,Prime Enterprises 8016,Portland,Germany,Wholesaler,28,,LSC-2OF6AIKR
8017,Global Distributors 8017,Atlanta,Canada,Wholesaler,14,3.1,LSC-MR5ROGP1
8018,Metro Enterprises 8018,Los Angeles,Mexico,Manufacturer,22,3.6,LSC-7EZ66R8I
8019,United Procurement 8019,Philadelphia,Canada,Distributor,8,4.2,LSC-4B15TKZB
8020,East Logistics 8020,Boston,Canada,Manufacturer,8,3.4,LSC-BOTY8TNF
8021,Global Retail Supply 8021,Denver,Japan,Manufacturer,3,2.6,LSC-MWMVWSP4
8022,Quantum Retail Supply 8022,Dallas,Canada,Manufacturer,13,3.9,LSC-SX01YO9O
8023,West Wholesale 8023,Boston,Mexico,Distributor,9,,LSC-BL8SXGON
8024,Global Industrial 8024,San Jose,India,Wholesaler,9,,LSC-6JH09K3S
8025,Global Trading 8025,Detroit,China,Wholesaler,5,2.9,LSC-2U0Y4409
8026,Metro Industrial 8026,Miami,South Korea,Distributor,7,4.8,LSC-2E4XTS56
8027,Prime Partners 8027,Columbus,USA,Manufacturer,30,4.1,LSC-2I3IZW1Z
8028,Summit Distributors 8028,Atlanta,South Korea,Distributor,22,2.7,LSC-8CA8QG7U
8029,Elite Wholesale 8029,San Jose,South Korea,Distributor,19,3.2,LSC-RYZ67VOM
8030,Nova Wholesale 8030,Chicago,Japan,Distributor,17,4.2,LSC-WPWSDWVG
8031,Apex Trading 8031,Houston,China,Wholesaler,29,2.5,LSC-4KPVMZ7Z
8032,Apex Trading 8032,Dallas,Japan,Distributor,17,3.0,LSC-UEQ5U62J
8033,United Enterprises 8033,Detroit,Germany,Distributor,9,4.6,LSC-W86AQPKY
8034,Evergreen Partners 8034,San Francisco,USA,Manufacturer,19,3.2,LSC-XEF3J8JC
8035,Apex Distributors 8035,Philadelphia,South Korea,Wholesaler,10,,LSC-SDAVA61C
8036,Evergreen Procurement 8036,Charlotte,Mexico,Wholesaler,13,2.7,LSC-NT0YMQCW
8037,Evergreen Industrial 8037,New York,Mexico,Distributor,19,2.8,LSC-YMS29HQT
8038,United Partners 8038,Denver,India,Distributor,26,2.9,LSC-52ZZFP7M
8039,Metro Distributors 8039,Detroit,Canada,Wholesaler,8,4.8,LSC-BAZ9C33T
8040,Global Supply 8040,Atlanta,South Korea,Manufacturer,15,4.1,LSC-DM32CPOY
8041,Quantum Distributors 8041,Columbus,Mexico,Wholesaler,23,2.7,LSC-IDBI4QOW
8042,Metro Distributors 8042,Charlotte,India,Distributor,27,3.0,LSC-4GT7OCKV
8043,Global Enterprises 8043,Phoenix,Vietnam,Manufacturer,11,3.9,LSC-S74JRLUU
8044,Nova Industrial 8044,Atlanta,China,Wholesaler,19,4.5,LSC-C1MJAPV6
8045,West Industrial 8045,Denver,South Korea,Distributor,13,4.5,LSC-6NRRJBJ7
8046,Global Enterprises 8046,Denver,Mexico,Wholesaler,20,3.2,LSC-KK74MNY1
8047,West Distributors 8047,Philadelphia,Germany,Wholesaler,5,3.8,LSC-1I0GAR50
8048,Rapid Wholesale 8048,Philadelphia,China,Manufacturer,16,,LSC-3RBEX57X
8049,Nova Supply 8049,Phoenix,Vietnam,Wholesaler,17,3.7,LSC-E5SWCFXD
8050,Vertex Enterprises 8050,Columbus,Thailand,Wholesaler,20,2.9,LSC-87XRPLH2
8051,United Retail Supply 8051,Boston,Vietnam,Manufacturer,12,3.8,LSC-3L4620R8
8052,Global Partners 8052,Portland,Japan,Manufacturer,2,3.5,LSC-J3FK6EZ1
8053,Blue Procurement 8053,San Francisco,Germany,Wholesaler,2,4.6,LSC-UF1A709A
8054,Nova Enterprises 8054,Houston,USA,Distributor,28,3.5,LSC-KPJTWWWQ
8055,United Trading 8055,Charlotte,Japan,Manufacturer,13,3.9,LSC-60KIF32B
8056,Vertex Industrial 8056,Nashville,USA,Distributor,8,3.4,LSC-M1QKSOVE
8057,East Wholesale 8057,Atlanta,Vietnam,Manufacturer,19,3.0,LSC-5P4OC9G2
8058,Evergreen Logistics 8058,San Francisco,Germany,Manufacturer,3,,LSC-7UX2V5E6
8059,Elite Procurement 8059,Portland,Thailand,Distributor,4,3.7,LSC-P19KC260
8060,Metro Supply 8060,Austin,Canada,Wholesaler,22,3.5,LSC-SZYI5EQT
8061,Metro Supply 8061,San Jose,China,Wholesaler,18,2.9,LSC-2E69DPVS
8062,South Enterprises 8062,New York,Mexico,Manufacturer,23,3.1,LSC-ZP3RIZ56
8063,Elite Industrial 8063,Boston,Germany,Manufacturer,17,4.1,LSC-LRTZ9KND
8064,Evergreen Logistics 8064,Austin,USA,Manufacturer,13,3.8,LSC-SPFOZG37
8065,Apex Retail Supply 8065,Boston,USA,Manufacturer,6,4.7,LSC-WLZ6HUJT
8066,Global Partners 8066,Philadelphia,Japan,Wholesaler,16,4.6,LSC-YOCS1I32
8067,Vertex Industrial 8067,Nashville,USA,Wholesaler,23,4.4,LSC-UTPEC408
8068,Evergreen Logistics 8068,Seattle,Mexico,Wholesaler,28,3.6,LSC-N1QFSK6A
8069, Metro Wholesale 8069 ,Dallas,USA,Manufacturer,9,3.3,LSC-15392FJD
8070,East Trading 8070,Phoenix,Canada,Distributor,11,3.4,LSC-FNNFLTQY
8071,West Logistics 8071,Portland,Canada,Manufacturer,11,,LSC-V2UHB2V4
8072,Quantum Partners 8072,Columbus,China,Manufacturer,25,4.5,LSC-34HE9TKV
8073,Apex Trading 8073,Atlanta,Mexico,Wholesaler,15,3.3,LSC-L0S8NJEB
8074,Blue Retail Supply 8074,Detroit,South Korea,Distributor,7,3.3,LSC-68IUCSGL
8075,Blue Procurement 8075,Charlotte,South Korea,Distributor,6,3.0,LSC-4TBR2HPF
8076,Apex Logistics 8076,Nashville,China,Wholesaler,25,3.3,LSC-YT1N1ESM
8077,Rapid Trading 8077,Denver,Thailand,Wholesaler,10,3.4,LSC-GNO6ZGBH
8078,Rapid Distributors 8078,Miami,Mexico,Distributor,5,4.6,LSC-LTWRNGBQ
8079,Nova Trading 8079,Atlanta,Thailand,Manufacturer,25,4.3,LSC-SWV2LN8E
8080,Metro Enterprises 8080,Portland,Vietnam,Wholesaler,6,4.4,LSC-C0BZCYMO
8081,Evergreen Enterprises 8081,Columbus,India,Wholesaler,30,2.9,LSC-2228L0EG
8082,Nova Wholesale 8082,Phoenix,China,Wholesaler,15,3.5,LSC-UXUSGOAX
8083,Summit Partners 8083,Dallas,Canada,Distributor,15,3.3,LSC-0B549U9J
8084,East Wholesale 8084,Philadelphia,India,Manufacturer,5,3.8,LSC-OR55FFV0
8085,Evergreen Logistics 8085,Los Angeles,South Korea,Wholesaler,29,2.7,LSC-YCC4APMV
8086,East Partners 8086,Miami,Vietnam,Distributor,2,4.4,LSC-N42FGTCJ
8087,Global Procurement 8087,Portland,Canada,Distributor,17,,LSC-TGW6O9YM
8088,South Retail Supply 8088,Chicago,India,Manufacturer,2,3.5,LSC-LBYRS5AS
8089,Metro Enterprises 8089,Portland,Mexico,Distributor,8,4.8,LSC-ZXKR8G9U
8090,Summit Trading 8090,Seattle,Japan,Distributor,30,4.4,LSC-H5I4DBI9
8091,Apex Procurement 8091,Charlotte,Mexico,Wholesaler,26,3.2,LSC-7HTH7YKO
8092, Vertex Wholesale 8092 ,Nashville,Germany,Wholesaler,10,4.4,LSC-EM8QRX85
8093,West Procurement 8093,Phoenix,China,Distributor,27,4.4,LSC-DPWCFGYD
8094,West Trading 8094,Seattle,Japan,Distributor,15,3.7,LSC-0GCG2K1R
8095,Blue Distributors 8095,New York,India,Manufacturer,3,4.7,LSC-25DRDARN
8096,United Retail Supply 8096,Columbus,Canada,Distributor,16,4.4,LSC-A00VQV8O
8097,Rapid Supply 8097,San Francisco,Germany,Wholesaler,15,4.9,LSC-RZWNEKAN
8098,Quantum Trading 8098,Dallas,USA,Distributor,11,3.0,LSC-JQD34Q75
8099,United Enterprises 8099,Denver,Canada,Wholesaler,10,4.7,LSC-S86L9HPU
8100,Global Partners 8100,Dallas,Thailand,Wholesaler,5,2.7,LSC-PVUEK1QB
8101,Global Logistics 8101,Seattle,China,Manufacturer,25,2.5,LSC-OO2SCQC6
8102,Metro Distributors 8102,Miami,Germany,Manufacturer,13,4.4,LSC-CX8PP8WR
8103,United Wholesale 8103,Denver,Mexico,Wholesaler,30,4.8,LSC-O2FS2IRX
8104,Prime Retail Supply 8104,New York,Mexico,Distributor,9,4.0,LSC-48KF2T23
8105,Blue Partners 8105,New York,China,Distributor,17,3.1,LSC-E7V6XQ99
8106,Evergreen Retail Supply 8106,Charlotte,Japan,Wholesaler,2,3.6,LSC-3FZMSNWQ
8107,Apex Trading 8107,New York,South Korea,Manufacturer,14,4.8,LSC-J5XH0N7W
8108,West Enterprises 8108,San Francisco,South Korea,Manufacturer,6,4.4,LSC-NMC40Q9N
8109,Summit Procurement 8109,Portland,USA,Distributor,2,2.6,LSC-REVRSJRN
8110,East Supply 8110,San Francisco,Canada,Distributor,8,,LSC-Z0KSBOAM
8111,West Distributors 8111,Nashville,Canada,Distributor,14,4.3,LSC-PQ6OQKIW
8112,Metro Wholesale 8112,Boston,Thailand,Manufacturer,27,4.2,LSC-3ROLC2UK
8113,Quantum Logistics 8113,Denver,South Korea,Wholesaler,22,3.2,LSC-SQWFL4DC
8114,Vertex Wholesale 8114,Miami,Japan,Manufacturer,16,3.9,LSC-QJMNPWRC
8115, Evergreen Distributors 8115 ,Houston,South Korea,Manufacturer,4,3.4,LSC-SJN7LZWR
8116,North Partners 8116,Detroit,Thailand,Distributor,18,4.3,LSC-P4MWL4AX
8117,United Trading 8117,Portland,Thailand,Wholesaler,8,2.5,LSC-GQAT1PTG
8118,Evergreen Supply 8118,Seattle,Mexico,Wholesaler,14,4.2,LSC-2T9XXKXW
8119,North Wholesale 8119,Detroit,China,Manufacturer,9,4.2,LSC-TY6X113O
8120,West Distributors 8120,Miami,Japan,Wholesaler,13,2.8,LSC-9EP2WJCF
8121,North Trading 8121,Miami,China,Manufacturer,18,4.9,LSC-HK2R5ZFJ
8122,United Trading 8122,Austin,South Korea,Distributor,24,4.9,LSC-IHIA03F1
8123, Rapid Distributors 8123 ,Boston,USA,Manufacturer,15,3.0,LSC-EVNF21US
8124,Quantum Retail Supply 8124,Atlanta,Mexico,Manufacturer,20,,LSC-30W0SOM4
8125,Apex Logistics 8125,New York,USA,Distributor,27,2.6,LSC-94ZRZRLQ
8126,South Enterprises 8126,San Francisco,India,Wholesaler,4,4.8,LSC-FQYUG28A
8127,West Trading 8127,Denver,South Korea,Distributor,19,3.2,LSC-OQ35MOB1
8128,East Partners 8128,Charlotte,South Korea,Manufacturer,23,4.6,LSC-UY4LN6MS
8129,United Procurement 8129,Los Angeles,China,Distributor,20,4.5,LSC-6W31D6K6
8130,South Retail Supply 8130,Charlotte,Thailand,Distributor,18,4.6,LSC-MJYGQ6ZC
8131,Nova Logistics 8131,Seattle,USA,Distributor,19,3.7,LSC-KMW74GKW
8132,Summit Enterprises 8132,Portland,China,Wholesaler,8,2.8,LSC-WVXLMGFR
8133,Elite Supply 8133,Boston,China,Wholesaler,5,3.6,LSC-SKLQ7AWO
8134,Apex Retail Supply 8134,San Jose,Thailand,Wholesaler,12,3.4,LSC-SLCA6ZR4
8135,Summit Distributors 8135,Charlotte,Vietnam,Wholesaler,15,3.4,LSC-SSYWM2D1
8136,Rapid Enterprises 8136,Austin,Germany,Wholesaler,14,4.6,LSC-KFA50NF9
8137,South Supply 8137,Detroit,South Korea,Distributor,26,4.7,LSC-YU1SLELT
8138,Global Retail Supply 8138,Charlotte,India,Distributor,23,4.5,LSC-LUXS3D2J
8139,Prime Partners 8139,Charlotte,South Korea,Manufacturer,14,3.9,LSC-KR3ZQRYM
8140,Blue Enterprises 8140,Columbus,Canada,Distributor,30,4.7,LSC-OG8U5V37
8141,Vertex Logistics 8141,Philadelphia,Vietnam,Distributor,11,3.3,LSC-QRK4MH2B
8142,Global Distributors 8142,Los Angeles,India,Wholesaler,2,3.7,LSC-EH8CH92Q
8143,West Distributors 8143,Chicago,Mexico,Distributor,24,4.8,LSC-IX6JUAU5
8144,Elite Trading 8144,Atlanta,Mexico,Wholesaler,6,3.5,LSC-FNNF8U4L
8145, Quantum Trading 8145 ,Portland,USA,Wholesaler,17,2.9,LSC-CXM0DUOY
8146,Summit Partners 8146,Denver,Japan,Wholesaler,23,3.4,LSC-YCUBFWV4
8147,East Wholesale 8147,Miami,Japan,Manufacturer,26,2.6,LSC-9FZ8LRO1
8148,South Procurement 8148,Atlanta,Germany,Distributor,12,3.1,LSC-K95EG57P
8149,East Partners 8149,Boston,Canada,Distributor,17,4.2,LSC-AXD7HH7N
8150,Vertex Procurement 8150,Chicago,Germany,Distributor,12,4.0,LSC-KFJDUL6N
8151,Metro Supply 8151,New York,China,Wholesaler,4,3.9,LSC-HG8635MV
8152,Rapid Procurement 8152,Chicago,Japan,Wholesaler,15,,LSC-CQZ91VHS
8153,Metro Wholesale 8153,Columbus,Germany,Wholesaler,16,4.9,LSC-DV0MRRTX
8154,Prime Distributors 8154,Nashville,Canada,Wholesaler,26,3.7,LSC-2DBAV1LI
8155,Prime Retail Supply 8155,Chicago,China,Distributor,28,,LSC-6QQTGDKR
8156,United Trading 8156,Austin,Vietnam,Manufacturer,16,4.5,LSC-DYVPO0PR
8157,Blue Procurement 8157,Philadelphia,South Korea,Distributor,5,4.9,LSC-8QUFET28
8158,West Procurement 8158,Columbus,Mexico,Wholesaler,17,3.3,LSC-L9DYBG7I
8159,North Industrial 8159,Boston,South Korea,Manufacturer,18,4.2,LSC-LTMGNP7C
8160,West Enterprises 8160,Austin,China,Distributor,21,3.0,LSC-DR239MPN
8161,Metro Logistics 8161,Philadelphia,Japan,Distributor,24,4.9,LSC-YJBGI5BN
8162,Metro Industrial 8162,Austin,China,Manufacturer,4,2.7,LSC-IGWHVRGV
8163,Global Distributors 8163,Los Angeles,Canada,Manufacturer,9,4.4,LSC-I4SKAROA
8164,Prime Distributors 8164,Portland,USA,Manufacturer,24,3.6,LSC-F6Y0DUY6
8165,Rapid Distributors 8165,San Jose,Germany,Manufacturer,15,4.5,LSC-1ORKWDJV
8166,Quantum Enterprises 8166,Columbus,South Korea,Wholesaler,29,2.8,LSC-2WEQPZ35
8167,Elite Partners 8167,Columbus,Thailand,Distributor,26,3.5,LSC-EU6KECO2
8168,Global Partners 8168,Dallas,Germany,Wholesaler,13,4.3,LSC-GOP6RLLS
8169,North Supply 8169,Atlanta,India,Manufacturer,27,4.7,LSC-XMH1TP9W
8170,Rapid Wholesale 8170,Atlanta,India,Wholesaler,8,3.6,LSC-ZQ0QKAII
8171,Quantum Industrial 8171,Chicago,South Korea,Distributor,17,4.9,LSC-FONWOKNG
8172,Prime Procurement 8172,Charlotte,Germany,Wholesaler,28,4.6,LSC-EVS7B3R1
8173,United Supply 8173,Atlanta,USA,Manufacturer,22,4.1,LSC-H7CANZH8
8174,West Enterprises 8174,Denver,Mexico,Wholesaler,23,3.8,LSC-F164G1U8
8175,Blue Partners 8175,Miami,China,Manufacturer,27,2.6,LSC-AEMBJGKJ
8176,Blue Partners 8176,Austin,China,Manufacturer,25,,LSC-J4M8QUV1
8177,United Partners 8177,Columbus,Canada,Distributor,2,4.6,LSC-MTMA07MT
8178,Quantum Distributors 8178,Columbus,Canada,Distributor,21,2.5,LSC-EYK8946S
8179,South Industrial 8179,Charlotte,USA,Manufacturer,20,5.0,LSC-VWCSCFNL
8180,South Supply 8180,Nashville,India,Wholesaler,5,3.4,LSC-YCNKW0TT
8181,Global Industrial 8181,Portland,Japan,Distributor,3,4.5,LSC-XTVJCR77
8182,North Enterprises 8182,Seattle,USA,Wholesaler,19,4.8,LSC-Y8EFDLF5
8183,United Industrial 8183,Portland,India,Wholesaler,5,3.9,LSC-NJPSG77C
8184,South Enterprises 8184,San Jose,Japan,Distributor,28,2.9,LSC-MBQ7GY19
8185, Vertex Procurement 8185 ,Portland,Canada,Manufacturer,9,4.1,LSC-HBXHIMKO
8186,Metro Retail Supply 8186,Denver,Canada,Distributor,7,4.3,LSC-Z6IBBXSK
8187,Global Enterprises 8187,Dallas,Germany,Manufacturer,29,3.9,LSC-5HL9PLMW
8188,Summit Distributors 8188,Dallas,South Korea,Wholesaler,30,3.8,LSC-3U32BGKB
8189,United Distributors 8189,San Francisco,Canada,Distributor,2,3.7,LSC-7DMDZ6XE
8190,Vertex Partners 8190,Miami,Germany,Wholesaler,18,4.2,LSC-BEF5K2ER
8191,Vertex Supply 8191,San Jose,India,Manufacturer,11,4.8,LSC-TJFDNH0A
8192,Evergreen Retail Supply 8192,Denver,Mexico,Manufacturer,14,4.2,LSC-WGG05674
8193,Vertex Enterprises 8193,Chicago,China,Wholesaler,8,4.5,LSC-2NLGFE4F
8194,Evergreen Partners 8194,Nashville,Japan,Distributor,30,4.6,LSC-7MVSE1QC
8195,Nova Retail Supply 8195,Detroit,Thailand,Distributor,6,4.6,LSC-87QGGZD0
8196,West Trading 8196,Denver,India,Wholesaler,21,3.4,LSC-AJ6V5NPV
8197,Prime Distributors 8197,Philadelphia,China,Distributor,11,5.0,LSC-U3PFJOUY
8198,Blue Procurement 8198,Houston,Mexico,Manufacturer,24,4.3,LSC-GVC50QW7
8199,North Supply 8199,New York,Thailand,Distributor,21,3.0,LSC-CPR18DPJ
8200,Rapid Logistics 8200,Miami,Mexico,Manufacturer,4,3.6,LSC-G8XC7VY2
8201,Nova Wholesale 8201,Houston,Vietnam,Distributor,11,4.3,LSC-7AQ63S3H
8202,Vertex Wholesale 8202,San Jose,India,Manufacturer,5,3.0,LSC-QKY9R0A5
8203,United Industrial 8203,Boston,South Korea,Distributor,16,3.4,LSC-JHR7AJ2D
8204,Global Trading 8204,Denver,India,Manufacturer,9,4.9,LSC-V4071S71
8205,Blue Enterprises 8205,Boston,China,Wholesaler,20,5.0,LSC-8HRTQ2CW
8206,Elite Procurement 8206,Detroit,Mexico,Wholesaler,9,,LSC-QVT81KPD
8207,Apex Partners 8207,Austin,Vietnam,Distributor,14,4.9,LSC-MCDODXZC
8208,Elite Trading 8208,Austin,China,Wholesaler,2,3.0,LSC-JE2EN9WV
8209, Vertex Partners 8209 ,Nashville,Vietnam,Manufacturer,7,4.1,LSC-35MPA3N2
8210,Summit Supply 8210,Nashville,India,Manufacturer,21,2.7,LSC-MFL8NNBY
8211,Summit Trading 8211,San Jose,China,Distributor,12,3.4,LSC-GT3FSJZ2
8212,Nova Distributors 8212,Columbus,India,Wholesaler,8,3.9,LSC-0JOU2AKT
8213,United Retail Supply 8213,Los Angeles,South Korea,Distributor,14,4.4,LSC-GBGE8HAH
8214, Global Supply 8214 ,Atlanta,Japan,Distributor,26,2.6,LSC-I810V303
8215, Summit Procurement 8215 ,San Jose,Thailand,Distributor,21,4.7,LSC-JKM9HWNW
8216,Vertex Partners 8216,San Jose,China,Distributor,13,3.1,LSC-ZJ0UN5AA
8217,Summit Industrial 8217,Miami,India,Distributor,20,3.4,LSC-UOPXSDD8
8218,Nova Supply 8218,Philadelphia,China,Wholesaler,11,2.6,LSC-GFPEV0IA
8219,Global Supply 8219,Seattle,China,Manufacturer,23,4.3,LSC-L2UK5LFL
8220,Summit Retail Supply 8220,Dallas,Germany,Manufacturer,9,4.3,LSC-Q2GZEVUW
8221,United Retail Supply 8221,Portland,USA,Wholesaler,13,3.8,LSC-KD2LO3N7
8222,Vertex Procurement 8222,Chicago,South Korea,Distributor,3,4.0,LSC-CF1J4P8I
8223,West Logistics 8223,Columbus,China,Distributor,8,3.7,LSC-29TEI54K
8224,Vertex Industrial 8224,Atlanta,China,Wholesaler,30,3.3,LSC-LP994ZTF
8225, Quantum Distributors 8225 ,Charlotte,China,Distributor,17,5.0,LSC-VFXP2IR5
8226,Vertex Retail Supply 8226,Houston,Germany,Manufacturer,25,4.9,LSC-RHX5S2LS
8227,West Retail Supply 8227,Nashville,Vietnam,Distributor,28,4.6,LSC-PV82AN42
8228,South Enterprises 8228,Charlotte,Thailand,Wholesaler,5,2.9,LSC-31GZHVFD
8229,Blue Retail Supply 8229,Chicago,South Korea,Manufacturer,11,3.8,LSC-1D5R6JLF
8230,Elite Trading 8230,New York,India,Manufacturer,21,4.9,LSC-NBKBDKSD
8231, South Enterprises 8231 ,Detroit,South Korea,Manufacturer,28,4.4,LSC-5EJEADFY
8232,Vertex Logistics 8232,Phoenix,India,Wholesaler,10,4.8,LSC-4I77SRID
8233,Elite Procurement 8233,New York,Mexico,Distributor,3,3.6,LSC-ZKPIEFML
8234,Blue Distributors 8234,Nashville,Japan,Wholesaler,16,2.9,LSC-HPGPENN6
8235,Blue Enterprises 8235,Boston,Vietnam,Distributor,20,4.6,LSC-HOPZFD35
8236,West Wholesale 8236,San Francisco,India,Manufacturer,7,4.1,LSC-7ET41BZN
8237,Metro Industrial 8237,Boston,Canada,Distributor,26,4.8,LSC-IJNGK3Z8
8238,Evergreen Enterprises 8238,Seattle,China,Distributor,8,3.1,LSC-5VN2UGAF
8239,Prime Supply 8239,Los Angeles,India,Wholesaler,19,3.5,LSC-OL6WZJ00
8240,East Wholesale 8240,San Francisco,Vietnam,Distributor,20,4.8,LSC-M5DCO5UE
8241,Prime Procurement 8241,Nashville,South Korea,Manufacturer,28,3.1,LSC-3Q2ZDGSL
8242,South Industrial 8242,Miami,South Korea,Wholesaler,11,3.8,LSC-H4QYM2LS
8243, Quantum Enterprises 8243 ,Dallas,India,Manufacturer,25,3.0,LSC-IQJWG70L
8244,West Supply 8244,Portland,Mexico,Wholesaler,29,3.6,LSC-PY9LUKBF
8245,North Procurement 8245,Chicago,Mexico,Distributor,4,4.3,LSC-EAM7M7Q2
8246,Global Trading 8246,Atlanta,USA,Distributor,30,4.7,LSC-YBOJP2R5
8247,West Procurement 8247,Boston,USA,Wholesaler,14,3.2,LSC-HX488ZP7
8248,Metro Enterprises 8248,Detroit,China,Manufacturer,12,5.0,LSC-ULGXOTKV
8249,East Logistics 8249,New York,China,Manufacturer,12,3.8,LSC-R9HLW2EB
8250,Summit Distributors 8250,New York,Thailand,Wholesaler,20,4.8,LSC-KC6Z11L0
8251,Nova Enterprises 8251,Dallas,India,Manufacturer,6,2.8,LSC-AXJ5NZPN
8252,South Logistics 8252,Austin,Germany,Distributor,30,3.6,LSC-FU1NSET6
8253,Evergreen Retail Supply 8253,Philadelphia,Mexico,Distributor,9,4.3,LSC-M1Q1J48L
8254,East Partners 8254,Phoenix,Japan,Distributor,28,3.2,LSC-7DMQBTDT
8255,United Wholesale 8255,Philadelphia,Mexico,Wholesaler,7,,LSC-6ZM1ZEKG
8256,Elite Industrial 8256,Charlotte,China,Manufacturer,29,4.5,LSC-W8KD19RB
8257,North Trading 8257,Nashville,Vietnam,Manufacturer,28,3.6,LSC-KREUVI6Q
8258,Vertex Trading 8258,Boston,Germany,Distributor,3,4.1,LSC-N6FKY61P
8259,Apex Trading 8259,Columbus,Thailand,Wholesaler,21,3.5,LSC-UPYOMVG2
8260,North Logistics 8260,Dallas,India,Distributor,8,4.5,LSC-2UTXEO28
8261,North Logistics 8261,San Jose,Mexico,Wholesaler,14,2.5,LSC-0IWHFK2Z
8262,South Enterprises 8262,New York,Canada,Manufacturer,18,4.4,LSC-IYR8A92V
8263,Elite Supply 8263,Dallas,Japan,Wholesaler,3,4.6,LSC-41IG0HLN
8264,Summit Distributors 8264,Houston,Mexico,Wholesaler,3,4.7,LSC-GC2I66SX
8265,Elite Enterprises 8265,chicago,India,Distributor,21,3.0,LSC-KE8GNK7E
8266,Prime Partners 8266,Dallas,Canada,Manufacturer,12,3.7,LSC-6DBFGI4D
8267,Summit Retail Supply 8267,Philadelphia,Japan,Wholesaler,27,4.2,LSC-L8OLYSJN
8268,Blue Wholesale 8268,Columbus,South Korea,Manufacturer,16,4.7,LSC-VD55PG2J
8269,Global Distributors 8269,Houston,Germany,Manufacturer,17,4.5,LSC-HVEK5DE2
8270,Metro Enterprises 8270,Houston,China,Distributor,29,3.0,LSC-K44ILBDT
8271,Metro Wholesale 8271,Atlanta,Mexico,Distributor,25,4.6,LSC-E4YBKT1M
8272,Evergreen Retail Supply 8272,Phoenix,China,Wholesaler,13,4.9,LSC-W9KAYDWK
8273,Metro Procurement 8273,Austin,China,Manufacturer,6,3.8,LSC-MC3AIPBE
8274,Rapid Distributors 8274,Austin,India,Distributor,10,4.9,LSC-T6RQPJ6V
8275,Prime Retail Supply 8275,Phoenix,India,Wholesaler,13,4.3,LSC-CNH3AC7K
8276,East Wholesale 8276,Miami,India,Wholesaler,6,,LSC-0RBTSO0L
8277,Metro Trading 8277,Austin,Canada,Manufacturer,10,3.3,LSC-WW762EHL
8278,Vertex Partners 8278,Charlotte,Thailand,Distributor,10,3.3,LSC-XDONBCF9
8279,Evergreen Distributors 8279,Boston,Thailand,Manufacturer,28,3.2,LSC-4F4Y5DEE
8280,Blue Procurement 8280,Phoenix,South Korea,Manufacturer,3,2.5,LSC-VEUMPSJN
8281,East Trading 8281,Boston,Vietnam,Distributor,10,,LSC-S9VQG55X
8282,South Wholesale 8282,Philadelphia,China,Distributor,4,4.3,LSC-WQ9MPT11
8283,Elite Partners 8283,San Jose,Canada,Manufacturer,11,4.8,LSC-4GROH7QJ
8284,Evergreen Wholesale 8284,New York,South Korea,Distributor,20,3.9,LSC-XRHO6SQJ
8285,South Partners 8285,Austin,India,Manufacturer,25,,LSC-IBWFKA7E
8286,Vertex Trading 8286,Charlotte,Germany,Manufacturer,29,4.3,LSC-1BM8SSZY
8287,Rapid Supply 8287,Phoenix,Vietnam,Wholesaler,16,3.3,LSC-3UYARCR4
8288,Rapid Enterprises 8288,New York,Japan,Wholesaler,19,3.9,LSC-4GBO1VKO
8289,West Partners 8289,Phoenix,Mexico,Distributor,14,3.8,LSC-H414J3D5
8290,Nova Procurement 8290,Denver,South Korea,Manufacturer,8,3.9,LSC-YNUDI3J5
8291,Rapid Industrial 8291,Phoenix,Thailand,Manufacturer,18,2.8,LSC-FJSLSPGF
8292,Nova Wholesale 8292,Miami,Germany,Distributor,17,4.8,LSC-2WZUQUG8
8293,Blue Wholesale 8293,Atlanta,Germany,Wholesaler,11,3.0,LSC-NLJ2MWOX
8294,Evergreen Retail Supply 8294,Nashville,Vietnam,Manufacturer,10,,LSC-I2RD6CVI
8295, Vertex Retail Supply 8295 ,Charlotte,Thailand,Wholesaler,13,4.1,LSC-DK6R9BSL
8296,Nova Supply 8296,Detroit,Canada,Distributor,10,3.0,LSC-1KPWUWO1
8297,Nova Distributors 8297,Austin,South Korea,Manufacturer,6,4.6,LSC-ZGN40W7D
8298,Elite Retail Supply 8298,Chicago,Canada,Wholesaler,18,4.2,LSC-7IYDWDXX
8299,Metro Trading 8299,Nashville,Germany,Manufacturer,6,3.5,LSC-SGPRSRUE
8300,Prime Partners 8300,Chicago,Thailand,Wholesaler,29,,LSC-X3P4AGKY
8301,Metro Partners 8301,Seattle,South Korea,Manufacturer,13,4.8,LSC-WHG540GM
8302,Prime Distributors 8302,Atlanta,Germany,Manufacturer,7,2.7,LSC-667L28ER
8303,Prime Industrial 8303,Los Angeles,Vietnam,Distributor,26,3.6,LSC-KLW71GHB
8304,Global Enterprises 8304,Denver,Canada,Wholesaler,3,4.3,LSC-T6Y3DYE9
8305,Quantum Procurement 8305,Portland,India,Distributor,5,4.0,LSC-1LRZHFX9
8306,Nova Supply 8306,San Jose,USA,Wholesaler,28,2.8,LSC-VX78A1KE
8307,United Trading 8307,Detroit,Germany,Distributor,25,3.3,LSC-FMCXG9EO
8308,West Distributors 8308,Nashville,Thailand,Wholesaler,28,4.5,LSC-JLHJDBHO
8309,East Trading 8309,Portland,Mexico,Wholesaler,8,5.0,LSC-YX11JZCN
8310,Elite Trading 8310,Philadelphia,South Korea,Manufacturer,25,2.6,LSC-QBLSDMTU
8311,North Distributors 8311,San Jose,USA,Manufacturer,10,3.7,LSC-1N0GLM2H
8312,North Supply 8312,Portland,Germany,Distributor,8,3.5,LSC-EG45RME2
8313,East Supply 8313,Detroit,Mexico,Manufacturer,23,4.3,LSC-FFFEPFCL
8314,North Industrial 8314,Atlanta,Japan,Manufacturer,20,2.5,LSC-JD8EEKDK
8315,Elite Enterprises 8315,Charlotte,South Korea,Distributor,17,2.7,LSC-4AYPOD0K
8316,Summit Wholesale 8316,San Jose,China,Wholesaler,19,3.3,LSC-2L1D5VF3
8317,Rapid Retail Supply 8317,Denver,China,Manufacturer,16,2.8,LSC-C32TQVCH
8318,Rapid Supply 8318,Austin,China,Wholesaler,17,3.8,LSC-OY1G24WH
8319,Rapid Retail Supply 8319,Detroit,China,Distributor,19,3.7,LSC-5C8EVRBC
8320,West Logistics 8320,PHOENIX,Japan,Distributor,15,4.0,LSC-OHK7H09B
8321,Vertex Trading 8321,Columbus,Japan,Manufacturer,4,2.6,LSC-8Z5NICML
8322,Summit Trading 8322,Boston,South Korea,Wholesaler,7,4.5,LSC-22ZJTGPC
8323,North Supply 8323,San Francisco,India,Wholesaler,2,,LSC-JZA7IXXM
8324,Evergreen Wholesale 8324,Columbus,Mexico,Wholesaler,16,3.3,LSC-SU8IAY3K
8325,Summit Supply 8325,Philadelphia,Vietnam,Distributor,24,2.7,LSC-I7F7NHWI
8326,Vertex Procurement 8326,Portland,Mexico,Manufacturer,12,4.0,LSC-3X1KMX5Z
8327,Quantum Partners 8327,Portland,South Korea,Distributor,25,4.1,LSC-0CQAK666
8328,Elite Retail Supply 8328,Miami,China,Distributor,19,3.7,LSC-Y0E2VZIT
8329,Apex Procurement 8329,New York,Canada,Distributor,25,2.5,LSC-AAOOQYMX
8330,West Partners 8330,Nashville,Thailand,Wholesaler,14,3.1,LSC-4PRNJCZO
8331,Summit Wholesale 8331,Dallas,Germany,Manufacturer,24,3.3,LSC-L2S5YM8Q
8332,West Retail Supply 8332,Seattle,South Korea,Distributor,5,2.9,LSC-JN4M3IL8
8333,East Logistics 8333,Charlotte,Mexico,Distributor,21,4.7,LSC-EDGS6FAX
8334,Vertex Retail Supply 8334,Dallas,China,Distributor,23,3.2,LSC-IF1VVEEA
8335,Nova Retail Supply 8335,Charlotte,Thailand,Wholesaler,24,2.6,LSC-70SXUAIJ
8336,Rapid Distributors 8336,Detroit,Canada,Wholesaler,17,3.4,LSC-Y7R9EDFH
8337,Apex Enterprises 8337,Columbus,Thailand,Distributor,23,3.1,LSC-9GI1YM1B
8338,Vertex Distributors 8338,Nashville,Vietnam,Distributor,16,4.0,LSC-2A1TANYR
8339,United Procurement 8339,Columbus,China,Distributor,18,4.6,LSC-8FJKDREX
8340,East Distributors 8340,Atlanta,Canada,Manufacturer,25,4.4,LSC-WBMM8GL2
8341,Summit Trading 8341,Austin,South Korea,Distributor,16,3.4,LSC-239SXM5B
8342,Nova Distributors 8342,Nashville,South Korea,Manufacturer,27,3.6,LSC-UR7P98CA
8343,East Procurement 8343,PHOENIX,South Korea,Manufacturer,19,2.7,LSC-0KWVA602
8344,Elite Distributors 8344,Miami,Japan,Distributor,22,3.1,LSC-6QAUDGNX
8345,Summit Procurement 8345,Portland,Thailand,Manufacturer,15,3.0,LSC-CO2R60SI
8346,Quantum Industrial 8346,San Jose,China,Wholesaler,4,,LSC-M8O3LVB2
8347,Blue Supply 8347,Detroit,China,Manufacturer,21,4.5,LSC-KNW5ZP6C
8348,West Industrial 8348,Columbus,Germany,Wholesaler,29,4.8,LSC-X41UAIA8
8349,Apex Distributors 8349,Philadelphia,Germany,Distributor,20,4.4,LSC-NT7FAXRQ
8350,Evergreen Partners 8350,Phoenix,Germany,Manufacturer,4,4.2,LSC-N03NMAYQ
8351,North Trading 8351,San Jose,Japan,Wholesaler,30,3.6,LSC-MG9WO84U
8352,Nova Partners 8352,Houston,South Korea,Manufacturer,21,,LSC-TZVFUCGG
8353,Quantum Retail Supply 8353,Seattle,Thailand,Manufacturer,29,2.6,LSC-QXM3VOH0
8354,Elite Distributors 8354,Detroit,Vietnam,Manufacturer,9,3.0,LSC-7D3UYH8G
8355,East Wholesale 8355,Atlanta,USA,Manufacturer,15,4.4,LSC-S9CSG0V5
8356,United Wholesale 8356,New York,Thailand,Wholesaler,10,3.2,LSC-8S9HKRJP
8357,North Partners 8357,Atlanta,Canada,Distributor,29,4.5,LSC-7G2O5EG6
8358,Nova Partners 8358,Columbus,Mexico,Distributor,5,4.5,LSC-L4ZKG3JF
8359,Summit Trading 8359,Columbus,Thailand,Distributor,20,3.0,LSC-5CAOA8GC
8360,Prime Procurement 8360,Philadelphia,USA,Distributor,7,3.3,LSC-2SJQI9JP
8361,Apex Procurement 8361,Philadelphia,USA,Manufacturer,26,4.2,LSC-PPGAQ6M2
8362,Blue Logistics 8362,Philadelphia,India,Wholesaler,20,4.4,LSC-TM1VHUY9
8363,Apex Wholesale 8363,Detroit,Japan,Manufacturer,4,3.6,LSC-KFIXI3WG
8364,Vertex Retail Supply 8364,Los Angeles,Japan,Distributor,3,3.4,LSC-HCAMXICG
8365,Quantum Supply 8365,Nashville,India,Manufacturer,20,2.8,LSC-UAA2U4PX
8366,South Partners 8366,Columbus,USA,Wholesaler,3,3.6,LSC-65USZHFF
8367,Prime Trading 8367,Philadelphia,Mexico,Distributor,17,4.4,LSC-IUD4ZYP8
8368, South Procurement 8368 ,Nashville,India,Manufacturer,13,3.7,LSC-ASIGNPFZ
8369,South Trading 8369,Portland,Vietnam,Distributor,4,2.9,LSC-46FWVRG1
8370,Blue Supply 8370,Charlotte,Vietnam,Wholesaler,18,2.8,LSC-L03XXK8X
8371,Summit Trading 8371,Detroit,Canada,Distributor,28,4.1,LSC-69OIURF2
8372,Elite Procurement 8372,Charlotte,USA,Distributor,13,3.1,LSC-3J4U2AEI
8373,Apex Industrial 8373,New York,South Korea,Wholesaler,18,4.3,LSC-ZH4890QK
8374,Evergreen Logistics 8374,Detroit,India,Distributor,14,2.7,LSC-5AJTPW0J
8375, Nova Retail Supply 8375 ,Los Angeles,Thailand,Manufacturer,6,3.5,LSC-V18ASG7G
8376,Nova Industrial 8376,New York,China,Distributor,19,3.2,LSC-R719U7TJ
8377,South Logistics 8377,Detroit,Thailand,Manufacturer,10,4.6,LSC-GZD9GBU0
8378,Nova Distributors 8378,Denver,USA,Manufacturer,17,2.7,LSC-92LKC2NT
8379,Apex Partners 8379,Columbus,Germany,Manufacturer,27,3.7,LSC-JAOYMOO3
8380,Evergreen Supply 8380,Nashville,China,Wholesaler,9,3.9,LSC-C0PAD0H8
8381,Evergreen Supply 8381,Portland,Japan,Manufacturer,28,3.0,LSC-8CNZEVYK
8382,Nova Trading 8382,Houston,South Korea,Wholesaler,2,3.6,LSC-8JDXS0UR
8383,East Distributors 8383,Los Angeles,China,Manufacturer,21,2.6,LSC-OGI2RBPJ
8384,Nova Trading 8384,Charlotte,Japan,Wholesaler,26,2.9,LSC-V90KEXFU
8385,North Logistics 8385,New York,Vietnam,Manufacturer,28,3.7,LSC-5XDLNHCY
8386,Evergreen Distributors 8386,Nashville,Germany,Manufacturer,10,4.8,LSC-OT62HBA3
8387,United Supply 8387,San Jose,Vietnam,Distributor,15,3.9,LSC-YBIH7BHY
8388,North Distributors 8388,Charlotte,Germany,Wholesaler,6,2.9,LSC-9UP4FH68
8389,West Logistics 8389,New York,Mexico,Manufacturer,22,4.8,LSC-A351B49G
8390,Evergreen Procurement 8390,Charlotte,USA,Distributor,28,3.8,LSC-Q950F6SA
8391,South Wholesale 8391,Miami,Vietnam,Wholesaler,4,4.5,LSC-S8QN16MR
8392,United Logistics 8392,Phoenix,China,Distributor,4,,LSC-4RKSP51X
8393,Quantum Industrial 8393,Detroit,Germany,Manufacturer,9,2.5,LSC-7S76TJIL
8394,East Distributors 8394,San Jose,Canada,Distributor,14,3.0,LSC-EKOMUNAN
8395,Summit Retail Supply 8395,Portland,USA,Distributor,7,2.8,LSC-64FVF2XI
8396,Prime Procurement 8396,Philadelphia,Germany,Manufacturer,23,4.0,LSC-WFBIWWH3
8397,Metro Wholesale 8397,Phoenix,Germany,Wholesaler,25,2.6,LSC-QOWKQ3F6
8398,East Retail Supply 8398,Philadelphia,South Korea,Wholesaler,20,3.5,LSC-WRMUSVNC
8399,West Procurement 8399,Denver,India,Manufacturer,15,2.9,LSC-0ZCPJ5TA
8400,Global Procurement 8400,San Jose,Canada,Distributor,8,4.8,LSC-VEODSW6D
8401,Rapid Industrial 8401,Denver,Mexico,Distributor,18,2.7,LSC-DOPV5QOU
8402,Metro Retail Supply 8402,Houston,Japan,Distributor,26,3.6,LSC-4FWDM2H3
8403,South Trading 8403,Phoenix,Canada,Wholesaler,27,3.3,LSC-J6PAY72J
8404,Global Trading 8404,Philadelphia,Vietnam,Manufacturer,20,4.5,LSC-SLVRQLM9
8405,Nova Partners 8405,Dallas,Vietnam,Manufacturer,5,3.1,LSC-7K89RZMZ
8406,Metro Procurement 8406,Seattle,Germany,Distributor,18,3.3,LSC-51GWZ4LX
8407,Apex Wholesale 8407,Chicago,USA,Manufacturer,24,3.3,LSC-H7Z37QT5
8408,Blue Distributors 8408,Charlotte,Thailand,Manufacturer,6,3.3,LSC-55XX3DMS
8409,United Wholesale 8409,Seattle,Mexico,Wholesaler,27,2.9,LSC-YV0WX4B8
8410,Evergreen Retail Supply 8410,Boston,Germany,Wholesaler,26,3.1,LSC-WWE4P29J
8411,Elite Procurement 8411,Philadelphia,China,Distributor,19,2.9,LSC-7LT4RLQS
8412,Global Wholesale 8412,Denver,Japan,Wholesaler,12,4.1,LSC-BK9FK9QF
8413,Rapid Procurement 8413,San Francisco,Vietnam,Distributor,15,3.6,LSC-YC2VZOR7
8414,Nova Retail Supply 8414,New York,USA,Wholesaler,21,3.2,LSC-1ONAX06H
8415,Global Distributors 8415,Seattle,Mexico,Distributor,8,4.0,LSC-MUQM990C
8416,Metro Wholesale 8416,Boston,China,Wholesaler,5,2.6,LSC-Z1PAI9S3
8417, Prime Logistics 8417 ,Chicago,Canada,Wholesaler,21,2.6,LSC-FDUF734C
8418,Elite Distributors 8418,Charlotte,Canada,Wholesaler,16,2.8,LSC-PXR4451R
8419,United Wholesale 8419,Boston,Thailand,Distributor,19,3.0,LSC-OE70WQIS
8420,Vertex Enterprises 8420,Houston,Mexico,Wholesaler,18,4.9,LSC-I9TGPR92
8421,South Industrial 8421,Atlanta,Germany,Wholesaler,3,3.5,LSC-0OZRUSA5
8422,Evergreen Industrial 8422,Detroit,Thailand,Distributor,30,5.0,LSC-6RZGWS1V
8423,Prime Enterprises 8423,Detroit,Mexico,Manufacturer,11,4.6,LSC-7ZASUWCQ
8424,Vertex Enterprises 8424,Chicago,India,Wholesaler,26,4.1,LSC-0T4JG4JQ
8425,West Procurement 8425,Phoenix,USA,Distributor,4,2.5,LSC-GDD8HYXG
8426,North Industrial 8426,Houston,China,Manufacturer,28,4.0,LSC-1VDBV2NU
8427,Quantum Trading 8427,Nashville,China,Wholesaler,25,4.6,LSC-LE5GR0PM
8428,Apex Industrial 8428,Chicago,Vietnam,Distributor,25,3.0,LSC-I8R3NEK9
8429,North Logistics 8429,San Jose,Germany,Wholesaler,5,4.5,LSC-E2VR9C0O
8430,South Trading 8430,Detroit,Mexico,Wholesaler,13,4.5,LSC-Q4RSSVRV
8431,Summit Trading 8431,New York,Germany,Distributor,10,3.5,LSC-65SHIGLQ
8432, Global Enterprises 8432 ,Philadelphia,India,Distributor,25,3.0,LSC-BOS0C9Q5
8433,East Logistics 8433,Seattle,India,Wholesaler,28,4.5,LSC-X28RI93P
8434,East Partners 8434,New York,Mexico,Manufacturer,19,2.8,LSC-OYSYQBBP
8435,Evergreen Partners 8435,Denver,Vietnam,Manufacturer,5,4.5,LSC-BQ6DPQ2T
8436,Evergreen Wholesale 8436,Austin,Thailand,Distributor,21,4.3,LSC-5ZIUCDK8
8437,Quantum Wholesale 8437,New York,Canada,Manufacturer,29,3.1,LSC-SUFL476C
8438, Global Logistics 8438 ,Boston,South Korea,Manufacturer,30,2.6,LSC-S8PKVDAL
8439,Vertex Wholesale 8439,Atlanta,Japan,Distributor,30,3.7,LSC-QEZL20M3
8440,Summit Supply 8440,San Francisco,Japan,Manufacturer,10,4.8,LSC-H35OVYPK
8441,North Logistics 8441,Los Angeles,Canada,Distributor,13,4.0,LSC-1YJZ3G0V
8442,Summit Distributors 8442,San Francisco,Germany,Manufacturer,28,4.2,LSC-O4OKYPGG
8443,Elite Partners 8443,Boston,Vietnam,Distributor,9,,LSC-S64MRZXN
8444,Prime Logistics 8444,San Jose,Mexico,Wholesaler,2,3.4,LSC-46ITJMUE
8445,Elite Distributors 8445,San Francisco,China,Manufacturer,16,2.6,LSC-TRUSGBET
8446,Blue Trading 8446,Denver,USA,Wholesaler,13,4.4,LSC-8XDY31C4
8447,East Supply 8447,Atlanta,China,Distributor,7,4.5,LSC-MKFP0X5J
8448,Evergreen Industrial 8448,Austin,USA,Wholesaler,23,4.8,LSC-XX6KLLW9
8449,Evergreen Industrial 8449,Los Angeles,Vietnam,Wholesaler,20,3.6,LSC-DFC42VGK
8450,Prime Enterprises 8450,Phoenix,Mexico,Distributor,3,3.1,LSC-84M2E790
8451,Summit Logistics 8451,Detroit,Japan,Manufacturer,5,3.4,LSC-R2IN7SRV
8452,Global Logistics 8452,Denver,South Korea,Distributor,3,3.9,LSC-3WJQ3QU6
8453,Metro Retail Supply 8453,Columbus,Germany,Manufacturer,27,4.0,LSC-GTYQGGNU
8454,Prime Trading 8454,Austin,USA,Manufacturer,16,3.4,LSC-SC8GT7W7
8455,North Procurement 8455,Portland,South Korea,Distributor,26,4.8,LSC-M9CVHZKV
8456,West Supply 8456,Boston,Vietnam,Manufacturer,17,4.8,LSC-ZZAE92CE
8457,Evergreen Procurement 8457,Columbus,India,Wholesaler,27,4.0,LSC-WBT2XZ52
8458,Prime Partners 8458,Austin,Canada,Wholesaler,26,4.9,LSC-OPZEZDBC
8459,North Enterprises 8459,Denver,Canada,Manufacturer,7,2.7,LSC-OA6NTIXO
8460,Prime Enterprises 8460,Los Angeles,Mexico,Wholesaler,4,3.3,LSC-WW5KJDU3
8461,West Procurement 8461,Charlotte,South Korea,Wholesaler,30,3.1,LSC-5S6V3GMW
8462,Blue Supply 8462,Detroit,Japan,Distributor,5,2.6,LSC-FON7V1DE
8463,Vertex Supply 8463,Austin,India,Wholesaler,21,3.2,LSC-Q681FBO6
8464,West Partners 8464,Phoenix,USA,Manufacturer,16,4.1,LSC-SI3TP8Z7
8465,Apex Trading 8465,Austin,India,Distributor,8,4.5,LSC-B5EQ44VT
8466, Blue Wholesale 8466 ,Portland,USA,Distributor,19,4.7,LSC-NI0N54NE
8467,North Industrial 8467,Nashville,Thailand,Distributor,14,4.5,LSC-XUCU20J5
8468,Evergreen Partners 8468,Philadelphia,Germany,Manufacturer,29,2.7,LSC-GOQXNQKM
8469,South Retail Supply 8469,San Francisco,India,Manufacturer,21,3.1,LSC-5WF5IV74
8470,Nova Enterprises 8470,Chicago ,Canada,Wholesaler,14,4.2,LSC-NZ3OSSIG
8471, Nova Procurement 8471 ,Detroit,USA,Distributor,14,3.2,LSC-VXWGG5NW
8472,United Partners 8472,Denver,Canada,Distributor,17,3.0,LSC-1XKLUT6P
8473,Quantum Procurement 8473,San Francisco,Thailand,Wholesaler,5,4.7,LSC-8DPU93J2
8474,Evergreen Distributors 8474,Atlanta,India,Wholesaler,22,2.5,LSC-G46QE81D
8475,East Wholesale 8475,Dallas,Vietnam,Distributor,17,4.5,LSC-HZ4ZOC8B
8476,Quantum Retail Supply 8476,Nashville,Germany,Wholesaler,3,4.3,LSC-QKN78EWF
8477,Rapid Logistics 8477,San Jose,India,Distributor,11,3.5,LSC-GTSBZHCF
8478,Metro Trading 8478,Miami,South Korea,Wholesaler,27,3.3,LSC-2Z2NF94A
8479,Summit Logistics 8479,Miami,USA,Wholesaler,5,4.8,LSC-IFWJ9ZQ9
8480,Metro Trading 8480,Philadelphia,Canada,Distributor,20,3.1,LSC-AOSF4TME
8481,Evergreen Enterprises 8481,Austin,Thailand,Manufacturer,28,3.6,LSC-0DD8ADLF
8482,Rapid Supply 8482,New York,USA,Manufacturer,28,2.7,LSC-WPKP8I1P
8483,Vertex Retail Supply 8483,Columbus,Japan,Manufacturer,26,2.8,LSC-7HWXJQAE
8484,Evergreen Supply 8484,Denver,Vietnam,Distributor,22,4.2,LSC-6JFI4B1G
8485,Metro Retail Supply 8485,Nashville,Vietnam,Manufacturer,3,4.6,LSC-7TBQ41I1
8486,United Wholesale 8486,Philadelphia,China,Manufacturer,5,3.8,LSC-JTI9MAPB
8487,North Supply 8487,Boston,China,Manufacturer,11,4.9,LSC-WO8JDC2T
8488,Metro Procurement 8488,San Francisco,Vietnam,Wholesaler,22,3.5,LSC-8DM4W7AC
8489,East Retail Supply 8489,Chicago,USA,Distributor,26,2.6,LSC-RXX7QSW5
8490,Quantum Supply 8490,Miami,Vietnam,Wholesaler,27,4.8,LSC-51QCFB4I
8491,Nova Industrial 8491,Nashville,Germany,Wholesaler,4,3.3,LSC-UF0RX4H5
8492,Apex Logistics 8492,Boston,China,Distributor,11,,LSC-WI2L2F1Y
8493,North Procurement 8493,Philadelphia,Thailand,Manufacturer,12,,LSC-D5BLAB3L
8494,Rapid Enterprises 8494,Boston,Mexico,Distributor,30,2.8,LSC-DDOYU8GC
8495,United Distributors 8495,New York,Vietnam,Manufacturer,26,2.5,LSC-6XFGCIIA
8496,Apex Logistics 8496,Boston,Germany,Wholesaler,25,5.8,LSC-UQRGHXZW
8497,Summit Procurement 8497,Seattle,USA,Distributor,13,4.8,LSC-TODVGAGM
8498,Nova Distributors 8498,Los Angeles,China,Manufacturer,16,3.4,LSC-SCXCP6FE
8499,Blue Industrial 8499,chicago,USA,Wholesaler,23,3.1,LSC-5ZHCSSEE
8500,Metro Wholesale 8500,Detroit,South Korea,Distributor,5,3.4,LSC-YERWE1HA
8501,East Retail Supply 8501,Nashville,South Korea,Manufacturer,17,3.3,LSC-PNLEBS9H
8502,Quantum Logistics 8502,New York,Vietnam,Wholesaler,20,,LSC-3KD8T0XB
8503,West Distributors 8503,Portland,Vietnam,Wholesaler,30,4.9,LSC-C4QJW10T
8504,Metro Partners 8504,Charlotte,Thailand,Manufacturer,23,2.6,LSC-0JY67U6O
8505,Quantum Logistics 8505,Philadelphia,Vietnam,Manufacturer,27,4.5,LSC-IL6NPSES
8506,East Industrial 8506,Miami,Japan,Wholesaler,9,2.8,LSC-QXFT91HV
8507,Prime Retail Supply 8507,Austin,Thailand,Distributor,21,4.0,LSC-8MI19QXM
8508,Metro Supply 8508,Denver,Canada,Distributor,20,3.5,LSC-FCY45RRP
8509,West Wholesale 8509,Charlotte,Canada,Manufacturer,25,,LSC-9E7KFEBS
8510,Elite Partners 8510,Seattle,India,Wholesaler,3,3.8,LSC-OB6MMBN3
8511,Quantum Trading 8511,San Jose,Mexico,Wholesaler,12,,LSC-6WKN57RN
8512,Elite Trading 8512,Miami,Canada,Distributor,24,2.8,LSC-GVMTZG82
8513,Global Partners 8513,Charlotte,Germany,Distributor,18,3.6,LSC-OE0EQLPG
8514,South Distributors 8514,Phoenix,India,Distributor,4,3.1,LSC-RKVDWFQS
8515,Evergreen Distributors 8515,Austin,Japan,Distributor,14,4.6,LSC-XC1CLOV1
8516,Blue Supply 8516,Columbus,Germany,Manufacturer,12,2.8,LSC-C599X697
8517,Elite Industrial 8517,Houston,Mexico,Wholesaler,29,4.4,LSC-UCBBLN2M
8518,Evergreen Trading 8518,Austin,India,Wholesaler,16,4.9,LSC-XLSHFKF2
8519,Summit Wholesale 8519,Austin,China,Distributor,30,3.5,LSC-AVJ7DOMZ
8520,Metro Wholesale 8520,New York,Mexico,Manufacturer,4,4.0,LSC-CBXJ5NNU
8521,Elite Retail Supply 8521,Philadelphia,Mexico,Distributor,5,3.2,LSC-00GPSLR2
8522,Nova Distributors 8522,Phoenix,Japan,Manufacturer,24,3.4,LSC-YH5YRY4I
8523,Elite Trading 8523,Seattle,Germany,Wholesaler,2,4.0,LSC-ZXA1N16D
8524,Prime Enterprises 8524,Nashville,USA,Wholesaler,3,3.3,LSC-LYV6LY83
8525,Rapid Procurement 8525,Seattle,China,Distributor,18,3.6,LSC-GKQ87B1Z
8526,East Wholesale 8526,San Jose,Germany,Wholesaler,29,4.3,LSC-8UA6OYPQ
8527,North Partners 8527,Dallas,Thailand,Distributor,4,2.8,LSC-F4VQ41HE
8528,West Supply 8528, Los Angeles,Thailand,Manufacturer,23,,LSC-XJ0J3LZ2
8529,Apex Supply 8529,Columbus,Thailand,Distributor,26,2.6,LSC-YPIH0NRC
8530,Nova Supply 8530,San Francisco,Canada,Wholesaler,19,3.7,LSC-3X1UEKST
8531,South Logistics 8531,Dallas,Germany,Wholesaler,10,3.3,LSC-3L2KPXB5
8532,Vertex Logistics 8532,Atlanta,Germany,Distributor,29,3.7,LSC-SGF4JMSA
8533,Elite Enterprises 8533,Boston,India,Wholesaler,15,3.4,LSC-RAAMYDUP
8534,East Enterprises 8534,Phoenix,Vietnam,Manufacturer,22,3.6,LSC-7VMRF45E
8535,Prime Wholesale 8535,Seattle,Japan,Wholesaler,14,3.6,LSC-VYFSX6VT
8536,Apex Retail Supply 8536,Miami,Japan,Wholesaler,8,4.3,LSC-4BGH7D5Y
8537,Vertex Wholesale 8537,Detroit,Vietnam,Wholesaler,9,3.0,LSC-J4FL40VX
8538,Summit Partners 8538,Columbus,USA,Wholesaler,8,3.2,LSC-LGR83F5U
8539,Nova Partners 8539,Portland,USA,Wholesaler,3,2.9,LSC-YKFY8WLS
8540,Elite Retail Supply 8540,Nashville,China,Manufacturer,20,4.0,LSC-LN8DF3I1
8541,Elite Procurement 8541,Philadelphia,Mexico,Wholesaler,4,3.5,LSC-RBIRIQTK
8542,Vertex Partners 8542,Dallas,Canada,Wholesaler,14,2.5,LSC-XMUD94DB
8543,East Partners 8543,Portland,Germany,Distributor,21,3.5,LSC-MVOP8VB7
8544,Apex Supply 8544,Atlanta,Mexico,Distributor,29,3.5,LSC-O8B64UTR
8545,United Procurement 8545,Charlotte,India,Distributor,26,3.2,LSC-JJTYTUNY
8546,North Supply 8546,Atlanta,Germany,Manufacturer,20,4.3,LSC-W9BZJ6YX
8547,Nova Retail Supply 8547,Austin,South Korea,Manufacturer,30,2.5,LSC-U7753819
8548,Rapid Retail Supply 8548,Charlotte,Vietnam,Manufacturer,25,4.7,LSC-2CZV937L
8549,Metro Industrial 8549,Atlanta,Germany,Distributor,19,4.0,LSC-M2Z42TXT
8550,Global Industrial 8550,Seattle,South Korea,Manufacturer,26,3.7,LSC-T80NVAMQ
8551,North Logistics 8551,Columbus,Vietnam,Distributor,9,,LSC-0C152IPP
8552,Vertex Retail Supply 8552,Detroit,Germany,Wholesaler,6,4.6,LSC-JWO3IRIC
8553,Vertex Distributors 8553,San Francisco,South Korea,Distributor,2,2.8,LSC-SCLZ6QNH
8554,Prime Logistics 8554,Miami,Canada,Manufacturer,3,4.5,LSC-4GUB17OD
8555,South Retail Supply 8555,New York,Mexico,Distributor,29,4.1,LSC-3XGTKCTT
8556,Global Logistics 8556,Houston,South Korea,Wholesaler,9,4.8,LSC-H5Z6TEGN
8557,Quantum Supply 8557,Nashville,USA,Wholesaler,23,3.3,LSC-KKVF9UNZ
8558,Summit Logistics 8558,Miami,Vietnam,Distributor,21,3.9,LSC-YE81U68J
8559,Elite Retail Supply 8559,Miami,South Korea,Distributor,19,4.3,LSC-YLZBZNL3
8560,Prime Procurement 8560,Philadelphia,Japan,Wholesaler,13,4.0,LSC-7M4V5DE3
8561,Prime Distributors 8561,Denver,Vietnam,Manufacturer,25,2.8,LSC-LT1OHK2R
8562,South Logistics 8562,Houston,China,Distributor,20,4.5,LSC-J6WCCS6F
8563,Apex Wholesale 8563,Nashville,South Korea,Distributor,3,4.0,LSC-RCFQ2VRL
8564, North Supply 8564 ,Portland,Japan,Manufacturer,8,3.0,LSC-Q7SLS8GU
8565,South Distributors 8565,Dallas,USA,Manufacturer,18,3.1,LSC-LNJFE0FV
8566,Global Wholesale 8566,Philadelphia,Germany,Wholesaler,19,4.8,LSC-JEXIE02C
8567,Evergreen Procurement 8567,Seattle,India,Distributor,25,4.3,LSC-TXJ7DLWU
8568,Apex Procurement 8568,Miami,China,Wholesaler,30,2.6,LSC-P0QY4P6K
8569,Rapid Trading 8569,Philadelphia,South Korea,Distributor,30,3.0,LSC-PNFYJ0EC
8570,Nova Procurement 8570,Detroit,Germany,Distributor,24,4.0,LSC-NKSQWD2D
8571,Blue Supply 8571,Chicago,Japan,Wholesaler,26,3.2,LSC-AC36XLR8
8572,Blue Enterprises 8572,Charlotte,China,Distributor,3,4.1,LSC-OD7VZEA8
8573,South Procurement 8573,Miami,Mexico,Manufacturer,10,4.3,LSC-3UI8SFQ5
8574,Blue Retail Supply 8574,Miami,South Korea,Manufacturer,29,3.7,LSC-805GESWT
8575,Quantum Industrial 8575,Chicago,Vietnam,Wholesaler,14,4.8,LSC-4BAB1GU4
8576,West Supply 8576,Atlanta,Canada,Manufacturer,12,4.4,LSC-9NR2I2JF
8577,Vertex Trading 8577,Philadelphia,Japan,Manufacturer,21,2.7,LSC-09O8U579
8578,Prime Partners 8578,Miami,Japan,Distributor,3,3.6,LSC-PWV278RI
8579,Evergreen Retail Supply 8579,Boston,Germany,Distributor,9,3.8,LSC-0X4HPWXG
8580,Prime Industrial 8580,Portland,India,Manufacturer,5,3.3,LSC-J72OAM89
8581,Apex Industrial 8581,Dallas,Vietnam,Distributor,7,2.5,LSC-PWZ512K5
8582,Prime Supply 8582,Columbus,Germany,Wholesaler,29,4.3,LSC-5PMTQK58
8583,Blue Logistics 8583,Dallas,Thailand,Wholesaler,27,4.0,LSC-OVTQVZ9T
8584,United Logistics 8584,Houston,Canada,Manufacturer,9,3.9,LSC-5HWKN3MT
8585,Apex Procurement 8585,Portland,Mexico,Distributor,22,3.2,LSC-ETXZS8HY
8586, East Wholesale 8586 ,Nashville,Canada,Manufacturer,17,2.8,LSC-OETL4RR6
8587,Blue Wholesale 8587,Boston,Canada,Wholesaler,4,3.7,LSC-YW52HH5U
8588,Blue Supply 8588,Boston,Germany,Distributor,24,4.6,LSC-EF3KNZ73
8589,Elite Logistics 8589,Miami,China,Distributor,7,3.1,LSC-WET8GDOR
8590,Prime Wholesale 8590,PHOENIX,Canada,Wholesaler,2,4.4,LSC-YWJOQO4H
8591,Summit Industrial 8591,Miami,Japan,Distributor,20,4.8,LSC-0NGLVIEI
8592,Prime Supply 8592,Columbus,Japan,Manufacturer,6,2.6,LSC-8Z8NDYYN
8593,United Partners 8593,Chicago,Germany,Distributor,23,,LSC-CED383PP
8594,East Procurement 8594,Detroit,South Korea,Wholesaler,14,2.9,LSC-RFZYYTC8
8595,Prime Partners 8595,Chicago,Vietnam,Distributor,12,4.4,LSC-S2B89CTP
8596,South Trading 8596,Houston,Japan,Manufacturer,14,3.2,LSC-A5L3NKA9
8597,Global Trading 8597,Boston,Vietnam,Distributor,2,4.8,LSC-J7K0V1WI
8598,West Partners 8598,San Jose,USA,Wholesaler,28,3.7,LSC-3HUPSICY
8599,West Procurement 8599,Philadelphia,Germany,Distributor,14,3.0,LSC-VHFDLXDB
8600,Summit Industrial 8600,Boston,Vietnam,Manufacturer,25,3.6,LSC-OVTLYPSN
8601,Nova Trading 8601,Miami,Germany,Manufacturer,6,3.8,LSC-PPCF61E2
8602,Quantum Industrial 8602,Phoenix,Japan,Wholesaler,6,,LSC-LHHOAXHW
8603,East Procurement 8603,Philadelphia,Japan,Distributor,28,2.6,LSC-9KAEXHU7
8604,Quantum Distributors 8604,Boston,Mexico,Manufacturer,18,2.7,LSC-3DQ0E7E2
8605,Global Supply 8605,Nashville,China,Distributor,3,4.3,LSC-B7HRZTCJ
8606,Vertex Wholesale 8606,Denver,USA,Distributor,22,3.1,LSC-5TURPUVE
8607,West Procurement 8607,Denver,China,Distributor,18,4.7,LSC-EBGIJIXK
8608,Prime Enterprises 8608,Seattle,Germany,Distributor,2,3.4,LSC-XFZ6JWDU
8609,Apex Wholesale 8609,Boston,Thailand,Wholesaler,25,4.8,LSC-4K7RB32R
8610,Nova Wholesale 8610,New York,China,Wholesaler,19,3.2,LSC-KBHQC711
8611,Quantum Industrial 8611,Chicago,USA,Distributor,23,4.4,LSC-TC51GJ0N
8612,East Distributors 8612,Chicago,Japan,Wholesaler,28,3.5,LSC-1935WGBE
8613,Elite Logistics 8613,Atlanta,USA,Wholesaler,20,3.3,LSC-4DZO3FRC
8614,Prime Retail Supply 8614,Nashville,Germany,Wholesaler,-15,3.3,LSC-RWC4XX8Q
8615,Prime Retail Supply 8615,Nashville,Japan,Manufacturer,8,3.4,LSC-Q0G8IS93
8616,United Enterprises 8616,Nashville,Thailand,Distributor,12,2.8,LSC-GTHMHUMP
8617,Rapid Distributors 8617,San Francisco,India,Wholesaler,11,3.6,LSC-SXE1UHSB
8618,Summit Trading 8618,Chicago,Vietnam,Manufacturer,22,3.7,LSC-A72DYXSW
8619,West Enterprises 8619,Atlanta,Thailand,Manufacturer,23,4.6,LSC-W42MXQ45
8620,Elite Trading 8620,Detroit,Mexico,Manufacturer,9,2.7,LSC-IM6GECR9
8621,Apex Enterprises 8621,San Jose,Japan,Manufacturer,10,2.7,LSC-1U0OEIRU
8622,Summit Supply 8622,Houston,India,Wholesaler,15,2.5,LSC-JA7BJ46N
8623,Summit Trading 8623,Phoenix,Thailand,Wholesaler,8,4.6,LSC-FZBCIE99
8624,East Supply 8624,Nashville,Japan,Distributor,11,5.0,LSC-CN9F3UXQ
8625,Evergreen Retail Supply 8625,Chicago,South Korea,Manufacturer,13,3.3,LSC-XILEIEX9
8626,Blue Trading 8626,San Francisco,South Korea,Wholesaler,25,4.0,LSC-0FFWNMZV
8627,Metro Procurement 8627,Boston,South Korea,Manufacturer,23,,LSC-AOKTPZFA
8628,South Distributors 8628,Miami,Japan,Wholesaler,9,2.8,LSC-BE7JAZ52
8629,Vertex Wholesale 8629,Nashville,Japan,Distributor,18,3.7,LSC-8TKCV59T
8630,Quantum Retail Supply 8630,Chicago,Thailand,Manufacturer,14,4.3,LSC-7VX1YWLK
8631,United Partners 8631,Phoenix,South Korea,Distributor,18,4.9,LSC-KTXGCTFY
8632,North Distributors 8632,Chicago,India,Distributor,18,3.4,LSC-GQRZ1B8J
8633,Rapid Enterprises 8633,Boston,Germany,Distributor,2,3.5,LSC-7ELDKMFB
8634,United Logistics 8634,New York,Thailand,Wholesaler,28,4.5,LSC-KEW1LVO5
8635,Nova Procurement 8635,Austin,South Korea,Wholesaler,19,4.4,LSC-S5YD4AKA
8636,Evergreen Industrial 8636,San Jose,Japan,Manufacturer,20,3.3,LSC-GGG5EL57
8637,East Industrial 8637,New York,Mexico,Distributor,8,3.7,LSC-AYQXRVAU
8638,Blue Supply 8638,Nashville,Thailand,Manufacturer,5,2.8,LSC-POYXZ6WX
8639,Prime Distributors 8639,New York,Japan,Distributor,28,4.0,LSC-8LUG501S
8640,Blue Trading 8640,Miami,Mexico,Wholesaler,21,3.8,LSC-RJEUL92J
8641,Metro Enterprises 8641,Portland,Vietnam,Wholesaler,10,3.2,LSC-WZ3RS3TC
8642,Global Enterprises 8642,Los Angeles,South Korea,Distributor,13,4.6,LSC-MNODV0O6
8643,Rapid Procurement 8643,Miami,Thailand,Wholesaler,25,3.1,LSC-84RBRARC
8644,East Distributors 8644,Dallas,Canada,Manufacturer,9,3.2,LSC-KPMUGXRC
8645,South Wholesale 8645,Detroit,India,Wholesaler,14,4.5,LSC-QQSKDFI8
8646,Quantum Retail Supply 8646,Houston,Canada,Manufacturer,4,4.0,LSC-8IKTO1CY
8647,Nova Logistics 8647,Charlotte,USA,Distributor,10,,LSC-103T89A9
8648,Rapid Retail Supply 8648,Boston,Japan,Manufacturer,9,4.6,LSC-ZDVDHW7V
8649,Prime Retail Supply 8649,Philadelphia,Germany,Wholesaler,16,3.1,LSC-S7B2AXM6
8650,Blue Distributors 8650,Atlanta,Germany,Manufacturer,18,4.1,LSC-ZUYX0CF8
8651,Evergreen Enterprises 8651,Chicago,Canada,Wholesaler,16,3.2,LSC-3LOCM295
8652,North Wholesale 8652,Denver,India,Distributor,18,3.4,LSC-YGB0PYND
8653,Prime Trading 8653,Phoenix,Mexico,Manufacturer,2,4.5,LSC-HB6USS0U
8654,Vertex Logistics 8654,San Jose,South Korea,Wholesaler,3,2.6,LSC-HFW7YT14
8655,North Logistics 8655,Austin,South Korea,Manufacturer,4,2.7,LSC-FUTH7PEP
8656,Prime Supply 8656,Philadelphia,Mexico,Distributor,22,4.4,LSC-70RZ3AF9
8657,Blue Partners 8657,San Jose,Canada,Distributor,26,3.0,LSC-G8BHAU42
8658,Metro Distributors 8658,Portland,China,Wholesaler,24,2.8,LSC-D2VI5BDW
8659, Global Wholesale 8659 ,Austin,South Korea,Wholesaler,17,4.0,LSC-HZBYQ9H7
8660,West Retail Supply 8660,Chicago,Thailand,Distributor,8,,LSC-3UC3NE21
8661,Apex Enterprises 8661,Los Angeles,Thailand,Wholesaler,25,4.6,LSC-ETJLBV2M
8662,Evergreen Enterprises 8662,New York,Thailand,Wholesaler,19,4.1,LSC-UCSJT5JS
8663,Vertex Wholesale 8663,San Francisco,Thailand,Distributor,2,3.1,LSC-LLNBUDNL
8664,Vertex Logistics 8664,Portland,Japan,Distributor,3,4.1,LSC-J6U3RN9H
8665,West Wholesale 8665,Phoenix,Germany,Wholesaler,17,4.7,LSC-L1D2QIBK
8666,United Distributors 8666,San Francisco,Vietnam,Distributor,8,2.8,LSC-JEIIQHWO
8667,Evergreen Wholesale 8667,San Jose,China,Wholesaler,27,3.3,LSC-62LXCPGZ
8668,West Trading 8668,Houston,India,Distributor,19,2.5,LSC-8HH0T5IY
8669,Evergreen Supply 8669,Seattle,Thailand,Wholesaler,19,3.0,LSC-1LMCQ4V7
8670,East Industrial 8670,San Francisco,Canada,Wholesaler,17,3.7,LSC-4RQLGAAV
8671,Vertex Supply 8671,Los Angeles,China,Distributor,28,4.8,LSC-VM1ADD5H
8672, Summit Industrial 8672 ,Austin,South Korea,Wholesaler,22,4.2,LSC-BLJ9T0B3
8673,Nova Industrial 8673,Dallas,Mexico,Manufacturer,23,4.3,LSC-7NCWRGA0
8674,Apex Supply 8674,Los Angeles,Vietnam,Distributor,28,4.0,LSC-C9PZTRV5
8675,Nova Wholesale 8675,Denver,South Korea,Wholesaler,12,3.0,LSC-UOD1394P
8676,East Supply 8676,Boston,Japan,Manufacturer,2,3.4,LSC-GK1MVK3D
8677,Elite Logistics 8677,San Francisco,Japan,Manufacturer,8,3.7,LSC-RV7ENC8V
8678,Rapid Partners 8678,Atlanta,Canada,Distributor,23,3.1,LSC-NITXUH5R
8679,Summit Industrial 8679,Chicago,Japan,Manufacturer,25,2.7,LSC-K11GKZH0
8680,Rapid Enterprises 8680,Boston,China,Distributor,7,3.1,LSC-ENXQ0WN1
8681,Vertex Logistics 8681,Chicago,South Korea,Wholesaler,20,4.8,LSC-K2PL99QX
8682,Rapid Wholesale 8682,Phoenix,South Korea,Wholesaler,5,,LSC-BHG2LQXR
8683,West Retail Supply 8683,Chicago,USA,Distributor,10,4.0,LSC-9XFDV1UV
8684,East Partners 8684,Atlanta,China,Wholesaler,23,4.1,LSC-BPR5PPR7
8685,Apex Distributors 8685,Nashville,Mexico,Manufacturer,19,,LSC-XO3BBJL6
8686,Global Procurement 8686,Chicago,Canada,Wholesaler,26,4.3,LSC-4VGYUYCD
8687,Rapid Partners 8687,Boston,India,Wholesaler,23,2.8,LSC-MDQ75Y4U
8688,Global Partners 8688,Denver,South Korea,Manufacturer,29,3.5,LSC-LP7KP5JL
8689,Evergreen Wholesale 8689,Phoenix,Canada,Wholesaler,2,2.8,LSC-76XUCRLP
8690,North Wholesale 8690,Charlotte,Japan,Manufacturer,13,4.3,LSC-RF4VB7QX
8691,Prime Wholesale 8691,San Jose,Mexico,Manufacturer,30,3.4,LSC-MS3GS77B
8692,Blue Enterprises 8692,New York,USA,Wholesaler,9,4.7,LSC-ER5Q42PK
8693,Vertex Retail Supply 8693,Seattle,Thailand,Manufacturer,11,2.8,LSC-HWQEEU1J
8694,Nova Logistics 8694,San Jose,Mexico,Distributor,19,2.6,LSC-4YINGW4G
8695,Elite Trading 8695,Nashville,Mexico,Manufacturer,18,3.0,LSC-NJZHRQH0
8696,Quantum Industrial 8696,Phoenix,Germany,Distributor,15,2.9,LSC-BPJUFKWC
8697,North Wholesale 8697,Nashville,Mexico,Wholesaler,24,4.3,LSC-GYLFB2PV
8698,Blue Enterprises 8698,Houston,USA,Manufacturer,3,3.1,LSC-HUTAVS9W
8699,Vertex Supply 8699,Phoenix,China,Wholesaler,29,4.1,LSC-49LC8DIV
8700,Vertex Retail Supply 8700,Nashville,Vietnam,Distributor,16,4.7,LSC-ZX4G0TTQ
8701,Prime Enterprises 8701,Chicago,South Korea,Distributor,24,3.8,LSC-G929UBQZ
8702,Metro Trading 8702,Austin,Japan,Manufacturer,9,4.3,LSC-5DX9PPK1
8703,South Logistics 8703,Austin,Vietnam,Wholesaler,18,4.6,LSC-NZ5GPYJ5
8704,Blue Procurement 8704,Phoenix,Mexico,Wholesaler,24,2.8,LSC-49GMXR1W
8705,Nova Wholesale 8705,Phoenix,Japan,Distributor,4,3.3,LSC-4M0J98LY
8706,Elite Distributors 8706,Portland,Thailand,Manufacturer,4,4.9,LSC-T57L9JAQ
8707,West Enterprises 8707,New York,India,Distributor,27,3.3,LSC-LO3LUSXF
8708,Prime Procurement 8708,Columbus,Germany,Wholesaler,19,,LSC-JI6NOYNK
8709,East Partners 8709,Miami,South Korea,Wholesaler,17,3.4,LSC-N2DZGNAK
8710,Evergreen Trading 8710,San Francisco,Vietnam,Manufacturer,6,4.1,LSC-IXOZ836G
8711,Summit Industrial 8711,Detroit,Mexico,Distributor,8,,LSC-5F44A754
8712,Rapid Partners 8712,Los Angeles,USA,Wholesaler,9,4.1,LSC-8LS3GACA
8713,Apex Trading 8713,Boston,Germany,Manufacturer,4,3.2,LSC-FM9NWNDK
8714,Summit Supply 8714,Atlanta,Vietnam,Wholesaler,9,3.9,LSC-IRA7JAZ3
8715,North Industrial 8715,San Francisco,USA,Manufacturer,30,4.8,LSC-S591Y47U
8716,Vertex Procurement 8716,Columbus,Vietnam,Distributor,15,4.6,LSC-X2DWWCTC
8717,East Industrial 8717,Chicago,Canada,Distributor,14,4.0,LSC-MM3JD4ZK
8718,Summit Wholesale 8718,Dallas,USA,Manufacturer,29,4.3,LSC-67A8X8QM
8719,Elite Wholesale 8719,Nashville,USA,Manufacturer,14,,LSC-HKG4MBJD
8720,Rapid Distributors 8720,Los Angeles,Japan,Distributor,26,2.6,LSC-R6LABGHU
8721,West Supply 8721,Los Angeles,China,Wholesaler,28,4.8,LSC-831D58WU
8722,Prime Logistics 8722,Denver,Germany,Wholesaler,6,,LSC-2YOTWK4T
8723,Blue Enterprises 8723,Denver,India,Distributor,11,3.7,LSC-NJI61R8B
8724,East Industrial 8724,chicago,Japan,Distributor,3,3.3,LSC-SSEGQK50
8725,Summit Supply 8725,Atlanta,Japan,Wholesaler,9,3.3,LSC-0SWCYY3R
8726,South Wholesale 8726,Dallas,Germany,Manufacturer,28,3.2,LSC-PA4E7IAJ
8727,South Supply 8727,Nashville,USA,Wholesaler,11,3.4,LSC-13IPEZJO
8728,Evergreen Wholesale 8728,Columbus,USA,Manufacturer,8,4.3,LSC-TH19KHQL
8729,Evergreen Trading 8729,Miami,India,Distributor,12,4.8,LSC-GYFU2HC3
8730,East Procurement 8730,Chicago,USA,Wholesaler,27,4.5,LSC-IIV8HTJ1
8731,West Partners 8731,Miami,China,Manufacturer,28,3.3,LSC-R7T12SKM
8732,North Distributors 8732,Portland,Germany,Distributor,11,4.3,LSC-AS0I38FB
8733,North Enterprises 8733,San Jose,Vietnam,Manufacturer,21,3.1,LSC-N5R53LB6
8734,North Partners 8734,San Francisco,Germany,Distributor,9,4.4,LSC-K8OJTB7F
8735,Elite Wholesale 8735,San Francisco,Germany,Manufacturer,14,2.7,LSC-Q1S3FU4G
8736,West Industrial 8736,Denver,Vietnam,Distributor,8,4.0,LSC-UAA3KJJ2
8737,Blue Distributors 8737,Boston,India,Wholesaler,28,4.6,LSC-KPQJC2ND
8738, Blue Partners 8738 ,Boston,USA,Wholesaler,14,3.2,LSC-SAYWQSOB
8739,Rapid Wholesale 8739,Phoenix,India,Wholesaler,9,2.8,LSC-6XWJ8CWA
8740,Elite Wholesale 8740,Seattle,Mexico,Wholesaler,19,4.7,LSC-NBMBKCN0
8741,Prime Logistics 8741,Columbus,India,Distributor,14,3.9,LSC-7RILU2KO
8742,Global Supply 8742,Portland,South Korea,Distributor,10,3.7,LSC-LUEHOPEY
8743,Metro Trading 8743,Seattle,South Korea,Manufacturer,5,,LSC-O3GRSJPD
8744,East Industrial 8744,Phoenix,Mexico,Distributor,26,4.9,LSC-W90V86GW
8745,United Partners 8745,Dallas,China,Distributor,8,3.6,LSC-4OYL7I5L
8746,Metro Retail Supply 8746,San Jose,Japan,Manufacturer,13,4.4,LSC-J5GYZQES
8747,Prime Trading 8747,Philadelphia,Vietnam,Manufacturer,12,4.6,LSC-RMWDDG86
8748,Vertex Logistics 8748,Los Angeles,Vietnam,Manufacturer,8,3.6,LSC-GCJQLMOM
8749,United Logistics 8749,Austin,Thailand,Manufacturer,21,4.7,LSC-XSWSGENI
8750,Elite Procurement 8750,Phoenix,India,Wholesaler,30,3.8,LSC-SR5KXDRO
8751,South Supply 8751,Dallas,Japan,Manufacturer,28,3.7,LSC-9I046DPU
8752,Elite Retail Supply 8752,Phoenix,China,Manufacturer,27,3.2,LSC-F07KWNO2
8753,South Retail Supply 8753,Houston,Germany,Distributor,23,4.6,LSC-P68B2E6Z
8754,Blue Enterprises 8754,Philadelphia,USA,Distributor,6,3.1,LSC-16QEAYDM
8755,East Enterprises 8755,Phoenix,China,Distributor,24,2.8,LSC-SWPX6Y6N
8756,Nova Logistics 8756,Boston,India,Wholesaler,17,,LSC-D3TTW7AY
8757,Vertex Supply 8757,Phoenix,USA,Distributor,15,4.0,LSC-XZWFM0IY
8758,Summit Supply 8758,New York,China,Manufacturer,7,3.8,LSC-KCY0B5XH
8759, Apex Logistics 8759 ,Atlanta,Japan,Manufacturer,21,3.1,LSC-OOQ2UQ9O
8760,Nova Wholesale 8760,Denver,Mexico,Manufacturer,14,4.9,LSC-FJRQ8P4H
8761,Evergreen Logistics 8761,San Francisco,Mexico,Manufacturer,11,2.6,LSC-5RY23F2T
8762,Vertex Partners 8762,New York,Canada,Distributor,5,4.0,LSC-JU9QTPIE
8763,Rapid Wholesale 8763,Phoenix,USA,Wholesaler,27,4.3,LSC-2FAXQOSE
8764,Elite Partners 8764,Miami,Thailand,Wholesaler,25,4.4,LSC-NXS0KCW8
8765, South Retail Supply 8765 ,Miami,Canada,Distributor,4,3.9,LSC-7U9D56TS
8766,United Industrial 8766,Houston,Vietnam,Manufacturer,14,2.5,LSC-RIBELNAQ
8767, Metro Retail Supply 8767 ,Chicago,India,Distributor,29,3.8,LSC-VUQ21D3F
8768,Evergreen Enterprises 8768,Phoenix,USA,Manufacturer,13,4.3,LSC-QJ2IA809
8769,Nova Logistics 8769,Denver,Canada,Distributor,26,4.9,LSC-O9R2ILD5
8770,West Industrial 8770,NEW YORK,Vietnam,Wholesaler,9,2.7,LSC-RRBOR2DQ
8771,West Distributors 8771,Phoenix,USA,Manufacturer,13,3.8,LSC-ABQDKNN3
8772, East Logistics 8772 ,Denver,China,Distributor,26,4.8,LSC-TDUY18QD
8773,Blue Distributors 8773,Nashville,India,Manufacturer,15,2.9,LSC-YPA4TQ23
8774,East Partners 8774,Miami,Japan,Distributor,21,3.5,LSC-BJE3NV0K
8775,Vertex Industrial 8775,Philadelphia,China,Manufacturer,8,2.8,LSC-6I8E9K7F
8776,Summit Wholesale 8776,New York,USA,Wholesaler,4,4.4,LSC-YMH4MXC0
8777,Quantum Logistics 8777,Seattle,Canada,Distributor,14,4.2,LSC-K4XKY9EQ
8778,Rapid Trading 8778,Los Angeles,Germany,Distributor,6,2.5,LSC-YOKVNCA1
8779,North Logistics 8779,Philadelphia,India,Wholesaler,27,2.8,LSC-0GRL4WD2
8780,East Industrial 8780,Seattle,Vietnam,Wholesaler,7,4.7,LSC-5GV4Z7OF
8781,Global Enterprises 8781,Los Angeles,China,Manufacturer,10,4.6,LSC-06C7WPPA
8782,Summit Retail Supply 8782,Miami,USA,Distributor,28,4.5,LSC-4NSOKAF2
8783,Blue Partners 8783,Austin,Canada,Wholesaler,26,3.2,LSC-HKNN75JF
8784,Rapid Supply 8784,Charlotte,Vietnam,Manufacturer,9,2.6,LSC-J74Q8GK7
8785,Quantum Trading 8785,Denver,Thailand,Distributor,22,2.8,LSC-LXYB9NDZ
8786,Summit Partners 8786,Columbus,South Korea,Manufacturer,26,4.3,LSC-QBT34YBG
8787,East Procurement 8787,Nashville,India,Distributor,6,3.0,LSC-F228N9AE
8788,Blue Supply 8788,Austin,Japan,Distributor,21,3.7,LSC-I7KNR7C8
8789,North Partners 8789,Seattle,Canada,Distributor,6,3.3,LSC-5FTGLN1U
8790,West Logistics 8790,Phoenix,India,Wholesaler,27,3.8,LSC-2E8B4IIV
8791,Apex Supply 8791,Chicago,Japan,Wholesaler,7,4.9,LSC-R31FJ1YM
8792,Quantum Enterprises 8792,Miami,India,Wholesaler,13,4.3,LSC-DI3NB8NR
8793,Blue Trading 8793,Chicago,Thailand,Manufacturer,9,2.7,LSC-6RH9LPII
8794, South Wholesale 8794 ,San Francisco,USA,Manufacturer,25,4.8,LSC-GXPMA5CL
8795,Global Trading 8795,Los Angeles,Thailand,Wholesaler,29,2.5,LSC-0OF2AQFG
8796,Nova Wholesale 8796,New York,China,Wholesaler,8,2.5,LSC-WWEQJXRZ
8797,United Retail Supply 8797,Denver,India,Distributor,22,3.2,LSC-46V3UJAU
8798,Metro Industrial 8798,Atlanta,Vietnam,Wholesaler,22,4.1,LSC-PWU29PUG
8799,West Logistics 8799,Los Angeles,USA,Wholesaler,5,2.6,LSC-JGFMNIL5
8800,Nova Trading 8800,San Francisco,India,Manufacturer,29,3.9,LSC-55MW08FY
8801,Nova Distributors 8801,Philadelphia,Canada,Distributor,10,4.4,LSC-UE1YD0KH
8802,United Distributors 8802,Miami,USA,Manufacturer,27,4.2,LSC-H5VYSWTH
8803,Evergreen Wholesale 8803,Charlotte,India,Distributor,8,2.6,LSC-M4UB10LU
8804,North Enterprises 8804,New York,USA,Manufacturer,9,4.5,LSC-XC02QNIL
8805,Summit Trading 8805,Austin,Thailand,Distributor,5,4.1,LSC-EHWRH7AO
8806,Vertex Enterprises 8806,Los Angeles,China,Manufacturer,5,4.4,LSC-26MKT5PK
8807,East Partners 8807,Denver,China,Wholesaler,10,3.1,LSC-3H9B6SMN
8808, Evergreen Procurement 8808 ,Philadelphia,Thailand,Manufacturer,16,3.5,LSC-F5NCC3EC
8809,Prime Distributors 8809,New York,Mexico,Distributor,25,4.5,LSC-GHMDV47I
8810,West Industrial 8810,Charlotte,Canada,Wholesaler,9,3.1,LSC-CQ5YOHST
8811,Global Wholesale 8811,Denver,Thailand,Manufacturer,11,3.2,LSC-1TBG3CI9
8812,Apex Wholesale 8812,Atlanta,Vietnam,Wholesaler,3,3.6,LSC-NRQG74DR
8813,United Partners 8813,Boston,Japan,Wholesaler,19,3.6,LSC-SCJ21ZJ9
8814, Quantum Wholesale 8814 ,San Francisco,Mexico,Manufacturer,29,2.8,LSC-CIDI4JC4
8815,Rapid Partners 8815,Houston,South Korea,Wholesaler,19,4.5,LSC-X1B2QJ9W
8816,South Enterprises 8816,Boston,Thailand,Wholesaler,10,2.6,LSC-8X2C051S
8817,West Trading 8817,Denver,Mexico,Manufacturer,22,3.3,LSC-7FYGPEHG
8818,Summit Wholesale 8818,Atlanta,Mexico,Distributor,27,2.8,LSC-OBT3981Z
8819,Prime Enterprises 8819,New York,India,Manufacturer,27,3.0,LSC-ATOXAYKT
8820,Rapid Logistics 8820,Phoenix,Germany,Distributor,26,3.8,LSC-DTEWVRYQ
8821,Elite Logistics 8821,Nashville,USA,Distributor,30,3.2,LSC-51STOLHR
8822,Blue Logistics 8822,Boston,Mexico,Manufacturer,5,2.7,LSC-7926PWBA
8823,Apex Trading 8823,Atlanta,China,Distributor,18,3.2,LSC-JSWYIH2T
8824,Nova Distributors 8824,Austin,Canada,Wholesaler,26,3.7,LSC-K82PPBQP
8825,South Logistics 8825,Philadelphia,Canada,Wholesaler,5,4.2,LSC-K4EXK6EW
8826,Apex Retail Supply 8826,Dallas,Mexico,Wholesaler,-2,3.0,LSC-AD2OMWPZ
8827,Quantum Industrial 8827,Seattle,Japan,Manufacturer,21,4.9,LSC-M583X9R8
8828,Prime Procurement 8828,Houston,India,Distributor,10,4.6,LSC-Z19C575D
8829,United Wholesale 8829,Boston,South Korea,Manufacturer,21,4.7,LSC-CVRCAJGJ
8830,East Enterprises 8830,Boston,China,Wholesaler,16,4.5,LSC-XAOHYT4S
8831,United Wholesale 8831,Atlanta,South Korea,Wholesaler,8,4.7,LSC-877O7ZPZ
8832,West Retail Supply 8832,Nashville,Thailand,Manufacturer,18,2.9,LSC-8JN57KE9
8833,Prime Wholesale 8833,San Jose,Mexico,Distributor,12,3.1,LSC-H8H1YGX0
8834,Apex Procurement 8834,Boston,India,Manufacturer,27,4.1,LSC-O1U8SH4N
8835,North Wholesale 8835,Dallas,Thailand,Wholesaler,10,3.4,LSC-207ZJS0Q
8836,Nova Supply 8836,Columbus,Vietnam,Wholesaler,18,3.2,LSC-8EDBW72L
8837,East Enterprises 8837,Denver,USA,Distributor,14,4.4,LSC-03FRBW09
8838,North Retail Supply 8838,New York,USA,Distributor,25,2.6,LSC-Z76NQ0RU
8839,Blue Distributors 8839,Dallas,China,Wholesaler,19,3.6,LSC-GGBKV1RT
8840,Apex Industrial 8840,Charlotte,China,Distributor,22,3.7,LSC-3Q9628CJ
8841,Elite Trading 8841,Columbus,Canada,Distributor,12,4.9,LSC-X9M3L57D
8842,Nova Distributors 8842,Chicago,USA,Wholesaler,16,3.6,LSC-XBLCI0ET
8843,Elite Wholesale 8843,New York,China,Manufacturer,4,3.8,LSC-DDWE21EN
8844,Summit Retail Supply 8844,Denver,China,Distributor,21,3.4,LSC-PLGIHJFM
8845,Prime Distributors 8845,Miami,Thailand,Manufacturer,21,3.5,LSC-VDKQMS1X
8846, Nova Distributors 8846 ,Chicago,Mexico,Wholesaler,27,4.9,LSC-I7HTDU65
8847,Vertex Partners 8847,Boston,Mexico,Wholesaler,18,4.9,LSC-6E95NM3M
8848,Evergreen Wholesale 8848,Charlotte,USA,Wholesaler,6,4.1,LSC-5RZ070LN
8849,Summit Logistics 8849,Boston,Vietnam,Manufacturer,14,3.4,LSC-9C04EDDH
8850,Elite Enterprises 8850,Atlanta,Japan,Wholesaler,5,3.2,LSC-Y2Q9YVAM
8851,United Logistics 8851,Dallas,Vietnam,Manufacturer,4,3.0,LSC-Z882PYVK
8852,North Partners 8852,Chicago,Canada,Wholesaler,10,4.2,LSC-8MIBFWT1
8853,Elite Supply 8853,Austin,South Korea,Manufacturer,12,4.6,LSC-4TIS30WJ
8854,Summit Logistics 8854,Boston,China,Manufacturer,25,4.9,LSC-KVUJNH46
8855,West Procurement 8855,Charlotte,USA,Wholesaler,7,4.6,LSC-OCD44OFC
8856,West Partners 8856,Charlotte,Germany,Wholesaler,11,4.6,LSC-HJ0FTQY7
8857,Quantum Wholesale 8857,Phoenix,Germany,Wholesaler,19,3.7,LSC-4N84U27I
8858,Global Distributors 8858,Seattle,China,Distributor,27,3.6,LSC-TN7F4GIF
8859,Elite Logistics 8859,Boston,China,Wholesaler,15,5.0,LSC-1X0CIEI4
8860,Global Wholesale 8860,Chicago,Germany,Distributor,8,3.4,LSC-ES995WVB
8861,South Trading 8861,Charlotte,South Korea,Distributor,16,3.5,LSC-RBTOUXGN
8862,Prime Wholesale 8862,San Jose,India,Wholesaler,6,3.8,LSC-DLA8DMIG
8863,United Distributors 8863,Dallas,Japan,Manufacturer,4,3.5,LSC-VHSTYH1S
8864,East Logistics 8864,Denver,India,Manufacturer,17,4.0,LSC-KBP9AN2Z
8865,Apex Industrial 8865,Atlanta,China,Wholesaler,17,3.3,LSC-YA04B2CX
8866,Elite Industrial 8866,Nashville,South Korea,Distributor,22,4.8,LSC-3L9CMCJW
8867,South Enterprises 8867,Miami,China,Distributor,21,,LSC-5V6O0KXI
8868, Metro Distributors 8868 ,San Jose,India,Wholesaler,2,2.9,LSC-Z33G6ULP
8869,Elite Trading 8869,Houston,USA,Wholesaler,17,4.2,LSC-2JU8B5BE
8870,North Trading 8870,Nashville,South Korea,Manufacturer,26,3.4,LSC-E6W6DKGG
8871,Metro Supply 8871,Philadelphia,China,Distributor,19,3.0,LSC-BO39GNXF
8872,Evergreen Trading 8872,Columbus,India,Manufacturer,29,,LSC-SUFJ7ED9
8873,Global Enterprises 8873,Houston,Thailand,Distributor,30,3.2,LSC-6H6UMG0L
8874,Prime Procurement 8874,Philadelphia,Vietnam,Wholesaler,17,,LSC-T7B0B8QM
8875,Global Supply 8875,Philadelphia,Thailand,Wholesaler,11,2.6,LSC-EFP58K1U
8876, South Procurement 8876 ,San Jose,Germany,Distributor,7,2.6,LSC-19NCRS5U
8877,Elite Procurement 8877,Dallas,India,Distributor,20,4.7,LSC-A59P2UEO
8878,South Procurement 8878,Austin,Vietnam,Manufacturer,22,3.9,LSC-Q956HPBF
8879,Blue Trading 8879,Seattle,China,Wholesaler,11,4.2,LSC-XHQBQLPF
8880,Apex Trading 8880,Philadelphia,Germany,Manufacturer,13,4.9,LSC-GPRQ12SQ
8881,North Logistics 8881,Boston,Canada,Wholesaler,21,2.7,LSC-ZF28XEHZ
8882,Quantum Procurement 8882,San Jose,Thailand,Wholesaler,16,3.5,LSC-0NEQGZCT
8883,Vertex Enterprises 8883,San Jose,Germany,Wholesaler,8,4.9,LSC-PE88MZ4S
8884,East Enterprises 8884,San Jose,USA,Distributor,30,3.9,LSC-XHYHQQOC
8885,East Wholesale 8885,Chicago,Mexico,Manufacturer,23,4.7,LSC-AM98C363
8886,Apex Procurement 8886,San Francisco,Germany,Manufacturer,9,4.9,LSC-12CPLBJ2
8887,Apex Procurement 8887,Phoenix,Mexico,Wholesaler,30,2.5,LSC-LQKXW357
8888,Elite Distributors 8888,Detroit,Mexico,Manufacturer,6,4.9,LSC-NRPTJ66J
8889,Metro Enterprises 8889,Boston,Canada,Manufacturer,11,3.3,LSC-8RJHJSKJ
8890, Summit Trading 8890 ,Nashville,Vietnam,Manufacturer,2,4.6,LSC-ETUMOR7I
8891,Summit Enterprises 8891,Boston,Germany,Distributor,6,3.9,LSC-W5CK3H76
8892,Rapid Enterprises 8892,Philadelphia,India,Manufacturer,23,,LSC-FV3SGNQS
8893,Elite Wholesale 8893,Los Angeles,Mexico,Wholesaler,7,4.9,LSC-VLTJ4VNU
8894,Rapid Distributors 8894,Seattle,Germany,Distributor,20,3.1,LSC-Y4XQGNE4
8895,West Trading 8895,Los Angeles,Germany,Wholesaler,12,3.3,LSC-ZVVVEDY2
8896,Rapid Partners 8896,Houston,Japan,Distributor,5,3.0,LSC-I9URIDBI
8897,East Enterprises 8897,Chicago,South Korea,Manufacturer,6,4.9,LSC-Z1A8WI09
8898,South Supply 8898,Dallas,Thailand,Manufacturer,25,3.5,LSC-MHRCQB2H
8899,North Trading 8899,Philadelphia,China,Wholesaler,25,3.7,LSC-26TPBPPP
8900,Nova Supply 8900,Detroit,Canada,Wholesaler,7,3.3,LSC-77JWATFJ
8901,North Enterprises 8901,Portland,South Korea,Distributor,12,2.7,LSC-MMIT7KLE
8902,Nova Distributors 8902,Philadelphia,Canada,Wholesaler,22,4.6,LSC-RD66GSQ1
8903,United Partners 8903,Dallas,China,Manufacturer,11,3.8,LSC-QL7B2BPW
8904,Vertex Logistics 8904,Philadelphia,Japan,Manufacturer,5,4.8,LSC-T27RGVEL
8905,North Wholesale 8905,Philadelphia,Mexico,Manufacturer,25,,LSC-QNNA9JLJ
8906,Rapid Trading 8906,Detroit,South Korea,Manufacturer,8,,LSC-HE84VCFT
8907,West Retail Supply 8907,Denver,Japan,Wholesaler,25,4.1,LSC-LRSLQB8T
8908,Vertex Industrial 8908,Philadelphia,Germany,Distributor,15,2.8,LSC-GXX2DSXX
8909,Apex Industrial 8909,Philadelphia,Thailand,Wholesaler,4,2.6,LSC-C2Q8K52D
8910,Vertex Distributors 8910,Columbus,Mexico,Manufacturer,16,4.2,LSC-U2OZW9A9
8911,Quantum Supply 8911,Chicago,Vietnam,Manufacturer,3,2.9,LSC-ZY1VL5Z2
8912,East Industrial 8912,Los Angeles,Thailand,Distributor,16,4.0,LSC-RLSLMA1D
8913,Prime Industrial 8913,San Francisco,Thailand,Distributor,30,3.9,LSC-KW5NS9PO
8914,Rapid Logistics 8914,Denver,Germany,Wholesaler,24,2.7,LSC-SBQVND9Y
8915,Nova Partners 8915,San Francisco,India,Manufacturer,25,3.3,LSC-PYYNP5HP
8916,Rapid Partners 8916,Phoenix,Canada,Manufacturer,11,3.0,LSC-MGAWOQI3
8917,United Trading 8917,San Jose,Germany,Wholesaler,18,3.5,LSC-FDMOV2HJ
8918,Nova Industrial 8918,New York,Mexico,Distributor,24,4.4,LSC-4Y8AFEFK
8919,Vertex Trading 8919,San Francisco,Thailand,Manufacturer,2,4.1,LSC-LXT9GXG6
8920,Summit Supply 8920,Detroit,Mexico,Manufacturer,2,3.5,LSC-7BBQD2EY
8921,Global Enterprises 8921,Boston,Canada,Manufacturer,19,3.0,LSC-AF8UFEX5
8922,Apex Distributors 8922,Miami,USA,Wholesaler,14,3.3,LSC-NGOVJQHI
8923,Summit Trading 8923,Portland,Vietnam,Distributor,6,3.2,LSC-V5LE8INJ
8924,Vertex Trading 8924,Boston,China,Manufacturer,10,2.5,LSC-VNJZO0PO
8925,North Trading 8925,Boston,South Korea,Wholesaler,10,3.4,LSC-UY9PJ7FQ
8926,East Industrial 8926,Chicago,USA,Manufacturer,22,4.7,LSC-V0NBX2N0
8927,Nova Retail Supply 8927,Atlanta,Vietnam,Distributor,15,5.0,LSC-QQGVO3WS
8928,Elite Partners 8928,Seattle,China,Wholesaler,2,5.0,LSC-X0MA8FBB
8929,Vertex Enterprises 8929,Houston,China,Distributor,8,4.3,LSC-QGUFJH9G
8930,Blue Supply 8930,San Jose,Japan,Distributor,16,3.8,LSC-AJTNNZX3
8931,United Trading 8931,Columbus,Japan,Manufacturer,17,3.2,LSC-VWXUB4DS
8932,Summit Procurement 8932,Charlotte,Canada,Distributor,4,4.7,LSC-J1HI5LVG
8933,West Supply 8933,Chicago,Mexico,Wholesaler,12,4.0,LSC-B37GMX91
8934,South Partners 8934,Portland,Japan,Manufacturer,11,2.7,LSC-5R441CAZ
8935,Elite Retail Supply 8935,Charlotte,Japan,Wholesaler,16,4.2,LSC-199E74Q4
8936,Summit Wholesale 8936,Portland,Canada,Manufacturer,17,4.5,LSC-CPXBQNT4
8937,Quantum Logistics 8937,San Jose,Germany,Manufacturer,14,3.5,LSC-VS2SLZZ4
8938,Elite Enterprises 8938,Phoenix,Mexico,Distributor,11,3.0,LSC-6IVDV5SY
8939,West Industrial 8939,Detroit,Japan,Wholesaler,12,3.3,LSC-8UX5IUY9
8940,East Trading 8940,Atlanta,Vietnam,Distributor,2,4.8,LSC-ZGMGWDC6
8941,Vertex Industrial 8941,Denver,South Korea,Wholesaler,23,3.0,LSC-1HSU0UIX
8942,Apex Industrial 8942,Charlotte,Japan,Wholesaler,28,3.2,LSC-05GQZCLQ
8943,Rapid Enterprises 8943,Dallas,Vietnam,Manufacturer,3,,LSC-3S9LFBRA
8944,Metro Wholesale 8944,Nashville,China,Wholesaler,26,3.4,LSC-FCIO3TES
8945,Prime Industrial 8945,Columbus,Mexico,Distributor,16,3.6,LSC-UWLT15PP
8946,Rapid Logistics 8946,Denver,South Korea,Distributor,13,2.6,LSC-L9L1DQLS
8947,Evergreen Enterprises 8947,Austin,India,Wholesaler,26,4.2,LSC-UVW9NR9Q
8948,East Partners 8948,Detroit,Mexico,Wholesaler,10,3.5,LSC-1XA9R0UA
8949,North Industrial 8949,Charlotte,Thailand,Wholesaler,10,4.6,LSC-3RQCU9LI
8950,Metro Procurement 8950,Portland,Vietnam,Distributor,28,3.2,LSC-ONYM8485
8951,West Procurement 8951,Dallas,Canada,Manufacturer,23,4.6,LSC-66SJQFNH
8952,United Logistics 8952,Philadelphia,Thailand,Manufacturer,4,,LSC-IYV9LYGO
8953,Rapid Trading 8953,Houston,China,Manufacturer,10,4.3,LSC-ZCKGKWGR
8954,Prime Supply 8954,Houston,Vietnam,Wholesaler,9,3.0,LSC-CV2APLZ6
8955,Vertex Distributors 8955,Detroit,Japan,Wholesaler,21,2.7,LSC-6EGER7YU
8956,North Supply 8956,Phoenix,South Korea,Distributor,11,4.9,LSC-NIS0MB07
8957,Summit Retail Supply 8957,Miami,Mexico,Distributor,9,4.6,LSC-HNCDVLQU
8958,United Distributors 8958,Nashville,Germany,Manufacturer,9,4.7,LSC-38VQNUBB
8959,Evergreen Distributors 8959,Columbus,Canada,Distributor,30,3.4,LSC-U007I14H
8960,Prime Wholesale 8960,Seattle,Germany,Wholesaler,17,3.8,LSC-PAK0W7RH
8961,East Logistics 8961,Portland,Thailand,Manufacturer,12,3.2,LSC-VADGC9B7
8962,Nova Logistics 8962,Houston,Vietnam,Distributor,2,3.6,LSC-MAX3A42N
8963,Prime Industrial 8963,Denver,Canada,Manufacturer,6,3.6,LSC-6WECBCNT
8964,Prime Wholesale 8964,Philadelphia,Germany,Manufacturer,26,3.2,LSC-7KUC8RF7
8965,North Distributors 8965,Columbus,Mexico,Distributor,8,4.7,LSC-S60I2NT5
8966, Elite Trading 8966 ,Portland,India,Manufacturer,5,2.7,LSC-E3XXQNXK
8967,Evergreen Industrial 8967,Los Angeles,India,Manufacturer,9,3.0,LSC-EKY0RXP8
8968,Elite Logistics 8968,Philadelphia,India,Wholesaler,15,4.6,LSC-HEP6K3LC
8969,Apex Logistics 8969,Charlotte,Vietnam,Wholesaler,16,3.4,LSC-MITHVWZN
8970,Nova Supply 8970,Miami,Vietnam,Distributor,8,4.6,LSC-TULAOJQY
8971,Elite Wholesale 8971,Austin,Mexico,Distributor,17,3.2,LSC-N01HIEFJ
8972,Summit Procurement 8972,San Jose,Germany,Wholesaler,23,2.6,LSC-NF0DH1VG
8973,Quantum Procurement 8973,Dallas,USA,Wholesaler,23,4.0,LSC-O6WRXYL8
8974,South Trading 8974,Miami,Germany,Distributor,28,2.6,LSC-7WM5CD4D
8975,Summit Supply 8975,San Jose,Mexico,Distributor,4,4.4,LSC-7WLJ5JGV
8976,South Procurement 8976,Charlotte,India,Wholesaler,23,4.4,LSC-RLOUZB7M
8977,United Partners 8977,Philadelphia,USA,Wholesaler,8,3.7,LSC-NQRSQZFV
8978,Prime Enterprises 8978,Philadelphia,Canada,Distributor,27,4.1,LSC-VAHG5NHK
8979,Rapid Trading 8979,Portland,USA,Wholesaler,16,4.7,LSC-QWU2TTI7
8980, South Wholesale 8980 ,Austin,Mexico,Distributor,4,4.7,LSC-JO426D1K
8981,United Industrial 8981,Los Angeles,Canada,Manufacturer,16,4.3,LSC-HCAODSA2
8982,Prime Partners 8982,Nashville,China,Wholesaler,6,3.1,LSC-F3QTCQ2R
8983,Apex Trading 8983,Columbus,Germany,Manufacturer,23,3.1,LSC-DSSJ2W6B
8984,Prime Procurement 8984,Seattle,Japan,Wholesaler,27,4.7,LSC-PLPR3F6M
8985,Summit Wholesale 8985,Nashville,Vietnam,Manufacturer,20,3.3,LSC-F1BSGDYE
8986,Quantum Logistics 8986,San Jose,Vietnam,Distributor,26,,LSC-H3OH8DUJ
8987,Rapid Enterprises 8987,San Jose,Germany,Wholesaler,9,4.5,LSC-VGRLHRMB
8988,East Wholesale 8988,Miami,India,Wholesaler,15,3.1,LSC-NLL4KSVT
8989,Quantum Partners 8989,Denver,South Korea,Distributor,24,4.9,LSC-H8K6DMQE
8990,Metro Industrial 8990,New York,Mexico,Wholesaler,19,4.2,LSC-5XG1MQRB
8991,North Procurement 8991,New York,Thailand,Manufacturer,19,3.3,LSC-U246L7LU
8992,Nova Procurement 8992,Phoenix,India,Manufacturer,17,3.1,LSC-CGYG96WM
8993,Nova Wholesale 8993,Houston,Thailand,Wholesaler,4,3.6,LSC-JT5O7NHY
8994,Summit Retail Supply 8994,San Francisco,South Korea,Distributor,16,4.5,LSC-MMXFKD2R
8995,Evergreen Partners 8995,Philadelphia,Japan,Wholesaler,6,4.1,LSC-3YCVPR3S
8996,Elite Logistics 8996,Phoenix,USA,Wholesaler,7,3.1,LSC-EWU92QO4
8997,South Trading 8997,Houston,Thailand,Distributor,14,,LSC-QDB78PKD
8998,Evergreen Retail Supply 8998,Detroit,Canada,Distributor,22,4.1,LSC-M5PH4MVI
8999,United Retail Supply 8999,Miami,Mexico,Wholesaler,7,4.5,LSC-3WX2KWJ1
9000,South Retail Supply 9000,Miami,Canada,Manufacturer,26,,LSC-IEE2DGDX
9001,Blue Distributors 9001,Portland,India,Distributor,20,3.9,LSC-4QPTX2DO
9002,Evergreen Trading 9002,Chicago,Thailand,Distributor,8,3.8,LSC-QGDNQLBA
9003,Summit Distributors 9003,Chicago,Thailand,Manufacturer,2,,LSC-7HUWXGHS
9004,North Industrial 9004,Houston,China,Distributor,28,3.1,LSC-72LRXV7N
9005,East Retail Supply 9005,Columbus,Mexico,Manufacturer,2,5.0,LSC-5C1AI0WJ
9006,Vertex Wholesale 9006,Miami,Mexico,Distributor,12,5.0,LSC-0OU4U1PT
9007,Rapid Retail Supply 9007,Atlanta,Canada,Wholesaler,26,4.9,LSC-WUAVTEXK
9008,Summit Wholesale 9008,Miami,Vietnam,Wholesaler,6,4.0,LSC-WD947WKG
9009,East Logistics 9009,Detroit,Germany,Wholesaler,7,,LSC-FKFMZKJZ
9010,United Retail Supply 9010,San Jose,Japan,Wholesaler,22,4.0,LSC-G0LOSUUM
9011,East Trading 9011,Atlanta,Vietnam,Distributor,11,3.0,LSC-MG55CT9D
9012,Rapid Wholesale 9012,Boston,China,Manufacturer,20,2.5,LSC-H6UKV7T7
9013,Elite Partners 9013,Boston,India,Wholesaler,13,3.7,LSC-Z2GW8VTD
9014,Nova Partners 9014,Houston,India,Wholesaler,8,3.7,LSC-WYUBXFHS
9015,West Supply 9015,Seattle,Japan,Wholesaler,5,3.0,LSC-0SE3IJ5M
9016,Vertex Partners 9016,Los Angeles,Canada,Manufacturer,25,4.7,LSC-1ZS4ES9Y
9017,Apex Supply 9017,San Jose,Mexico,Manufacturer,23,3.0,LSC-TCWGG7UA
9018,Nova Partners 9018,Miami,South Korea,Distributor,2,4.6,LSC-6ASJGLSV
9019,Summit Trading 9019,Seattle,South Korea,Distributor,27,4.4,LSC-L5OXKHK9
9020,Blue Enterprises 9020,San Francisco,Thailand,Wholesaler,29,4.3,LSC-VNROPEOR
9021,Summit Retail Supply 9021,Columbus,Japan,Wholesaler,7,4.9,LSC-UXI2E1JX
9022,Elite Procurement 9022,Denver,Germany,Wholesaler,21,3.5,LSC-0EOUV7EV
9023,Nova Wholesale 9023,Columbus,South Korea,Manufacturer,29,2.6,LSC-9S5QR0JY
9024, Global Enterprises 9024 ,Dallas,Mexico,Distributor,7,4.5,LSC-BWI7K3Y5
9025,Evergreen Enterprises 9025,Dallas,India,Wholesaler,29,4.5,LSC-B2K0RUXI
9026,North Trading 9026,Nashville,Japan,Distributor,7,2.9,LSC-PTLLJZ41
9027,Vertex Trading 9027,San Francisco,Canada,Manufacturer,6,4.0,LSC-PXKQ9DT1
9028,Rapid Retail Supply 9028,Columbus,Japan,Distributor,14,4.6,LSC-LH9JY06I
9029,South Wholesale 9029,Portland,India,Distributor,8,4.7,LSC-NP8B01RJ
9030,West Enterprises 9030,New York,USA,Manufacturer,17,3.0,LSC-5SFHTT0R
9031,Prime Logistics 9031,Los Angeles,Thailand,Manufacturer,15,2.7,LSC-Z5Z6GCP4
9032,North Enterprises 9032,San Francisco,South Korea,Wholesaler,15,4.8,LSC-0JRV3Q1I
9033,Elite Retail Supply 9033,Los Angeles,Mexico,Distributor,15,4.1,LSC-89DMP79A
9034,Global Industrial 9034,Portland,Japan,Distributor,23,2.8,LSC-KL620VEK
9035,South Industrial 9035,Philadelphia,Canada,Wholesaler,20,5.0,LSC-VNIDRBUE
9036,Prime Industrial 9036,San Francisco,Vietnam,Distributor,14,4.8,LSC-FGMF992R
9037,Summit Supply 9037,San Jose,USA,Distributor,12,3.8,LSC-Y5PHOYXL
9038,Summit Wholesale 9038,Chicago,Mexico,Distributor,14,3.4,LSC-IHWRL1DS
9039,West Supply 9039,Seattle,Mexico,Manufacturer,3,4.6,LSC-Y999U8ZE
9040,Summit Distributors 9040,New York,Mexico,Manufacturer,11,4.0,LSC-A9XKYWAL
9041,Apex Procurement 9041,Charlotte,Canada,Wholesaler,4,2.9,LSC-9Q3GY28B
9042,North Procurement 9042,Detroit,Mexico,Distributor,-4,3.4,LSC-DORH8GQ0
9043,Blue Procurement 9043,Boston,Japan,Wholesaler,18,3.3,LSC-86YA3IV2
9044,Summit Industrial 9044,Columbus,India,Manufacturer,23,3.8,LSC-EDMDV7BV
9045,Blue Industrial 9045,Houston,Japan,Distributor,13,3.5,LSC-UDIVQNYH
9046,Blue Supply 9046,Los Angeles,USA,Wholesaler,21,3.3,LSC-0H3YV9SV
9047,Quantum Retail Supply 9047,Detroit,Japan,Distributor,30,4.9,LSC-PXDDUCM1
9048,Blue Retail Supply 9048,Austin,India,Manufacturer,11,2.6,LSC-JY5H9WYG
9049,West Logistics 9049,Seattle,Japan,Wholesaler,13,,LSC-4DXEUZFL
9050,Nova Trading 9050,Detroit,USA,Wholesaler,9,3.8,LSC-RSQ7WKR7
9051,Blue Supply 9051,Chicago,Mexico,Wholesaler,10,4.1,LSC-UAU2Z73A
9052,North Procurement 9052,Philadelphia,Germany,Distributor,23,,LSC-SJYXNBWX
9053,Global Wholesale 9053,San Jose,India,Distributor,2,2.9,LSC-JDMLWV7Q
9054,Elite Procurement 9054,Los Angeles,Germany,Manufacturer,15,3.0,LSC-0V3ZM1N5
9055,Apex Distributors 9055,New York,Vietnam,Manufacturer,14,4.1,LSC-NIG1RJMJ
9056,Blue Supply 9056,Atlanta,South Korea,Wholesaler,7,4.0,LSC-H23I3NYD
9057,South Retail Supply 9057,Columbus,Thailand,Distributor,17,3.1,LSC-XN9I18LH
9058,Quantum Logistics 9058,Denver,Germany,Manufacturer,30,3.8,LSC-P5KW9U47
9059,Summit Wholesale 9059,Denver,India,Distributor,26,4.2,LSC-8NHUTU2X
9060,Elite Retail Supply 9060,Portland,Mexico,Manufacturer,24,4.6,LSC-1ELCPLM3
9061,Nova Procurement 9061,Detroit,South Korea,Manufacturer,10,3.5,LSC-547TN5QQ
9062,Rapid Enterprises 9062,Seattle,China,Distributor,10,4.0,LSC-YBQSJZKG
9063,Metro Procurement 9063,Los Angeles,China,Distributor,7,2.9,LSC-TUJS8O3P
9064,South Enterprises 9064,Seattle,Germany,Manufacturer,13,4.5,LSC-TIR743A7
9065,Evergreen Enterprises 9065,Houston,China,Distributor,7,3.2,LSC-FSJU0LQ1
9066,Blue Retail Supply 9066,Nashville,Vietnam,Distributor,16,3.9,LSC-2EI1M2MS
9067,Summit Partners 9067,Los Angeles,China,Wholesaler,15,4.3,LSC-5FLG9PFD
9068,Evergreen Supply 9068,Charlotte,Mexico,Manufacturer,20,3.9,LSC-65MAYQ4S
9069,Apex Supply 9069,Atlanta,Japan,Distributor,7,4.8,LSC-D3YW5CUE
9070,North Industrial 9070,Dallas,USA,Manufacturer,14,4.7,LSC-8FL7GAG6
9071,Vertex Partners 9071,Los Angeles,South Korea,Distributor,26,4.0,LSC-J5XV6ZRV
9072,Summit Partners 9072,Los Angeles,Vietnam,Manufacturer,7,3.3,LSC-EOI2OFUN
9073,Quantum Procurement 9073,San Jose,India,Wholesaler,4,4.8,LSC-K3478JO9
9074,Elite Trading 9074,Boston,China,Distributor,10,4.4,LSC-RTGYJVKJ
9075,Prime Distributors 9075,Boston,Germany,Wholesaler,28,3.0,LSC-RP1OKP92
9076,Global Procurement 9076,Philadelphia,Mexico,Wholesaler,11,4.1,LSC-KUWGYIZ0
9077,Vertex Enterprises 9077,Los Angeles,China,Wholesaler,21,3.0,LSC-AA8CBOCG
9078,Quantum Distributors 9078,Austin,Canada,Manufacturer,20,4.6,LSC-SDSKE6C8
9079,Summit Wholesale 9079,Seattle,Mexico,Distributor,4,3.4,LSC-N4KH4TEG
9080,Blue Partners 9080,Miami,India,Manufacturer,11,3.3,LSC-N698K229
9081,Summit Retail Supply 9081,Boston,Germany,Manufacturer,21,3.7,LSC-YZ4A92QK
9082,Blue Industrial 9082,Houston,Japan,Distributor,26,3.8,LSC-DNC1K3TS
9083,South Partners 9083,Charlotte,India,Wholesaler,6,2.8,LSC-6H8BTNMI
9084,North Procurement 9084,Columbus,Vietnam,Distributor,19,4.6,LSC-XNOZEB7E
9085,Apex Industrial 9085,Boston,Germany,Wholesaler,17,4.8,LSC-WPIRZXGU
9086,Summit Partners 9086,Phoenix,Germany,Distributor,18,4.1,LSC-CTRJHKD8
9087,Elite Supply 9087,San Jose,China,Wholesaler,16,2.9,LSC-RM9J2DBJ
9088,Quantum Wholesale 9088,Boston,Japan,Manufacturer,6,3.6,LSC-SUUSNM43
9089,United Logistics 9089,Portland,USA,Manufacturer,20,,LSC-3FPV54EF
9090,Nova Enterprises 9090,Denver,China,Distributor,13,3.7,LSC-FFL9X2MF
9091,Apex Logistics 9091,Nashville,South Korea,Wholesaler,11,,LSC-FAVPL4RW
9092,United Procurement 9092,Dallas,Japan,Wholesaler,10,4.7,LSC-HWD7VUOP
9093,Nova Retail Supply 9093,Portland,India,Wholesaler,4,3.9,LSC-77HR9ESZ
9094,Summit Procurement 9094,San Jose,Germany,Distributor,11,2.8,LSC-AGJ84EZ1
9095,Blue Industrial 9095,Phoenix,Japan,Wholesaler,11,4.7,LSC-A65RX590
9096,United Supply 9096,Boston,Mexico,Distributor,12,4.0,LSC-TD7N1K7R
9097, Blue Trading 9097 ,Miami,USA,Manufacturer,14,4.8,LSC-CM85SPHU
9098,South Enterprises 9098,Miami,Vietnam,Wholesaler,7,4.5,LSC-57AOEV1Z
9099,Prime Supply 9099,Charlotte,Mexico,Wholesaler,13,3.1,LSC-9DQ52TWR
9100,West Partners 9100,Portland,South Korea,Distributor,24,3.2,LSC-DC1KQNJ8
9101,Global Trading 9101,Boston,Thailand,Distributor,28,2.7,LSC-EL35Y5Y1
9102,North Distributors 9102,Nashville,India,Wholesaler,14,3.7,LSC-R4WJLHYA
9103,Blue Logistics 9103,Atlanta,Vietnam,Wholesaler,9,2.7,LSC-8MLAFP5G
9104,Nova Trading 9104,Boston,Germany,Distributor,16,2.5,LSC-8P376V9P
9105,North Supply 9105,Houston,China,Distributor,17,3.7,LSC-M7RREE6P
9106,United Enterprises 9106,Columbus,South Korea,Distributor,13,2.9,LSC-6PAGABKN
9107,Summit Enterprises 9107,Dallas,China,Wholesaler,14,3.2,LSC-YD5EJEJO
9108,Blue Partners 9108,Columbus,China,Wholesaler,6,4.3,LSC-01PMZPOK
9109,Rapid Wholesale 9109,Phoenix,Canada,Wholesaler,12,3.2,LSC-QBV8KAJ0
9110,United Industrial 9110,San Francisco,Thailand,Distributor,7,4.6,LSC-YZ1IV9H5
9111,Apex Distributors 9111,Los Angeles,Vietnam,Wholesaler,15,3.9,LSC-GYMC5EXR
9112,Prime Procurement 9112,Seattle,Canada,Distributor,3,3.1,LSC-479J1ULV
9113,East Supply 9113,Austin,Japan,Wholesaler,12,2.9,LSC-Q9RNHX9E
9114,Elite Retail Supply 9114,Detroit,China,Manufacturer,6,4.5,LSC-C4R1OBE0
9115,Summit Logistics 9115,Chicago,China,Manufacturer,3,4.7,LSC-3SOBDJT2
9116,East Supply 9116,Houston,Mexico,Manufacturer,21,4.1,LSC-L6ZYNR92
9117,Apex Supply 9117,Denver,Germany,Manufacturer,22,4.4,LSC-HSERD876
9118,Vertex Industrial 9118,Austin,Mexico,Wholesaler,13,3.1,LSC-HAK7XUJ6
9119,Global Distributors 9119,Houston,Germany,Manufacturer,23,4.4,LSC-YMSAW1W8
9120,Blue Procurement 9120,San Francisco,Canada,Wholesaler,16,3.9,LSC-9GKS873P
9121,Elite Logistics 9121,New York,India,Wholesaler,21,3.1,LSC-LG4YKZT9
9122,Summit Procurement 9122,Dallas,Canada,Wholesaler,14,3.7,LSC-M217W7C9
9123,East Retail Supply 9123,Los Angeles,Vietnam,Manufacturer,4,3.1,LSC-R89UB9SU
9124,South Distributors 9124,Nashville,Canada,Manufacturer,2,3.6,LSC-UUDJU63O
9125,Quantum Procurement 9125,New York,Thailand,Distributor,16,4.3,LSC-0WY5EQKC
9126,Metro Distributors 9126,Phoenix,USA,Distributor,16,3.2,LSC-U35S3BZ0
9127,Prime Logistics 9127,Los Angeles,Mexico,Manufacturer,21,3.7,LSC-DCDTLFN1
9128,Prime Distributors 9128,Seattle,Vietnam,Wholesaler,3,3.0,LSC-G60HDB8Z
9129,Nova Distributors 9129,Houston,Mexico,Wholesaler,8,4.5,LSC-2XE97YT6
9130,Nova Wholesale 9130,Los Angeles,Vietnam,Wholesaler,28,2.5,LSC-8EN4AO8E
9131,West Procurement 9131,Atlanta,China,Wholesaler,10,3.9,LSC-HKASL20M
9132,Global Wholesale 9132,Denver,Vietnam,Wholesaler,25,4.4,LSC-C000D8NC
9133,Evergreen Procurement 9133,Austin,China,Wholesaler,24,4.0,LSC-VCMW0KAV
9134,Apex Partners 9134,Austin,Canada,Wholesaler,22,3.7,LSC-U8CFJE8C
9135,Vertex Partners 9135,Atlanta,South Korea,Distributor,26,2.7,LSC-WWJFT73Z
9136,Apex Partners 9136,Houston,Vietnam,Distributor,14,4.0,LSC-44CM63Z4
9137,East Partners 9137,Houston,Vietnam,Distributor,19,4.6,LSC-NXZL364V
9138,Nova Distributors 9138,New York,Germany,Manufacturer,17,3.5,LSC-T4S8OC70
9139,North Retail Supply 9139,Atlanta,Vietnam,Wholesaler,30,2.9,LSC-OLM1V7NX
9140,West Procurement 9140,Atlanta,Canada,Distributor,18,3.0,LSC-1LU9TNOZ
9141,North Enterprises 9141,Seattle,Mexico,Wholesaler,14,4.3,LSC-ZA6QEAN4
9142,West Wholesale 9142,San Jose,Germany,Manufacturer,27,3.7,LSC-ZR8YHWAJ
9143,Metro Enterprises 9143,Charlotte,South Korea,Manufacturer,30,3.2,LSC-ZY80JLOE
9144,Prime Enterprises 9144,Atlanta,Vietnam,Manufacturer,11,3.3,LSC-1NC1Y5JU
9145,Apex Industrial 9145,Austin,Mexico,Manufacturer,25,4.1,LSC-8DQMWY77
9146,Global Supply 9146,Austin,China,Manufacturer,3,2.5,LSC-BWZWHDG4
9147,Quantum Procurement 9147,Detroit,Mexico,Wholesaler,2,4.8,LSC-NMBU04A2
9148,East Enterprises 9148,San Francisco,India,Manufacturer,11,3.7,LSC-G6OKSI6I
9149,Metro Trading 9149,Austin,India,Distributor,4,4.7,LSC-ZVM7DLOY
9150,Blue Retail Supply 9150,Phoenix,Germany,Wholesaler,21,3.2,LSC-SHSF2H3Z
9151,United Retail Supply 9151,Atlanta,Canada,Wholesaler,21,2.8,LSC-NKH6V7L2
9152,Apex Procurement 9152,Columbus,South Korea,Manufacturer,18,3.6,LSC-YYEAQUQS
9153,Global Enterprises 9153,Detroit,South Korea,Distributor,27,2.7,LSC-Z8QJZCSU
9154,North Supply 9154,New York,Mexico,Distributor,17,2.7,LSC-8OQH3N6P
9155,Elite Retail Supply 9155,Miami,Vietnam,Wholesaler,20,2.8,LSC-4GWXJ9XP
9156, Nova Logistics 9156 ,Philadelphia,India,Distributor,2,4.6,LSC-FT56SADL
9157,South Retail Supply 9157,Dallas,Mexico,Distributor,22,2.9,LSC-TUQNASKS
9158,Vertex Enterprises 9158,San Jose,Mexico,Wholesaler,13,3.9,LSC-WKVBXXVF
9159,Quantum Logistics 9159,New York,South Korea,Distributor,15,3.7,LSC-73XH0QH5
9160,Quantum Wholesale 9160,Detroit,USA,Wholesaler,9,4.1,LSC-H6RZNOW1
9161,United Supply 9161,Phoenix,South Korea,Distributor,2,3.8,LSC-MS8SHRDJ
9162,Evergreen Logistics 9162,Portland,Vietnam,Wholesaler,4,4.7,LSC-8YSB25OD
9163,East Supply 9163,Boston,China,Distributor,16,2.8,LSC-W4ENIXJF
9164, Quantum Logistics 9164 ,New York,China,Distributor,26,4.6,LSC-PJ0RF164
9165,South Distributors 9165,Philadelphia,Mexico,Distributor,25,2.9,LSC-EG7UA2M8
9166,Summit Procurement 9166,Austin,Japan,Distributor,30,3.6,LSC-9KUAZ48J
9167,South Industrial 9167,Nashville,Canada,Wholesaler,11,4.2,LSC-XO8Z38OT
9168,West Retail Supply 9168,Detroit,India,Wholesaler,10,4.0,LSC-Y3718YR2
9169,Blue Logistics 9169,Seattle,Canada,Manufacturer,14,4.9,LSC-Q8II7CTG
9170,Vertex Logistics 9170,Boston,USA,Distributor,30,3.9,LSC-VNSRD1BA
9171,South Procurement 9171,Boston,USA,Wholesaler,5,4.4,LSC-XTRBLWU7
9172,North Procurement 9172,Dallas,South Korea,Wholesaler,18,3.5,LSC-DU50UM81
9173,Rapid Distributors 9173,Detroit,Thailand,Distributor,6,2.5,LSC-2LITZ9II
9174,Nova Retail Supply 9174,Portland,Thailand,Manufacturer,7,3.5,LSC-VPFE2ATF
9175,Global Distributors 9175,San Francisco,Mexico,Wholesaler,23,4.1,LSC-LV9NQHRK
9176,Summit Supply 9176,Austin,South Korea,Distributor,16,4.3,LSC-IMF6ODSI
9177,Vertex Retail Supply 9177,Houston,South Korea,Wholesaler,22,4.4,LSC-ZMOKZ6U6
9178,East Trading 9178,San Francisco,Germany,Distributor,30,4.5,LSC-NM5MU3VY
9179,West Wholesale 9179,Atlanta,Thailand,Distributor,7,4.5,LSC-NCYSG74P
9180,Prime Supply 9180,Phoenix,Thailand,Wholesaler,12,3.0,LSC-JXT072X2
9181,Prime Partners 9181,Portland,Germany,Manufacturer,30,4.9,LSC-6T2GL9S0
9182,Evergreen Supply 9182,Philadelphia,Vietnam,Manufacturer,3,4.7,LSC-8EJ9XD1P
9183, Rapid Partners 9183 ,Portland,Thailand,Distributor,27,3.7,LSC-KYXKH01J
9184,South Supply 9184,Seattle,Thailand,Manufacturer,4,2.7,LSC-D8W5T90C
9185,Metro Supply 9185,Nashville,South Korea,Wholesaler,29,2.7,LSC-YTOFS34X
9186,Blue Logistics 9186,Denver,Thailand,Wholesaler,9,3.3,LSC-BM6Y1YJK
9187,Elite Distributors 9187,Philadelphia,Thailand,Distributor,19,4.2,LSC-FXVBN3OP
9188,Elite Industrial 9188,Phoenix,Japan,Manufacturer,29,4.6,LSC-HJ0S55FF
9189,West Supply 9189,Houston,India,Manufacturer,13,4.1,LSC-SUAAEX3K
9190,East Trading 9190,Denver,Vietnam,Wholesaler,20,2.7,LSC-MXOBVPTC
9191,Metro Procurement 9191,Los Angeles,China,Wholesaler,12,3.3,LSC-GRHAX4WK
9192,Metro Supply 9192,Atlanta,Thailand,Wholesaler,27,4.2,LSC-59FGNMK8
9193,Evergreen Trading 9193,Seattle,India,Manufacturer,27,3.5,LSC-E5V7YKT2
9194,East Distributors 9194,Phoenix,India,Wholesaler,10,3.1,LSC-1ELNQOPZ
9195,United Industrial 9195,Philadelphia,Germany,Distributor,30,4.6,LSC-5XPGTPXP
9196,Nova Trading 9196,Seattle,Germany,Manufacturer,19,3.4,LSC-8UW5WWLQ
9197,North Procurement 9197,Chicago,Japan,Manufacturer,11,3.9,LSC-ZZ71BDJ5
9198,Evergreen Procurement 9198,Detroit,China,Wholesaler,17,2.7,LSC-2XHS8XI3
9199,Evergreen Partners 9199,Austin,Japan,Manufacturer,14,3.1,LSC-23X27UCA
9200,South Partners 9200,San Francisco,Thailand,Wholesaler,25,4.4,LSC-LIT38KDN
9201,North Retail Supply 9201,Charlotte,USA,Wholesaler,7,3.3,LSC-1FQCWOG1
9202,Vertex Enterprises 9202,Dallas,India,Distributor,2,4.2,LSC-R1LGE5MC
9203,United Logistics 9203,Portland,China,Manufacturer,19,3.7,LSC-7YHENMBL
9204,Blue Trading 9204,Columbus,Germany,Distributor,17,4.7,LSC-P2BX55XE
9205,Global Procurement 9205,Los Angeles,South Korea,Distributor,20,3.3,LSC-YRFNZF47
9206,Apex Enterprises 9206,Atlanta,Germany,Wholesaler,18,4.2,LSC-G9GKEKMD
9207,Summit Industrial 9207,Miami,USA,Distributor,19,4.1,LSC-WN36PDNN
9208,Summit Partners 9208,Portland,China,Wholesaler,30,4.6,LSC-OP4D6XU8
9209,North Wholesale 9209,Detroit,USA,Wholesaler,28,4.2,LSC-E72G528G
9210,West Trading 9210,Portland,Germany,Wholesaler,10,3.1,LSC-KG0C6FX4
9211,Rapid Wholesale 9211,San Jose,India,Distributor,26,2.6,LSC-2TECC9AL
9212,Quantum Logistics 9212,Boston,Vietnam,Manufacturer,23,4.5,LSC-EDZUILQ8
9213, Quantum Trading 9213 ,Atlanta,Thailand,Wholesaler,27,3.3,LSC-7CHVPPA9
9214, West Procurement 9214 ,Austin,Japan,Wholesaler,14,4.2,LSC-MM7SEL24
9215,Prime Logistics 9215,San Francisco,Germany,Wholesaler,30,4.4,LSC-ZFRW7X5T
9216,Blue Retail Supply 9216,New York,Mexico,Wholesaler,7,4.7,LSC-9154JRDC
9217,North Industrial 9217,Nashville,South Korea,Manufacturer,24,,LSC-M08HGLJ0
9218,Metro Logistics 9218,Charlotte,USA,Wholesaler,16,3.3,LSC-4HG249GG
9219,Apex Retail Supply 9219,Chicago,USA,Wholesaler,5,2.8,LSC-SY87WYBH
9220,West Logistics 9220,Detroit,Canada,Wholesaler,-6,3.1,LSC-J4GYIJ8O
9221,South Industrial 9221,Seattle,USA,Wholesaler,25,3.2,LSC-2VF9AHAN
9222,East Trading 9222,Columbus,Canada,Wholesaler,7,4.6,LSC-LHFM2YR6
9223, Global Industrial 9223 ,Nashville,Mexico,Manufacturer,25,4.8,LSC-6189H3KF
9224,Blue Trading 9224,San Jose,India,Manufacturer,21,4.5,LSC-CUFSBYS2
9225,Quantum Procurement 9225,Philadelphia,Vietnam,Manufacturer,3,4.0,LSC-DKCVCX9N
9226,United Partners 9226,Detroit,India,Wholesaler,7,3.2,LSC-MTWGBE23
9227,Rapid Trading 9227,Phoenix,Canada,Distributor,11,2.6,LSC-LO77K9LH
9228,West Distributors 9228,Philadelphia,India,Distributor,6,3.5,LSC-91S4O312
9229,West Supply 9229,Atlanta,Japan,Manufacturer,27,4.4,LSC-IPP0Q6RS
9230,West Logistics 9230,Chicago,USA,Distributor,22,,LSC-Z81FBNH3
9231,United Trading 9231,Atlanta,Canada,Manufacturer,20,3.3,LSC-X2NHG0QF
9232,Rapid Industrial 9232,Columbus,India,Distributor,25,4.7,LSC-KUF8TAEX
9233,United Industrial 9233,Los Angeles,China,Distributor,19,2.6,LSC-6U2CX4AW
9234,Prime Distributors 9234,Boston,Japan,Wholesaler,6,3.2,LSC-7IPJU60W
9235,West Logistics 9235,San Francisco,Mexico,Wholesaler,21,4.7,LSC-6SQKLS6D
9236,West Logistics 9236,San Jose,USA,Manufacturer,10,2.7,LSC-HA50G78A
9237,Vertex Logistics 9237,Phoenix,Germany,Distributor,6,3.1,LSC-6D65P2LN
9238,North Enterprises 9238,Dallas,USA,Manufacturer,7,2.7,LSC-16FXZSG7
9239,East Distributors 9239,Los Angeles,Canada,Wholesaler,10,3.2,LSC-0AKSYCVJ
9240,Summit Procurement 9240,San Jose,Thailand,Distributor,10,4.3,LSC-4QLEJDR6
9241,Quantum Enterprises 9241,Nashville,Japan,Wholesaler,9,3.8,LSC-SJ42OOP5
9242,Elite Wholesale 9242,Seattle,USA,Wholesaler,19,3.4,LSC-6K8CRXRH
9243,Quantum Supply 9243,Phoenix,South Korea,Manufacturer,9,3.6,LSC-RW4FQMHD
9244,Rapid Trading 9244,Dallas,Germany,Distributor,25,4.5,LSC-MBDT4GFU
9245,Elite Enterprises 9245,Philadelphia,Thailand,Distributor,18,3.3,LSC-OVOA4IYM
9246,South Industrial 9246,San Francisco,Mexico,Manufacturer,3,,LSC-DK4IOI0G
9247,Elite Partners 9247,San Francisco,Vietnam,Wholesaler,23,4.1,LSC-HICTQ61C
9248,Summit Partners 9248,Los Angeles,Germany,Distributor,16,,LSC-RD1PT8M7
9249,South Distributors 9249,Charlotte,China,Wholesaler,17,2.7,LSC-KJLW2ZMY
9250,Elite Distributors 9250,Philadelphia,China,Distributor,2,3.4,LSC-3W0493OS
9251,Apex Partners 9251,Austin,USA,Wholesaler,16,2.6,LSC-35PYHNB4
9252,Global Enterprises 9252,Charlotte,Thailand,Distributor,11,4.9,LSC-QYSKFG2M
9253,United Logistics 9253,San Jose,Canada,Distributor,14,3.6,LSC-0WT6DRBE
9254,Elite Industrial 9254,Detroit,Thailand,Manufacturer,27,4.5,LSC-XM6HJ2LH
9255,Quantum Trading 9255,Seattle,USA,Distributor,24,4.9,LSC-DWEV6VW2
9256,Quantum Wholesale 9256,Denver,India,Manufacturer,30,3.4,LSC-23YB1ORQ
9257,United Wholesale 9257,Atlanta,Japan,Distributor,14,4.9,LSC-MZDKVFEJ
9258,Blue Wholesale 9258,Chicago,South Korea,Manufacturer,3,3.2,LSC-JNTHMT9L
9259,Prime Enterprises 9259,Atlanta,Canada,Manufacturer,9,4.5,LSC-3ECNV5VE
9260,Vertex Trading 9260,San Francisco,USA,Wholesaler,15,4.3,LSC-FLFXC1OF
9261,Nova Supply 9261,Boston,India,Distributor,8,,LSC-NDXI7BMA
9262,Nova Trading 9262,Boston,China,Distributor,3,3.5,LSC-Q14YC3JT
9263,Vertex Distributors 9263,Denver,Canada,Wholesaler,26,2.6,LSC-KG0CDUPE
9264,North Enterprises 9264,Austin,Japan,Wholesaler,9,2.5,LSC-KOWWLIJQ
9265,Elite Retail Supply 9265,Houston,Germany,Distributor,29,3.1,LSC-1DGSKGOB
9266,Nova Wholesale 9266,Nashville,Canada,Manufacturer,7,3.8,LSC-DVUX5PMW
9267,North Enterprises 9267,Austin,South Korea,Wholesaler,4,4.3,LSC-SZN5CTTA
9268,Metro Industrial 9268,Seattle,Mexico,Manufacturer,15,3.0,LSC-LZ86V6W9
9269,Prime Trading 9269,Seattle,India,Wholesaler,27,2.7,LSC-JVZ0WJKI
9270,East Logistics 9270,Houston,Canada,Wholesaler,20,,LSC-KTPW4UB3
9271,South Procurement 9271,Phoenix,India,Manufacturer,12,2.5,LSC-IRO1TAIN
9272,Elite Procurement 9272,Seattle,Vietnam,Wholesaler,27,3.8,LSC-9JXPWFC8
9273,United Partners 9273,San Francisco,Vietnam,Distributor,9,2.6,LSC-EY5C1QBH
9274,Metro Enterprises 9274,Dallas,Japan,Distributor,4,3.9,LSC-HZBAKF2Y
9275,Apex Partners 9275,San Jose,China,Manufacturer,2,4.0,LSC-OW0B8USI
9276,Summit Retail Supply 9276,Seattle,Mexico,Wholesaler,7,4.9,LSC-A7TOTEQA
9277,United Enterprises 9277,San Jose,Japan,Distributor,30,4.6,LSC-2IUS2BQ6
9278,Nova Industrial 9278,Philadelphia,Mexico,Wholesaler,27,2.7,LSC-A2H3FIZ5
9279,Rapid Partners 9279,Houston,Thailand,Manufacturer,2,4.4,LSC-T315MG5M
9280,Nova Industrial 9280,San Jose,South Korea,Distributor,19,4.9,LSC-7JTLVIZU
9281,East Trading 9281,Detroit,Thailand,Wholesaler,15,2.9,LSC-858CRJH4
9282,Summit Trading 9282,Nashville,Japan,Wholesaler,3,2.9,LSC-6A17J6ZN
9283,Evergreen Procurement 9283,Miami,USA,Manufacturer,29,2.8,LSC-WDS1PSHJ
9284,Nova Enterprises 9284,Denver,Germany,Distributor,26,4.3,LSC-4HE6UQ7B
9285,Summit Enterprises 9285,Miami,India,Distributor,12,3.7,LSC-8WB9JFCO
9286,Metro Distributors 9286,Denver,Japan,Manufacturer,30,4.1,LSC-IVB4Y6DD
9287,West Industrial 9287,Austin,China,Wholesaler,13,2.6,LSC-EWQ73F3V
9288,Summit Enterprises 9288,Phoenix,Thailand,Wholesaler,4,,LSC-R2BZ7BHT
9289,Nova Distributors 9289,Phoenix,Thailand,Distributor,18,4.3,LSC-K6L0ZQXO
9290,West Industrial 9290,Atlanta,South Korea,Distributor,10,3.1,LSC-2HMJ1JHR
9291,Quantum Procurement 9291,Boston,Japan,Manufacturer,23,3.0,LSC-AUN4MVMP
9292,Vertex Distributors 9292,Miami,Germany,Wholesaler,27,4.5,LSC-K78VAOBB
9293,Apex Wholesale 9293,Denver,Mexico,Manufacturer,19,3.4,LSC-5JO5FQAY
9294,Evergreen Procurement 9294,PHOENIX,Japan,Wholesaler,21,4.2,LSC-YZ3FW127
9295,United Logistics 9295,Columbus,China,Manufacturer,28,3.9,LSC-4L3BQ160
9296,Blue Trading 9296,New York,China,Wholesaler,6,3.3,LSC-F8BIMHWJ
9297,Nova Supply 9297,Portland,Vietnam,Distributor,17,2.9,LSC-VP2YKMYC
9298,Prime Procurement 9298,New York,India,Distributor,15,3.9,LSC-F5OMI2R7
9299,West Industrial 9299,San Francisco,Germany,Distributor,16,3.5,LSC-HWCRE4DV
9300,North Distributors 9300,Atlanta,Germany,Distributor,30,4.2,LSC-QYZNAXBI
9301,United Procurement 9301,Denver,Vietnam,Wholesaler,16,3.9,LSC-AIUK0UUE
9302,North Distributors 9302,Los Angeles,Vietnam,Distributor,6,3.4,LSC-JYN2FFDM
9303,Blue Partners 9303,Austin,South Korea,Distributor,24,2.7,LSC-740988YE
9304,Evergreen Industrial 9304,Nashville,Vietnam,Distributor,27,3.1,LSC-IIDEA18D
9305,Blue Industrial 9305,Denver,Mexico,Wholesaler,30,,LSC-NE5O4DFC
9306,Quantum Wholesale 9306,New York,USA,Distributor,12,4.0,LSC-3D1SKUW0
9307,Nova Partners 9307,Philadelphia,India,Distributor,20,,LSC-49NKRINI
9308,Vertex Distributors 9308,Denver,Canada,Wholesaler,13,3.7,LSC-9HN2AGYD
9309,East Enterprises 9309,Los Angeles,South Korea,Manufacturer,14,3.6,LSC-S7YNN9G9
9310,Summit Partners 9310,New York,India,Distributor,17,4.9,LSC-GWW582Z9
9311,East Enterprises 9311,Boston,USA,Manufacturer,11,2.6,LSC-IMIPJ6SL
9312,Rapid Retail Supply 9312,Philadelphia,Mexico,Wholesaler,30,3.1,LSC-NUJ1YNJC
9313,Vertex Trading 9313,Seattle,Vietnam,Manufacturer,21,4.4,LSC-HU9YWNYJ
9314,Vertex Industrial 9314,Atlanta,South Korea,Distributor,22,2.6,LSC-TPOBIPYB
9315,West Industrial 9315,Seattle,Vietnam,Wholesaler,28,3.9,LSC-62146NZ9
9316,Metro Partners 9316,Charlotte,Mexico,Manufacturer,30,4.3,LSC-Z4O2NW31
9317,Blue Supply 9317,Houston,Vietnam,Wholesaler,21,3.9,LSC-I20UNQKT
9318,East Wholesale 9318,San Francisco,Canada,Distributor,23,4.0,LSC-I77H4UNF
9319,South Wholesale 9319,Dallas,USA,Wholesaler,8,3.8,LSC-EI3TVL16
9320,United Industrial 9320,Nashville,Canada,Distributor,27,3.4,LSC-SQEXRR85
9321,Metro Wholesale 9321,Seattle,Mexico,Manufacturer,7,2.8,LSC-NR911OU1
9322,Apex Distributors 9322,New York,China,Wholesaler,17,3.2,LSC-1KDIU43Z
9323,Evergreen Retail Supply 9323,Seattle,Germany,Manufacturer,24,3.7,LSC-V7X4FZXO
9324,East Wholesale 9324,Austin,Vietnam,Manufacturer,4,4.3,LSC-2LYOF8IQ
9325,United Partners 9325,Miami,China,Manufacturer,16,4.4,LSC-SWBCTMTF
9326,Summit Procurement 9326,Dallas,South Korea,Distributor,18,2.9,LSC-WL23GZ29
9327,Nova Logistics 9327,Phoenix,India,Distributor,9,4.9,LSC-UV7DSBL2
9328,Prime Trading 9328,Miami,Canada,Manufacturer,11,4.4,LSC-PQGY6TXT
9329,Global Distributors 9329,Philadelphia,India,Distributor,27,2.8,LSC-5TVC9XUK
9330,Evergreen Partners 9330,Houston,Japan,Distributor,6,4.6,LSC-LD2ZAUIN
9331,East Procurement 9331,Denver,South Korea,Wholesaler,6,3.1,LSC-614Q9HOE
9332,Prime Wholesale 9332,Miami,Mexico,Manufacturer,25,2.8,LSC-V1HG4GBY
9333,Vertex Distributors 9333,Seattle,Germany,Manufacturer,20,4.7,LSC-MF1O2MLS
9334,Summit Industrial 9334,Atlanta,China,Distributor,21,4.4,LSC-KNS09BEF
9335,Summit Enterprises 9335,Phoenix,India,Distributor,7,4.3,LSC-MR2NWDN9
9336,South Partners 9336,Atlanta,Thailand,Distributor,19,3.4,LSC-MTH2PN0K
9337,Vertex Trading 9337,Portland,China,Manufacturer,27,3.1,LSC-59SYTGFQ
9338,Nova Enterprises 9338,Seattle,Japan,Wholesaler,6,4.4,LSC-BMYDVJ66
9339,Vertex Distributors 9339,Nashville,USA,Distributor,5,2.9,LSC-ZERUC7SJ
9340,West Trading 9340,Charlotte,South Korea,Distributor,29,4.6,LSC-OM9O7YE3
9341,Global Industrial 9341,Miami,South Korea,Wholesaler,3,4.6,LSC-XKZOZOE3
9342,Nova Retail Supply 9342,Nashville,Mexico,Wholesaler,17,4.2,LSC-T82Z4JSI
9343,Nova Enterprises 9343,Detroit,USA,Distributor,27,2.6,LSC-EUPLQCXM
9344,Summit Industrial 9344,Chicago,Germany,Distributor,28,3.4,LSC-I0ZPDHT9
9345,Evergreen Procurement 9345,Miami,USA,Distributor,22,4.9,LSC-6DGIMQ1O
9346,Apex Wholesale 9346,Philadelphia,South Korea,Distributor,25,5.0,LSC-C1JH83A6
9347,Summit Wholesale 9347,Austin,China,Manufacturer,4,4.2,LSC-NA2RXDGZ
9348,Nova Trading 9348,Philadelphia,South Korea,Wholesaler,9,2.8,LSC-1RCEPWSI
9349,North Supply 9349,San Jose,Japan,Distributor,30,3.1,LSC-Z4DZINLE
9350,Global Wholesale 9350,Nashville,India,Manufacturer,14,4.3,LSC-QGQ5DYY2
9351,Blue Trading 9351,Los Angeles,USA,Wholesaler,11,3.1,LSC-Z8EWV6SK
9352,United Industrial 9352,Denver,Japan,Distributor,27,2.8,LSC-0IPCT6C0
9353,Prime Industrial 9353,Miami,Thailand,Manufacturer,11,4.2,LSC-50Z8A175
9354,Vertex Wholesale 9354,Charlotte,Thailand,Distributor,25,,LSC-ZWOIO65X
9355,Prime Industrial 9355,Denver,Germany,Distributor,29,2.7,LSC-O1BKIFH9
9356,East Trading 9356,Phoenix,Thailand,Manufacturer,13,3.6,LSC-4F39VZGT
9357,Vertex Retail Supply 9357,Detroit,China,Wholesaler,6,3.9,LSC-VSS1QMNV
9358,West Wholesale 9358,Houston,China,Distributor,4,2.7,LSC-CKSB0OJU
9359,Vertex Logistics 9359,Phoenix,Japan,Distributor,5,5.0,LSC-4JIV17X8
9360,Summit Partners 9360,Portland,Mexico,Manufacturer,22,3.9,LSC-WX32OYYS
9361,Apex Supply 9361,Los Angeles,Mexico,Manufacturer,2,,LSC-HUYBBTRL
9362,Apex Trading 9362,Atlanta,Japan,Wholesaler,5,4.6,LSC-BE4C7S42
9363,Elite Retail Supply 9363,San Francisco,South Korea,Distributor,11,3.8,LSC-0RN7HL8Z
9364,Blue Retail Supply 9364,Dallas,Germany,Manufacturer,18,4.9,LSC-N371D1ZF
9365,Blue Supply 9365,San Francisco,Canada,Distributor,13,3.9,LSC-ZSTI3F3J
9366,Elite Procurement 9366,Detroit,USA,Wholesaler,13,,LSC-0Y3WHTEE
9367,South Procurement 9367,Dallas,Thailand,Distributor,21,4.4,LSC-PT0A9D42
9368,West Partners 9368,Columbus,Vietnam,Wholesaler,20,,LSC-H0AT6Y8O
9369,Metro Retail Supply 9369,Denver,Mexico,Distributor,12,3.9,LSC-N0FNHSUH
9370,United Trading 9370,Atlanta,Japan,Wholesaler,11,4.9,LSC-97MK5HW1
9371,Nova Logistics 9371,Columbus,India,Distributor,6,4.2,LSC-N4PM3H1B
9372,Global Retail Supply 9372,San Jose,China,Manufacturer,6,4.5,LSC-X5BVG07S
9373,Vertex Supply 9373,Philadelphia,Germany,Manufacturer,25,2.6,LSC-EXLZ8J20
9374,Global Supply 9374,Philadelphia,USA,Manufacturer,23,3.9,LSC-5U84FNK3
9375,Quantum Distributors 9375,Nashville,Vietnam,Manufacturer,21,4.5,LSC-GKOO7RRW
9376,Nova Partners 9376,Miami,South Korea,Wholesaler,9,4.7,LSC-A9VG27DC
9377,Vertex Supply 9377,Columbus,USA,Manufacturer,30,3.6,LSC-917QHGVY
9378,Elite Partners 9378,Seattle,Japan,Distributor,28,4.1,LSC-53APU3WZ
9379,Rapid Retail Supply 9379,Phoenix,Canada,Wholesaler,6,4.2,LSC-5YB2V1M6
9380,Evergreen Retail Supply 9380,San Jose,Mexico,Wholesaler,29,3.9,LSC-UPJPG096
9381,Evergreen Enterprises 9381,Philadelphia,Germany,Wholesaler,18,4.0,LSC-98GSBW6M
9382,Global Wholesale 9382,Seattle,Germany,Manufacturer,14,3.5,LSC-DJBO7B2Y
9383,Summit Logistics 9383,Philadelphia,Canada,Manufacturer,23,4.7,LSC-3QHTRT6R
9384,North Supply 9384,Phoenix,Vietnam,Distributor,7,4.4,LSC-K72TIEGS
9385,Quantum Logistics 9385,Denver,Mexico,Distributor,14,4.3,LSC-NN526EDO
9386,Metro Enterprises 9386,Atlanta,Thailand,Wholesaler,13,4.9,LSC-SGJL73YW
9387,Vertex Wholesale 9387,Charlotte,Canada,Manufacturer,23,4.0,LSC-QLAKABM0
9388,Vertex Enterprises 9388,Los Angeles,Vietnam,Wholesaler,22,3.3,LSC-8FLRJYKC
9389,Global Partners 9389,San Francisco,China,Manufacturer,5,3.8,LSC-NO52A2CZ
9390,Prime Distributors 9390,Boston,USA,Distributor,22,3.3,LSC-G79612KZ
9391,Apex Procurement 9391,Denver,India,Wholesaler,4,3.4,LSC-SNRDOPZP
9392,Elite Retail Supply 9392,Charlotte,India,Wholesaler,2,4.8,LSC-386WN27I
9393,Evergreen Retail Supply 9393,San Jose,South Korea,Distributor,3,3.2,LSC-K0KCNRFF
9394,West Logistics 9394,Chicago,South Korea,Wholesaler,25,3.0,LSC-7A74FV0U
9395,Evergreen Distributors 9395,Chicago,India,Wholesaler,21,4.2,LSC-QRTDGDUY
9396, Evergreen Partners 9396 ,Denver,Canada,Wholesaler,23,3.8,LSC-49XD90RR
9397,Evergreen Logistics 9397,Seattle,China,Wholesaler,25,2.7,LSC-MBVF710T
9398,Blue Retail Supply 9398,Austin,Germany,Distributor,20,4.6,LSC-CRFZG5PE
9399,United Procurement 9399,Denver,South Korea,Wholesaler,6,4.1,LSC-D2V1FL5T
9400,Vertex Logistics 9400,Miami,Vietnam,Manufacturer,4,4.6,LSC-LJE3TGWS
9401,Metro Supply 9401,Denver,Canada,Distributor,9,3.7,LSC-G3ZDM4KC
9402,Quantum Distributors 9402,Dallas,Vietnam,Distributor,21,2.9,LSC-X6UVTX29
9403,Rapid Supply 9403,Seattle,USA,Wholesaler,4,3.5,LSC-Z4S9Z368
9404,South Retail Supply 9404,Portland,Germany,Wholesaler,12,4.4,LSC-E90QGCCT
9405,Vertex Retail Supply 9405,Dallas,Vietnam,Manufacturer,30,4.8,LSC-T5XNRW4N
9406,Nova Enterprises 9406,San Jose,Thailand,Wholesaler,25,4.4,LSC-QYX3QXC9
9407,South Supply 9407,Philadelphia,Mexico,Wholesaler,11,4.3,LSC-SQ8EQBUF
9408,Prime Supply 9408,Chicago,Mexico,Distributor,7,4.6,LSC-240T3RQI
9409,Rapid Supply 9409,New York,Vietnam,Manufacturer,7,5.0,LSC-W3VYVXTJ
9410,South Trading 9410,Miami,USA,Distributor,14,3.1,LSC-EGQHOO0X
9411,Blue Procurement 9411,Boston,Thailand,Manufacturer,10,2.7,LSC-AVOO0JM1
9412,Summit Supply 9412,Dallas,South Korea,Manufacturer,26,2.9,LSC-WGYLLR6Z
9413,Global Trading 9413,Dallas,Vietnam,Distributor,23,4.7,LSC-K8X3FSPB
9414,West Retail Supply 9414,Phoenix,Canada,Wholesaler,17,3.3,LSC-JTVFJ1OK
9415,East Supply 9415,Dallas,Japan,Wholesaler,23,4.9,LSC-T8R0IFEJ
9416,Rapid Enterprises 9416,Chicago,India,Wholesaler,10,2.7,LSC-IY1HR9M5
9417,Metro Trading 9417,Miami,India,Wholesaler,8,3.6,LSC-9B3BA6HV
9418,Summit Distributors 9418,Houston,Vietnam,Distributor,13,3.8,LSC-TRBUXVQW
9419,Elite Trading 9419,Charlotte,Mexico,Manufacturer,8,4.6,LSC-O0M6ZXOY
9420, Global Retail Supply 9420 ,Miami,Japan,Wholesaler,7,4.2,LSC-5QFAGQ6J
9421,Global Industrial 9421,Austin,Canada,Distributor,21,3.4,LSC-GUACDI77
9422,Nova Industrial 9422,Austin,South Korea,Manufacturer,17,3.4,LSC-GYSHUY4B
9423,Evergreen Logistics 9423,Columbus,Canada,Wholesaler,8,3.9,LSC-4RPGE5U5
9424,Evergreen Procurement 9424,Boston,Canada,Manufacturer,17,,LSC-HUWFCWSI
9425,Metro Industrial 9425,New York,Japan,Distributor,30,4.8,LSC-3XO04H1F
9426,Nova Wholesale 9426,Dallas,Germany,Distributor,22,2.9,LSC-P30V5AC4
9427,Metro Distributors 9427,Atlanta,Japan,Wholesaler,22,3.4,LSC-ZZTQZI0X
9428,Prime Procurement 9428,Seattle,USA,Distributor,19,4.8,LSC-FW9IGWJ5
9429,North Wholesale 9429,Charlotte,India,Distributor,26,3.6,LSC-7Z8ILFZT
9430,East Wholesale 9430,Houston,Mexico,Wholesaler,23,3.9,LSC-0KBAGUG8
9431,Nova Partners 9431,Detroit,Japan,Manufacturer,6,2.6,LSC-RGRAERYT
9432,Summit Distributors 9432,Boston,Canada,Wholesaler,3,3.1,LSC-Z3TCWYP0
9433,Rapid Procurement 9433,San Jose,Thailand,Distributor,29,4.8,LSC-JV6KDLRC
9434,Summit Retail Supply 9434,Los Angeles,Vietnam,Wholesaler,23,3.8,LSC-QBV2W0SA
9435,Metro Retail Supply 9435,Miami,Germany,Wholesaler,16,4.8,LSC-ACRNAFSB
9436,South Trading 9436,Chicago,China,Distributor,23,2.9,LSC-WBC19XT9
9437,West Distributors 9437,Phoenix,Mexico,Wholesaler,5,4.0,LSC-2KLY0ZQF
9438,West Procurement 9438,Charlotte,India,Distributor,6,2.6,LSC-CB46MS11
9439,Vertex Retail Supply 9439,San Francisco,Mexico,Manufacturer,23,3.4,LSC-CJ12ZJQU
9440,Vertex Procurement 9440,Charlotte,USA,Wholesaler,17,3.1,LSC-TK2RIGIF
9441,Metro Industrial 9441,Dallas,China,Manufacturer,23,4.5,LSC-0JSEP8OF
9442,Nova Wholesale 9442,Austin,Vietnam,Distributor,22,4.9,LSC-3E58V2IZ
9443,Prime Trading 9443,Phoenix,USA,Distributor,24,3.8,LSC-7JKMDLEV
9444,Summit Industrial 9444,Dallas,Thailand,Distributor,9,4.0,LSC-O1JJOBBM
9445,East Enterprises 9445,Portland,Thailand,Manufacturer,20,3.5,LSC-QVD49IJA
9446,Quantum Supply 9446,Charlotte,Thailand,Distributor,27,4.2,LSC-ED21CN62
9447,United Trading 9447,New York,Canada,Wholesaler,17,3.0,LSC-5FM7PFBQ
9448,North Trading 9448,San Jose,Japan,Distributor,12,3.6,LSC-VYJSOABM
9449,Vertex Partners 9449,Austin,Vietnam,Manufacturer,18,4.2,LSC-LX9OP8CP
9450, Summit Procurement 9450 ,Houston,China,Manufacturer,12,3.7,LSC-KLKQ7J8X
9451,Vertex Retail Supply 9451,Seattle,South Korea,Distributor,27,2.6,LSC-FXJZCILI
9452,Vertex Procurement 9452,New York,China,Manufacturer,25,2.6,LSC-SD52X4WB
9453,West Supply 9453,Phoenix,Thailand,Wholesaler,9,4.7,LSC-T117GPMF
9454,Blue Distributors 9454,Nashville,USA,Distributor,28,4.7,LSC-CITVBFDR
9455,West Procurement 9455,Portland,USA,Manufacturer,20,,LSC-G9XIBE7F
9456,Apex Enterprises 9456,Austin,Japan,Manufacturer,10,3.2,LSC-JSQRUVGA
9457,Evergreen Enterprises 9457,Atlanta,Canada,Distributor,5,4.6,LSC-JR67FMTT
9458,Rapid Supply 9458,Dallas,India,Distributor,5,2.9,LSC-2ZOE8YP7
9459,Elite Industrial 9459,San Francisco,Germany,Distributor,9,4.2,LSC-J9NDLZRI
9460,Vertex Logistics 9460,Charlotte,India,Wholesaler,12,4.3,LSC-TFA9VGYO
9461,East Distributors 9461,Miami,Thailand,Wholesaler,3,3.2,LSC-7CPH3SAG
9462,Quantum Industrial 9462,Denver,China,Manufacturer,20,3.7,LSC-FO90UQTA
9463,Summit Industrial 9463,Austin,South Korea,Wholesaler,17,3.1,LSC-KR0R4CXH
9464,Metro Industrial 9464,Portland,Mexico,Distributor,4,4.1,LSC-3KVESUBR
9465,Blue Distributors 9465,Charlotte,India,Manufacturer,4,5.0,LSC-YKNXH6DI
9466,Elite Supply 9466,Dallas,China,Wholesaler,7,2.8,LSC-5ZANX3XH
9467,East Logistics 9467,Nashville,India,Distributor,21,3.4,LSC-MQTHB4E6
9468,Evergreen Procurement 9468,Houston,Japan,Manufacturer,25,3.8,LSC-N9261ZF3
9469,Evergreen Retail Supply 9469,Phoenix,Germany,Distributor,9,3.0,LSC-P1FRN5SH
9470,Quantum Industrial 9470,Portland,Canada,Distributor,6,,LSC-SPZK1NZN
9471,Evergreen Distributors 9471,San Jose,India,Wholesaler,17,4.2,LSC-MY8EVZA7
9472,South Logistics 9472,San Jose,Canada,Wholesaler,2,2.9,LSC-EW9U62MA
9473,Metro Wholesale 9473,Phoenix,India,Wholesaler,17,4.9,LSC-3E1F6KX9
9474,Nova Retail Supply 9474,Seattle,Vietnam,Manufacturer,28,2.7,LSC-RK4HOCCR
9475,North Supply 9475,Dallas,USA,Wholesaler,5,5.0,LSC-49O8VSWS
9476,Evergreen Wholesale 9476,Portland,China,Wholesaler,12,4.3,LSC-K75J99R8
9477,Elite Logistics 9477,Philadelphia,Canada,Wholesaler,5,4.7,LSC-NEGWQKBI
9478,Nova Enterprises 9478,Chicago,South Korea,Wholesaler,10,4.8,LSC-7E9QXEL9
9479,Apex Partners 9479,San Francisco,South Korea,Distributor,29,2.5,LSC-LNC6WAKQ
9480,Apex Partners 9480,Miami,Mexico,Distributor,10,4.2,LSC-OD4PLO66
9481,East Procurement 9481,Houston,Japan,Manufacturer,7,4.9,LSC-4PK4HQBM
9482,Blue Industrial 9482,Seattle,South Korea,Wholesaler,5,3.0,LSC-I4Y0G6EW
9483,Vertex Wholesale 9483,New York,Mexico,Manufacturer,19,3.7,LSC-DQTH8EC5
9484,Summit Supply 9484,Chicago,South Korea,Distributor,22,3.5,LSC-I6XPWF81
9485,Quantum Retail Supply 9485,Atlanta,USA,Manufacturer,24,4.1,LSC-RZBFNZ21
9486,Prime Distributors 9486,Detroit,Mexico,Wholesaler,22,3.9,LSC-GZ079PZB
9487,Blue Industrial 9487,Boston,South Korea,Distributor,25,3.3,LSC-IPZSWONN
9488,Evergreen Industrial 9488,Portland,USA,Distributor,23,4.9,LSC-VIH5ZAKI
9489,Elite Procurement 9489,San Francisco,Germany,Distributor,10,2.5,LSC-W6QA2Z9U
9490,Elite Retail Supply 9490,Miami,Japan,Manufacturer,19,4.4,LSC-GMRICV9P
9491,Evergreen Procurement 9491,Nashville,South Korea,Distributor,27,3.9,LSC-6YGYNVBD
9492,United Retail Supply 9492,Dallas,Thailand,Wholesaler,17,4.6,LSC-AGRX95FM
9493,Global Wholesale 9493,Miami,India,Wholesaler,18,3.0,LSC-G5HI11E2
9494,Quantum Trading 9494,Miami,Canada,Manufacturer,27,4.9,LSC-E6XL9GQJ
9495,Elite Distributors 9495,Portland,Germany,Manufacturer,5,3.6,LSC-8X31PJCO
9496, Global Supply 9496 ,Atlanta,Germany,Wholesaler,26,2.8,LSC-NSWELUT8
9497,Evergreen Industrial 9497,Miami,China,Distributor,13,,LSC-O16TJMB7
9498,Prime Industrial 9498,San Francisco,Japan,Wholesaler,17,,LSC-7F3HTKAU
9499,West Retail Supply 9499, new york,Japan,Manufacturer,19,4.1,LSC-8U8600OY
9500,Metro Trading 9500,Boston,Canada,Wholesaler,15,3.8,LSC-06HU5L0F
9501,Rapid Retail Supply 9501,San Francisco,India,Distributor,10,3.7,LSC-1U69QTTS
9502,United Retail Supply 9502,Portland,Canada,Manufacturer,17,3.0,LSC-SF18RNVL
9503,Summit Enterprises 9503,Phoenix,Germany,Distributor,13,3.7,LSC-6HKAJN5K
9504,United Supply 9504,Boston,Mexico,Manufacturer,5,4.1,LSC-RU850O8D
9505,Global Trading 9505,Nashville,Thailand,Wholesaler,27,4.0,LSC-3US3M4ZU
9506,Global Logistics 9506,Houston,India,Manufacturer,14,3.2,LSC-C6DKKKZU
9507,United Distributors 9507,Columbus,China,Distributor,20,4.8,LSC-OTCFWEZP
9508,Quantum Retail Supply 9508,Austin,Thailand,Manufacturer,24,3.6,LSC-Q1V1QM2C
9509,Prime Wholesale 9509,Seattle,Mexico,Manufacturer,6,3.3,LSC-QPSYM0N7
9510,Prime Enterprises 9510,Dallas,Thailand,Manufacturer,16,3.1,LSC-FJWCK4J4
9511,Metro Logistics 9511,Atlanta,USA,Distributor,10,3.4,LSC-21PJOS6D
9512, Blue Trading 9512 ,New York,Canada,Wholesaler,6,3.3,LSC-1JQWLBX7
9513,Evergreen Partners 9513,Houston,Canada,Wholesaler,19,4.7,LSC-GYH5ILJB
9514,Quantum Logistics 9514,Seattle,Canada,Wholesaler,13,4.7,LSC-FYWF3UNI
9515,Nova Logistics 9515,Philadelphia,South Korea,Distributor,13,4.8,LSC-78P4V91T
9516, West Partners 9516 ,Boston,USA,Manufacturer,8,2.9,LSC-GV5FASBT
9517,United Partners 9517,Detroit,Canada,Distributor,25,2.6,LSC-K4PXH94N
9518,Metro Distributors 9518,Boston,China,Manufacturer,7,4.5,LSC-NKB56FK7
9519,Global Supply 9519,Charlotte,Germany,Distributor,19,2.9,LSC-E2K6UMW8
9520,Global Enterprises 9520,New York,South Korea,Distributor,18,4.4,LSC-JYO082LP
9521,Apex Distributors 9521,Denver,China,Wholesaler,10,3.0,LSC-YSKKJZHD
9522,Elite Supply 9522,Portland,Mexico,Wholesaler,5,4.6,LSC-Y2S80LCB
9523,Evergreen Enterprises 9523,Portland,China,Wholesaler,18,4.5,LSC-3EDFYG9A
9524,West Enterprises 9524,Nashville,Thailand,Distributor,20,4.4,LSC-3VOSHZKF
9525,East Partners 9525,Portland,India,Wholesaler,6,4.3,LSC-37NKGPH4
9526,North Logistics 9526,Chicago,China,Manufacturer,28,3.1,LSC-NGKL160Q
9527,Blue Procurement 9527,Columbus,USA,Manufacturer,19,4.3,LSC-8Z2DCLIO
9528,Rapid Retail Supply 9528,Philadelphia,Vietnam,Wholesaler,16,3.8,LSC-VJ8JGOIW
9529,Summit Supply 9529,Nashville,South Korea,Distributor,22,,LSC-JUAXWE7E
9530,Vertex Retail Supply 9530,Houston,India,Wholesaler,27,,LSC-2CQVGV3G
9531,Nova Enterprises 9531,Los Angeles,India,Distributor,28,,LSC-DTUS7N9T
9532,East Procurement 9532,Columbus,China,Manufacturer,12,4.9,LSC-MYV2RR7G
9533,Quantum Procurement 9533,Chicago,Canada,Distributor,16,3.6,LSC-I3UZ0GVM
9534,Metro Wholesale 9534,Columbus,Vietnam,Wholesaler,11,4.8,LSC-7F1IUTAI
9535,Nova Enterprises 9535,Los Angeles,India,Manufacturer,19,3.5,LSC-2V649GPL
9536,Elite Distributors 9536,Boston,Canada,Distributor,27,2.9,LSC-2IIC23OS
9537,United Partners 9537,Seattle,Japan,Manufacturer,27,5.0,LSC-ZZHAM72M
9538,Global Trading 9538,Seattle,Germany,Distributor,8,2.6,LSC-82RZ8JPM
9539,South Distributors 9539,Phoenix,China,Wholesaler,24,5.0,LSC-0H3ZZNI4
9540,United Logistics 9540,Atlanta,Canada,Distributor,5,3.3,LSC-6V0PWV2R
9541,Nova Procurement 9541,Phoenix,Thailand,Wholesaler,15,2.9,LSC-34DOHRDY
9542,Rapid Logistics 9542,San Jose,USA,Wholesaler,17,3.6,LSC-F4W113PS
9543,South Logistics 9543,Detroit,India,Distributor,28,3.4,LSC-R0VP3B3H
9544,West Logistics 9544,Nashville,Japan,Distributor,25,4.2,LSC-HTLH80UC
9545,Vertex Enterprises 9545,Philadelphia,Thailand,Manufacturer,16,3.9,LSC-KP235VCP
9546,West Procurement 9546,Austin,Germany,Manufacturer,11,4.6,LSC-PE28WB4W
9547,Global Logistics 9547,San Francisco,USA,Wholesaler,13,2.8,LSC-9ENV2EH2
9548,North Enterprises 9548,Detroit,Vietnam,Wholesaler,17,4.2,LSC-UOT0M7ZM
9549,Metro Wholesale 9549,Portland,USA,Manufacturer,30,2.9,LSC-OI6IK9P4
9550,Rapid Retail Supply 9550,Miami,Thailand,Wholesaler,21,3.0,LSC-43D45R30
9551,Evergreen Enterprises 9551,San Francisco,India,Wholesaler,28,3.8,LSC-HMTYDMKP
9552,Metro Distributors 9552,Chicago,South Korea,Manufacturer,17,3.5,LSC-P22AGT6X
9553,Rapid Industrial 9553,Miami,Japan,Distributor,10,3.2,LSC-CHT8LHJS
9554,Metro Partners 9554,Boston,Japan,Wholesaler,6,4.2,LSC-49QEF8AD
9555,South Distributors 9555,Seattle,China,Manufacturer,13,4.6,LSC-KX70PJWK
9556,Rapid Supply 9556,Denver,Vietnam,Manufacturer,10,4.5,LSC-Z4V28XHN
9557,North Wholesale 9557,San Francisco,Japan,Distributor,27,3.4,LSC-VPO611W3
9558,West Partners 9558,San Francisco,Mexico,Wholesaler,21,3.6,LSC-XZBQPRFG
9559,Prime Retail Supply 9559,Philadelphia,India,Distributor,6,4.9,LSC-9HCL526I
9560,Nova Wholesale 9560,Charlotte,Japan,Distributor,9,2.6,LSC-USG5U45A
9561,West Procurement 9561,New York,Mexico,Distributor,22,3.2,LSC-ZHDD49H0
9562,South Distributors 9562,Denver,Canada,Wholesaler,19,4.7,LSC-8WZP76YA
9563,Prime Supply 9563,Dallas,Mexico,Manufacturer,9,3.7,LSC-WMTAGSBD
9564,Blue Wholesale 9564,Boston,Germany,Manufacturer,14,4.6,LSC-V5SLR4H3
9565,Apex Trading 9565,Philadelphia,Thailand,Manufacturer,18,2.6,LSC-YENTEEZD
9566,Blue Procurement 9566,Charlotte,Thailand,Manufacturer,17,4.4,LSC-0BLLZS56
9567,Nova Retail Supply 9567,Seattle,Thailand,Manufacturer,14,3.3,LSC-16CO53D7
9568,Global Trading 9568,Charlotte,USA,Wholesaler,11,2.6,LSC-NGP7G2Z4
9569,East Distributors 9569,New York,India,Wholesaler,8,2.7,LSC-07J0NP7Q
9570,Prime Supply 9570,Miami,South Korea,Distributor,29,4.7,LSC-FZHXSI13
9571,Metro Enterprises 9571,Dallas,Canada,Distributor,4,3.7,LSC-T9LMROEI
9572,East Trading 9572,Phoenix,USA,Manufacturer,14,3.0,LSC-VL85HFNE
9573,North Trading 9573,Miami,China,Manufacturer,10,3.7,LSC-JZS1WDJ9
9574,Summit Supply 9574,Columbus,China,Distributor,29,3.3,LSC-SSWZ0KKT
9575,United Industrial 9575,Denver,South Korea,Distributor,24,4.6,LSC-14L5RWJE
9576,West Wholesale 9576,Columbus,Germany,Distributor,19,4.1,LSC-MQ5YBRQ2
9577,Summit Logistics 9577,Columbus,Vietnam,Distributor,28,3.0,LSC-6KMDVH8X
9578,Global Trading 9578,Chicago,Thailand,Manufacturer,21,2.6,LSC-TFQ8SKJC
9579,Metro Logistics 9579,San Francisco,Mexico,Wholesaler,9,3.1,LSC-9F5U8ZOA
9580,Quantum Procurement 9580,Austin,Japan,Distributor,22,2.7,LSC-A7QQG2KO
9581,Blue Procurement 9581,Nashville,Germany,Distributor,3,3.4,LSC-FJM9SRSN
9582,Nova Enterprises 9582,San Francisco,Vietnam,Wholesaler,5,4.4,LSC-FM0ZU2ZO
9583,Evergreen Retail Supply 9583,Seattle,Vietnam,Manufacturer,21,3.9,LSC-0E6E58AV
9584,Rapid Partners 9584,Dallas,Germany,Wholesaler,20,2.7,LSC-R5H5JHL7
9585,United Procurement 9585,New York,Japan,Manufacturer,29,3.2,LSC-U6NVUEZP
9586,Quantum Procurement 9586,San Jose,Germany,Distributor,25,2.6,LSC-QRJPXAHH
9587,Global Logistics 9587,San Francisco,South Korea,Manufacturer,14,4.3,LSC-PWGDZCVT
9588,United Wholesale 9588,Los Angeles,South Korea,Wholesaler,19,2.8,LSC-DDMHNDTW
9589,Global Logistics 9589,Denver,Thailand,Wholesaler,4,2.8,LSC-5EZDQVSX
9590,Rapid Procurement 9590,New York,Japan,Manufacturer,16,4.9,LSC-01V8YWCI
9591,Prime Supply 9591,Atlanta,South Korea,Distributor,25,4.7,LSC-V1IO7B3I
9592,Nova Distributors 9592,Austin,Mexico,Manufacturer,30,3.6,LSC-LMHPWH9F
9593,West Distributors 9593,Columbus,Germany,Wholesaler,12,3.6,LSC-F0RNVH2O
9594,Metro Wholesale 9594,Seattle,China,Wholesaler,19,3.4,LSC-V6YVOK7A
9595,Rapid Trading 9595,Houston,China,Manufacturer,14,4.0,LSC-7PG7ZIIC
9596,Elite Partners 9596,Los Angeles,Japan,Wholesaler,18,4.9,LSC-MLX0BCRU
9597,Rapid Wholesale 9597,New York,South Korea,Distributor,8,3.8,LSC-KR965TAF
9598,Global Enterprises 9598,Charlotte,Vietnam,Wholesaler,29,3.9,LSC-IY10Q045
9599,United Procurement 9599,Houston,Mexico,Wholesaler,24,,LSC-NQ6KPSOD
9600,West Supply 9600,Austin,Mexico,Wholesaler,8,4.9,LSC-0IB39Z5Y
9601,Vertex Industrial 9601,Boston,India,Manufacturer,18,3.2,LSC-1XR6VNK1
9602,Global Procurement 9602,Houston,Germany,Distributor,7,4.1,LSC-AI09C11K
9603,Quantum Procurement 9603,New York,Vietnam,Manufacturer,9,3.0,LSC-SXFKMKAK
9604,Blue Partners 9604,San Francisco,USA,Manufacturer,25,3.9,LSC-CPW2467E
9605,Blue Enterprises 9605,Nashville,Vietnam,Wholesaler,18,3.1,LSC-T9E14F0I
9606,Blue Trading 9606,San Francisco,Canada,Distributor,16,3.0,LSC-98KPVOVR
9607,Metro Supply 9607,Boston,Mexico,Distributor,18,2.6,LSC-XKXXKY99
9608,Blue Supply 9608,Nashville,South Korea,Wholesaler,3,4.4,LSC-NBV9MTGT
9609,Rapid Supply 9609,Miami,India,Wholesaler,8,,LSC-LSJRFWP6
9610,Prime Wholesale 9610,Phoenix,Germany,Distributor,3,,LSC-NHIPLN20
9611,Apex Partners 9611,Boston,USA,Manufacturer,7,3.6,LSC-QLQ5MP96
9612,Evergreen Retail Supply 9612,Chicago,China,Distributor,26,3.6,LSC-L2K42N0D
9613,Rapid Partners 9613,Philadelphia,USA,Manufacturer,21,2.8,LSC-6OR67AFY
9614,Rapid Partners 9614,Miami,USA,Distributor,30,3.4,LSC-DYVOX6PY
9615,Elite Distributors 9615,Portland,Thailand,Wholesaler,20,3.7,LSC-D7LJC7P9
9616,Summit Industrial 9616,Seattle,Germany,Distributor,5,2.8,LSC-1T2JBT31
9617,West Enterprises 9617,Denver,Japan,Manufacturer,11,3.3,LSC-YB3WYTT5
9618,Elite Trading 9618,New York,Mexico,Manufacturer,19,,LSC-XYBX6S95
9619,Blue Logistics 9619,San Francisco,Mexico,Manufacturer,29,3.3,LSC-KZ6BQFQ8
9620,United Partners 9620,Columbus,USA,Distributor,22,3.3,LSC-QZB0PO8B
9621,South Enterprises 9621,Charlotte,South Korea,Wholesaler,8,,LSC-GXKVAP4Y
9622,North Retail Supply 9622,Austin,Vietnam,Manufacturer,21,3.8,LSC-DUATLMH8
9623,Nova Supply 9623,Los Angeles,Germany,Distributor,29,4.1,LSC-OXUHEXYH
9624,Nova Enterprises 9624,Houston,Vietnam,Wholesaler,6,2.6,LSC-URVJD7WL
9625,Evergreen Distributors 9625,Denver,Mexico,Manufacturer,4,3.4,LSC-OCZK4ITY
9626,Evergreen Logistics 9626,San Jose,Vietnam,Wholesaler,13,3.8,LSC-1TTHCQGC
9627, Summit Supply 9627 ,Atlanta,Thailand,Manufacturer,7,2.9,LSC-HY4R9K4P
9628,South Logistics 9628,San Jose,China,Distributor,28,3.8,LSC-4NBAYXU5
9629,Rapid Partners 9629,Denver,India,Manufacturer,10,4.8,LSC-ECDXOSRO
9630,Nova Trading 9630,Philadelphia,Vietnam,Distributor,29,3.1,LSC-C9W3PUYY
9631,East Partners 9631,Columbus,USA,Distributor,11,3.6,LSC-WX308IFS
9632,North Supply 9632,Miami,China,Wholesaler,30,-1.0,LSC-7FZXTGYS
9633,East Supply 9633,San Francisco,USA,Wholesaler,10,4.2,LSC-MZDCE3EZ
9634,Apex Industrial 9634,Portland,Japan,Distributor,6,3.8,LSC-MGDGH0IR
9635,Nova Wholesale 9635,Boston,Germany,Distributor,19,3.7,LSC-D2D903RK
9636,United Enterprises 9636,Philadelphia,Vietnam,Distributor,3,3.3,LSC-H1LHNPLL
9637,Summit Trading 9637,Nashville,Mexico,Manufacturer,18,4.7,LSC-DPW3KSLS
9638,West Partners 9638,Nashville,Japan,Distributor,21,3.4,LSC-FFMD5TWR
9639,South Wholesale 9639,Boston,Japan,Manufacturer,15,4.2,LSC-ULC3KGU8
9640,Summit Wholesale 9640,Los Angeles,South Korea,Manufacturer,5,3.0,LSC-CXVQ8WPC
9641,Apex Retail Supply 9641,San Francisco,Thailand,Distributor,16,2.9,LSC-KFT7RUZH
9642,Blue Industrial 9642,Detroit,Mexico,Wholesaler,20,2.8,LSC-5KIMCSQH
9643,Apex Distributors 9643,New York,South Korea,Distributor,18,4.3,LSC-Q89ORXV5
9644,West Trading 9644,Boston,South Korea,Distributor,23,3.7,LSC-13I8ZYXK
9645,Metro Partners 9645,Portland,South Korea,Distributor,10,2.6,LSC-D97L9K8W
9646,Elite Retail Supply 9646,Dallas,Vietnam,Manufacturer,19,4.4,LSC-XQLU4FXP
9647,Elite Distributors 9647,Charlotte,Japan,Distributor,19,4.2,LSC-9K42B7M4
9648,United Trading 9648,Seattle,South Korea,Manufacturer,14,5.0,LSC-9MQRMI0G
9649,Prime Industrial 9649,Detroit,South Korea,Distributor,8,2.5,LSC-6GC1T3Y6
9650,Summit Industrial 9650,Detroit,China,Distributor,20,4.5,LSC-N2JPJJLE
9651, West Enterprises 9651 ,Dallas,Thailand,Distributor,10,4.2,LSC-NJJEE3ZD
9652,Nova Partners 9652,Houston,India,Manufacturer,13,2.7,LSC-Y1B8PZJ9
9653,Vertex Industrial 9653,Miami,China,Manufacturer,17,4.3,LSC-BK4WX96W
9654,United Enterprises 9654,Dallas,Japan,Wholesaler,23,4.0,LSC-S8X9UVGE
9655,East Trading 9655,Atlanta,Germany,Distributor,14,2.8,LSC-P3XVU7PD
9656,Quantum Supply 9656,New York,Mexico,Wholesaler,26,,LSC-TLDTVLCD
9657,Elite Enterprises 9657,Nashville,South Korea,Distributor,26,2.6,LSC-XOIDP6KY
9658,West Industrial 9658,Philadelphia,Vietnam,Distributor,2,4.0,LSC-TFZBQ31M
9659,Nova Procurement 9659,Columbus,Thailand,Manufacturer,21,,LSC-JZY6THAG
9660,Quantum Retail Supply 9660,New York,China,Wholesaler,2,4.1,LSC-1YF2B5OH
9661,Blue Retail Supply 9661,Denver,India,Wholesaler,2,3.3,LSC-74D7OSDH
9662,West Partners 9662,Columbus,Germany,Manufacturer,3,2.7,LSC-C8K7XJGB
9663,South Procurement 9663,Phoenix,Japan,Distributor,8,3.6,LSC-SBEQSOLZ
9664,West Wholesale 9664,Chicago,Mexico,Wholesaler,6,2.6,LSC-WRG3UZ2B
9665,Prime Procurement 9665,Nashville,Canada,Wholesaler,15,2.8,LSC-5BX2VPZP
9666,United Partners 9666,Detroit,South Korea,Manufacturer,9,3.5,LSC-R9WQCRLH
9667,East Trading 9667,Boston,USA,Manufacturer,24,3.7,LSC-9HCBYOA3
9668,Apex Enterprises 9668,Philadelphia,Germany,Manufacturer,25,,LSC-Q441B0G6
9669,South Retail Supply 9669,Chicago,USA,Wholesaler,14,4.4,LSC-KPKBSGM7
9670, North Procurement 9670 ,Dallas,USA,Distributor,25,3.5,LSC-A5ZI6T5R
9671,Rapid Industrial 9671,Charlotte,Thailand,Manufacturer,21,3.0,LSC-DJ68BMB0
9672,Nova Retail Supply 9672,Charlotte,Vietnam,Manufacturer,8,4.3,LSC-Y6ZSMDPZ
9673,East Distributors 9673,San Jose,Japan,Distributor,17,4.9,LSC-XESBR31J
9674,West Retail Supply 9674,Charlotte,South Korea,Distributor,6,3.5,LSC-4VQGWLY7
9675,Quantum Partners 9675,Charlotte,USA,Manufacturer,19,,LSC-NKDC6BMK
9676,Nova Procurement 9676,Philadelphia,South Korea,Manufacturer,4,3.3,LSC-01S5IPTK
9677,Metro Industrial 9677,Phoenix,Japan,Distributor,7,3.9,LSC-EOJI63G9
9678,Vertex Logistics 9678,Detroit,India,Manufacturer,15,3.0,LSC-KU5TPT1T
9679,Rapid Logistics 9679,Portland,China,Wholesaler,25,2.8,LSC-8YFYEJT5
9680, Blue Supply 9680 ,Los Angeles,Canada,Distributor,22,3.1,LSC-XHTRMDZ0
9681,Elite Partners 9681,Nashville,Japan,Manufacturer,12,4.5,LSC-9CYK4U9H
9682,North Wholesale 9682,Columbus,Mexico,Distributor,2,4.2,LSC-YCCJFEH1
9683,Nova Logistics 9683,Dallas,Thailand,Manufacturer,29,4.5,LSC-K6XYEO21
9684,North Enterprises 9684,Columbus,Japan,Distributor,17,2.5,LSC-ALKFB1WX
9685,Global Logistics 9685,Seattle,Germany,Wholesaler,12,4.2,LSC-ZH78G5QT
9686,Summit Trading 9686,Portland,USA,Manufacturer,16,5.0,LSC-4SS3O0EK
9687,Vertex Industrial 9687,Columbus,Germany,Distributor,7,3.4,LSC-DPVLYIZW
9688,Nova Industrial 9688,Boston,Vietnam,Distributor,3,3.8,LSC-BX6YHF60
9689,Blue Distributors 9689,Portland,Thailand,Wholesaler,11,,LSC-2VYPLUWE
9690,Quantum Distributors 9690,Houston,Germany,Manufacturer,15,5.0,LSC-8KOBP5ZM
9691,Blue Partners 9691,Charlotte,Mexico,Wholesaler,4,2.8,LSC-T4DVFD73
9692,Blue Procurement 9692,Charlotte,India,Manufacturer,11,4.7,LSC-K18DZ3NZ
9693,Elite Enterprises 9693,San Jose,India,Distributor,14,2.8,LSC-ZCJAACP5
9694,Nova Logistics 9694,Dallas,Thailand,Wholesaler,9,3.0,LSC-X4X7YGHA
9695,West Trading 9695,San Francisco,Thailand,Distributor,6,4.7,LSC-JJCMAR64
9696,Metro Supply 9696,New York,Japan,Distributor,9,2.8,LSC-3R1D22SC
9697,Apex Logistics 9697,Atlanta,Germany,Distributor,14,3.6,LSC-4X4A4MCD
9698,Summit Trading 9698,Portland,Thailand,Distributor,4,3.2,LSC-5XB9DN8R
9699,Nova Distributors 9699,Detroit,Vietnam,Wholesaler,15,3.9,LSC-1DNKQNMJ
9700,Metro Trading 9700,New York,Mexico,Manufacturer,8,3.9,LSC-HY1P11RG
9701,Prime Industrial 9701,Los Angeles,USA,Wholesaler,4,4.1,LSC-FP1UMJAP
9702,South Enterprises 9702,Houston,China,Wholesaler,27,2.9,LSC-05AY1116
9703,Global Procurement 9703,Miami,China,Manufacturer,11,2.8,LSC-PFTX6LPG
9704,East Enterprises 9704,Philadelphia,Vietnam,Manufacturer,6,2.7,LSC-FM3XADHM
9705, Prime Supply 9705 ,Boston,Thailand,Distributor,28,3.8,LSC-3YMAH000
9706,Quantum Distributors 9706,Philadelphia,USA,Wholesaler,22,2.9,LSC-I1AZZBQD
9707,East Industrial 9707,Columbus,Vietnam,Distributor,5,4.1,LSC-W2OJXQVY
9708,Metro Partners 9708,New York,Japan,Manufacturer,28,4.9,LSC-2D92EJEG
9709,Global Trading 9709,Philadelphia,Vietnam,Distributor,18,2.8,LSC-RNOAS4D4
9710,United Wholesale 9710,Philadelphia,Thailand,Distributor,17,4.6,LSC-EGKQE2EZ
9711,North Logistics 9711,San Francisco,Thailand,Wholesaler,4,4.3,LSC-22AKX595
9712,North Retail Supply 9712,Dallas,India,Distributor,12,3.8,LSC-IVXB4YNM
9713,Summit Procurement 9713,San Francisco,India,Manufacturer,16,3.4,LSC-3VO0NW6A
9714,Blue Wholesale 9714,Denver,Vietnam,Manufacturer,22,4.9,LSC-75I6ICBE
9715,West Distributors 9715,Los Angeles,South Korea,Wholesaler,30,3.0,LSC-BA5EBRJF
9716,Prime Partners 9716,New York,Germany,Wholesaler,12,4.6,LSC-ZXE45DB0
9717, South Retail Supply 9717 ,Los Angeles,USA,Manufacturer,7,3.8,LSC-A64M1BD7
9718,Elite Wholesale 9718,Dallas,Vietnam,Wholesaler,9,2.8,LSC-ZK2OXQKO
9719,Vertex Procurement 9719,Miami,Vietnam,Manufacturer,2,4.4,LSC-MEHKM149
9720,Global Partners 9720,New York,China,Distributor,22,3.0,LSC-JWI06S01
9721,Vertex Industrial 9721,Philadelphia,South Korea,Manufacturer,23,4.7,LSC-I11V45BO
9722,Evergreen Wholesale 9722,Dallas,China,Manufacturer,23,4.9,LSC-SJOUEECO
9723,Prime Trading 9723,New York,Germany,Manufacturer,10,4.3,LSC-S2K62EI4
9724,Elite Industrial 9724,Phoenix,USA,Distributor,13,3.3,LSC-J9CUADG9
9725,Blue Procurement 9725,San Jose,USA,Wholesaler,3,2.9,LSC-UBJV9NFX
9726,East Distributors 9726,Columbus,India,Wholesaler,23,,LSC-O78Y4KUI
9727,Evergreen Retail Supply 9727,Houston,Germany,Distributor,4,4.9,LSC-5YRSLR9T
9728,Quantum Enterprises 9728,Houston,Japan,Manufacturer,30,4.0,LSC-DSU19PA8
9729,South Logistics 9729,Charlotte,USA,Wholesaler,11,4.9,LSC-WGUALMUI
9730,East Logistics 9730,Columbus,India,Manufacturer,24,2.6,LSC-YGPE93ZU
9731,Quantum Enterprises 9731,New York,China,Wholesaler,8,4.3,LSC-BJHZAXV6
9732,West Logistics 9732,San Jose,Vietnam,Distributor,17,4.3,LSC-A2J0O905
9733,Evergreen Retail Supply 9733,Austin,Mexico,Manufacturer,17,3.0,LSC-4TV4P53A
9734,Nova Procurement 9734,Phoenix,South Korea,Manufacturer,10,3.4,LSC-95JEW52X
9735,Quantum Retail Supply 9735,Denver,Thailand,Distributor,16,3.2,LSC-IUBVDEIS
9736,Elite Distributors 9736,Chicago,Canada,Distributor,27,4.1,LSC-J6ABNYGI
9737,Global Trading 9737,Detroit,India,Wholesaler,23,4.5,LSC-2HGQ7IDQ
9738,South Distributors 9738,Denver,Vietnam,Distributor,8,4.9,LSC-D35R9FAN
9739,Quantum Distributors 9739,Los Angeles,Mexico,Distributor,23,3.9,LSC-YK0MIWLF
9740,Nova Enterprises 9740,Atlanta,USA,Wholesaler,25,3.1,LSC-OCYC9WWK
9741,Evergreen Industrial 9741,Chicago,Mexico,Manufacturer,6,2.8,LSC-HI6PBDQE
9742,East Supply 9742,Portland,Japan,Distributor,5,4.0,LSC-ZWMCOVOQ
9743,Nova Partners 9743,Phoenix,USA,Distributor,4,3.8,LSC-3IK71ESF
9744,North Retail Supply 9744,Houston,Japan,Wholesaler,23,4.4,LSC-GU2D2CRP
9745,South Trading 9745,Houston,India,Wholesaler,23,3.6,LSC-VZL723MH
9746,West Procurement 9746,Miami,Japan,Distributor,16,3.6,LSC-LUD3K7EP
9747,Summit Wholesale 9747,Seattle,China,Wholesaler,6,4.9,LSC-T4U2YFCE
9748,Vertex Trading 9748,Chicago,Germany,Distributor,15,3.3,LSC-GB8PWREP
9749,Prime Logistics 9749,New York,Mexico,Manufacturer,17,4.0,LSC-ILIVI7KX
9750,South Procurement 9750,New York,Canada,Wholesaler,29,3.2,LSC-M59LEI56
9751,South Trading 9751,Los Angeles,Thailand,Manufacturer,10,4.5,LSC-DKVE7VJZ
9752,Global Distributors 9752,Austin,China,Distributor,22,3.7,LSC-7DG3JZPA
9753,United Enterprises 9753,Miami,South Korea,Wholesaler,6,3.3,LSC-RHBQGMLH
9754,South Logistics 9754,Phoenix,Vietnam,Wholesaler,30,4.2,LSC-RMBMPTPO
9755,West Wholesale 9755,Boston,Japan,Manufacturer,21,3.9,LSC-A1GIUZ5O
9756,Evergreen Distributors 9756,Phoenix,China,Distributor,4,2.9,LSC-ISVQ2T6Q
9757,Metro Logistics 9757,Boston,Vietnam,Wholesaler,18,4.2,LSC-HC915N3L
9758,Evergreen Distributors 9758,Seattle,Mexico,Distributor,25,2.8,LSC-9PIVICD0
9759,Evergreen Industrial 9759,Portland,Thailand,Distributor,24,4.0,LSC-7MM9VBK0
9760,East Distributors 9760,New York,Germany,Manufacturer,28,3.7,LSC-6AGGOR8J
9761,United Distributors 9761,Phoenix,Germany,Wholesaler,4,2.7,LSC-244PI75V
9762,Vertex Procurement 9762,Columbus,Germany,Wholesaler,25,2.7,LSC-AHAP5IZK
9763,Apex Wholesale 9763,Houston,Mexico,Manufacturer,22,3.3,LSC-Y2RKJ2LB
9764,Nova Partners 9764,Denver,USA,Wholesaler,28,3.6,LSC-XU0GLI6E
9765,Nova Supply 9765,Detroit,Germany,Wholesaler,9,4.1,LSC-OBZMRTSX
9766,Quantum Enterprises 9766,Detroit,South Korea,Wholesaler,30,4.9,LSC-TSJM4SQG
9767,Apex Procurement 9767,Phoenix,Germany,Distributor,17,3.7,LSC-A2TBYY27
9768,Metro Procurement 9768,Seattle,Mexico,Wholesaler,3,3.0,LSC-NNQ81UY9
9769,Evergreen Wholesale 9769,Dallas,South Korea,Manufacturer,12,3.9,LSC-QEE4J62P
9770,Evergreen Enterprises 9770,Dallas,Japan,Distributor,12,2.8,LSC-TVAN6GT4
9771,United Distributors 9771,Seattle,Germany,Wholesaler,7,4.8,LSC-O3SQZ7ZU
9772,Metro Procurement 9772,Houston,Vietnam,Distributor,21,4.4,LSC-OIQS60QE
9773,West Supply 9773,San Jose,Mexico,Distributor,18,2.7,LSC-8UJ11BLK
9774,Prime Industrial 9774,New York,USA,Distributor,4,3.4,LSC-X2GSIZDA
9775,South Partners 9775,Philadelphia,Canada,Distributor,6,2.9,LSC-6QT7T651
9776,Rapid Distributors 9776,Nashville,Vietnam,Wholesaler,21,3.7,LSC-JHUKEA22
9777,United Wholesale 9777,Seattle,Thailand,Manufacturer,25,4.3,LSC-6FV7OIY2
9778,Metro Partners 9778,Austin,South Korea,Distributor,4,3.1,LSC-FAC8YDOP
9779,Elite Supply 9779,Miami,Mexico,Wholesaler,13,3.4,LSC-9IFHJ2VT
9780,South Procurement 9780,Portland,Japan,Distributor,17,,LSC-NI24VU65
9781,West Trading 9781,Houston,Germany,Distributor,11,2.8,LSC-2JB6K5KY
9782,Global Industrial 9782,Philadelphia,Germany,Distributor,22,2.6,LSC-9PNN2KIT
9783,East Procurement 9783,Nashville,Japan,Manufacturer,23,4.9,LSC-6TC5LOLB
9784,Metro Procurement 9784,Nashville,Mexico,Manufacturer,22,2.5,LSC-S541ZS86
9785,Prime Wholesale 9785,Chicago,Thailand,Distributor,5,2.6,LSC-3UUIE7LH
9786,Global Supply 9786,Los Angeles,Japan,Manufacturer,23,3.5,LSC-V365435Z
9787,Quantum Wholesale 9787,Columbus,India,Wholesaler,2,4.0,LSC-XY5FRKXR
9788,South Retail Supply 9788,Dallas,Thailand,Wholesaler,17,2.6,LSC-RQWG9S6R
9789,Nova Partners 9789,Detroit,Germany,Distributor,2,3.1,LSC-195JF8LX
9790,Vertex Trading 9790,Boston,Germany,Manufacturer,13,3.1,LSC-SSVVJW30
9791,United Trading 9791,Detroit,India,Manufacturer,16,3.6,LSC-RZQQGI5E
9792,South Distributors 9792,Columbus,Canada,Manufacturer,28,3.2,LSC-4XVFPWW2
9793,Nova Logistics 9793,San Jose,Germany,Distributor,14,4.9,LSC-15LP0G8G
9794,Vertex Partners 9794,Houston,Mexico,Wholesaler,23,4.4,LSC-7MPF03UU
9795, Blue Retail Supply 9795 ,Atlanta,China,Wholesaler,8,4.9,LSC-4NWNUZIJ
9796,Summit Distributors 9796,Portland,Vietnam,Distributor,26,3.1,LSC-DMRWICRP
9797,Summit Retail Supply 9797,Boston,Japan,Distributor,13,5.0,LSC-O7CZN6MK
9798,East Enterprises 9798,San Jose,Germany,Wholesaler,12,2.5,LSC-80K5V5DL
9799,Nova Logistics 9799,Dallas,Mexico,Wholesaler,19,3.8,LSC-7FR390FU
9800,Blue Trading 9800,Miami,India,Distributor,13,4.8,LSC-HDBKTVP3
9801,Rapid Partners 9801,Philadelphia,Thailand,Distributor,28,,LSC-NLOST218
9802,Global Partners 9802,Charlotte,USA,Manufacturer,11,3.4,LSC-T76WDFF3
9803,South Procurement 9803,Atlanta,USA,Wholesaler,14,5.0,LSC-GWPOPSJV
9804,Summit Retail Supply 9804,Los Angeles,Vietnam,Wholesaler,7,4.8,LSC-WOHQD3YN
9805,Evergreen Wholesale 9805,Columbus,USA,Manufacturer,22,2.8,LSC-DJR8ST5W
9806,North Enterprises 9806,Seattle,South Korea,Manufacturer,22,5.0,LSC-CCWBKSSC
9807,Vertex Logistics 9807,Boston,Mexico,Wholesaler,10,3.2,LSC-ALYURJ6S
9808, Summit Wholesale 9808 ,New York,Canada,Wholesaler,5,2.7,LSC-QAFKGPBP
9809,South Logistics 9809,Columbus,Vietnam,Manufacturer,4,3.3,LSC-N0ZH1JHF
9810,Quantum Distributors 9810,Nashville,USA,Manufacturer,25,4.1,LSC-Q4QJEODN
9811,Metro Retail Supply 9811,Seattle,China,Distributor,11,4.6,LSC-JONSFPU1
9812,Global Industrial 9812,Boston,Vietnam,Manufacturer,29,3.8,LSC-0W38XOWC
9813,Quantum Retail Supply 9813,Los Angeles,Thailand,Wholesaler,27,4.1,LSC-P8CSKMR1
9814,Global Logistics 9814,Los Angeles,South Korea,Distributor,16,3.2,LSC-50RNN3XZ
9815,Metro Retail Supply 9815,Boston,Vietnam,Wholesaler,24,4.4,LSC-BU1ESISZ
9816, Metro Wholesale 9816 ,Miami,Thailand,Manufacturer,21,4.8,LSC-2HO89YYN
9817,Quantum Retail Supply 9817,Philadelphia,Canada,Distributor,29,4.5,LSC-Q4V65FM6
9818,Quantum Partners 9818,Houston,Thailand,Distributor,8,4.1,LSC-KWDPJ3LP
9819,Prime Enterprises 9819,New York,China,Manufacturer,4,4.6,LSC-9SETW7T1
9820,South Partners 9820,Dallas,Canada,Wholesaler,27,2.9,LSC-V6FIG0ZI
9821,Nova Partners 9821,New York,Canada,Manufacturer,25,3.6,LSC-RSKWCHJ8
9822,South Partners 9822,Austin,Germany,Wholesaler,15,3.7,LSC-YWHG24BO
9823,Summit Partners 9823,Seattle,Japan,Manufacturer,3,4.5,LSC-9MC9FLIB
9824,West Partners 9824,Miami,India,Wholesaler,20,2.9,LSC-23BNKUUL
9825,Vertex Procurement 9825,Denver,Thailand,Distributor,4,3.8,LSC-B5XEWN98
9826,Summit Partners 9826,Seattle,USA,Wholesaler,17,3.2,LSC-BPC8S382
9827,North Partners 9827,Los Angeles,Germany,Distributor,30,,LSC-GFBTOPQR
9828,Prime Supply 9828,Houston,USA,Wholesaler,15,4.0,LSC-2TLY1QGO
9829,Apex Industrial 9829,New York,Canada,Distributor,11,3.1,LSC-RD9I9K4C
9830,Blue Trading 9830,San Jose,India,Manufacturer,9,4.1,LSC-FGV9PF3N
9831,West Distributors 9831,Austin,Japan,Distributor,16,3.3,LSC-B6S7S1NU
9832,Vertex Enterprises 9832,Philadelphia,Japan,Manufacturer,8,4.7,LSC-GMSHOFO6
9833,Metro Enterprises 9833,Boston,China,Manufacturer,11,5.0,LSC-AE0QF1KL
9834,Apex Trading 9834,Charlotte,China,Distributor,5,5.0,LSC-JQLLDIV4
9835,East Wholesale 9835,Houston,Vietnam,Manufacturer,6,3.9,LSC-5IR2T3L7
9836,Summit Wholesale 9836,Atlanta,South Korea,Manufacturer,5,4.3,LSC-56G6MEGB
9837,Elite Procurement 9837,Houston,China,Manufacturer,29,2.8,LSC-DA9HST37
9838,Apex Trading 9838,Detroit,Vietnam,Manufacturer,12,4.4,LSC-HKDYCE8O
9839,Apex Logistics 9839,San Francisco,USA,Manufacturer,21,4.6,LSC-BDAQCKC7
9840,Nova Industrial 9840,Denver,USA,Distributor,4,3.5,LSC-SQ24L7HW
9841,East Partners 9841,Denver,Canada,Manufacturer,28,3.9,LSC-K650XZE3
9842,Global Procurement 9842,San Jose,India,Wholesaler,2,4.1,LSC-SAKBFBNH
9843,Prime Partners 9843,Nashville,Vietnam,Manufacturer,18,2.7,LSC-AIYKSB5K
9844,Apex Procurement 9844,Columbus,India,Manufacturer,7,3.0,LSC-F1NNY79L
9845,South Procurement 9845,San Jose,South Korea,Manufacturer,25,3.2,LSC-R8DIBVAZ
9846,Apex Distributors 9846,Houston,India,Wholesaler,21,2.8,LSC-O0ZKY5UN
9847,North Partners 9847,Boston,Germany,Manufacturer,4,3.4,LSC-2ZXL7KO6
9848,Metro Industrial 9848,Austin,India,Wholesaler,12,4.1,LSC-5ILWHNI9
9849,Vertex Partners 9849,Los Angeles,Japan,Wholesaler,12,3.0,LSC-J81HVS96
9850,Vertex Retail Supply 9850,Denver,Vietnam,Wholesaler,16,4.3,LSC-PID8VPSP
9851,Nova Retail Supply 9851,Detroit,Canada,Manufacturer,9,4.1,LSC-Z1OYSTDH
9852,United Logistics 9852,Houston,South Korea,Wholesaler,19,4.6,LSC-NMJ3YH2A
9853,South Logistics 9853,San Jose,Mexico,Manufacturer,9,4.6,LSC-H4OD2ND6
9854,Rapid Procurement 9854,Seattle,India,Distributor,6,2.6,LSC-CV9JMJO8
9855,Summit Trading 9855,San Jose,Vietnam,Manufacturer,15,4.3,LSC-ZFNMFFU4
9856,West Supply 9856,Chicago,South Korea,Manufacturer,27,2.9,LSC-7WN7LT01
9857,Elite Distributors 9857,Portland,Mexico,Distributor,6,4.2,LSC-OHYVMTT7
9858,Summit Trading 9858,San Francisco,Canada,Wholesaler,6,3.5,LSC-2AYDVSWU
9859,Elite Retail Supply 9859,Dallas,China,Manufacturer,19,4.8,LSC-XLT2KBI7
9860,North Supply 9860,Philadelphia,India,Wholesaler,16,4.4,LSC-NVI3MTY2
9861,West Procurement 9861,Boston,Germany,Manufacturer,17,3.1,LSC-QJ02GUQT
9862,Blue Wholesale 9862,Phoenix,USA,Distributor,10,2.7,LSC-ZU81N5MD
9863,Nova Supply 9863,Boston,USA,Wholesaler,9,2.6,LSC-BDRVW9FE
9864,Summit Trading 9864,Detroit,USA,Distributor,29,3.7,LSC-62S70FPY
9865,Apex Wholesale 9865,Los Angeles,Japan,Manufacturer,25,4.2,LSC-IM93ABUG
9866,Elite Industrial 9866,chicago,Canada,Wholesaler,17,3.6,LSC-ZBDFW0N1
9867,East Partners 9867,Dallas,Canada,Manufacturer,25,4.6,LSC-WQHQWH97
9868,Blue Supply 9868,Detroit,Canada,Wholesaler,19,3.0,LSC-1TO6VP2W
9869,Rapid Wholesale 9869,Austin,Germany,Manufacturer,4,3.1,LSC-ME1I3SA8
9870,Elite Wholesale 9870,Philadelphia,India,Manufacturer,3,3.6,LSC-5E4H069F
9871,Prime Logistics 9871,New York,India,Distributor,2,3.6,LSC-T8S4CUQG
9872,Global Retail Supply 9872,Charlotte,Canada,Manufacturer,8,3.0,LSC-G7R9ANN4
9873,Vertex Supply 9873,Boston,China,Manufacturer,17,4.3,LSC-PLJH1FRX
9874,Elite Retail Supply 9874,PHOENIX,Vietnam,Distributor,16,3.7,LSC-00JRM0XW
9875,East Distributors 9875,Miami,Vietnam,Wholesaler,22,4.4,LSC-O7I0IX8B
9876,Rapid Trading 9876,Los Angeles,Mexico,Manufacturer,16,4.1,LSC-V0Z985K7
9877,Elite Logistics 9877,Portland,South Korea,Manufacturer,4,3.8,LSC-3LUUWU8U
9878,East Industrial 9878,Los Angeles,Canada,Manufacturer,27,3.5,LSC-KAT9HCG2
9879,Prime Industrial 9879,Portland,South Korea,Wholesaler,9,4.6,LSC-RXR61M0B
9880,North Distributors 9880,Portland,Mexico,Wholesaler,14,4.1,LSC-V0TRPV5A
9881,United Partners 9881,Detroit,USA,Distributor,28,4.3,LSC-4RPKJ6SP
9882,United Distributors 9882,San Jose,USA,Distributor,25,2.6,LSC-UB2IYXIW
9883,Prime Distributors 9883,San Francisco,Thailand,Distributor,22,3.7,LSC-HO0F9ZOX
9884,Evergreen Enterprises 9884,Boston,Mexico,Distributor,12,2.8,LSC-2OJB5UEZ
9885,Prime Logistics 9885,Seattle,Mexico,Manufacturer,-7,4.4,LSC-W1YW6QKI
9886,West Retail Supply 9886,Phoenix,South Korea,Distributor,14,3.8,LSC-36Y4LF6M
9887,North Enterprises 9887,New York,India,Wholesaler,26,4.3,LSC-BB3SJYKY
9888,Summit Wholesale 9888,Miami,Germany,Distributor,5,,LSC-3IL7BLC2
9889,East Partners 9889,Boston,Japan,Distributor,26,3.4,LSC-GYH4IUE2
9890,Evergreen Retail Supply 9890,Miami,Mexico,Manufacturer,9,4.2,LSC-EB1UNSSW
9891,Vertex Logistics 9891,Phoenix,Germany,Manufacturer,28,3.0,LSC-YHFIBX1J
9892,Apex Distributors 9892,Miami,South Korea,Wholesaler,13,4.5,LSC-O0DYQNL7
9893,Prime Partners 9893,San Jose,Japan,Wholesaler,22,4.2,LSC-SCI6DIOU
9894,Apex Partners 9894,Philadelphia,Thailand,Manufacturer,18,3.1,LSC-UVS8HR1V
9895,Blue Enterprises 9895,Seattle,South Korea,Manufacturer,11,2.9,LSC-GCA322PC
9896,South Retail Supply 9896,Phoenix,Germany,Manufacturer,16,4.4,LSC-NZAGI8F8
9897,Metro Wholesale 9897,Houston,India,Wholesaler,11,3.3,LSC-H0MWWIPE
9898,West Industrial 9898,Austin,USA,Wholesaler,8,3.1,LSC-R19PZ6B4
9899,Prime Logistics 9899,Dallas,Mexico,Manufacturer,15,4.5,LSC-R0NI0JPU
9900,Quantum Logistics 9900,Dallas,South Korea,Manufacturer,13,4.3,LSC-66Q8I2AY
9901,West Supply 9901,Columbus,Mexico,Wholesaler,5,3.8,LSC-A4TFBDZN
9902,Metro Wholesale 9902,San Francisco,Japan,Distributor,27,3.4,LSC-1Z575A74
9903,Elite Enterprises 9903,Philadelphia,China,Distributor,26,,LSC-8NCS0XZC
9904,Elite Distributors 9904,Charlotte,China,Manufacturer,7,4.6,LSC-0J7H4WS1
9905,West Industrial 9905,Boston,Japan,Wholesaler,19,3.9,LSC-NO2HK3D6
9906,North Wholesale 9906,Denver,Japan,Wholesaler,29,2.5,LSC-DQ655CVB
9907,Nova Industrial 9907,Houston,Thailand,Distributor,16,3.3,LSC-MCO5NIS6
9908,Evergreen Retail Supply 9908,San Jose,Canada,Manufacturer,10,4.3,LSC-TD217N71
9909,Blue Supply 9909,Austin,Thailand,Manufacturer,28,3.4,LSC-NZPMVQR3
9910,Rapid Partners 9910,San Jose,South Korea,Wholesaler,13,4.7,LSC-IA8OFBUR
9911,Apex Industrial 9911,Los Angeles,Canada,Distributor,18,3.2,LSC-2LFAZHA8
9912,Blue Partners 9912,Houston,USA,Wholesaler,27,3.1,LSC-V66P8CMT
9913,Elite Partners 9913,Atlanta,Vietnam,Wholesaler,26,3.1,LSC-ZP5IZW7Z
9914,West Wholesale 9914,Denver,China,Wholesaler,20,3.0,LSC-YJRU0WOY
9915,East Enterprises 9915,Dallas,Mexico,Distributor,7,3.0,LSC-RH6DRU24
9916,North Wholesale 9916,Portland,South Korea,Manufacturer,8,3.2,LSC-WCVO770I
9917,Metro Retail Supply 9917,Denver,South Korea,Distributor,3,3.3,LSC-G9W3877H
9918,South Partners 9918,Boston,China,Manufacturer,9,3.3,LSC-7QZ4HKV4
9919,West Enterprises 9919,Los Angeles,Vietnam,Manufacturer,25,4.1,LSC-KKFRYBFD
9920, North Wholesale 9920 ,Dallas,China,Wholesaler,26,3.9,LSC-TSH0Q8BV
9921,South Partners 9921,Austin,Mexico,Distributor,17,2.6,LSC-FG7P4C3P
9922,Global Retail Supply 9922,Chicago,Japan,Manufacturer,12,4.0,LSC-QDMYYQG1
9923,South Industrial 9923,Boston,USA,Distributor,4,2.7,LSC-H1TNHR4N
9924,Evergreen Wholesale 9924,Atlanta,Thailand,Distributor,24,3.6,LSC-4O0L5VKA
9925,Global Enterprises 9925,Atlanta,Thailand,Manufacturer,2,2.7,LSC-Z5MEGA61
9926, Summit Logistics 9926 ,Phoenix,India,Manufacturer,3,2.8,LSC-8QNQIM3Z
9927,Evergreen Partners 9927,Atlanta,India,Distributor,30,4.5,LSC-9S05GLKI
9928,South Trading 9928,San Francisco,Canada,Manufacturer,3,4.0,LSC-SEB4RLXQ
9929,Apex Logistics 9929,New York,USA,Distributor,13,3.1,LSC-IMYWWH5K
9930,Blue Wholesale 9930,Seattle,Vietnam,Manufacturer,16,3.6,LSC-676UINMP
9931,Rapid Partners 9931,Nashville,China,Distributor,10,4.7,LSC-G63FWI6R
9932,Quantum Partners 9932,Phoenix,India,Distributor,27,3.3,LSC-KWJX5H69
9933,Global Distributors 9933,Columbus,Mexico,Distributor,18,3.0,LSC-6AN3CXIQ
9934,North Enterprises 9934,Charlotte,Germany,Manufacturer,18,4.5,LSC-ZRP77TK6
9935,North Distributors 9935,Chicago,Canada,Manufacturer,6,4.1,LSC-R1H8NTKA
9936,Apex Retail Supply 9936,Los Angeles,Germany,Distributor,25,4.3,LSC-4KSS2D3P
9937,Summit Industrial 9937,Portland,South Korea,Distributor,23,3.9,LSC-GMPDH3QC
9938,Vertex Distributors 9938,San Jose,Germany,Wholesaler,12,4.3,LSC-ZYKOFD5H
9939,Elite Wholesale 9939,Chicago,South Korea,Distributor,9,2.5,LSC-N3RGOU7V
9940,South Enterprises 9940,Charlotte,Germany,Distributor,4,4.0,LSC-I4OD6R3K
9941,Summit Procurement 9941,Austin,South Korea,Distributor,3,,LSC-R2JFT7NU
9942,West Trading 9942,Portland,Mexico,Manufacturer,27,3.9,LSC-NO9HDJU1
9943,Prime Trading 9943,Charlotte,China,Wholesaler,13,5.0,LSC-JSZMT43U
9944,Prime Industrial 9944,Houston,Japan,Wholesaler,6,3.0,LSC-BU44D0II
9945,Nova Enterprises 9945,Seattle,India,Manufacturer,7,2.8,LSC-WPSVVLMJ
9946,United Partners 9946,Dallas,Germany,Distributor,7,2.8,LSC-22OC12T4
9947,Prime Supply 9947,Boston,India,Manufacturer,5,4.4,LSC-2U222RTB
9948,Metro Enterprises 9948,Portland,Mexico,Distributor,19,3.0,LSC-RPIREAIG
9949,Blue Logistics 9949,Seattle,South Korea,Distributor,24,2.7,LSC-ALH9ZRWJ
9950,South Procurement 9950,San Francisco,USA,Manufacturer,23,3.8,LSC-S903XHQE
9951,Nova Enterprises 9951,New York,Mexico,Manufacturer,6,2.7,LSC-7TFSPDLD
9952,North Procurement 9952,Denver,Vietnam,Distributor,4,2.8,LSC-501B7ULN
9953,Evergreen Supply 9953,Boston,China,Distributor,6,3.2,LSC-KG327Q2X
9954,Blue Trading 9954,Chicago,Mexico,Manufacturer,30,2.9,LSC-BC4FRJ2X
9955, Prime Industrial 9955 ,Philadelphia,China,Distributor,25,3.5,LSC-E45NRQXK
9956,Rapid Distributors 9956,Nashville,Germany,Manufacturer,16,4.8,LSC-RMXFFTEM
9957,Metro Trading 9957,Los Angeles,Germany,Wholesaler,2,,LSC-LCOJ7PGH
9958,Elite Partners 9958,Columbus,South Korea,Distributor,29,2.5,LSC-6XWF3VOL
9959,Vertex Supply 9959,Philadelphia,Vietnam,Manufacturer,25,4.8,LSC-43CMU756
9960,Evergreen Partners 9960,Portland,Mexico,Distributor,14,3.8,LSC-KWFPCL06
9961,Rapid Supply 9961,Seattle,India,Wholesaler,4,2.6,LSC-P6ZEYFHP
9962,Nova Enterprises 9962,Philadelphia,USA,Manufacturer,23,4.8,LSC-6M37Y08J
9963,West Trading 9963,Philadelphia,South Korea,Wholesaler,12,3.8,LSC-7SWFANNC
9964, Summit Partners 9964 ,Los Angeles,Japan,Manufacturer,22,5.0,LSC-UAQX7CPY
9965,Evergreen Retail Supply 9965,Miami,Germany,Distributor,26,4.3,LSC-DVRIK1TH
9966,Blue Partners 9966,Atlanta,Germany,Distributor,10,4.5,LSC-RE5AYTFA
9967,Blue Retail Supply 9967,Miami,Mexico,Distributor,28,4.9,LSC-VY15G8IF
9968,Apex Procurement 9968,Boston,Vietnam,Manufacturer,2,3.7,LSC-LWZP5TSQ
9969,West Enterprises 9969,Portland,USA,Distributor,4,3.1,LSC-KELTXK7D
9970,Summit Enterprises 9970,Philadelphia,Thailand,Manufacturer,12,2.6,LSC-MVHCNVWG
9971,Evergreen Logistics 9971,San Jose,Japan,Distributor,8,3.0,LSC-IXJ6XOJT
9972,Elite Trading 9972,Philadelphia,Germany,Wholesaler,5,2.8,LSC-H13JTRHD
9973,Prime Logistics 9973,San Jose,South Korea,Distributor,16,3.5,LSC-M6B6IMOZ
9974,Quantum Wholesale 9974,Denver,India,Manufacturer,30,2.7,LSC-SCOAEZ0L
9975,Prime Supply 9975,Philadelphia,Japan,Distributor,10,,LSC-E19494DW
9976,Blue Procurement 9976,Portland,Mexico,Wholesaler,12,4.4,LSC-1GRVSQ11
9977,Rapid Enterprises 9977,Philadelphia,USA,Distributor,2,3.3,LSC-FB4MZTE2
9978,Rapid Wholesale 9978,San Jose,Japan,Wholesaler,8,3.1,LSC-D884VUOE
9979,East Procurement 9979,Los Angeles,USA,Wholesaler,22,2.6,LSC-AQXMOS7R
9980,Quantum Supply 9980,New York,India,Wholesaler,21,3.6,LSC-1RAOCOMJ
9981,Nova Trading 9981,Austin,Canada,Wholesaler,16,4.3,LSC-32LB93AP
9982,Vertex Industrial 9982,Seattle,Japan,Distributor,15,3.0,LSC-H5HV9A8N
9983,Prime Partners 9983,Seattle,South Korea,Distributor,19,4.4,LSC-X2WO8S1X
9984,North Industrial 9984,Los Angeles,Canada,Wholesaler,23,3.8,LSC-CGUVRP9E
9985,Elite Wholesale 9985,San Francisco,Canada,Manufacturer,17,3.6,LSC-0F8XDYMW
9986,Quantum Supply 9986,Los Angeles,South Korea,Distributor,9,4.5,LSC-KT4D6DM5
9987, Vertex Partners 9987 ,Detroit,Mexico,Wholesaler,12,3.9,LSC-NGMV3P89
9988,Global Wholesale 9988,Atlanta,Mexico,Wholesaler,9,4.2,LSC-XYAL991O
9989,Rapid Supply 9989,Charlotte,South Korea,Wholesaler,6,3.4,LSC-OTGVBKSS
9990,Apex Enterprises 9990,Nashville,Mexico,Wholesaler,4,3.7,LSC-FFAVNRYJ
9991,Global Logistics 9991,Philadelphia,India,Wholesaler,24,2.8,LSC-UPE0QXDN
9992,South Retail Supply 9992,Portland,India,Manufacturer,25,2.5,LSC-45A5HJZR
9993,Vertex Trading 9993,Nashville,Thailand,Manufacturer,21,4.9,LSC-C2ITBBUW
9994,South Partners 9994,Los Angeles,Vietnam,Distributor,7,2.5,LSC-XRTKMRV7
9995,Metro Distributors 9995,Austin,India,Wholesaler,22,,LSC-JMQZHPO1
9996,North Partners 9996,Miami,Canada,Wholesaler,12,4.3,LSC-RCFEGWXX
9997,Apex Industrial 9997,Atlanta,India,Manufacturer,10,4.2,LSC-QYHO5132
9998,East Logistics 9998,Denver,India,Wholesaler,12,3.4,LSC-20J000MK
9999,Elite Industrial 9999,Los Angeles,Canada,Manufacturer,8,4.9,LSC-Q69T3FS1
10000,Rapid Industrial 10000,Austin,USA,Wholesaler,27,3.2,LSC-KG0OX7OP
10001,Metro Retail Supply 10001,Seattle,Thailand,Distributor,5,4.3,LSC-R398L1Q6
10002,Summit Enterprises 10002,Seattle,China,Distributor,23,4.7,LSC-XPRER7NU
10003,Prime Distributors 10003,Chicago,South Korea,Manufacturer,26,3.2,LSC-5J7U98VW
10004,Prime Industrial 10004,Atlanta,Germany,Manufacturer,24,3.9,LSC-G5V3VF1Y
10005,Global Supply 10005,Columbus,China,Distributor,17,3.3,LSC-QOWAUVW7
10006,Rapid Wholesale 10006,Denver,Germany,Distributor,26,3.9,LSC-UL7KROQ0
10007,North Trading 10007,Houston,Japan,Manufacturer,7,4.6,LSC-AYJU7PSL
10008,South Trading 10008,Atlanta,Germany,Manufacturer,29,4.0,LSC-AQT1KCDE
10009,United Supply 10009,Charlotte,Japan,Distributor,17,3.3,LSC-ED41GXVA
10010,Nova Retail Supply 10010,Los Angeles,India,Manufacturer,5,4.7,LSC-NK3YVWLH
10011,Global Trading 10011,Austin,Germany,Manufacturer,9,,LSC-GEX7OAEP
10012,Nova Enterprises 10012,Philadelphia,India,Manufacturer,29,3.5,LSC-VJJNNYM4
10013, Blue Supply 10013 ,Columbus,Canada,Distributor,16,3.2,LSC-7XGK98ZZ
10014,Rapid Industrial 10014,Chicago,Germany,Manufacturer,14,4.1,LSC-L5S34CT5
10015,Metro Enterprises 10015,Atlanta,USA,Wholesaler,25,2.8,LSC-O64CB9EN
10016,East Retail Supply 10016,Denver,Canada,Manufacturer,27,2.6,LSC-76B1VM3D
10017,Blue Supply 10017,Houston,China,Wholesaler,29,4.8,LSC-LJEHQGMT
10018,Quantum Partners 10018,San Jose,Canada,Wholesaler,13,3.7,LSC-W7U6FE7J
10019,Prime Supply 10019,Houston,Thailand,Manufacturer,20,2.9,LSC-82DL8J3D
10020,West Distributors 10020,Philadelphia,Mexico,Wholesaler,8,3.9,LSC-GG9YXO2A
10021,South Logistics 10021,Phoenix,Japan,Distributor,21,2.8,LSC-8FP1LADL
10022,Blue Supply 10022,Austin,Thailand,Distributor,15,4.5,LSC-V3Q37AFT
10023,Blue Enterprises 10023,Detroit,China,Wholesaler,16,,LSC-1L0AYWHY
10024,East Partners 10024,Seattle,USA,Distributor,12,4.7,LSC-FF6EHHW8
10025,West Trading 10025,Boston,India,Distributor,6,4.8,LSC-ZUTAVJRU
10026,Apex Partners 10026,Portland,South Korea,Manufacturer,8,3.9,LSC-WLB85ISK
10027,Vertex Logistics 10027,Columbus,China,Distributor,8,4.3,LSC-3IM5Q9N1
10028,Global Wholesale 10028,Phoenix,India,Distributor,6,3.2,LSC-VQ4RTFWD
10029,Vertex Logistics 10029,Chicago,USA,Wholesaler,3,4.3,LSC-4OT5TTDR
10030,Prime Industrial 10030,Portland,India,Manufacturer,14,3.9,LSC-4CHU29KA
10031,Prime Distributors 10031,Miami,South Korea,Manufacturer,12,3.6,LSC-4W4LZKET
10032,United Partners 10032,Portland,Thailand,Distributor,30,2.5,LSC-0WT9IA8M
10033,South Industrial 10033,San Francisco,Japan,Distributor,2,4.4,LSC-UNOLCIKM
10034,West Wholesale 10034,Charlotte,Mexico,Distributor,28,,LSC-6IKWGN9J
10035,Metro Distributors 10035,Philadelphia,South Korea,Manufacturer,12,2.6,LSC-GDZGBQBU
10036,Nova Wholesale 10036,Detroit,Canada,Distributor,27,,LSC-UX94N0X6
10037,Apex Partners 10037,Houston,Japan,Distributor,29,,LSC-M5E5WT1C
10038,United Partners 10038,Austin,Japan,Wholesaler,6,-1.0,LSC-GRFM6UXY
10039,Nova Supply 10039,Chicago,China,Manufacturer,26,2.7,LSC-YOC44KI4
10040,Quantum Retail Supply 10040,Los Angeles,Thailand,Manufacturer,4,4.7,LSC-51U9WTU9
10041,United Trading 10041,Dallas,China,Manufacturer,22,4.4,LSC-2IDBERJC
10042,Nova Retail Supply 10042,San Jose,Japan,Distributor,18,4.4,LSC-12O7S6R3
10043,Apex Supply 10043,San Francisco,Germany,Wholesaler,24,4.1,LSC-O8Z0PUI7
10044,Rapid Retail Supply 10044,Boston,China,Manufacturer,20,5.0,LSC-MPEMNFT8
10045,Apex Supply 10045,Boston,Thailand,Wholesaler,4,3.3,LSC-X68XO2WT
10046,Evergreen Industrial 10046,Charlotte,Thailand,Wholesaler,15,3.1,LSC-FN405JT2
10047,Apex Enterprises 10047,Austin,Japan,Distributor,22,3.9,LSC-Z42MHG9Z
10048,North Procurement 10048,Miami,Thailand,Wholesaler,20,4.6,LSC-2ZJJXGLK
10049,Quantum Logistics 10049,New York,China,Wholesaler,16,2.8,LSC-HBJCNGGV
10050,Prime Partners 10050,Philadelphia,Thailand,Wholesaler,19,2.6,LSC-2LTCM77X
10051,West Retail Supply 10051,Los Angeles,USA,Wholesaler,25,3.3,LSC-BAOQR8ST
10052,Nova Wholesale 10052,Denver,Canada,Manufacturer,13,4.4,LSC-TGIS7XJD
10053,South Partners 10053,Seattle,Canada,Manufacturer,8,4.7,LSC-YP2O09MA
10054,United Distributors 10054,Columbus,India,Wholesaler,8,4.2,LSC-CSKQWDTJ
10055,South Partners 10055,Philadelphia,Vietnam,Distributor,16,3.3,LSC-0FEHLY3Q
10056,South Distributors 10056,San Francisco,Germany,Wholesaler,10,2.8,LSC-0XMFQRF7
10057,Vertex Wholesale 10057,Charlotte,China,Manufacturer,27,3.0,LSC-W0ZGHGO6
10058,Nova Distributors 10058,Phoenix,Japan,Wholesaler,24,3.0,LSC-U9U8YSP7
10059,Prime Enterprises 10059,Dallas,China,Distributor,28,4.9,LSC-LUJ7G869
10060,South Industrial 10060,Los Angeles,USA,Wholesaler,25,3.9,LSC-LBRQYARU
10061,Nova Procurement 10061,Dallas,Thailand,Wholesaler,10,2.7,LSC-WNSK7D9H
10062,Nova Wholesale 10062,Atlanta,India,Wholesaler,22,3.9,LSC-56H6779C
10063,Elite Supply 10063,Denver,Japan,Wholesaler,7,3.9,LSC-E49UXDB3
10064,North Distributors 10064,Detroit,Germany,Wholesaler,3,4.1,LSC-IMHYAF57
10065,Summit Distributors 10065,Philadelphia,Thailand,Wholesaler,21,4.6,LSC-YFGG54SS
10066,Global Supply 10066,Seattle,India,Manufacturer,25,,LSC-Z2FT1MZX
10067,United Retail Supply 10067,Denver,Thailand,Distributor,27,2.6,LSC-RVQYPXRG
10068,Rapid Retail Supply 10068,Chicago,Germany,Distributor,9,2.9,LSC-4BKBVDZF
10069,Vertex Enterprises 10069,Philadelphia,India,Wholesaler,4,3.8,LSC-I8IYUFJI
10070,Metro Trading 10070,New York,India,Manufacturer,16,2.5,LSC-3M3JQQE1
10071,United Distributors 10071,New York,Vietnam,Wholesaler,6,5.0,LSC-M84YO0KD
10072,Nova Enterprises 10072,New York,China,Wholesaler,25,3.9,LSC-P5R5IHZS
10073,Elite Trading 10073,Portland,India,Manufacturer,6,3.6,LSC-3LLP109R
10074,West Logistics 10074,Nashville,India,Wholesaler,4,3.3,LSC-X43V70FN
10075,Blue Supply 10075,Charlotte,South Korea,Manufacturer,22,3.2,LSC-6UHLV4PW
10076,Vertex Enterprises 10076,Detroit,China,Distributor,21,4.1,LSC-XS4PC4AK
10077,Prime Trading 10077,Miami,South Korea,Manufacturer,13,4.0,LSC-TOZ61K1U
10078,Quantum Partners 10078,Seattle,Vietnam,Distributor,10,5.0,LSC-A8Q7UA7C
10079,Summit Trading 10079,Seattle,Mexico,Manufacturer,11,4.3,LSC-1UE3GBX7
10080,Quantum Industrial 10080,New York,Japan,Distributor,28,2.8,LSC-CX9852ZZ
10081,Prime Industrial 10081,Miami,Mexico,Manufacturer,13,3.5,LSC-35SDHYX9
10082,Apex Procurement 10082,Austin,India,Wholesaler,14,2.7,LSC-SJRVC9ZR
10083,Elite Procurement 10083,Columbus,USA,Distributor,21,3.3,LSC-O3PX9WVR
10084,Rapid Retail Supply 10084,Austin,Thailand,Distributor,-9,4.8,LSC-V4Z4CRJT
10085,Blue Enterprises 10085,Houston,Canada,Manufacturer,24,,LSC-RQ89O63T
10086,Evergreen Distributors 10086,Seattle,USA,Manufacturer,30,3.4,LSC-GHV8F3Q1
10087,West Supply 10087,Philadelphia,Germany,Distributor,6,,LSC-RTQHHE0Q
10088,Metro Distributors 10088,Chicago,Mexico,Distributor,10,3.9,LSC-184PX9BH
10089,Nova Enterprises 10089,Miami,India,Manufacturer,3,4.5,LSC-YK2QFHNX
10090, West Retail Supply 10090 ,Atlanta,India,Wholesaler,26,3.0,LSC-2DOCDAPE
10091,Prime Wholesale 10091,Nashville,China,Manufacturer,8,,LSC-NH1GE9C2
10092,North Procurement 10092,Los Angeles,China,Distributor,10,4.6,LSC-BB7PWGNK
10093,Blue Enterprises 10093,Houston,Canada,Distributor,12,2.7,LSC-FD3Y8S45
10094,West Wholesale 10094,Los Angeles,Thailand,Distributor,3,4.5,LSC-VRIEOVU5
10095,Nova Retail Supply 10095,New York,India,Manufacturer,22,4.2,LSC-J0SU7UKT
10096,United Procurement 10096,Dallas,Germany,Distributor,15,4.0,LSC-GM2N0DNI
10097,Prime Industrial 10097,New York,Vietnam,Distributor,15,4.8,LSC-LVA4SGK3
10098,Nova Wholesale 10098,Chicago,India,Manufacturer,13,3.1,LSC-6IT4FP05
10099,North Procurement 10099,San Francisco,China,Wholesaler,20,2.7,LSC-XN5PHOCZ
10100,Blue Trading 10100,Columbus,Mexico,Manufacturer,21,4.9,LSC-KWQS38T3
10101,Rapid Logistics 10101,San Francisco,USA,Wholesaler,22,3.6,LSC-ULRRL1EZ
10102,Nova Enterprises 10102,Atlanta,Thailand,Distributor,21,3.4,LSC-0R9PKBI0
10103,Elite Industrial 10103,Houston,South Korea,Wholesaler,26,4.3,LSC-ZL2HS9CK
10104,United Partners 10104,Chicago,Canada,Distributor,10,3.7,LSC-QL14WI5V
10105,Prime Partners 10105,Denver,South Korea,Manufacturer,16,4.8,LSC-FLR4J6FS
10106, Vertex Partners 10106 ,Austin,China,Manufacturer,23,4.1,LSC-TFTEF7JZ
10107,Prime Distributors 10107,San Francisco,Canada,Distributor,24,3.9,LSC-3DMU3LOX
10108,United Distributors 10108,Portland,USA,Wholesaler,10,3.7,LSC-R2RS6MHC
10109,United Enterprises 10109,San Jose,China,Manufacturer,11,2.5,LSC-Z99C73QW
10110,Blue Retail Supply 10110,Columbus,China,Manufacturer,27,2.6,LSC-PLEAEZBM
10111,Elite Supply 10111,Chicago,Mexico,Wholesaler,22,4.4,LSC-LXGBNZ2D
10112,Quantum Logistics 10112,Columbus,India,Manufacturer,24,3.8,LSC-S51VHJMV
10113,Nova Supply 10113,San Francisco,Thailand,Distributor,2,3.2,LSC-V7KIXQYL
10114,Elite Retail Supply 10114,Houston,Germany,Manufacturer,14,3.9,LSC-LPAESFA7
10115,Global Logistics 10115,Charlotte,Japan,Wholesaler,8,3.5,LSC-0BMU2L2F
10116,Elite Industrial 10116,New York,USA,Distributor,18,2.8,LSC-F8CLA7I6
10117,South Logistics 10117,San Francisco,Canada,Wholesaler,3,4.8,LSC-M7W6L1GA
10118,Metro Wholesale 10118,Austin,India,Wholesaler,19,4.2,LSC-8QNJQBLA
10119,United Procurement 10119,Dallas,Japan,Manufacturer,21,3.3,LSC-5Z2J0R43
10120,Rapid Trading 10120,Seattle,South Korea,Manufacturer,3,2.8,LSC-F5XYLOUN
10121,East Logistics 10121,Philadelphia,Canada,Wholesaler,27,4.7,LSC-7BU5T900
10122,East Retail Supply 10122,Portland,Germany,Distributor,5,,LSC-RJAN18IH
10123,Rapid Distributors 10123,Boston,USA,Distributor,12,4.8,LSC-0362RCLG
10124,Elite Partners 10124,Miami,Thailand,Wholesaler,2,2.9,LSC-STFO4JA2
10125,North Supply 10125,Atlanta,China,Distributor,4,4.2,LSC-M5YKQ2YH
10126,Summit Wholesale 10126,Atlanta,Vietnam,Wholesaler,27,2.8,LSC-L1T9JNVY
10127,Rapid Wholesale 10127,Chicago,South Korea,Distributor,18,4.4,LSC-VFZQDCED
10128,Quantum Enterprises 10128,Boston,Canada,Distributor,20,4.5,LSC-UAWCXGYZ
10129,Prime Enterprises 10129,Nashville,South Korea,Distributor,17,4.5,LSC-JWB8AJH5
10130,United Logistics 10130,Boston,Japan,Manufacturer,9,4.6,LSC-PFKLSEB7
10131,Metro Wholesale 10131,San Jose,Mexico,Manufacturer,5,3.3,LSC-2TE040HG
10132,East Procurement 10132,Chicago,Vietnam,Distributor,30,4.4,LSC-WD2NUUUR
10133,Apex Industrial 10133,Detroit,USA,Manufacturer,15,,LSC-Z93PW0KN
10134,Blue Retail Supply 10134,Miami,India,Manufacturer,19,,LSC-SRCT9EFU
10135,Rapid Enterprises 10135,Seattle,Canada,Manufacturer,23,4.0,LSC-9BFW39E2
10136,Metro Industrial 10136,Portland,Canada,Wholesaler,13,4.9,LSC-WRF1Y6UV
10137,North Procurement 10137,Charlotte,Germany,Manufacturer,17,2.6,LSC-HV2PL7E0
10138,Apex Logistics 10138,Miami,South Korea,Manufacturer,19,3.1,LSC-V0YBJLWF
10139,United Enterprises 10139,Austin,South Korea,Manufacturer,21,4.3,LSC-D2A1XSRQ
10140,Elite Distributors 10140,Boston,Canada,Manufacturer,20,4.2,LSC-QNLOC20L
10141,Quantum Procurement 10141,Atlanta,USA,Distributor,3,3.9,LSC-K1CCBBET
10142,Blue Wholesale 10142,Los Angeles,USA,Distributor,26,2.6,LSC-3R9OL8KK
10143,Metro Retail Supply 10143,Denver,USA,Distributor,13,4.4,LSC-1OMFDMXQ
10144,South Retail Supply 10144,Dallas,South Korea,Manufacturer,14,4.6,LSC-SYAS62Z6
10145,Vertex Logistics 10145,Dallas,India,Wholesaler,22,2.6,LSC-K8LE8UYQ
10146,Summit Procurement 10146,Los Angeles,India,Wholesaler,26,4.6,LSC-XY3543R7
10147,United Procurement 10147,Portland,USA,Wholesaler,4,4.8,LSC-JYA8GGEA
10148,United Industrial 10148,Miami,Thailand,Manufacturer,28,4.3,LSC-CJYYGDGN
10149,Prime Enterprises 10149,New York,Germany,Manufacturer,12,3.7,LSC-WA9VR6QD
10150,West Wholesale 10150,Boston,Vietnam,Manufacturer,7,4.4,LSC-TDF4PJA8
10151,Blue Trading 10151,Houston,Vietnam,Wholesaler,19,3.1,LSC-HEG1QS4E
10152,South Supply 10152,Los Angeles,Thailand,Manufacturer,25,4.0,LSC-WWIQMCB4
10153,South Logistics 10153,Detroit,Thailand,Wholesaler,23,3.3,LSC-EI4UQPFI
10154,Elite Retail Supply 10154,Seattle,USA,Distributor,6,2.5,LSC-64Q7KNJD
10155,North Wholesale 10155,Phoenix,India,Distributor,17,3.6,LSC-RCOXR1TJ
10156, Global Supply 10156 ,Detroit,India,Manufacturer,4,3.1,LSC-RPBXQ075
10157,Vertex Distributors 10157,Los Angeles,USA,Manufacturer,6,3.1,LSC-UYTUP8V3
10158,Vertex Procurement 10158,Detroit,Japan,Distributor,11,4.2,LSC-53PLW7BZ
10159, Apex Distributors 10159 ,Los Angeles,Vietnam,Manufacturer,23,4.5,LSC-2MC589Z8
10160,Quantum Partners 10160,Phoenix,China,Wholesaler,16,3.2,LSC-W587G0VQ
10161,East Wholesale 10161,New York,Vietnam,Wholesaler,6,3.2,LSC-ABYI143K
10162,East Wholesale 10162,Philadelphia,China,Manufacturer,27,3.1,LSC-QA632F6Q
10163,South Procurement 10163,Houston,Vietnam,Distributor,30,3.7,LSC-Z0KQG9DY
10164,Quantum Procurement 10164,Miami,China,Distributor,16,3.0,LSC-M2ZTM83H
10165,Elite Enterprises 10165,Seattle,China,Manufacturer,27,4.2,LSC-YSRAOLTT
10166,Vertex Retail Supply 10166,Seattle,Mexico,Distributor,19,4.9,LSC-JQXW9Z1W
10167,United Retail Supply 10167,Nashville,South Korea,Distributor,13,2.9,LSC-JKDDEZCM
10168,Apex Enterprises 10168,Portland,South Korea,Manufacturer,19,3.1,LSC-F20OPN9H
10169,United Logistics 10169,Charlotte,Canada,Manufacturer,23,4.8,LSC-597EH7YL
10170,Elite Industrial 10170,San Jose,India,Distributor,26,4.6,LSC-BZFPEADT
10171,East Wholesale 10171,Nashville,India,Wholesaler,27,4.2,LSC-A77RLJYC
10172,Apex Distributors 10172,Denver,China,Wholesaler,30,2.8,LSC-26RFFIKP
10173,Metro Trading 10173,Columbus,Japan,Manufacturer,27,3.2,LSC-9MULGGDR
10174,North Logistics 10174,Miami,China,Manufacturer,6,4.2,LSC-1LMEGTPC
10175,Prime Retail Supply 10175,Phoenix,Thailand,Wholesaler,15,3.5,LSC-NH6FNE3X
10176,Summit Wholesale 10176,Chicago,China,Distributor,17,3.9,LSC-N79IEXB2
10177,Summit Retail Supply 10177,Los Angeles,USA,Manufacturer,8,3.0,LSC-GO850XW6
10178,West Wholesale 10178,Los Angeles,Japan,Wholesaler,13,4.8,LSC-0YM6H1W7
10179,Global Industrial 10179,Charlotte,Mexico,Manufacturer,28,4.5,LSC-T1DGMGB6
10180,Blue Trading 10180,Philadelphia,Thailand,Wholesaler,9,2.7,LSC-QBLRET0G
8946,Rapid Logistics 8946,Denver,Mexico,Wholesaler,13,2.6,LSC-L9L1DQLS
206,Prime Enterprises 206,Denver,India,Wholesaler,19,3.2,LSC-TLZKJ49Y
3928,North Procurement 3928,Chicago,Vietnam,Wholesaler,17,,LSC-HH41QKII
640,South Retail Supply 640,San Francisco,South Korea,Distributor,25,3.5,LSC-GBJZEYQQ
5600,Metro Enterprises 5600,San Jose,Vietnam,Manufacturer,28,,LSC-Y7JOA9WA
8490,Quantum Supply 8490,Miami,India,Manufacturer,27,4.8,LSC-51QCFB4I
313,Evergreen Enterprises 313,Chicago,USA,Distributor,11,4.4,LSC-POXRTEO2
2503,Prime Trading 2503,Seattle,China,Manufacturer,5,2.9,LSC-G5LU7PKH
3577,Vertex Logistics 3577,Atlanta,Canada,Manufacturer,11,4.7,LSC-Z649HCF4
9670, North Procurement 9670 ,Dallas,Canada,Manufacturer,25,3.5,LSC-A5ZI6T5R
10309,Nova Industrial 10309,San Francisco,Thailand,Distributor,12,4.8,LSC-9JVTWV5F
10330,United Distributors 10330,Los Angeles,India,Distributor,9,2.7,LSC-6ZY3D4UK
2900,Metro Partners 2900,Detroit,Germany,Manufacturer,11,3.2,LSC-ZGTSOF1X
3425,Quantum Distributors 3425,Phoenix,Mexico,Distributor,27,4.4,LSC-EUIQCFX6
5925,Global Partners 5925,Miami,South Korea,Manufacturer,19,,LSC-QV55Y5I4
6266,Blue Partners 6266,Phoenix,India,Distributor,3,4.4,LSC-6E10EBO6
271,Blue Industrial 271,PHOENIX,Japan,Distributor,25,3.1,LSC-31GYMDM0
3184,Metro Supply 3184,Detroit,Vietnam,Manufacturer,7,3.7,LSC-0EWZFOLS
5221,Summit Enterprises 5221,Los Angeles,Japan,Wholesaler,24,3.2,LSC-P48N7PKQ
6752,Global Partners 6752,Houston,Thailand,Wholesaler,28,4.1,LSC-IOGUO6PY
8226,Vertex Retail Supply 8226,Houston,Canada,Distributor,25,4.9,LSC-RHX5S2LS
2600,Rapid Retail Supply 2600,San Jose,China,Wholesaler,5,3.6,LSC-VNMD8IYU
6025,Evergreen Retail Supply 6025,Portland,Vietnam,Wholesaler,10,3.0,LSC-6KV94YB4
5477,Metro Retail Supply 5477,Philadelphia,Canada,Manufacturer,22,,LSC-FHPAFKZJ
9377,Vertex Supply 9377,Columbus,China,Distributor,30,3.6,LSC-917QHGVY
1980,Vertex Logistics 1980,Boston,China,Wholesaler,14,4.9,LSC-8NO1RBN6
8415,Global Distributors 8415,Seattle,Germany,Wholesaler,8,4.0,LSC-MUQM990C
9254,Elite Industrial 9254,Detroit,Canada,Wholesaler,27,4.5,LSC-XM6HJ2LH
8920,Summit Supply 8920,Detroit,Japan,Distributor,2,3.5,LSC-7BBQD2EY
5585,West Wholesale 5585,Los Angeles,Mexico,Distributor,20,4.2,LSC-KAQB6J9M
3641,South Trading 3641,Columbus,India,Wholesaler,12,3.3,LSC-5GKF613T
9770,Evergreen Enterprises 9770,Dallas,India,Manufacturer,12,2.8,LSC-TVAN6GT4
10219,Nova Enterprises 10219,Philadelphia,USA,Distributor,21,3.1,LSC-3G6H7YRC
2995,Summit Trading 2995,Charlotte,Japan,Wholesaler,19,3.1,LSC-3QIJTWV1
3757,United Retail Supply 3757,Philadelphia,Mexico,Distributor,4,2.8,LSC-ZRP1482G
3569,Quantum Partners 3569,Atlanta,Canada,Distributor,8,4.3,LSC-QXU2C67A
7601,Vertex Partners 7601,Nashville,South Korea,Wholesaler,7,4.0,LSC-D1K2CKDF
7866,Vertex Retail Supply 7866,Detroit,USA,Manufacturer,19,2.5,LSC-3HMO1I4T
1834,Evergreen Distributors 1834,Atlanta,Japan,Wholesaler,27,4.4,LSC-4YN6ZJUY
6651,Nova Partners 6651,Philadelphia,Germany,Manufacturer,12,3.4,LSC-ILMWR1W0
4237,Quantum Wholesale 4237,Denver,Canada,Distributor,8,2.9,LSC-IEKJTI0E
3349,Metro Wholesale 3349,Charlotte,Germany,Manufacturer,29,4.5,LSC-Z94HU81C
7657,Quantum Supply 7657,Dallas,South Korea,Wholesaler,17,4.8,LSC-0VJO0O4S
5431,Rapid Retail Supply 5431,San Jose,Japan,Wholesaler,17,4.3,LSC-U5QHY0WN
1231,Elite Procurement 1231,Philadelphia,Canada,Manufacturer,22,4.3,LSC-JK9E0OAW
3678,Rapid Logistics 3678,Houston,Canada,Wholesaler,25,4.6,LSC-8EGJ7A0K
7655,Metro Retail Supply 7655,Atlanta,Japan,Wholesaler,27,3.7,LSC-VIY91KJD
2066,Rapid Industrial 2066,Charlotte,Vietnam,Distributor,4,3.7,LSC-46QHEQKM
1298,Global Procurement 1298,Dallas,Canada,Manufacturer,7,2.9,LSC-86HOGDPL
622,West Enterprises 622,Chicago,China,Distributor,7,,LSC-1XSRQLNZ
1666,Prime Wholesale 1666,Denver,Canada,Manufacturer,21,4.3,LSC-3TDV0IQF
4010,East Logistics 4010,Portland,USA,Distributor,22,2.8,LSC-XDNFSOZT
10173,Metro Trading 10173,Columbus,Japan,Distributor,27,3.2,LSC-9MULGGDR
5280,Rapid Retail Supply 5280,Detroit,South Korea,Distributor,11,3.3,LSC-QZBO9EOS
4092,North Wholesale 4092,Dallas,Japan,Wholesaler,15,4.6,LSC-MJZE72HM
8668,West Trading 8668,Houston,South Korea,Manufacturer,19,2.5,LSC-8HH0T5IY
4502,Prime Wholesale 4502,Seattle,India,Distributor,20,2.8,LSC-YGBCPC5A
8298,Elite Retail Supply 8298,Chicago,Japan,Distributor,18,4.2,LSC-7IYDWDXX
6187,Prime Procurement 6187,Nashville,Japan,Wholesaler,8,4.0,LSC-2BLZNXA0
4900,East Distributors 4900,Chicago,Vietnam,Wholesaler,17,3.4,LSC-3VODZLPN
2813,Apex Supply 2813,Houston,Thailand,Wholesaler,15,3.6,LSC-I2EYENYJ
373,Rapid Industrial 373,New York,Canada,Wholesaler,26,4.1,LSC-NGA41IZX
2783,United Distributors 2783,Columbus,Germany,Wholesaler,9,3.9,LSC-EUGQV2X2
7866,Vertex Retail Supply 7866,Detroit,Japan,Manufacturer,19,2.5,LSC-3HMO1I4T
466,Nova Partners 466,Detroit,South Korea,Distributor,15,3.1,LSC-GYVZWD3K
8854,Summit Logistics 8854,Boston,Vietnam,Wholesaler,25,4.9,LSC-KVUJNH46
4290,Prime Retail Supply 4290,Philadelphia,India,Manufacturer,15,4.1,LSC-EWZ20D74
2917,East Procurement 2917,Miami,Mexico,Manufacturer,12,3.4,LSC-CTFTT7IJ
9955, Prime Industrial 9955 ,Philadelphia,India,Manufacturer,25,3.5,LSC-E45NRQXK
1051,North Procurement 1051,Los Angeles,South Korea,Wholesaler,10,4.4,LSC-1QCTE9W0
3452,North Wholesale 3452,Columbus,Canada,Wholesaler,23,4.7,LSC-3XR9D129
4198,Global Distributors 4198,CHICAGO,India,Wholesaler,25,4.6,LSC-I2XFMW55
8567,Evergreen Procurement 8567,Seattle,Vietnam,Manufacturer,25,4.3,LSC-TXJ7DLWU
2447,Evergreen Trading 2447,Nashville,Japan,Wholesaler,23,5.0,LSC-IVW7KHUL
5942,South Industrial 5942,Atlanta,Germany,Wholesaler,25,2.8,LSC-RIOVTNVH
322,South Partners 322,San Jose,Thailand,Distributor,4,3.5,LSC-SX43WFSQ
4826,Prime Procurement 4826,Denver,China,Manufacturer,18,,LSC-G3NC79W2
520,Quantum Retail Supply 520,Nashville,Japan,Wholesaler,14,3.3,LSC-DRYHR3YF
7140,East Enterprises 7140,Miami,Thailand,Distributor,10,3.3,LSC-9KXX4Z4H
5897,Metro Logistics 5897,Denver,USA,Distributor,18,3.7,LSC-I2XFLZKX
8446,Blue Trading 8446,Denver,Canada,Distributor,13,4.4,LSC-8XDY31C4
4098,South Partners 4098,Detroit,Thailand,Distributor,4,3.9,LSC-4H8IR60M
5014,North Wholesale 5014,Denver,India,Manufacturer,20,3.5,LSC-044QCNEY
3954,Vertex Procurement 3954,Chicago,Canada,Distributor,30,3.7,LSC-MA7YPCFY
6612,Global Retail Supply 6612,San Jose,Germany,Manufacturer,12,3.9,LSC-UXY80YM1
372,Apex Partners 372,Denver,Germany,Wholesaler,12,4.3,LSC-J36TCFKJ
689,Evergreen Partners 689,Detroit,Thailand,Wholesaler,6,3.9,LSC-ZS9MTHD3
9005,East Retail Supply 9005,Columbus,Germany,Distributor,2,5.0,LSC-5C1AI0WJ
2341,East Retail Supply 2341,Dallas,South Korea,Distributor,11,4.3,LSC-YPJAWUHJ
3862,East Trading 3862,Charlotte,Mexico,Wholesaler,10,3.3,LSC-WQ1QU1RE
7906,East Enterprises 7906,Nashville,Thailand,Manufacturer,18,4.8,LSC-6N6XBMVY
4091, Blue Retail Supply 4091 ,Atlanta,Japan,Manufacturer,6,3.1,LSC-DR90RXCI
3221,North Distributors 3221,San Jose,India,Manufacturer,22,3.6,LSC-R2PRYVF3
3623,Nova Retail Supply 3623,Austin,Germany,Wholesaler,21,4.4,LSC-S9KT9EZ2
1936,Prime Logistics 1936,Atlanta,India,Distributor,4,3.4,LSC-NSCHLSXJ
353,North Distributors 353,Denver,Japan,Wholesaler,29,4.2,LSC-VUXT9KLS
995,Rapid Trading 995,Philadelphia,Vietnam,Manufacturer,28,4.3,LSC-PCD1406X
2855,Evergreen Logistics 2855,Charlotte,Vietnam,Distributor,10,4.4,LSC-F3AJ8G59
5930,Vertex Retail Supply 5930,Dallas,Thailand,Distributor,12,3.9,LSC-HJJWRT0B
8181,Global Industrial 8181,Portland,India,Wholesaler,3,4.5,LSC-XTVJCR77
8244,West Supply 8244,Portland,USA,Manufacturer,29,3.6,LSC-PY9LUKBF
1424,South Industrial 1424,New York,USA,Manufacturer,24,4.0,LSC-AQDMFZTG
7944,Quantum Wholesale 7944,Los Angeles,Canada,Distributor,22,4.7,LSC-VZ3061WB
5028,West Distributors 5028,Columbus,Mexico,Wholesaler,13,4.6,LSC-ZODCZ4TS
2389,Vertex Industrial 2389,Chicago,Vietnam,Wholesaler,2,4.6,LSC-HTUW52RB
4742,Vertex Wholesale 4742,Austin,Japan,Wholesaler,29,3.1,LSC-T3QVDM6M
9580,Quantum Procurement 9580,Austin,India,Wholesaler,22,2.7,LSC-A7QQG2KO
7000,Metro Retail Supply 7000,Dallas,Mexico,Wholesaler,26,4.6,LSC-TSQ6JLS6
3467,West Distributors 3467,Columbus,South Korea,Distributor,22,4.1,LSC-YEG11RGY
2892,Summit Procurement 2892,Miami,South Korea,Manufacturer,17,4.4,LSC-6YUSL42N
3173,South Wholesale 3173,Miami,Germany,Distributor,25,4.2,LSC-KRZ3FU0L
3290,Metro Wholesale 3290,Charlotte,China,Wholesaler,12,3.6,LSC-A1VB0BS9
6306,Quantum Industrial 6306,Denver,China,Manufacturer,4,2.8,LSC-50ZMHPVS
3135,Blue Distributors 3135,Portland,Japan,Distributor,13,4.7,LSC-BY0632GR
4885,Evergreen Procurement 4885,Phoenix,China,Wholesaler,3,3.7,LSC-8M90GNVY
9638,West Partners 9638,Nashville,China,Wholesaler,21,3.4,LSC-FFMD5TWR
5573,North Industrial 5573,San Francisco,South Korea,Wholesaler,15,4.3,LSC-ONK6OQRX
2275,Summit Logistics 2275,Detroit,South Korea,Wholesaler,10,4.2,LSC-CRHO7AZP
2655,Quantum Supply 2655,Miami,Canada,Wholesaler,4,3.7,LSC-R7FIE5RS
3351,Elite Partners 3351,Miami,Vietnam,Distributor,7,2.8,LSC-E1B34RQV
4415,Elite Supply 4415,Dallas,Thailand,Manufacturer,27,3.8,LSC-Z72O5NMX
10098,Nova Wholesale 10098,Chicago,Canada,Manufacturer,13,3.1,LSC-6IT4FP05
9908,Evergreen Retail Supply 9908,San Jose,South Korea,Distributor,10,4.3,LSC-TD217N71
3654,South Industrial 3654,Los Angeles,USA,Distributor,9,2.7,LSC-2APXETGC
6645,Prime Wholesale 6645,Los Angeles,India,Manufacturer,14,3.8,LSC-TPEJWQDI
7756,East Trading 7756,Phoenix,Mexico,Manufacturer,6,4.1,LSC-98IRPGAB
10336,Vertex Logistics 10336,New York,Vietnam,Manufacturer,21,4.9,LSC-B7C6A220
2975, Elite Partners 2975 ,Philadelphia,South Korea,Distributor,30,4.5,LSC-KEG7V48T
8994,Summit Retail Supply 8994,San Francisco,Vietnam,Manufacturer,16,4.5,LSC-MMXFKD2R
10380,Vertex Logistics 10380,New York,South Korea,Wholesaler,24,3.2,LSC-I9MIZRL8
5887,United Industrial 5887,San Francisco,Thailand,Distributor,20,4.9,LSC-DGWZI1SH
8662,Evergreen Enterprises 8662,New York,South Korea,Distributor,19,4.1,LSC-UCSJT5JS
6256,Nova Trading 6256,Los Angeles,China,Distributor,18,3.9,LSC-KXPOZRYL
9601,Vertex Industrial 9601,Boston,Mexico,Distributor,18,3.2,LSC-1XR6VNK1
5956,Vertex Industrial 5956,Boston,Mexico,Wholesaler,23,3.9,LSC-2SEAO8RO
7683,United Retail Supply 7683,Charlotte,Thailand,Manufacturer,22,3.3,LSC-5DOAR7NR
7000,Metro Retail Supply 7000,Dallas,India,Wholesaler,26,4.6,LSC-TSQ6JLS6
2713,East Partners 2713,Los Angeles,Japan,Distributor,27,3.6,LSC-AV7QA80E
5685,Global Logistics 5685,Dallas,Mexico,Manufacturer,10,4.5,LSC-LUOSVHI2
2819,Rapid Trading 2819,New York,USA,Manufacturer,3,3.7,LSC-3J9X2HK5
10152,South Supply 10152,Los Angeles,Japan,Distributor,25,4.0,LSC-WWIQMCB4
10370, Metro Trading 10370 ,Detroit,Canada,Manufacturer,27,3.7,LSC-4BL9Q6Y8
4845,Blue Wholesale 4845,Charlotte,Canada,Distributor,25,3.9,LSC-E3NZLWQT
2857,Blue Logistics 2857,Austin,Japan,Distributor,16,4.8,LSC-0W1PFXMB
6269,North Enterprises 6269,San Francisco,China,Distributor,12,3.0,LSC-EDDYY83J
6361,Vertex Distributors 6361,Philadelphia,Mexico,Distributor,26,3.4,LSC-2NHU6F8P
8920,Summit Supply 8920,Detroit,South Korea,Wholesaler,2,3.5,LSC-7BBQD2EY
2495,South Retail Supply 2495,Philadelphia,South Korea,Distributor,15,3.4,LSC-NBETRLZS
4429,Metro Trading 4429,Los Angeles,Mexico,Manufacturer,13,4.4,LSC-VBU6IJX4
8528,West Supply 8528, Los Angeles,Japan,Wholesaler,23,,LSC-XJ0J3LZ2
1514,Apex Enterprises 1514,Boston,Thailand,Wholesaler,23,4.4,LSC-GPCXWAYM
8573,South Procurement 8573,Miami,Vietnam,Wholesaler,10,4.3,LSC-3UI8SFQ5
2490,Evergreen Supply 2490,Phoenix,South Korea,Manufacturer,5,4.8,LSC-PTIHWUY0
2017,United Supply 2017,Denver,Germany,Distributor,13,3.7,LSC-QH4S03B0
1312,Elite Procurement 1312,Seattle,USA,Wholesaler,19,2.5,LSC-GXXKSF2G
18,Nova Industrial 18,Boston,Mexico,Manufacturer,15,4.2,LSC-02XRGHC0
3521,West Logistics 3521,Seattle,USA,Manufacturer,26,4.1,LSC-9QYXWL96
1667,West Wholesale 1667,Columbus,Germany,Manufacturer,29,2.7,LSC-6ENMB9UP
353,North Distributors 353,Denver,Canada,Wholesaler,29,4.2,LSC-VUXT9KLS
5771,Evergreen Supply 5771,Philadelphia,China,Wholesaler,11,3.9,LSC-TJCFI1L1
9977,Rapid Enterprises 9977,Philadelphia,Vietnam,Wholesaler,2,3.3,LSC-FB4MZTE2
7219,Nova Industrial 7219,San Jose,China,Wholesaler,18,2.8,LSC-5T42PEKH
11,Quantum Industrial 11,New York,Canada,Manufacturer,5,4.8,LSC-53LC58DR
8320,West Logistics 8320,PHOENIX,India,Manufacturer,15,4.0,LSC-OHK7H09B
8790,West Logistics 8790,Phoenix,Japan,Manufacturer,27,3.8,LSC-2E8B4IIV
2986,South Retail Supply 2986,Miami,Japan,Distributor,6,3.8,LSC-FY0U5OFQ
657,East Procurement 657,Philadelphia,India,Wholesaler,14,4.8,LSC-78NRXVOB
3663,Nova Trading 3663,Atlanta,Thailand,Wholesaler,15,2.5,LSC-MJG0D6MU
7738,Summit Procurement 7738,Denver,Vietnam,Distributor,11,4.0,LSC-9NG32D0E
8640,Blue Trading 8640,Miami,Japan,Wholesaler,21,3.8,LSC-RJEUL92J
2736,South Retail Supply 2736,Philadelphia,Thailand,Distributor,27,4.5,LSC-81ONRPOJ
430,South Wholesale 430,Boston,Vietnam,Wholesaler,26,3.4,LSC-USOZDUCK
8804,North Enterprises 8804,New York,Canada,Manufacturer,9,4.5,LSC-XC02QNIL
1428,Metro Distributors 1428,Columbus,Mexico,Wholesaler,14,,LSC-F6RGSL55
6862,North Logistics 6862,Phoenix,Thailand,Wholesaler,10,2.5,LSC-BZ3KGWKJ
3996,United Procurement 3996,Los Angeles,Germany,Wholesaler,15,3.5,LSC-NN443BMA
1404,Evergreen Partners 1404,San Jose,Thailand,Manufacturer,8,3.9,LSC-8LI72W4O
2359,Nova Retail Supply 2359,Nashville,China,Distributor,24,,LSC-1GSFYTK5
6103,Global Retail Supply 6103,Houston,USA,Distributor,30,3.5,LSC-DZ15LOCO
9485,Quantum Retail Supply 9485,Atlanta,Mexico,Manufacturer,24,4.1,LSC-RZBFNZ21
324,Metro Partners 324,Denver,Canada,Wholesaler,14,3.7,LSC-QB9LZS34
8548,Rapid Retail Supply 8548,Charlotte,South Korea,Wholesaler,25,4.7,LSC-2CZV937L
2498,Blue Supply 2498,Austin,Vietnam,Distributor,4,3.2,LSC-KF2V7MQJ
8666,United Distributors 8666,San Francisco,Vietnam,Manufacturer,8,2.8,LSC-JEIIQHWO
1735,Global Logistics 1735,Houston,USA,Distributor,9,3.1,LSC-GS5JVILV
558,Apex Wholesale 558,Austin,Canada,Wholesaler,3,2.7,LSC-5KVQYWJ8
8324,Evergreen Wholesale 8324,Columbus,Canada,Manufacturer,16,3.3,LSC-SU8IAY3K
6123,Metro Partners 6123,San Jose,Vietnam,Wholesaler,13,2.7,LSC-SU5W45QC
6779,Prime Industrial 6779,Miami,India,Distributor,19,3.3,LSC-GSQNKFT4
4058,Nova Trading 4058,Nashville,China,Manufacturer,25,4.7,LSC-KH7O4EA8
6891,Apex Supply 6891,Phoenix,USA,Distributor,24,3.7,LSC-64MMG7LK
6776,Rapid Industrial 6776,Portland,Japan,Manufacturer,12,3.7,LSC-OO811K4C
3861,Metro Industrial 3861,Portland,Vietnam,Distributor,27,2.7,LSC-S4A2IS06
96,Prime Distributors 96,Miami,India,Manufacturer,16,4.2,LSC-RPJ1EPKY
187,Vertex Wholesale 187,Charlotte,China,Manufacturer,10,3.6,LSC-RCJIWVHD
7669,Nova Industrial 7669,Miami,Thailand,Manufacturer,8,0.0,LSC-XKZ7CKXO
8689,Evergreen Wholesale 8689,Phoenix,USA,Wholesaler,2,2.8,LSC-76XUCRLP
2871,Metro Wholesale 2871,Boston,Canada,Manufacturer,26,3.8,LSC-ZKZN0LYI
7671,Apex Enterprises 7671,Chicago,Germany,Wholesaler,23,3.3,LSC-4PMFORV0
3717,South Procurement 3717,Houston,South Korea,Wholesaler,21,3.4,LSC-VGUASMCJ
4756,Vertex Trading 4756,Houston,USA,Manufacturer,5,3.9,LSC-R9XSSCQJ
10032,United Partners 10032,Portland,Vietnam,Manufacturer,30,2.5,LSC-0WT9IA8M
2545,Prime Distributors 2545,Denver,Japan,Manufacturer,7,3.0,LSC-6BE8XOHA
1287,East Procurement 1287,Miami,Mexico,Wholesaler,19,4.1,LSC-0PN524KS
1923,Nova Partners 1923,Detroit,China,Distributor,18,3.2,LSC-PF3UZ3AO
1487,Prime Logistics 1487,Miami,India,Manufacturer,20,3.6,LSC-K7FVU3F0
2641,Elite Industrial 2641,Chicago,Canada,Manufacturer,22,3.1,LSC-2AFI41JI
