warehouse_id,warehouse_name,city,state,warehouse_type,capacity,internal_note
1,WH-00001,Seattle,Washington,Fulfillment Center,73160,INT-T5GIBEA
2,WH-00002,Chicago,Illinois,Distribution Center,72333,INT-YKWV1YM
3,WH-00003,Dallas,Texas,Fulfillment Center,42057,INT-WECD8DW
4,WH-00004,Phoenix,Arizona,Fulfillment Center,9587,INT-MDRGE01
5,WH-00005,New York,New York,Cross Dock,93305,INT-8YZ0Z43
6,WH-00006,Dallas,Texas,Distribution Center,66718,INT-WVTIQ2Y
7,WH-00007,Dallas,Texas,Cross Dock,85773,INT-34BFIA1
8,WH-00008,Denver,Colorado,Regional DC,77875,INT-T9MHEM4
9,WH-00009,Boston,Massachusetts,Fulfillment Center,98939,INT-CPBWEGX
10,WH-00010,Detroit,Michigan,Cross Dock,5707,INT-WKXJAJY
11,WH-00011,Denver,Colorado,Cross Dock,93897,INT-G43K8JC
12,WH-00012,Miami,Florida,Fulfillment Center,83603,INT-L2CROK5
13,WH-00013,Atlanta,Georgia,Fulfillment Center,14538,INT-LEEE7OM
14,WH-00014,,Unknown,Regional DC,16039,INT-JUE0SNB
15,WH-00015,Houston,Texas,Regional DC,78407,INT-RS5Y9QE
16,WH-00016,Charlotte,North Carolina,Fulfillment Center,83273,INT-NE86FA6
17,WH-00017,Seattle,Washington,Cross Dock,88221,INT-Y2N80YQ
18,WH-00018,Houston,Texas,Fulfillment Center,25495,INT-Y0ALTHE
19,WH-00019,Houston,Texas,Fulfillment Center,76254,INT-AEOSWLE
20,WH-00020,Charlotte,North Carolina,Cross Dock,87821,INT-FWCT79W
21,WH-00021,Phoenix,Arizona,Cross Dock,7137,INT-BHHFGE5
22,WH-00022,Portland,Oregon,Cross Dock,25668,INT-6ZJNNV8
23,WH-00023,,Unknown,Regional DC,39520,INT-11F8RK6
24,WH-00024,Atlanta,Georgia,Fulfillment Center,66913,INT-KKUQ9RE
25,WH-00025,Austin,Texas,Regional DC,41518,INT-VJI61MN
26,WH-00026,Seattle,Washington,Distribution Center,61280,INT-L9TZDIT
27,WH-00027,New York,New York,Cross Dock,27649,INT-1HYXW7P
28,WH-00028,New York,New York,Fulfillment Center,80081,INT-VKX1MY7
29,WH-00029,Chicago,Illinois,Cross Dock,12822,INT-2R7CNFJ
30,WH-00030,Charlotte,North Carolina,Cross Dock,35256,INT-TM8BA1U
31,WH-00031,Detroit,Michigan,Cross Dock,90772,INT-R7LI5TB
32,WH-00032,New York,New York,Fulfillment Center,56215,INT-A0WE21W
33,WH-00033,Boston,Massachusetts,Fulfillment Center,77313,INT-PYN7VY7
34,WH-00034,LOS ANGELES,Unknown,Distribution Center,74847,INT-NX1ED5K
35,WH-00035,Portland,Oregon,Fulfillment Center,75214,INT-MWNTLPZ
36,WH-00036,Atlanta,Georgia,Regional DC,57442,INT-EOH1LM4
37,WH-00037,Charlotte,North Carolina,Fulfillment Center,10128,INT-OQTJN4R
38,WH-00038,Atlanta,Georgia,Distribution Center,98527,INT-VDKI1UT
39,WH-00039,Houston,Texas,Cross Dock,64692,INT-ACGLT5I
40,WH-00040,Chicago,Illinois,Fulfillment Center,41023,INT-ATOQ7VV
41,WH-00041,Houston,Texas,Cross Dock,97576,INT-TH9KL9O
42,WH-00042,Denver,Colorado,Distribution Center,77025,INT-WNBJ919
43,WH-00043,Miami,Florida,Distribution Center,50675,INT-S1T96RY
44,WH-00044,Chicago,Illinois,Cross Dock,6535,INT-6J07BJC
45,WH-00045,Dallas,Texas,Cross Dock,56143,INT-7ZAD0WJ
46,WH-00046,Houston,Texas,Fulfillment Center,45304,INT-B3M4KS4
47,WH-00047,New York,New York,Cross Dock,58761,INT-7H8QQSI
48,WH-00048,Dallas,Texas,Fulfillment Center,97501,INT-2O1F0RS
49,WH-00049,New York,New York,Fulfillment Center,80601,INT-2VPASPM
50,WH-00050,Detroit,Michigan,Fulfillment Center,28023,INT-WXY7E7B
51,WH-00051,Boston,Massachusetts,Distribution Center,15249,INT-BDGEWN6
52,WH-00052,Austin,Texas,Regional DC,30979,INT-SB0I5BE
53,WH-00053,Dallas,Texas,Cross Dock,66178,INT-378HN43
54,WH-00054,Denver,Colorado,Regional DC,15655,INT-RBIJNM2
55,WH-00055,Austin,Texas,Cross Dock,77099,INT-K1FVLMJ
56,WH-00056,New York,New York,Fulfillment Center,32479,INT-DYXXPV2
57,WH-00057,New York,New York,Distribution Center,56263,INT-EDP7X6B
58,WH-00058,Austin,Texas,Regional DC,16355,INT-0HC2YAB
59,WH-00059,Seattle,Washington,Cross Dock,90531,INT-5VX369F
60,WH-00060,Phoenix,Arizona,Distribution Center,94956,INT-O7F0WL0
61,WH-00061,Los Angeles,California,Cross Dock,35088,INT-ED3OBDK
62,WH-00062,Houston,Texas,Fulfillment Center,86375,INT-BZCKZ02
63,WH-00063,Houston,Texas,Fulfillment Center,27295,INT-L1CJGHQ
64,WH-00064,New York,New York,Distribution Center,85742,INT-LDIS6UA
65,WH-00065,Seattle,Washington,Cross Dock,62021,INT-PPTWOWU
66,WH-00066,Miami,Florida,Fulfillment Center,5000000,INT-BP4OW02
67,WH-00067,Seattle,Washington,Fulfillment Center,62058,INT-O0O4533
68,WH-00068,Charlotte,North Carolina,Fulfillment Center,19908,INT-32GSQWC
69,WH-00069,Atlanta,Georgia,Cross Dock,10406,INT-W46S4U1
70,WH-00070,Portland,Oregon,Fulfillment Center,5180,INT-6SCCZV4
71,WH-00071,Chicago,Illinois,Fulfillment Center,50011,INT-9RDYC23
72,WH-00072,Seattle,Washington,Cross Dock,86188,INT-6N3K0DM
73,WH-00073,Seattle,Washington,Fulfillment Center,59925,INT-53DQ49Q
74,WH-00074,Chicago,Illinois,Regional DC,93343,INT-GVLCAOB
75,WH-00075,Denver,Colorado,Regional DC,82414,INT-00SW5LV
76,WH-00076,Chicago,Illinois,Fulfillment Center,94375,INT-HOH1QNK
77,WH-00077,Chicago,Illinois,Cross Dock,59114,INT-5PAQ1ZM
78,WH-00078,Denver,Colorado,Distribution Center,72880,INT-TG5ICW9
79,WH-00079,Houston,Texas,Fulfillment Center,77198,INT-PG9YXBH
80,WH-00080,Miami,Florida,Regional DC,24747,INT-VRNENUG
81,WH-00081,Denver,Colorado,Regional DC,50444,INT-A7E0C29
82,WH-00082,Phoenix,Arizona,Fulfillment Center,6664,INT-89MTF2W
83,WH-00083,Atlanta,Georgia,Regional DC,68408,INT-SNHQYCI
84,WH-00084,Phoenix,Arizona,Cross Dock,44458,INT-R5OGKBR
85,WH-00085,Atlanta,Georgia,Distribution Center,79658,INT-OXVLYFX
86,WH-00086,Seattle,Washington,Distribution Center,43602,INT-14RDXAC
87,WH-00087,Houston,Texas,Distribution Center,95880,INT-2NZSVA7
88,WH-00088,Atlanta,Georgia,Cross Dock,19245,INT-CU5QXDG
89,WH-00089,Dallas,Texas,Cross Dock,81768,INT-BWAQYF9
90,WH-00090,Boston,Massachusetts,Fulfillment Center,39006,INT-1ZUNVZN
91,WH-00091,New York,New York,Cross Dock,19052,INT-7J79B6M
92,WH-00092,Detroit,Michigan,Fulfillment Center,29243,INT-1J2D6V9
93,WH-00093,Atlanta,Georgia,Distribution Center,97327,INT-ODCO7H7
94,WH-00094,Denver,Colorado,Fulfillment Center,15395,INT-MLBZXS3
95,WH-00095,New York,New York,Regional DC,37865,INT-YFB5JSK
96,WH-00096,Austin,Texas,Cross Dock,27641,INT-PY6DN03
97,WH-00097,Detroit,Michigan,Fulfillment Center,80771,INT-OYU4GCG
98,WH-00098,Dallas,Texas,Cross Dock,85576,INT-QQT4EEO
99,WH-00099,Miami,Florida,Fulfillment Center,84977,INT-HHE3SY4
100,WH-00100,Dallas,Texas,Fulfillment Center,87348,INT-SI55GXH
101,WH-00101,Denver,Colorado,Distribution Center,65032,INT-25TLCAJ
102,WH-00102,Austin,Texas,Regional DC,47701,INT-97YSB7R
103,WH-00103,Phoenix,Arizona,Fulfillment Center,52317,INT-PI56WVE
104,WH-00104,Los Angeles,California,Cross Dock,32386,INT-OF7GGSY
105,WH-00105,Dallas,Texas,Cross Dock,47933,INT-EK59IZ2
106,WH-00106,Detroit,Michigan,Fulfillment Center,21200,INT-ABDUH7I
107,WH-00107,Atlanta,Georgia,Regional DC,83317,INT-E6IJKHD
108,WH-00108,,Unknown,Distribution Center,16638,INT-Q4MX6LU
109,WH-00109,Atlanta,Georgia,Distribution Center,21574,INT-LKJT5XO
110,WH-00110,Denver,Colorado,Cross Dock,48638,INT-PL0RR2H
111,WH-00111,Dallas,Texas,Fulfillment Center,99171,INT-SUUJ78V
112,WH-00112,Dallas,Texas,Fulfillment Center,33585,INT-GDVZVRW
113,WH-00113,Charlotte,North Carolina,Cross Dock,8526,INT-H62QZTX
114,WH-00114,Austin,Texas,Fulfillment Center,43659,INT-C8YBJ73
115,WH-00115,New York,New York,Fulfillment Center,39364,INT-2PP2FWK
116,WH-00116,Detroit,Michigan,Regional DC,51489,INT-77GCPEI
117,WH-00117,Miami,Florida,Regional DC,80092,INT-UGBMUFN
118,WH-00118,Los Angeles,California,Cross Dock,87130,INT-33MBP8M
119,WH-00119,Miami,Florida,Regional DC,56105,INT-A442JM6
120,WH-00120,New York,New York,Fulfillment Center,60275,INT-47D3554
121,WH-00121,Phoenix,Arizona,Distribution Center,9632,INT-AJL0SDR
122,WH-00122,Detroit,Michigan,Fulfillment Center,18157,INT-MFATBL0
123,WH-00123,Charlotte,North Carolina,Fulfillment Center,40266,INT-64YGG17
124,WH-00124,Seattle,Washington,Regional DC,25344,INT-WU3YISR
125,WH-00125,Boston,Massachusetts,Fulfillment Center,46870,INT-QWXKL91
126,WH-00126,Miami,Florida,Fulfillment Center,47951,INT-YLG2LS5
127,WH-00127,Boston,Massachusetts,Fulfillment Center,72086,INT-HR4QAE1
128,WH-00128,Denver,Colorado,Cross Dock,88563,INT-YCS24M9
129,WH-00129,Boston,Massachusetts,Cross Dock,57518,INT-11KO3L0
130,WH-00130,Charlotte,North Carolina,Cross Dock,51675,INT-E4LU2XX
131,WH-00131,Los Angeles,California,Regional DC,76174,INT-65ZLLMU
132,WH-00132,Portland,Oregon,Distribution Center,89577,INT-QB7QYE9
133,WH-00133,Austin,Texas,Fulfillment Center,34169,INT-MLMFJKY
134,WH-00134,Portland,Oregon,Cross Dock,8943,INT-OG0M7OK
135,WH-00135,Houston,Texas,Cross Dock,60857,INT-1HFNZ99
136,WH-00136,Portland,Oregon,Fulfillment Center,86167,INT-4TRL83A
137,WH-00137,Chicago,Illinois,Fulfillment Center,30286,INT-769KR3I
138,WH-00138,Miami,Florida,Regional DC,33413,INT-EFN0ARC
139,WH-00139,Phoenix,Arizona,Distribution Center,74332,INT-9EIGIKC
140,WH-00140,Boston,Massachusetts,Distribution Center,57285,INT-TPG2HRL
141,WH-00141,Los Angeles,California,Fulfillment Center,83668,INT-5SO06HO
142,WH-00142,,Unknown,Cross Dock,71231,INT-NF7173T
143,WH-00143,Seattle,Washington,Fulfillment Center,37197,INT-FAP6H05
144,WH-00144,Dallas,Texas,Regional DC,87450,INT-6Y02P43
145,WH-00145,Boston,Massachusetts,Regional DC,14516,INT-4XLVO2Y
146,WH-00146,Detroit,Michigan,Fulfillment Center,98927,INT-6M6DOZY
147,WH-00147,Portland,Oregon,Cross Dock,70241,INT-K1378DC
148,WH-00148,Portland,Oregon,Regional DC,20965,INT-1ABXXGS
149,WH-00149,Seattle,Washington,Distribution Center,51623,INT-ZUDM0LL
150,WH-00150,Austin,Texas,Cross Dock,30187,INT-IX7TUR4
151,WH-00151,New York,New York,Fulfillment Center,78033,INT-UPYHKKQ
152,WH-00152,Dallas,Texas,Cross Dock,45866,INT-4Z84BMB
153,WH-00153,Houston,Texas,Distribution Center,68367,INT-SR25VQC
154,WH-00154,Houston,Texas,Distribution Center,65096,INT-78421EQ
155,WH-00155,New York,New York,Regional DC,32019,INT-23WKOAJ
156,WH-00156,Austin,Texas,Fulfillment Center,62628,INT-Y46X1KE
157,WH-00157,Denver,Colorado,Distribution Center,57137,INT-EXZH1W2
158,WH-00158,Austin,Texas,Regional DC,11284,INT-K2QC1ZZ
159,WH-00159,Atlanta,Georgia,Regional DC,15502,INT-0Z1D1IT
160,WH-00160,Atlanta,Georgia,Regional DC,94575,INT-D63XREE
161,WH-00161,New York,New York,Fulfillment Center,30148,INT-480I49B
162,WH-00162,Boston,Massachusetts,Fulfillment Center,29066,INT-G7JO453
163,WH-00163,Austin,Texas,Regional DC,20855,INT-AW1BXHE
164,WH-00164,New York,New York,Fulfillment Center,36306,INT-9UDYCJ3
165,WH-00165,Austin,Texas,Cross Dock,25710,INT-9CTF7K5
166,WH-00166,New York,New York,Fulfillment Center,14278,INT-5WLWSSH
167,WH-00167,Detroit,Michigan,Cross Dock,23481,INT-ESNB42N
168,WH-00168,Portland,Oregon,Fulfillment Center,81364,INT-Z8M57R4
169,WH-00169,Phoenix,Arizona,Distribution Center,51486,INT-E4JG20Z
170,WH-00170,Atlanta,Georgia,Cross Dock,26157,INT-A5YALGI
171,WH-00171,Los Angeles,California,Distribution Center,13900,INT-1G6MR8F
172,WH-00172,Phoenix,Arizona,Distribution Center,32114,INT-FZY7VPH
173,WH-00173,Boston,Massachusetts,Distribution Center,64198,INT-JUJV7NC
174,WH-00174,,Unknown,Cross Dock,24182,INT-ZUN0FY8
175,WH-00175,,Unknown,Fulfillment Center,61508,INT-9HHO99F
176,WH-00176,Dallas,Texas,Fulfillment Center,31269,INT-ZG9QS18
177,WH-00177,Portland,Oregon,Cross Dock,41240,INT-74O0QV4
178,WH-00178,Boston,Massachusetts,Fulfillment Center,79104,INT-CTXNSCU
179,WH-00179,Boston,Massachusetts,Cross Dock,20171,INT-0HMQ6ET
180,WH-00180,Portland,Oregon,Regional DC,75197,INT-K7I1GIY
181,WH-00181,Boston,Massachusetts,Regional DC,46519,INT-YSM2VIJ
182,WH-00182,Boston,Massachusetts,Distribution Center,28356,INT-BG5AD95
183,WH-00183,Houston,Texas,Distribution Center,66680,INT-VU9PHQR
184,WH-00184,Phoenix,Arizona,Cross Dock,82661,INT-YAPDAXZ
185,WH-00185,Austin,Texas,Regional DC,52732,INT-JKLDDSQ
186,WH-00186,Los Angeles,California,Regional DC,50223,INT-JPV9QEG
187,WH-00187,Los Angeles,California,Cross Dock,90787,INT-E3YF2KT
188,WH-00188,Phoenix,Arizona,Fulfillment Center,56748,INT-C0LZ9CA
189,WH-00189,Boston,Massachusetts,Regional DC,74666,INT-4VTCKVX
190,WH-00190,Boston,Massachusetts,Cross Dock,66893,INT-ZUQLXVU
191,WH-00191,Charlotte,North Carolina,Regional DC,53406,INT-L1PKF8S
192,WH-00192,Austin,Texas,Regional DC,16253,INT-TH9ZA8M
193,WH-00193,Seattle,Washington,Distribution Center,46768,INT-34XELTT
194,WH-00194,Austin,Texas,Regional DC,55370,INT-E07DKLP
195,WH-00195,Denver,Colorado,Regional DC,10061,INT-I1X40RU
196,WH-00196,Los Angeles,California,Cross Dock,26276,INT-L15A8O9
197,WH-00197,Seattle,Washington,Cross Dock,59138,INT-ZPIF7JX
198,WH-00198,Chicago,Illinois,Regional DC,74089,INT-MYVLSBS
199,WH-00199,Austin,Texas,Cross Dock,12480,INT-6EXPUFF
200,WH-00200,Phoenix,Arizona,Fulfillment Center,41950,INT-C5J0BH9
201,WH-00201,Boston,Massachusetts,Cross Dock,42430,INT-KED0EKF
202,WH-00202,Chicago,Illinois,Cross Dock,63046,INT-Y3830UB
203,WH-00203,Phoenix,Arizona,Fulfillment Center,70429,INT-OPLPQOQ
204,WH-00204,Denver,Colorado,Distribution Center,34686,INT-1P380WB
205,WH-00205,Miami,Florida,Distribution Center,43705,INT-SZQJ0MS
206,WH-00206,Portland,Oregon,Fulfillment Center,42635,INT-WH4W2M4
207,WH-00207,Dallas,Texas,Distribution Center,22306,INT-9DOPN71
208,WH-00208,Detroit,Michigan,Fulfillment Center,63675,INT-M8OF689
209,WH-00209,Dallas,Texas,Regional DC,92674,INT-MQ9APEV
210,WH-00210,Seattle,Washington,Fulfillment Center,68902,INT-DR70303
211,WH-00211,Charlotte,North Carolina,Distribution Center,88700,INT-R7HAMS0
212,WH-00212,Atlanta,Georgia,Regional DC,73890,INT-TWKOIDM
213,WH-00213,Los Angeles,California,Regional DC,91110,INT-VATFR2F
214,WH-00214,Dallas,Texas,Distribution Center,22875,INT-08WZNZD
215,WH-00215,Charlotte,North Carolina,Distribution Center,61561,INT-UW1T2K2
216,WH-00216,Seattle,Washington,Fulfillment Center,23705,INT-B3OCQEI
217,WH-00217,Boston,Massachusetts,Fulfillment Center,93309,INT-QS83OHS
218,WH-00218,New York,New York,Regional DC,54833,INT-S6XXIOL
219,WH-00219,Houston,Texas,Regional DC,27875,INT-YZ9FGOX
220,WH-00220,Portland,Oregon,Fulfillment Center,44401,INT-SUHHSGS
221,WH-00221,Denver,Colorado,Fulfillment Center,92359,INT-R4Y9494
222,WH-00222,Austin,Texas,Fulfillment Center,72268,INT-0U29M4X
223,WH-00223,Houston,Texas,Distribution Center,23038,INT-QXWTUJF
224,WH-00224,Portland,Oregon,Regional DC,69624,INT-9TI3CI0
225,WH-00225,Detroit,Michigan,Fulfillment Center,42388,INT-MH7JTS9
226,WH-00226,Miami,Florida,Cross Dock,60856,INT-J5UDYYW
227,WH-00227,Portland,Oregon,Cross Dock,8141,INT-K9FEFS4
228,WH-00228,Portland,Oregon,Fulfillment Center,77676,INT-8QT46VU
229,WH-00229,,Unknown,Fulfillment Center,62439,INT-U8FG7C8
230,WH-00230,Denver,Colorado,Cross Dock,6917,INT-XC6V3UY
231,WH-00231,Phoenix,Arizona,Cross Dock,76466,INT-Q3QR6S0
232,WH-00232,Chicago,Illinois,Regional DC,86673,INT-147CCMF
233,WH-00233,Houston,Texas,Regional DC,81557,INT-IZ6QFT0
234,WH-00234,Chicago,Illinois,Cross Dock,12267,INT-0TY8OHG
235,WH-00235,Los Angeles,California,Distribution Center,45331,INT-65NF2HA
236,WH-00236,Denver,Colorado,Regional DC,57523,INT-BYQNZEP
237,WH-00237,New York,New York,Fulfillment Center,14385,INT-OS9RUI9
238,WH-00238,Austin,Texas,Distribution Center,99546,INT-8LF2HY0
239,WH-00239,Austin,Texas,Cross Dock,5501,INT-2LIF7QB
240,WH-00240,Denver,Colorado,Regional DC,38383,INT-O9VWJDE
241,WH-00241,Los Angeles,California,Cross Dock,18156,INT-MG35SGD
242,WH-00242,Houston,Texas,Regional DC,49704,INT-Y0Z30AZ
243,WH-00243,Atlanta,Georgia,Cross Dock,59847,INT-BAL08ZA
244,WH-00244,Phoenix,Arizona,Regional DC,53791,INT-O0QTDXT
245,WH-00245,Seattle,Washington,Cross Dock,26024,INT-N2L5WBK
246,WH-00246,Houston,Texas,Cross Dock,17486,INT-L5SP1A4
247,WH-00247,Boston,Massachusetts,Fulfillment Center,40871,INT-222HDAF
248,WH-00248,Miami,Florida,Distribution Center,57069,INT-YE2BNRH
249,WH-00249,Seattle,Washington,Regional DC,25833,INT-FXOYY7L
250,WH-00250,Seattle,Washington,Regional DC,17070,INT-VXGOBQS
251,WH-00251,Portland,Oregon,Distribution Center,93890,INT-90CCZT1
252,WH-00252,Portland,Oregon,Regional DC,20109,INT-MXAXPIS
253,WH-00253,,Unknown,Distribution Center,24846,INT-2RDHHSH
254,WH-00254,Dallas,Texas,Cross Dock,87871,INT-WVL8WJJ
255,WH-00255,Austin,Texas,Regional DC,78532,INT-SRUR5GP
256,WH-00256,Charlotte,North Carolina,Fulfillment Center,35277,INT-1S06EKD
257,WH-00257,Boston,Massachusetts,Fulfillment Center,95959,INT-1WNNTUD
258,WH-00258,Dallas,Texas,Fulfillment Center,18913,INT-IMK0NLY
259,WH-00259,Atlanta,Georgia,Cross Dock,14177,INT-YJ30YEX
260,WH-00260,Chicago,Illinois,Fulfillment Center,93371,INT-B7GCQ5E
261,WH-00261,Denver,Colorado,Cross Dock,57586,INT-3MINHGI
262,WH-00262,Phoenix,Arizona,Distribution Center,78494,INT-DMIDB5E
263,WH-00263,Portland,Oregon,Fulfillment Center,67180,INT-EQII6BL
264,WH-00264,New York,New York,Regional DC,67099,INT-EK4PN30
265,WH-00265,Houston,Texas,Regional DC,91186,INT-AY9DQ5A
266,WH-00266,Los Angeles,California,Distribution Center,79573,INT-GFZ93BX
267,WH-00267,Portland,Oregon,Regional DC,39433,INT-78QF7Z7
268,WH-00268,Detroit,Michigan,Cross Dock,62776,INT-IEBPH58
269,WH-00269,Boston,Massachusetts,Cross Dock,24560,INT-2L5EGXU
270,WH-00270,Miami,Florida,Distribution Center,44297,INT-9TIKGKO
271,WH-00271,New York,New York,Cross Dock,15076,INT-BYBS67B
272,WH-00272,Houston,Texas,Regional DC,37613,INT-0CLJR5H
273,WH-00273,Chicago,Illinois,Regional DC,5194,INT-46MPEFC
274,WH-00274,Seattle,Washington,Cross Dock,26081,INT-4DKPELZ
275,WH-00275,Denver,Colorado,Distribution Center,63981,INT-SH4E9CW
276,WH-00276,Detroit,Michigan,Distribution Center,52546,INT-WXN6WOO
277,WH-00277,Houston,Texas,Distribution Center,15792,INT-MYK6BTL
278,WH-00278,,Unknown,Distribution Center,93995,INT-GUP2M08
279,WH-00279,Portland,Oregon,Regional DC,91168,INT-I44KUMQ
280,WH-00280,Los Angeles,California,Fulfillment Center,16821,INT-EA3YEDW
281,WH-00281,Miami,Florida,Distribution Center,46720,INT-WRB0WFI
282,WH-00282,New York,New York,Distribution Center,24316,INT-55TBI6Z
283,WH-00283,Phoenix,Arizona,Fulfillment Center,63011,INT-VZAQL4T
284,WH-00284,Phoenix,Arizona,Fulfillment Center,95166,INT-ITOAEGE
285,WH-00285,Boston,Massachusetts,Distribution Center,17436,INT-EOIGC2W
286,WH-00286,Houston,Texas,Fulfillment Center,40709,INT-S2UAV38
287,WH-00287,Miami,Florida,Cross Dock,23663,INT-PVPGA6H
288,WH-00288,Phoenix,Arizona,Regional DC,93707,INT-E4NIVCL
289,WH-00289,Phoenix,Arizona,Cross Dock,34557,INT-NOQAZBV
290,WH-00290,New York,New York,Distribution Center,75975,INT-XJQPADW
291,WH-00291,Detroit,Michigan,Fulfillment Center,77030,INT-LWL7RQ1
292,WH-00292,Seattle,Washington,Fulfillment Center,76878,INT-I06H5G4
293,WH-00293,Los Angeles,California,Cross Dock,89753,INT-ADFZMIN
294,WH-00294,New York,New York,Distribution Center,52978,INT-U8CB53B
295,WH-00295,New York,New York,Fulfillment Center,63206,INT-SY289NB
296,WH-00296,Phoenix,Arizona,Distribution Center,72940,INT-2EJOFQV
297,WH-00297,Portland,Oregon,Distribution Center,70060,INT-49K8Q0J
298,WH-00298,Phoenix,Arizona,Cross Dock,82178,INT-YUWJZWW
299,WH-00299,Miami,Florida,Cross Dock,45002,INT-8AXRR2B
300,WH-00300,Houston,Texas,Distribution Center,19433,INT-PQ7L826
301,WH-00301,Seattle,Washington,Fulfillment Center,99444,INT-9X8USUS
302,WH-00302,Chicago,Illinois,Regional DC,20285,INT-Y9UETYR
303,WH-00303,Los Angeles,California,Distribution Center,6067,INT-Y4KWGFX
304,WH-00304,New York,New York,Distribution Center,31764,INT-NQQZX0Y
305,WH-00305,Austin,Texas,Fulfillment Center,7562,INT-11TP5MN
306,WH-00306,Austin,Texas,Regional DC,69354,INT-NQERNPL
307,WH-00307,Dallas,Texas,Regional DC,80237,INT-ICKSVIG
308,WH-00308,Seattle,Washington,Fulfillment Center,70797,INT-EVEF6J3
309,WH-00309,Detroit,Michigan,Fulfillment Center,65136,INT-YC37977
310,WH-00310,Portland,Oregon,Regional DC,73514,INT-0IITM09
311,WH-00311,Denver,Colorado,Cross Dock,86203,INT-BL1DJJT
312,WH-00312,Phoenix,Arizona,Cross Dock,27637,INT-LDM08TQ
313,WH-00313,Seattle,Washington,Fulfillment Center,58736,INT-2D19S4E
314,WH-00314,Boston,Massachusetts,Fulfillment Center,72639,INT-ZBHBRXU
315,WH-00315,Chicago,Illinois,Regional DC,55959,INT-TCQ9GTF
316,WH-00316,Portland,Oregon,Fulfillment Center,62204,INT-WPNYGDA
317,WH-00317,Austin,Texas,Cross Dock,94026,INT-48UW3D6
318,WH-00318,Detroit,Michigan,Distribution Center,66264,INT-IQ1DCJG
319,WH-00319,Detroit,Michigan,Cross Dock,79124,INT-ZKY106D
320,WH-00320,Dallas,Texas,Regional DC,17544,INT-YYAGVHE
321,WH-00321,Phoenix,Arizona,Fulfillment Center,60589,INT-GBDHANY
322,WH-00322,Dallas,Texas,Fulfillment Center,95793,INT-KI6IGCS
323,WH-00323,Los Angeles,California,Fulfillment Center,63786,INT-C37NH6V
324,WH-00324,Portland,Oregon,Cross Dock,8612,INT-Q11Z8E5
325,WH-00325,New York,New York,Fulfillment Center,91597,INT-DSVY2BJ
326,WH-00326,Dallas,Texas,Fulfillment Center,81986,INT-NCIWC5C
327,WH-00327,Boston,Massachusetts,Fulfillment Center,32988,INT-XDKJIIO
328,WH-00328,Miami,Florida,Cross Dock,83632,INT-3YAKHOP
329,WH-00329,Charlotte,North Carolina,Distribution Center,48488,INT-4CGCNW5
330,WH-00330,Los Angeles,California,Distribution Center,98769,INT-6MLNFHA
331,WH-00331,Seattle,Washington,Regional DC,29558,INT-YEJZ1P7
332,WH-00332,Miami,Florida,Distribution Center,90781,INT-0JHPE02
333,WH-00333,Dallas,Texas,Cross Dock,5000000,INT-X5SOAEZ
334,WH-00334,Boston,Massachusetts,Fulfillment Center,18014,INT-IMAW0AO
335,WH-00335,Atlanta,Georgia,Fulfillment Center,42526,INT-XNVOONK
336,WH-00336,Miami,Florida,Regional DC,21988,INT-TZAJOHD
337,WH-00337,Dallas,Texas,Regional DC,20723,INT-9D6SG1R
338,WH-00338,New York,New York,Regional DC,81509,INT-IKYCZCS
339,WH-00339,Miami,Florida,Distribution Center,69927,INT-C5QBVT4
340,WH-00340,Denver,Colorado,Cross Dock,89284,INT-SY84AKX
341,WH-00341,New York,New York,Distribution Center,53196,INT-HRQ8FA4
342,WH-00342,Boston,Massachusetts,Regional DC,34084,INT-MCAB07L
343,WH-00343,Los Angeles,California,Distribution Center,96764,INT-WMB6WUF
344,WH-00344,Atlanta,Georgia,Fulfillment Center,60779,INT-GJKJZDB
345,WH-00345,Houston,Texas,Fulfillment Center,10864,INT-MIACCTE
346,WH-00346,Chicago,Illinois,Distribution Center,84154,INT-DMUQ4ZW
347,WH-00347,Charlotte,North Carolina,Distribution Center,30915,INT-QPTE1Y8
348,WH-00348,Phoenix,Arizona,Fulfillment Center,24334,INT-ET9ZD5S
349,WH-00349,Houston,Texas,Cross Dock,70831,INT-9L77DND
350,WH-00350,Los Angeles,California,Cross Dock,79428,INT-BLTGBM7
351,WH-00351,Chicago,Illinois,Distribution Center,71374,INT-C0YAELX
352,WH-00352,Boston,Massachusetts,Fulfillment Center,97918,INT-AHQVAEV
353,WH-00353,Boston,Massachusetts,Fulfillment Center,79544,INT-JH9O6IL
354,WH-00354,Portland,Oregon,Distribution Center,81930,INT-H8AX2CE
355,WH-00355,Atlanta,Georgia,Regional DC,20004,INT-N3CTC0W
356,WH-00356,Austin,Texas,Cross Dock,74947,INT-68IPJBK
357,WH-00357,Dallas,Texas,Cross Dock,41420,INT-SLFEJH5
358,WH-00358,Miami,Florida,Distribution Center,35409,INT-AP0NC4B
359,WH-00359,Denver,Colorado,Distribution Center,80789,INT-PPXZBN2
360,WH-00360,Houston,Texas,Distribution Center,13521,INT-84BLP8G
361,WH-00361,Dallas,Texas,Distribution Center,84322,INT-E905ZPH
362,WH-00362,Phoenix,Arizona,Cross Dock,71889,INT-72Q3HBF
363,WH-00363,Denver,Colorado,Fulfillment Center,11404,INT-3Q4XPXH
364,WH-00364,Chicago,Illinois,Cross Dock,24259,INT-G56ZN95
365,WH-00365,Portland,Oregon,Regional DC,52649,INT-46DPPOM
366,WH-00366,Los Angeles,California,Cross Dock,22977,INT-4R5GX8U
367,WH-00367,Dallas,Texas,Regional DC,12247,INT-JX76SAE
368,WH-00368,Miami,Florida,Regional DC,40263,INT-2AHVYVA
369,WH-00369,Detroit,Michigan,Cross Dock,45378,INT-LRO5DZV
370,WH-00370,,Unknown,Distribution Center,47893,INT-5P43DDE
371,WH-00371,Dallas,Texas,Cross Dock,19259,INT-JNSIYA0
372,WH-00372,Austin,Texas,Regional DC,95526,INT-CLPQGMU
373,WH-00373,Seattle,Washington,Regional DC,16173,INT-TGMUMTL
374,WH-00374,Detroit,Michigan,Fulfillment Center,78813,INT-W8KP2UQ
375,WH-00375,Los Angeles,California,Fulfillment Center,33872,INT-4SJCP0M
376,WH-00376,Miami,Florida,Fulfillment Center,94934,INT-FPLJ7NX
377,WH-00377,Dallas,Texas,Cross Dock,5845,INT-CAGZRNO
378,WH-00378,Charlotte,North Carolina,Fulfillment Center,98733,INT-ITFTU60
379,WH-00379,Chicago,Illinois,Distribution Center,46729,INT-020WRYX
380,WH-00380,Portland,Oregon,Regional DC,62654,INT-H7HB74Y
381,WH-00381,Seattle,Washington,Cross Dock,33294,INT-V6F74N4
382,WH-00382,Charlotte,North Carolina,Cross Dock,58702,INT-AO2G5K9
383,WH-00383,Atlanta,Georgia,Cross Dock,31271,INT-RWR6KG9
384,WH-00384,Miami,Florida,Regional DC,83295,INT-V086BL8
385,WH-00385,Miami,Florida,Regional DC,85271,INT-HRSE9SB
386,WH-00386,Phoenix,Arizona,Distribution Center,26251,INT-Y7D4FXL
387,WH-00387,Houston,Texas,Cross Dock,54854,INT-H6PALHP
388,WH-00388,Denver,Colorado,Regional DC,33452,INT-9NLZEM4
389,WH-00389,Detroit,Michigan,Fulfillment Center,66398,INT-L1AC8A0
390,WH-00390,Austin,Texas,Regional DC,14953,INT-UH86LTU
391,WH-00391,Portland,Oregon,Cross Dock,26709,INT-C6BVURR
392,WH-00392,New York,New York,Cross Dock,5853,INT-W151SLW
393,WH-00393,Phoenix,Arizona,Cross Dock,70123,INT-PUX4S6Y
394,WH-00394,Seattle,Washington,Cross Dock,96763,INT-MD1FHJM
395,WH-00395,Dallas,Texas,Regional DC,68597,INT-KP6P0ML
396,WH-00396,Chicago,Illinois,Distribution Center,15501,INT-61V3KUB
397,WH-00397,Charlotte,North Carolina,Cross Dock,74880,INT-IIOKN8D
398,WH-00398,Miami,Florida,Distribution Center,11631,INT-PRJ5WTD
399,WH-00399,Denver,Colorado,Regional DC,48569,INT-2S32EJD
400,WH-00400,Dallas,Texas,Fulfillment Center,16355,INT-P7XQDQL
401,WH-00401,Portland,Oregon,Fulfillment Center,46998,INT-29ESE0A
402,WH-00402,Portland,Oregon,Cross Dock,64502,INT-VUBYSG9
403,WH-00403,Portland,Oregon,Fulfillment Center,25560,INT-26R24HL
404,WH-00404,Chicago,Illinois,Cross Dock,16064,INT-FVIUTSO
405,WH-00405,Austin,Texas,Regional DC,45699,INT-ZTSWAKZ
406,WH-00406,Phoenix,Arizona,Cross Dock,64424,INT-GK64ZYA
407,WH-00407,Atlanta,Georgia,Fulfillment Center,75808,INT-LU0L1GI
408,WH-00408,Phoenix,Arizona,Distribution Center,37894,INT-2MJ33ST
409,WH-00409,New York,New York,Cross Dock,89358,INT-UTP0JDP
410,WH-00410,Miami,Florida,Regional DC,95709,INT-CEBE5J9
411,WH-00411,Phoenix,Arizona,Cross Dock,16746,INT-8UJGAA8
412,WH-00412,Charlotte,North Carolina,Fulfillment Center,88437,INT-M3VGC6U
413,WH-00413,Chicago,Illinois,Fulfillment Center,68301,INT-WVSJB6C
414,WH-00414,Chicago,Illinois,Fulfillment Center,77229,INT-P040YY3
415,WH-00415,New York,New York,Fulfillment Center,37951,INT-NFFLU8Z
416,WH-00416,Phoenix,Arizona,Distribution Center,74769,INT-2QUGKX5
417,WH-00417,Portland,Oregon,Regional DC,10448,INT-XVIV1ZE
418,WH-00418,Los Angeles,California,Cross Dock,27938,INT-7GXNKVC
419,WH-00419,Chicago,Illinois,Regional DC,24861,INT-3710IYB
420,WH-00420,Detroit,Michigan,Fulfillment Center,63154,INT-GH5OU1J
421,WH-00421,Austin,Texas,Regional DC,54294,INT-LQGYZ79
422,WH-00422,Miami,Florida,Fulfillment Center,48402,INT-HR7G6EH
423,WH-00423,Detroit,Michigan,Fulfillment Center,95662,INT-HX14UMT
424,WH-00424,Boston,Massachusetts,Distribution Center,36513,INT-WOC08CV
425,WH-00425,Portland,Oregon,Fulfillment Center,82355,INT-1DCG5M3
426,WH-00426,Dallas,Texas,Cross Dock,80492,INT-XX1Y4YI
427,WH-00427,Portland,Oregon,Cross Dock,61138,INT-1903FFQ
428,WH-00428,Portland,Oregon,Distribution Center,19643,INT-BJQW0EE
429,WH-00429,Portland,Oregon,Cross Dock,85561,INT-SWIR8S4
430,WH-00430,Charlotte,North Carolina,Distribution Center,15265,INT-1UZPPSL
431,WH-00431,Phoenix,Arizona,Regional DC,59248,INT-MY23DZ6
432,WH-00432,,Unknown,Fulfillment Center,80070,INT-W2XHSSV
433,WH-00433,Phoenix,Arizona,Fulfillment Center,39696,INT-UG48DAS
434,WH-00434,Chicago,Illinois,Fulfillment Center,81137,INT-JB0KOJK
435,WH-00435,Austin,Texas,Regional DC,78444,INT-P0U4XQN
436,WH-00436,Los Angeles,California,Cross Dock,14398,INT-DNFUHRD
437,WH-00437,Chicago,Illinois,Fulfillment Center,65047,INT-AXMKRY3
438,WH-00438,chicago,Unknown,Regional DC,83779,INT-6LOJC84
439,WH-00439,New York,New York,Regional DC,12752,INT-R64WZAQ
440,WH-00440,Los Angeles,California,Cross Dock,32829,INT-AMTXH3K
441,WH-00441,Austin,Texas,Cross Dock,83141,INT-9SE0OS2
442,WH-00442,Charlotte,North Carolina,Fulfillment Center,76456,INT-EYGCYOH
443,WH-00443,Phoenix,Arizona,Regional DC,19673,INT-5VZ2DKS
444,WH-00444,Miami,Florida,Cross Dock,45043,INT-WFG0NZU
445,WH-00445,Atlanta,Georgia,Fulfillment Center,78316,INT-HA8JLNH
446,WH-00446,Houston,Texas,Fulfillment Center,77366,INT-KOAHHRB
447,WH-00447,Miami,Florida,Cross Dock,11070,INT-03MA8N2
448,WH-00448,Chicago,Illinois,Fulfillment Center,81053,INT-W0A9W0I
449,WH-00449,Boston,Massachusetts,Regional DC,45912,INT-71B286L
450,WH-00450,Boston,Massachusetts,Distribution Center,96814,INT-TV0YD34
451,WH-00451,Miami,Florida,Regional DC,11594,INT-7I6IHUE
452,WH-00452,Boston,Massachusetts,Distribution Center,34278,INT-WZZY15H
453,WH-00453,Portland,Oregon,Fulfillment Center,9580,INT-DQ9GEZM
454,WH-00454,New York,New York,Regional DC,20884,INT-S6UP2V0
455,WH-00455,Houston,Texas,Fulfillment Center,13189,INT-1IDOXKR
456,WH-00456,Dallas,Texas,Cross Dock,65849,INT-QZMBZ4L
457,WH-00457,Boston,Massachusetts,Fulfillment Center,77195,INT-WSN911I
458,WH-00458,Houston,Texas,Fulfillment Center,12453,INT-ZZF1YX9
459,WH-00459,Denver,Colorado,Cross Dock,33067,INT-1PZOVDI
460,WH-00460,Chicago,Illinois,Regional DC,7689,INT-0GDN092
461,WH-00461,Detroit,Michigan,Regional DC,37380,INT-TVAXGBT
462,WH-00462,Atlanta,Georgia,Fulfillment Center,55217,INT-FFTGUKV
463,WH-00463,Detroit,Michigan,Regional DC,5000000,INT-VAN7W9T
464,WH-00464,Atlanta,Georgia,Distribution Center,98588,INT-FWQ4NHZ
465,WH-00465,Portland,Oregon,Distribution Center,36174,INT-VDXZA8L
466,WH-00466,New York,New York,Fulfillment Center,15637,INT-XUQK1RU
467,WH-00467,Los Angeles,California,Fulfillment Center,5049,INT-NN0OU0N
468,WH-00468,Miami,Florida,Cross Dock,34565,INT-XFJVGQE
469,WH-00469,Charlotte,North Carolina,Distribution Center,22919,INT-OJ6HTW5
470,WH-00470,Los Angeles,California,Distribution Center,18648,INT-63GNLYH
471,WH-00471,Miami,Florida,Distribution Center,20453,INT-67IBG36
472,WH-00472,Miami,Florida,Distribution Center,69566,INT-4AXQCNO
473,WH-00473,Detroit,Michigan,Fulfillment Center,77480,INT-UC4PCIG
474,WH-00474,CHICAGO,Unknown,Distribution Center,34048,INT-3Y9S4I9
475,WH-00475,Boston,Massachusetts,Cross Dock,60704,INT-WMZLPBY
476,WH-00476,Portland,Oregon,Fulfillment Center,61147,INT-GBWDFRZ
477,WH-00477,Houston,Texas,Cross Dock,68725,INT-IEXEBK8
478,WH-00478,Detroit,Michigan,Distribution Center,35026,INT-HHYDT9A
479,WH-00479,Charlotte,North Carolina,Cross Dock,88656,INT-MQCSBTS
480,WH-00480,Portland,Oregon,Regional DC,67336,INT-E1RRIPR
481,WH-00481,Miami,Florida,Cross Dock,10832,INT-9OF0QA3
482,WH-00482,New York,New York,Cross Dock,71229,INT-BEF9AX5
483,WH-00483,Austin,Texas,Cross Dock,80028,INT-54YK70M
484,WH-00484,Seattle,Washington,Fulfillment Center,29537,INT-0G5CRRO
485,WH-00485,New York,New York,Regional DC,37526,INT-1T9H1QM
486,WH-00486,Phoenix,Arizona,Fulfillment Center,22414,INT-GUTBYYB
487,WH-00487,Los Angeles,California,Distribution Center,55446,INT-TF4RLON
488,WH-00488,Boston,Massachusetts,Cross Dock,30335,INT-LLPPOX8
489,WH-00489,Charlotte,North Carolina,Regional DC,95050,INT-ODQBOXI
490,WH-00490,Phoenix,Arizona,Cross Dock,79159,INT-BC179A7
491,WH-00491,Austin,Texas,Cross Dock,90968,INT-AKNHCKU
492,WH-00492,Charlotte,North Carolina,Fulfillment Center,41808,INT-ZLRVJC9
493,WH-00493,Portland,Oregon,Fulfillment Center,88963,INT-GLMMFY7
494,WH-00494, Houston,Texas,Distribution Center,69915,INT-T00UZH8
495,WH-00495,Denver,Colorado,Cross Dock,32733,INT-S23R9I9
496,WH-00496,,Unknown,Cross Dock,83060,INT-2NB8Z67
497,WH-00497,Atlanta,Georgia,Cross Dock,31277,INT-4L0COKJ
498,WH-00498,New York,New York,Fulfillment Center,96637,INT-EV7TBQ5
499,WH-00499,Denver,Colorado,Cross Dock,86922,INT-FKMAENE
500,WH-00500,,Unknown,Fulfillment Center,30306,INT-GJ0L5J7
501,WH-00501,Austin,Texas,Cross Dock,65009,INT-N7T8DWK
502,WH-00502,Chicago,Illinois,Fulfillment Center,15767,INT-BTUFIQR
503,WH-00503,Dallas,Texas,Distribution Center,75385,INT-HCANCZE
504,WH-00504,Denver,Colorado,Regional DC,33091,INT-R9L90JP
505,WH-00505,Austin,Texas,Distribution Center,34258,INT-8KJ7NZZ
506,WH-00506,Atlanta,Georgia,Distribution Center,61771,INT-KX2645T
507,WH-00507,Phoenix,Arizona,Distribution Center,48869,INT-9QDO4RP
508,WH-00508,Miami,Florida,Regional DC,68879,INT-BHRK74M
509,WH-00509,Austin,Texas,Distribution Center,85753,INT-WW7Z9F4
510,WH-00510,Phoenix,Arizona,Cross Dock,85069,INT-COTYW0J
511,WH-00511,Dallas,Texas,Fulfillment Center,48123,INT-IPBFUYE
512,WH-00512,Seattle,Washington,Fulfillment Center,7930,INT-V7OZWB7
513,WH-00513,Los Angeles,California,Distribution Center,73258,INT-40KZZ8O
514,WH-00514,Phoenix,Arizona,Regional DC,41203,INT-TU4U6BX
515,WH-00515,Miami,Florida,Distribution Center,97628,INT-4CD6B8G
516,WH-00516,Atlanta,Georgia,Distribution Center,55735,INT-AAHLGRG
517,WH-00517,Atlanta,Georgia,Distribution Center,85882,INT-VN388WK
518,WH-00518,Houston,Texas,Fulfillment Center,74175,INT-SX73NVU
519,WH-00519,Los Angeles,California,Distribution Center,90094,INT-13I6G3J
520,WH-00520,Portland,Oregon,Distribution Center,32839,INT-02W4GTZ
521,WH-00521,Los Angeles,California,Cross Dock,17923,INT-DQ3HZX1
522,WH-00522,Dallas,Texas,Cross Dock,91396,INT-5JTTPX4
523,WH-00523,Phoenix,Arizona,Cross Dock,26021,INT-A2YRC1L
524,WH-00524,Houston,Texas,Regional DC,24121,INT-LGIF77Y
525,WH-00525,Boston,Massachusetts,Distribution Center,5,INT-4U93386
526,WH-00526,Chicago,Illinois,Regional DC,48764,INT-3DZUQYS
527,WH-00527,New York,New York,Regional DC,95667,INT-LVN53M7
528,WH-00528,Detroit,Michigan,Cross Dock,74413,INT-OVSN4EX
529,WH-00529,Austin,Texas,Fulfillment Center,18668,INT-2JFIWGH
530,WH-00530,Miami,Florida,Cross Dock,93786,INT-9ROXCG8
531,WH-00531,New York,New York,Distribution Center,39604,INT-1140M7B
532,WH-00532,Chicago,Illinois,Fulfillment Center,62126,INT-3P6DANL
533,WH-00533,Dallas,Texas,Regional DC,98044,INT-D6SS7EH
534,WH-00534,Austin,Texas,Cross Dock,13579,INT-Q4HE3UI
535,WH-00535,Atlanta,Georgia,Cross Dock,54679,INT-RU481U2
536,WH-00536,Charlotte,North Carolina,Regional DC,85160,INT-ZGA68IN
537,WH-00537,Seattle,Washington,Cross Dock,82119,INT-K4EE0IO
538,WH-00538,Miami,Florida,Cross Dock,59689,INT-BPIID2Y
539,WH-00539,Denver,Colorado,Cross Dock,29865,INT-K1HARTV
540,WH-00540,Dallas,Texas,Regional DC,76363,INT-CMPDA8P
541,WH-00541,Seattle,Washington,Distribution Center,88589,INT-UP685Y4
542,WH-00542,Chicago,Illinois,Cross Dock,34973,INT-S9Q562O
543,WH-00543,New York,New York,Cross Dock,52690,INT-ZK1ERQN
544,WH-00544,Portland,Oregon,Distribution Center,53906,INT-TUM3FKP
545,WH-00545,Boston,Massachusetts,Fulfillment Center,17706,INT-6AF6TUN
546,WH-00546,Denver,Colorado,Cross Dock,57685,INT-QL3SRBT
547,WH-00547,Miami,Florida,Cross Dock,36169,INT-WDJKBNK
548,WH-00548,Los Angeles,California,Distribution Center,80657,INT-SMDT2DP
549,WH-00549,Los Angeles,California,Distribution Center,44391,INT-0N95WXT
550,WH-00550,Boston,Massachusetts,Fulfillment Center,57204,INT-9NJTAM1
551,WH-00551,Boston,Massachusetts,Cross Dock,39298,INT-XUDU7ZI
552,WH-00552,Portland,Oregon,Fulfillment Center,60829,INT-X562AG3
553,WH-00553,Detroit,Michigan,Regional DC,9968,INT-ACDWF35
554,WH-00554,Atlanta,Georgia,Fulfillment Center,56367,INT-DZYK914
555,WH-00555,Houston,Texas,Distribution Center,93914,INT-63U7LX2
556,WH-00556,Phoenix,Arizona,Distribution Center,65764,INT-WP57535
557,WH-00557,,Unknown,Distribution Center,34702,INT-HSBDRFA
558,WH-00558,Los Angeles,California,Distribution Center,26962,INT-NOJPL7H
559,WH-00559,Detroit,Michigan,Cross Dock,60821,INT-CG9C120
560,WH-00560,Chicago,Illinois,Fulfillment Center,5000000,INT-VXD25WR
561,WH-00561,Houston,Texas,Cross Dock,43972,INT-PJFCNIU
562,WH-00562,Detroit,Michigan,Fulfillment Center,19645,INT-7R9DHSV
563,WH-00563,Seattle,Washington,Fulfillment Center,62134,INT-XY85F1D
564,WH-00564,New York,New York,Cross Dock,31581,INT-DGA0XJV
565,WH-00565,New York,New York,Fulfillment Center,34332,INT-35F5V2I
566,WH-00566,Dallas,Texas,Regional DC,31980,INT-JUWLP7K
567,WH-00567,Los Angeles,California,Distribution Center,7903,INT-QDFK9TW
568,WH-00568,Charlotte,North Carolina,Regional DC,57327,INT-WHHR92Q
569,WH-00569,Houston,Texas,Distribution Center,91802,INT-6ELJQ2O
570,WH-00570,New York,New York,Distribution Center,7989,INT-SVRDN69
571,WH-00571,Seattle,Washington,Regional DC,12990,INT-4CPEEMS
572,WH-00572,Charlotte,North Carolina,Regional DC,98272,INT-72JA0F2
573,WH-00573,Los Angeles,California,Distribution Center,94414,INT-NM2NQXZ
574,WH-00574,Phoenix,Arizona,Cross Dock,85442,INT-GP28PB4
575,WH-00575,Portland,Oregon,Regional DC,47921,INT-T02F10M
576,WH-00576,Detroit,Michigan,Regional DC,26374,INT-IX6OO7J
577,WH-00577,Detroit,Michigan,Distribution Center,91928,INT-EHQ7PYZ
578,WH-00578,Portland,Oregon,Regional DC,53591,INT-V7ZQ81T
579,WH-00579,Phoenix,Arizona,Regional DC,67508,INT-IOMK3WF
580,WH-00580,Detroit,Michigan,Distribution Center,10767,INT-FBDLC0M
581,WH-00581,Denver,Colorado,Distribution Center,96425,INT-ZSZNZNY
582,WH-00582,Miami,Florida,Fulfillment Center,21927,INT-U3HFB5Q
583,WH-00583,Los Angeles,California,Regional DC,55478,INT-I1A7GSV
584,WH-00584,Austin,Texas,Distribution Center,82546,INT-F3DL1C6
585,WH-00585,Portland,Oregon,Fulfillment Center,42178,INT-J158RB6
586,WH-00586,Dallas,Texas,Distribution Center,67908,INT-ZMRLNFZ
587,WH-00587,Miami,Florida,Fulfillment Center,43823,INT-KAJI4CM
588,WH-00588,Detroit,Michigan,Fulfillment Center,89661,INT-DXOOSKJ
589,WH-00589,Boston,Massachusetts,Cross Dock,40223,INT-HM1ZWGU
590,WH-00590,Chicago,Illinois,Distribution Center,57790,INT-E4D3EVP
591,WH-00591,Dallas,Texas,Regional DC,48161,INT-RW8XYYH
592,WH-00592,Phoenix,Arizona,Cross Dock,44388,INT-PF6J3G5
593,WH-00593,Phoenix,Arizona,Fulfillment Center,72892,INT-DRDZZXO
594,WH-00594,Austin,Texas,Regional DC,42682,INT-6YX1Y76
595,WH-00595,Denver,Colorado,Fulfillment Center,67127,INT-WSEVOT2
596,WH-00596,Chicago,Illinois,Distribution Center,6931,INT-0IT4CV1
597,WH-00597,Boston,Massachusetts,Regional DC,12785,INT-CVCOS6C
598,WH-00598,,Unknown,Fulfillment Center,71698,INT-J142DJO
599,WH-00599,Los Angeles,California,Distribution Center,80953,INT-8V9KBEF
600,WH-00600,Miami,Florida,Regional DC,28635,INT-KHZTOZX
601,WH-00601,Houston,Texas,Regional DC,35356,INT-ZDQ7TKM
602,WH-00602,New York,New York,Fulfillment Center,45245,INT-3YY05VQ
603,WH-00603,Boston,Massachusetts,Cross Dock,94480,INT-4P95ZZM
604,WH-00604,New York,New York,Fulfillment Center,90715,INT-WIVHZO2
605,WH-00605,Atlanta,Georgia,Regional DC,28382,INT-16EAF5D
606,WH-00606,Austin,Texas,Cross Dock,44593,INT-W21PNJB
607,WH-00607,Charlotte,North Carolina,Fulfillment Center,73285,INT-1XYDTXR
608,WH-00608,Atlanta,Georgia,Cross Dock,96825,INT-FXUCED0
609,WH-00609,Houston,Texas,Cross Dock,70234,INT-ITABO2U
610,WH-00610,Phoenix,Arizona,Regional DC,29009,INT-OY6LTH9
611,WH-00611,New York,New York,Regional DC,73470,INT-7P1M2M7
612,WH-00612,Portland,Oregon,Fulfillment Center,69574,INT-HJ0L1SV
613,WH-00613,Chicago,Illinois,Cross Dock,10104,INT-BCU3XJQ
614,WH-00614,Austin,Texas,Fulfillment Center,15108,INT-HX42GYW
615,WH-00615,Boston,Massachusetts,Cross Dock,84872,INT-62YBYXF
616,WH-00616,Chicago ,Illinois,Regional DC,29742,INT-F7F7KVZ
617,WH-00617,Denver,Colorado,Distribution Center,68750,INT-OJ5KARC
618,WH-00618,Portland,Oregon,Cross Dock,42538,INT-TEXF9O2
619,WH-00619,Phoenix,Arizona,Fulfillment Center,44327,INT-DQD8KMM
620,WH-00620,Austin,Texas,Regional DC,87418,INT-6ESEG6V
621,WH-00621,Phoenix,Arizona,Distribution Center,23613,INT-0OXWUXE
622,WH-00622,Dallas,Texas,Distribution Center,87155,INT-Y0QOB72
623,WH-00623,Chicago,Illinois,Distribution Center,68532,INT-C32HE3E
624,WH-00624,Portland,Oregon,Fulfillment Center,62108,INT-VYRYQWU
625,WH-00625,Boston,Massachusetts,Fulfillment Center,61577,INT-0AAO5IH
626,WH-00626,Seattle,Washington,Distribution Center,21114,INT-Q4WBUPO
627,WH-00627,Seattle,Washington,Fulfillment Center,56854,INT-V3YTYN9
628,WH-00628,Austin,Texas,Fulfillment Center,94929,INT-LCT94KG
629,WH-00629,Chicago,Illinois,Fulfillment Center,47929,INT-86O4L0J
630,WH-00630,Detroit,Michigan,Distribution Center,60134,INT-Z4D9382
631,WH-00631,Boston,Massachusetts,Regional DC,35836,INT-0CV84BQ
632,WH-00632,Atlanta,Georgia,Cross Dock,58949,INT-W49KPI3
633,WH-00633,Chicago,Illinois,Distribution Center,98084,INT-B49ZTQD
634,WH-00634,Chicago,Illinois,Fulfillment Center,79717,INT-GQ7KBSC
635,WH-00635,Dallas,Texas,Distribution Center,12388,INT-QL5QSE2
636,WH-00636,Chicago,Illinois,Cross Dock,92088,INT-QHHOGM1
637,WH-00637,Miami,Florida,Regional DC,87421,INT-4FS961G
638,WH-00638,Boston,Massachusetts,Fulfillment Center,53331,INT-PC6MGFO
639,WH-00639,Los Angeles,California,Cross Dock,45051,INT-M10MMP6
640,WH-00640,Atlanta,Georgia,Cross Dock,9335,INT-RK2C5XI
641,WH-00641,Boston,Massachusetts,Distribution Center,48476,INT-1UOAU6D
642,WH-00642,Boston,Massachusetts,Distribution Center,66509,INT-LTKFO10
643,WH-00643,Seattle,Washington,Regional DC,18700,INT-MJTI1VS
644,WH-00644,Dallas,Texas,Regional DC,90269,INT-E43FGAE
645,WH-00645,Los Angeles,California,Cross Dock,86133,INT-9EVX2YH
646,WH-00646,Portland,Oregon,Regional DC,76589,INT-I2TIVXO
647,WH-00647,Phoenix,Arizona,Distribution Center,86704,INT-E4N397S
648,WH-00648,Charlotte,North Carolina,Regional DC,72593,INT-UWMFEAN
649,WH-00649,Detroit,Michigan,Cross Dock,84164,INT-0SUTUHR
650,WH-00650,Atlanta,Georgia,Distribution Center,65218,INT-RR6P5WC
651,WH-00651,Dallas,Texas,Distribution Center,75596,INT-SKA1NAS
652,WH-00652,Seattle,Washington,Distribution Center,76883,INT-3F3J1NR
653,WH-00653,Seattle,Washington,Regional DC,59571,INT-G3I6HEX
654,WH-00654,Los Angeles,California,Regional DC,12866,INT-Z34AWOL
655,WH-00655,Austin,Texas,Regional DC,58353,INT-ASQOR7W
656,WH-00656,Los Angeles,California,Cross Dock,77401,INT-OLGTJY5
657,WH-00657,Phoenix,Arizona,Fulfillment Center,52818,INT-MTG9LV7
658,WH-00658,Seattle,Washington,Regional DC,14030,INT-3ESQHJ9
659,WH-00659,New York,New York,Cross Dock,58099,INT-VXBNZIU
660,WH-00660,New York,New York,Cross Dock,16271,INT-KZ5E0NQ
661,WH-00661,Atlanta,Georgia,Fulfillment Center,19700,INT-SQMC6PQ
662,WH-00662,Phoenix,Arizona,Regional DC,66969,INT-MUIF0FX
663,WH-00663,Miami,Florida,Regional DC,79964,INT-BW1C34R
664,WH-00664,Portland,Oregon,Regional DC,78717,INT-H42YC7H
665,WH-00665,Dallas,Texas,Distribution Center,63422,INT-13RLM9K
666,WH-00666,Miami,Florida,Regional DC,61175,INT-61NI7SL
667,WH-00667,Detroit,Michigan,Fulfillment Center,45261,INT-VGV4V6R
668,WH-00668,Austin,Texas,Regional DC,84523,INT-RR2QTQV
669,WH-00669,Phoenix,Arizona,Cross Dock,57444,INT-EMA1KUB
670,WH-00670,Charlotte,North Carolina,Regional DC,73736,INT-2NMMU9P
671,WH-00671,,Unknown,Regional DC,62346,INT-E81KJSH
672,WH-00672,New York,New York,Distribution Center,65464,INT-P1HO02H
673,WH-00673,Detroit,Michigan,Cross Dock,97100,INT-ZW8XRNF
674,WH-00674,Chicago,Illinois,Cross Dock,27922,INT-MI7X8AS
675,WH-00675,Seattle,Washington,Cross Dock,91024,INT-CGGXVUJ
676,WH-00676,Austin,Texas,Cross Dock,17224,INT-P30KE5A
677,WH-00677,Miami,Florida,Cross Dock,90214,INT-RC8SUJQ
678,WH-00678,Denver,Colorado,Regional DC,48936,INT-JL0KOPF
679,WH-00679,Boston,Massachusetts,Distribution Center,9523,INT-CCK6S98
680,WH-00680,Austin,Texas,Regional DC,86459,INT-56PAPAQ
681,WH-00681,Portland,Oregon,Cross Dock,73339,INT-PXET9W1
682,WH-00682,Seattle,Washington,Cross Dock,55604,INT-X8KWG49
683,WH-00683,Denver,Colorado,Fulfillment Center,6204,INT-7HMI46G
684,WH-00684,Austin,Texas,Regional DC,72355,INT-KW1ZNOE
685,WH-00685,Los Angeles,California,Regional DC,75463,INT-HVRB3WK
686,WH-00686,Atlanta,Georgia,Fulfillment Center,21831,INT-3FHP5R8
687,WH-00687,Portland,Oregon,Fulfillment Center,12636,INT-WB0P84O
688,WH-00688,Detroit,Michigan,Regional DC,43673,INT-X5295TB
689,WH-00689,Boston,Massachusetts,Cross Dock,52187,INT-9M51TA1
690,WH-00690,Charlotte,North Carolina,Regional DC,90450,INT-7W0POSI
691,WH-00691,Denver,Colorado,Cross Dock,32157,INT-74EV3IL
692,WH-00692,Phoenix,Arizona,Regional DC,37967,INT-PBVB6RL
693,WH-00693,Charlotte,North Carolina,Cross Dock,36284,INT-S6B8C34
694,WH-00694,Denver,Colorado,Fulfillment Center,57244,INT-X01BQWI
695,WH-00695,Denver,Colorado,Cross Dock,55655,INT-04F3M91
696,WH-00696,Boston,Massachusetts,Cross Dock,36567,INT-4ZQQVZ5
697,WH-00697,Los Angeles,California,Regional DC,58652,INT-K23P363
698,WH-00698,Boston,Massachusetts,Regional DC,34111,INT-O25XKQY
699,WH-00699,Miami,Florida,Regional DC,35182,INT-IIAH9VX
700,WH-00700,Seattle,Washington,Distribution Center,35445,INT-HWNYM0G
701,WH-00701,Miami,Florida,Cross Dock,45057,INT-O063RU7
702,WH-00702,Portland,Oregon,Regional DC,90363,INT-T0YQRE4
703,WH-00703,Houston,Texas,Cross Dock,7070,INT-VH9FUFX
704,WH-00704,Miami,Florida,Cross Dock,88528,INT-AK4VH8A
705,WH-00705,Austin,Texas,Regional DC,27436,INT-NU3ZD4M
706,WH-00706,Portland,Oregon,Fulfillment Center,43168,INT-YHP5P11
707,WH-00707,Portland,Oregon,Distribution Center,56188,INT-FUPOM4T
708,WH-00708,Phoenix,Arizona,Fulfillment Center,61397,INT-KPMYFO4
709,WH-00709,Houston,Texas,Cross Dock,80799,INT-U42VL64
710,WH-00710,New York,New York,Distribution Center,57514,INT-XM4Q54J
711,WH-00711,New York,New York,Distribution Center,15023,INT-NQ9CHEO
712,WH-00712,Boston,Massachusetts,Distribution Center,86539,INT-OICO2O8
713,WH-00713,Portland,Oregon,Fulfillment Center,23415,INT-9UMO6UZ
714,WH-00714,Atlanta,Georgia,Regional DC,15922,INT-7YOBTPM
715,WH-00715,Detroit,Michigan,Cross Dock,93889,INT-3NJLT30
716,WH-00716,Atlanta,Georgia,Fulfillment Center,31985,INT-D4H62D0
717,WH-00717,Chicago,Illinois,Fulfillment Center,94716,INT-PEDSBGS
718,WH-00718,New York,New York,Cross Dock,52853,INT-01CSAHP
719,WH-00719,Atlanta,Georgia,Regional DC,5957,INT-ITIKU1S
720,WH-00720,Chicago,Illinois,Fulfillment Center,29424,INT-BT1W9JF
721,WH-00721,Atlanta,Georgia,Regional DC,95490,INT-CSSAVG7
722,WH-00722,Miami,Florida,Fulfillment Center,67898,INT-DYU9RG2
723,WH-00723,Charlotte,North Carolina,Fulfillment Center,56765,INT-1Q2ZI3C
724,WH-00724,New York,New York,Distribution Center,38847,INT-03QDUUE
725,WH-00725,Los Angeles,California,Cross Dock,44404,INT-NPERRBI
726,WH-00726,Dallas,Texas,Regional DC,90578,INT-AGBETUW
727,WH-00727,Portland,Oregon,Fulfillment Center,59722,INT-XTZ5DVI
728,WH-00728,Miami,Florida,Distribution Center,99334,INT-WN38HPB
729,WH-00729,Houston,Texas,Distribution Center,79063,INT-CVG7SG1
730,WH-00730,,Unknown,Cross Dock,94271,INT-YXSY1AB
731,WH-00731,Denver,Colorado,Distribution Center,55141,INT-18HOQMI
732,WH-00732,Los Angeles,California,Fulfillment Center,15225,INT-1TEKDEM
733,WH-00733,Phoenix,Arizona,Cross Dock,39544,INT-USXAM0X
734,WH-00734,Seattle,Washington,Cross Dock,7278,INT-3JNXWMI
735,WH-00735,Charlotte,North Carolina,Cross Dock,7395,INT-D6ITI77
736,WH-00736,Dallas,Texas,Distribution Center,6816,INT-SQ4XKI1
737,WH-00737,Dallas,Texas,Regional DC,35957,INT-JE4V78M
738,WH-00738,Miami,Florida,Fulfillment Center,20841,INT-GZDKB21
739,WH-00739,Austin,Texas,Cross Dock,35415,INT-AX3IORN
740,WH-00740,Boston,Massachusetts,Distribution Center,72327,INT-HT01JS6
741,WH-00741,Houston,Texas,Cross Dock,72668,INT-DC97T9R
742,WH-00742,Phoenix,Arizona,Regional DC,82720,INT-6Q1B7C3
743,WH-00743,Denver,Colorado,Cross Dock,72940,INT-4BBUH9A
744,WH-00744,Seattle,Washington,Cross Dock,7269,INT-3KRKORL
745,WH-00745,Atlanta,Georgia,Distribution Center,54937,INT-9KFK4VP
746,WH-00746,Seattle,Washington,Distribution Center,63010,INT-OEVEGLX
747,WH-00747,Atlanta,Georgia,Fulfillment Center,24807,INT-1Z647AX
748,WH-00748,Austin,Texas,Fulfillment Center,25471,INT-IOCJRTJ
749,WH-00749,Houston,Texas,Distribution Center,31744,INT-NF97XTO
750,WH-00750,Miami,Florida,Distribution Center,26251,INT-NNG5YV5
751,WH-00751,Portland,Oregon,Distribution Center,70359,INT-VRWK2IE
752,WH-00752,Los Angeles,California,Regional DC,35252,INT-C4GEFZ5
753,WH-00753,Portland,Oregon,Cross Dock,67325,INT-Y1HTHM6
754,WH-00754,Portland,Oregon,Regional DC,95142,INT-VRWFTL0
755,WH-00755,Denver,Colorado,Distribution Center,9557,INT-HYEWIT9
756,WH-00756,Atlanta,Georgia,Cross Dock,57722,INT-8VJ5XIF
757,WH-00757,Chicago,Illinois,Distribution Center,15796,INT-BLG9FHK
758,WH-00758,Phoenix,Arizona,Distribution Center,83603,INT-PIOS0M2
759,WH-00759,Dallas,Texas,Distribution Center,93053,INT-PT7EWZ5
760,WH-00760,Chicago,Illinois,Distribution Center,43535,INT-BF443I0
761,WH-00761,Atlanta,Georgia,Cross Dock,75773,INT-9JUGA6G
762,WH-00762,Atlanta,Georgia,Distribution Center,96022,INT-5M2YKY1
763,WH-00763,Boston,Massachusetts,Cross Dock,67835,INT-N9OMFQL
764,WH-00764,Seattle,Washington,Cross Dock,9453,INT-E9GBB19
765,WH-00765,Austin,Texas,Cross Dock,36808,INT-WAA6OW3
766,WH-00766,Atlanta,Georgia,Regional DC,14456,INT-9C7DQLA
767,WH-00767,New York,New York,Cross Dock,86475,INT-DE31P6T
768,WH-00768,Dallas,Texas,Fulfillment Center,59591,INT-97XN0JM
769,WH-00769,Detroit,Michigan,Cross Dock,97078,INT-VZVYIPZ
770,WH-00770,Detroit,Michigan,Distribution Center,83273,INT-3A3N5MS
771,WH-00771,Boston,Massachusetts,Regional DC,66012,INT-HRV7MNZ
772,WH-00772,,Unknown,Regional DC,77110,INT-RWSEM60
773,WH-00773,Portland,Oregon,Distribution Center,14292,INT-4KWG9R8
774,WH-00774,Portland,Oregon,Regional DC,8985,INT-Z58375E
775,WH-00775,Chicago,Illinois,Regional DC,28951,INT-1Y22NF4
776,WH-00776,Dallas,Texas,Distribution Center,72172,INT-AU39WDH
777,WH-00777,Charlotte,North Carolina,Regional DC,80731,INT-0D3NB4T
778,WH-00778,Portland,Oregon,Regional DC,67856,INT-V9THRU4
779,WH-00779,Phoenix,Arizona,Fulfillment Center,43004,INT-MHYCDNP
780,WH-00780,Austin,Texas,Fulfillment Center,35076,INT-K3GAC3G
781,WH-00781,Phoenix,Arizona,Regional DC,80225,INT-7C7JKNL
782,WH-00782,Atlanta,Georgia,Regional DC,82869,INT-QT3WT7Z
783,WH-00783,Phoenix,Arizona,Regional DC,28770,INT-UL776N6
784,WH-00784,Denver,Colorado,Cross Dock,19768,INT-RR2C8J3
785,WH-00785,Seattle,Washington,Regional DC,55298,INT-L5V92W4
786,WH-00786,Boston,Massachusetts,Fulfillment Center,23875,INT-NSUEEPO
787,WH-00787,Austin,Texas,Regional DC,83006,INT-WTDJCRB
788,WH-00788,Seattle,Washington,Distribution Center,27341,INT-GYXD55G
789,WH-00789,Austin,Texas,Cross Dock,21754,INT-6M6UO73
790,WH-00790,Denver,Colorado,Regional DC,27376,INT-E8ALOQ9
791,WH-00791,Chicago,Illinois,Cross Dock,27131,INT-7ZH80Y8
792,WH-00792,Detroit,Michigan,Fulfillment Center,85114,INT-XIVX90O
793,WH-00793,Houston,Texas,Regional DC,94918,INT-R0ZIYNO
794,WH-00794,Chicago,Illinois,Fulfillment Center,74842,INT-4C876XI
795,WH-00795,Portland,Oregon,Fulfillment Center,49154,INT-X6YZGYA
796,WH-00796,Phoenix,Arizona,Distribution Center,90158,INT-2A3C5QS
797,WH-00797,Austin,Texas,Regional DC,62001,INT-9T9X0NK
798,WH-00798,New York,New York,Fulfillment Center,24223,INT-ZIX87E7
799,WH-00799,Detroit,Michigan,Cross Dock,20101,INT-QKAUEAX
800,WH-00800,Detroit,Michigan,Fulfillment Center,71241,INT-UQRB3S5
801,WH-00801,Boston,Massachusetts,Fulfillment Center,80454,INT-LK3EECP
802,WH-00802,Miami,Florida,Fulfillment Center,25745,INT-A0GLSL3
803,WH-00803,Detroit,Michigan,Regional DC,89516,INT-90HK4M3
804,WH-00804,Los Angeles,California,Distribution Center,80614,INT-S7RN5BC
805,WH-00805,Chicago,Illinois,Cross Dock,92021,INT-Y5EJ4ZF
806,WH-00806,Dallas,Texas,Fulfillment Center,86540,INT-E8ZBNPJ
807,WH-00807,Chicago,Illinois,Fulfillment Center,21257,INT-BU1UHBK
808,WH-00808,Los Angeles,California,Distribution Center,57120,INT-CJS07WM
809,WH-00809,Charlotte,North Carolina,Distribution Center,62310,INT-EBKOAS9
810,WH-00810,Los Angeles,California,Regional DC,26976,INT-CXTG83Y
811,WH-00811,Charlotte,North Carolina,Fulfillment Center,63222,INT-T8ROIFH
812,WH-00812,Houston,Texas,Distribution Center,76425,INT-LTAN34J
813,WH-00813,Denver,Colorado,Regional DC,97264,INT-1NTQE4H
814,WH-00814,Boston,Massachusetts,Cross Dock,18797,INT-J37KE2D
815,WH-00815,Detroit,Michigan,Cross Dock,45378,INT-2VC5ZIU
816,WH-00816,Dallas,Texas,Cross Dock,72430,INT-0CQPM9L
817,WH-00817,Detroit,Michigan,Regional DC,93435,INT-ZO3V7VJ
818,WH-00818,Phoenix,Arizona,Fulfillment Center,95253,INT-4NC5LNR
819,WH-00819,Detroit,Michigan,Regional DC,44546,INT-UY0XCZF
820,WH-00820,Houston,Texas,Cross Dock,27221,INT-RE91H4J
821,WH-00821,Atlanta,Georgia,Regional DC,96509,INT-E8XRM2W
822,WH-00822,Houston,Texas,Cross Dock,47762,INT-OA5FHCO
823,WH-00823,Chicago,Illinois,Cross Dock,50790,INT-Y30DCBG
824,WH-00824,NEW YORK,Unknown,Cross Dock,42845,INT-VYAAC68
825,WH-00825,,Unknown,Cross Dock,26526,INT-JOC4JUI
826,WH-00826,Atlanta,Georgia,Distribution Center,34569,INT-AJLNGV2
827,WH-00827,Denver,Colorado,Distribution Center,24647,INT-LW93PGB
828,WH-00828,Detroit,Michigan,Regional DC,55836,INT-CCLKWHO
829,WH-00829,Detroit,Michigan,Cross Dock,76975,INT-0YK204X
830,WH-00830,Miami,Florida,Regional DC,53615,INT-DPXKHDY
831,WH-00831,Seattle,Washington,Fulfillment Center,83374,INT-21WYWB1
832,WH-00832,Houston,Texas,Fulfillment Center,63078,INT-8M0YFO1
833,WH-00833,Detroit,Michigan,Fulfillment Center,85475,INT-5TZJB12
834,WH-00834,Seattle,Washington,Fulfillment Center,6225,INT-Q9U8IXI
835,WH-00835,Dallas,Texas,Fulfillment Center,99596,INT-2SXB2Q3
836,WH-00836,Austin,Texas,Regional DC,74830,INT-XK32MCI
837,WH-00837,Miami,Florida,Distribution Center,54716,INT-M9R7MO5
838,WH-00838,Denver,Colorado,Regional DC,45002,INT-VC5C83D
839,WH-00839,Detroit,Michigan,Regional DC,28232,INT-I3WSQZR
840,WH-00840,Detroit,Michigan,Fulfillment Center,23626,INT-63P573C
841,WH-00841,Houston,Texas,Regional DC,71759,INT-LTFLQQ4
842,WH-00842,Detroit,Michigan,Regional DC,42958,INT-QN2U3JP
843,WH-00843,Houston,Texas,Distribution Center,94882,INT-Q88AAAW
844,WH-00844,Detroit,Michigan,Cross Dock,9375,INT-AGGMNKS
845,WH-00845,New York,New York,Cross Dock,57208,INT-D7K7T7B
846,WH-00846,Phoenix,Arizona,Distribution Center,9803,INT-8SF1HO4
847,WH-00847,Houston,Texas,Fulfillment Center,47334,INT-8GIPIA8
848,WH-00848,Boston,Massachusetts,Fulfillment Center,52602,INT-ACTO6WN
849,WH-00849,Dallas,Texas,Cross Dock,62926,INT-O0KG0YN
850,WH-00850,,Unknown,Regional DC,41777,INT-7C7VGYJ
851,WH-00851,Phoenix,Arizona,Distribution Center,64277,INT-FVIWCTX
852,WH-00852,Austin,Texas,Distribution Center,67756,INT-KDIEUNG
853,WH-00853,Miami,Florida,Regional DC,35044,INT-KSGM6RJ
854,WH-00854,,Unknown,Fulfillment Center,85303,INT-W6L32BR
855,WH-00855,Detroit,Michigan,Distribution Center,55985,INT-O9KFMTJ
856,WH-00856,Detroit,Michigan,Distribution Center,42224,INT-LVULFPI
857,WH-00857,Portland,Oregon,Regional DC,62809,INT-HU29K1M
858,WH-00858,Seattle,Washington,Regional DC,46114,INT-2Q6N6TU
859,WH-00859,Detroit,Michigan,Cross Dock,13739,INT-DTPQZDT
860,WH-00860,Los Angeles,California,Regional DC,26530,INT-BCI5SD1
861,WH-00861,Miami,Florida,Distribution Center,19007,INT-FBET31I
862,WH-00862,Portland,Oregon,Cross Dock,49825,INT-0RPFVML
863,WH-00863,Seattle,Washington,Fulfillment Center,26677,INT-T1ZXSON
864,WH-00864,Austin,Texas,Fulfillment Center,14280,INT-QPNHICV
865,WH-00865,Portland,Oregon,Distribution Center,25217,INT-GDDBP37
866,WH-00866,Austin,Texas,Regional DC,66936,INT-C8OH9HP
867,WH-00867,Denver,Colorado,Cross Dock,38032,INT-COJ932G
868,WH-00868,Phoenix,Arizona,Fulfillment Center,48359,INT-WKIXY24
869,WH-00869,Phoenix,Arizona,Distribution Center,8248,INT-UJE01WA
870,WH-00870,Seattle,Washington,Regional DC,73017,INT-XER77XE
871,WH-00871,Portland,Oregon,Fulfillment Center,59226,INT-UV31DWT
872,WH-00872,Atlanta,Georgia,Regional DC,96221,INT-A1MIK21
873,WH-00873,Dallas,Texas,Regional DC,95705,INT-AR5FU1T
874,WH-00874,Houston,Texas,Cross Dock,34291,INT-FW3D092
875,WH-00875,Denver,Colorado,Fulfillment Center,56092,INT-Y39BZAT
876,WH-00876,Charlotte,North Carolina,Distribution Center,56054,INT-OSIIJ24
877,WH-00877,Boston,Massachusetts,Fulfillment Center,91137,INT-LRUUZQ0
878,WH-00878,Portland,Oregon,Distribution Center,33944,INT-PLI9JOT
879,WH-00879,Miami,Florida,Distribution Center,85702,INT-OV9N88N
880,WH-00880,Miami,Florida,Cross Dock,55530,INT-1WAD69Q
881,WH-00881,Los Angeles,California,Distribution Center,35577,INT-OGUN9C6
882,WH-00882,Houston,Texas,Cross Dock,23675,INT-5A88MV2
883,WH-00883,,Unknown,Regional DC,35648,INT-98MJX3S
884,WH-00884,Boston,Massachusetts,Regional DC,98873,INT-YOCYLMU
885,WH-00885,Miami,Florida,Cross Dock,89978,INT-AMX5WN3
886,WH-00886,Chicago,Illinois,Cross Dock,73194,INT-4CO5YUY
887,WH-00887,Charlotte,North Carolina,Cross Dock,82658,INT-EA0F4PH
888,WH-00888,Boston,Massachusetts,Regional DC,85076,INT-3SGBN11
889,WH-00889,Miami,Florida,Cross Dock,51505,INT-2J2NCU1
890,WH-00890,Dallas,Texas,Regional DC,59399,INT-4YJP04V
891,WH-00891,New York,New York,Distribution Center,80011,INT-2FE53SB
892,WH-00892,Portland,Oregon,Regional DC,36614,INT-GDGTLFN
893,WH-00893,Chicago,Illinois,Regional DC,45641,INT-ZAP4Q9A
894,WH-00894,Chicago,Illinois,Regional DC,50784,INT-X9FZD94
895,WH-00895,Charlotte,North Carolina,Fulfillment Center,36467,INT-8S5N1CE
896,WH-00896,Denver,Colorado,Distribution Center,48542,INT-6A1YFPM
897,WH-00897,Charlotte,North Carolina,Regional DC,76474,INT-64QK1CU
898,WH-00898,Atlanta,Georgia,Cross Dock,10431,INT-5FVTF4V
899,WH-00899,Atlanta,Georgia,Cross Dock,74518,INT-QA2KNGQ
900,WH-00900,Dallas,Texas,Cross Dock,46556,INT-U6C7SAV
901,WH-00901,New York,New York,Regional DC,41606,INT-R10CBI9
902,WH-00902,Charlotte,North Carolina,Distribution Center,71972,INT-KM3GAYS
903,WH-00903,Boston,Massachusetts,Distribution Center,95877,INT-8YFNOFI
904,WH-00904,Detroit,Michigan,Regional DC,15288,INT-D6W42Q0
905,WH-00905,Detroit,Michigan,Cross Dock,19801,INT-2GHQK2K
906,WH-00906,Denver,Colorado,Fulfillment Center,99956,INT-J67YTNV
907,WH-00907,Phoenix,Arizona,Regional DC,52909,INT-MTXM8HP
908,WH-00908,Boston,Massachusetts,Distribution Center,79320,INT-BFCX2G5
909,WH-00909,New York,New York,Regional DC,41582,INT-8SFTFRA
910,WH-00910,Detroit,Michigan,Regional DC,41546,INT-F588D9F
911,WH-00911,Houston,Texas,Distribution Center,53704,INT-MLLZXEY
912,WH-00912,Detroit,Michigan,Cross Dock,72680,INT-0E987EC
913,WH-00913,Boston,Massachusetts,Fulfillment Center,5656,INT-2CA9QZO
914,WH-00914,Atlanta,Georgia,Cross Dock,96625,INT-GHH8VTS
915,WH-00915,Charlotte,North Carolina,Fulfillment Center,61013,INT-LWEMCR2
916,WH-00916,Chicago,Illinois,Regional DC,46009,INT-0M330K3
917,WH-00917,Los Angeles,California,Regional DC,86037,INT-L3AVHJS
918,WH-00918,Austin,Texas,Regional DC,18905,INT-1FYTMRX
919,WH-00919,Austin,Texas,Cross Dock,37514,INT-WU74KVP
920,WH-00920,Austin,Texas,Cross Dock,84576,INT-HQTHPO9
921,WH-00921,New York,New York,Regional DC,21565,INT-N40C3XT
922,WH-00922,New York,New York,Regional DC,62306,INT-E813SBX
923,WH-00923,Miami,Florida,Regional DC,46179,INT-MQTCAZR
924,WH-00924,Dallas,Texas,Distribution Center,29759,INT-6N4ZSQX
925,WH-00925,Atlanta,Georgia,Cross Dock,87191,INT-WQCV9N4
926,WH-00926,Detroit,Michigan,Fulfillment Center,81482,INT-GGRPELH
927,WH-00927,Austin,Texas,Distribution Center,19059,INT-T7LSDYW
928,WH-00928,Charlotte,North Carolina,Fulfillment Center,29001,INT-83X9HS9
929,WH-00929,Los Angeles,California,Regional DC,71181,INT-K0I6INI
930,WH-00930,Los Angeles,California,Regional DC,14965,INT-FC233V6
931,WH-00931,Boston,Massachusetts,Cross Dock,71697,INT-218PFPG
932,WH-00932,Charlotte,North Carolina,Distribution Center,94040,INT-BWPL3GC
933,WH-00933,Houston,Texas,Cross Dock,73283,INT-6UCPQQK
934,WH-00934,Seattle,Washington,Regional DC,34211,INT-EI0XENL
935,WH-00935,Los Angeles,California,Fulfillment Center,94530,INT-O15B1EK
936,WH-00936,Detroit,Michigan,Cross Dock,62300,INT-VL7B8PB
937,WH-00937,Denver,Colorado,Regional DC,21040,INT-42JIQH7
938,WH-00938,Phoenix,Arizona,Cross Dock,36252,INT-MP1KRYL
939,WH-00939,Los Angeles,California,Regional DC,65127,INT-C6QPO98
940,WH-00940,Phoenix,Arizona,Regional DC,47440,INT-QS2JT1M
941,WH-00941,Chicago,Illinois,Cross Dock,14683,INT-QNAJMW4
942,WH-00942,Austin,Texas,Distribution Center,43952,INT-NIDX47T
943,WH-00943,Denver,Colorado,Cross Dock,49378,INT-7J71EJ9
944,WH-00944,Atlanta,Georgia,Fulfillment Center,21309,INT-NBWMG32
945,WH-00945,Portland,Oregon,Cross Dock,27781,INT-97JGY9L
946,WH-00946,Phoenix,Arizona,Cross Dock,65255,INT-XSDBZWH
947,WH-00947,Los Angeles,California,Cross Dock,44120,INT-BK1WTZZ
948,WH-00948,Los Angeles,California,Distribution Center,96027,INT-AQQA24L
949,WH-00949,Seattle,Washington,Fulfillment Center,60416,INT-083JPNO
950,WH-00950,Chicago,Illinois,Regional DC,41466,INT-EWDC32J
951,WH-00951,Charlotte,North Carolina,Regional DC,54546,INT-FNL4FJ9
952,WH-00952,Boston,Massachusetts,Regional DC,26296,INT-H1NL7WN
953,WH-00953,Portland,Oregon,Distribution Center,68323,INT-UOIGGWH
954,WH-00954,Portland,Oregon,Distribution Center,92987,INT-WTAHVB0
955,WH-00955,Los Angeles,California,Fulfillment Center,17911,INT-PIAUMW1
956,WH-00956,Dallas,Texas,Cross Dock,11017,INT-I5GDKF4
957,WH-00957,Los Angeles,California,Distribution Center,62592,INT-GVW1AT0
958,WH-00958,Austin,Texas,Fulfillment Center,5,INT-MY1YUXI
959,WH-00959,Dallas,Texas,Fulfillment Center,66391,INT-7PTUJE4
960,WH-00960,Portland,Oregon,Regional DC,54167,INT-R2OPAEM
961,WH-00961,Detroit,Michigan,Regional DC,66946,INT-MDR4GH1
962,WH-00962,Los Angeles,California,Fulfillment Center,26178,INT-U38DYB4
963,WH-00963,Austin,Texas,Distribution Center,9717,INT-Y6EHJNE
964,WH-00964,Austin,Texas,Distribution Center,19042,INT-X6P10WF
965,WH-00965,Miami,Florida,Regional DC,6429,INT-5G5CEP2
966,WH-00966,Miami,Florida,Regional DC,85499,INT-R9AQTQS
967,WH-00967,New York,New York,Fulfillment Center,59559,INT-3QVRLUE
968,WH-00968,Austin,Texas,Cross Dock,43833,INT-AUY0BEX
969,WH-00969,Austin,Texas,Regional DC,35552,INT-90LLNNW
970,WH-00970,Phoenix,Arizona,Fulfillment Center,29250,INT-IC2JV4U
971,WH-00971,Chicago,Illinois,Cross Dock,13218,INT-84LINTQ
972,WH-00972,Dallas,Texas,Cross Dock,92953,INT-EJ40GAZ
973,WH-00973,Los Angeles,California,Regional DC,63971,INT-JAS22ES
974,WH-00974,Denver,Colorado,Fulfillment Center,10245,INT-MLEPDPM
975,WH-00975,Dallas,Texas,Cross Dock,97932,INT-UUV0MA4
976,WH-00976,Denver,Colorado,Fulfillment Center,59902,INT-L8X01TD
977,WH-00977,Seattle,Washington,Regional DC,96808,INT-TOIKSJR
978,WH-00978,Los Angeles,California,Distribution Center,30122,INT-LDD42I8
979,WH-00979,Dallas,Texas,Distribution Center,30778,INT-FESF69V
980,WH-00980,Detroit,Michigan,Cross Dock,50466,INT-31DSZTV
981,WH-00981,Chicago,Illinois,Distribution Center,98596,INT-RBQDAGR
982,WH-00982,Chicago,Illinois,Cross Dock,87836,INT-XEL2LG0
983,WH-00983,Chicago,Illinois,Regional DC,61639,INT-NHSICD3
984,WH-00984,Seattle,Washington,Fulfillment Center,66883,INT-Z6614CJ
985,WH-00985,Los Angeles,California,Distribution Center,36970,INT-1EVYN46
986,WH-00986,Dallas,Texas,Distribution Center,26340,INT-IUCCUF8
987,WH-00987,Dallas,Texas,Regional DC,15905,INT-BBI9ZMZ
988,WH-00988,Atlanta,Georgia,Cross Dock,35810,INT-BP9AMRY
989,WH-00989,Houston,Texas,Fulfillment Center,12993,INT-BKF36OV
990,WH-00990,Portland,Oregon,Distribution Center,35192,INT-KOJGUS0
991,WH-00991,Detroit,Michigan,Distribution Center,52684,INT-OZC57K4
992,WH-00992,Austin,Texas,Fulfillment Center,10905,INT-L748LZM
993,WH-00993,Detroit,Michigan,Cross Dock,27672,INT-PYNDYFO
994,WH-00994,New York,New York,Distribution Center,88627,INT-HPC363J
995,WH-00995,Los Angeles,California,Cross Dock,15808,INT-39LNQO1
996,WH-00996,Austin,Texas,Regional DC,66024,INT-XWI817L
997,WH-00997,Austin,Texas,Distribution Center,29647,INT-9ZGZUMI
998,WH-00998,Charlotte,North Carolina,Regional DC,24317,INT-WWWH1OC
999,WH-00999,Dallas,Texas,Cross Dock,69643,INT-QGJG97J
1000,WH-01000,Chicago,Illinois,Distribution Center,90609,INT-090KKGC
1001,WH-01001,Charlotte,North Carolina,Regional DC,49954,INT-Q4BQTSV
1002,WH-01002,Charlotte,North Carolina,Regional DC,32053,INT-X9U323P
1003,WH-01003,Chicago,Illinois,Cross Dock,6668,INT-ZRO8E35
1004,WH-01004,Boston,Massachusetts,Distribution Center,78054,INT-W9199ZE
1005,WH-01005,Chicago,Illinois,Fulfillment Center,64205,INT-U3K9CQG
1006,WH-01006,Atlanta,Georgia,Regional DC,61786,INT-2SBLW7U
1007,WH-01007,Charlotte,North Carolina,Cross Dock,27792,INT-LB48W7C
1008,WH-01008,Charlotte,North Carolina,Regional DC,34560,INT-IZNFG0U
1009,WH-01009,Chicago,Illinois,Cross Dock,32922,INT-J2J5YKR
1010,WH-01010,Charlotte,North Carolina,Cross Dock,90058,INT-NM1EPT3
1011,WH-01011,Houston,Texas,Fulfillment Center,80714,INT-A45HE66
1012,WH-01012,Portland,Oregon,Cross Dock,60105,INT-FT7LJ8Z
1013,WH-01013,Atlanta,Georgia,Cross Dock,5811,INT-O08QGKX
1014,WH-01014,Seattle,Washington,Regional DC,27168,INT-5OVWA7G
1015,WH-01015,Portland,Oregon,Distribution Center,37787,INT-6LONEL0
1016,WH-01016,Detroit,Michigan,Cross Dock,38583,INT-3WMTGYQ
1017,WH-01017,Chicago,Illinois,Regional DC,63603,INT-DL7WLD9
1018,WH-01018,Los Angeles,California,Cross Dock,90291,INT-X11T71J
1019,WH-01019,Los Angeles,California,Distribution Center,74406,INT-2D48DIY
1020,WH-01020,Austin,Texas,Cross Dock,74014,INT-N4C4H4M
1021,WH-01021,Los Angeles,California,Distribution Center,20545,INT-R5DEY2C
1022,WH-01022,Denver,Colorado,Regional DC,55238,INT-FL2VZ0V
1023,WH-01023,New York,New York,Cross Dock,26937,INT-W93NB0C
1024,WH-01024,Charlotte,North Carolina,Cross Dock,19939,INT-EDMUIUK
1025,WH-01025,New York,New York,Regional DC,55504,INT-0BGCI0Z
1026,WH-01026,New York,New York,Fulfillment Center,45063,INT-J16L9B6
1027,WH-01027,Detroit,Michigan,Cross Dock,7080,INT-KQ8PSGB
1028,WH-01028,Austin,Texas,Fulfillment Center,59152,INT-UG4N0PS
1029,WH-01029,New York,New York,Regional DC,80672,INT-ZFZTI3S
1030,WH-01030,Chicago,Illinois,Regional DC,47872,INT-2HMERHJ
1031,WH-01031,Phoenix,Arizona,Cross Dock,94682,INT-2ZIFWJO
1032,WH-01032,New York,New York,Fulfillment Center,28233,INT-7J0MAAI
1033,WH-01033,Charlotte,North Carolina,Cross Dock,73548,INT-UGBPF9G
1034,WH-01034,Chicago,Illinois,Fulfillment Center,81471,INT-1DOEHLE
1035,WH-01035,Portland,Oregon,Fulfillment Center,74846,INT-PFQ77IZ
1036,WH-01036,Denver,Colorado,Cross Dock,43067,INT-4PRI1AL
1037,WH-01037,Chicago,Illinois,Cross Dock,75960,INT-NX4OZ39
1038,WH-01038,Los Angeles,California,Cross Dock,41366,INT-CK3TBZ0
1039,WH-01039,Dallas,Texas,Distribution Center,64823,INT-M9RIF54
1040,WH-01040,Charlotte,North Carolina,Regional DC,26106,INT-5KJS76D
1041,WH-01041,New York,New York,Fulfillment Center,54197,INT-F6XQ78R
1042,WH-01042,Dallas,Texas,Regional DC,56023,INT-IIKEVKL
1043,WH-01043,Atlanta,Georgia,Fulfillment Center,56487,INT-EXBKMOP
1044,WH-01044,Portland,Oregon,Regional DC,88963,INT-UMD5SQG
1045,WH-01045,,Unknown,Cross Dock,51836,INT-I855VNS
1046,WH-01046,Phoenix,Arizona,Cross Dock,27862,INT-ZR2XA6E
1047,WH-01047,Detroit,Michigan,Regional DC,64261,INT-TYRGJPG
1048,WH-01048,Austin,Texas,Fulfillment Center,9999999,INT-U3D04Z1
1049,WH-01049,Austin,Texas,Regional DC,70222,INT-C86WK6R
1050,WH-01050,New York,New York,Distribution Center,98849,INT-WVU5UTR
1051,WH-01051,Houston,Texas,Fulfillment Center,58125,INT-7OCJJOE
1052,WH-01052,Dallas,Texas,Cross Dock,31139,INT-N8HI4AL
1053,WH-01053,Austin,Texas,Regional DC,89949,INT-15E95OX
1054,WH-01054,Dallas,Texas,Regional DC,13072,INT-YPFSGXN
1055,WH-01055,New York,New York,Fulfillment Center,85791,INT-V092867
1056,WH-01056,Detroit,Michigan,Regional DC,22487,INT-H3MIYRH
1057,WH-01057,Portland,Oregon,Fulfillment Center,20792,INT-EXTG7A4
1058,WH-01058,Miami,Florida,Fulfillment Center,96277,INT-5ZQMJ7W
1059,WH-01059,Los Angeles,California,Regional DC,24187,INT-AMB1GDU
1060,WH-01060,Seattle,Washington,Fulfillment Center,28616,INT-1JMTNBJ
1061,WH-01061,Dallas,Texas,Regional DC,23598,INT-O5TGLLX
1062,WH-01062,Los Angeles,California,Regional DC,64465,INT-14OGT14
1063,WH-01063,Charlotte,North Carolina,Cross Dock,47836,INT-ST3FKPA
1064,WH-01064,Denver,Colorado,Distribution Center,60841,INT-VV9YWZS
1065,WH-01065,Boston,Massachusetts,Fulfillment Center,23971,INT-XR134N2
1066,WH-01066,Chicago,Illinois,Cross Dock,6746,INT-UF6DY6D
1067,WH-01067,Charlotte,North Carolina,Fulfillment Center,52297,INT-MGVX878
1068,WH-01068,Charlotte,North Carolina,Regional DC,73624,INT-1ILEX57
1069,WH-01069,Charlotte,North Carolina,Distribution Center,61581,INT-Y9QOT2H
1070,WH-01070,Boston,Massachusetts,Fulfillment Center,31112,INT-YP1XU57
1071,WH-01071,Detroit,Michigan,Fulfillment Center,45813,INT-C5AYTC1
1072,WH-01072,Miami,Florida,Cross Dock,83952,INT-9W9DMCX
1073,WH-01073,Miami,Florida,Distribution Center,17592,INT-EQ5L5ZM
1074,WH-01074,Seattle,Washington,Fulfillment Center,51461,INT-UMA1JHS
1075,WH-01075,Austin,Texas,Regional DC,56291,INT-QGNRCAU
1076,WH-01076,Denver,Colorado,Distribution Center,99023,INT-P2UNN4O
1077,WH-01077,Denver,Colorado,Regional DC,25477,INT-9ZN6BL5
1078,WH-01078,Austin,Texas,Regional DC,80370,INT-OJTA2FF
1079,WH-01079,Chicago,Illinois,Cross Dock,45015,INT-NYZ6Z3P
1080,WH-01080,Atlanta,Georgia,Regional DC,91961,INT-C4J6YL0
1081,WH-01081,Atlanta,Georgia,Regional DC,6813,INT-SV0TWR9
1082,WH-01082,Los Angeles,California,Regional DC,42039,INT-UVTZAIG
1083,WH-01083,Atlanta,Georgia,Fulfillment Center,52456,INT-3THGMMI
1084,WH-01084,Portland,Oregon,Regional DC,5910,INT-HXKZ7KD
1085,WH-01085,Detroit,Michigan,Distribution Center,30923,INT-VGWWVW5
1086,WH-01086,Dallas,Texas,Distribution Center,89847,INT-C38LXYU
1087,WH-01087,Chicago,Illinois,Cross Dock,88285,INT-6X3JCVY
1088,WH-01088,New York,New York,Fulfillment Center,32564,INT-1RMENM4
1089,WH-01089,Atlanta,Georgia,Regional DC,53672,INT-YRJR1V8
1090,WH-01090,Chicago,Illinois,Cross Dock,94080,INT-96EUAOB
1091,WH-01091,Portland,Oregon,Fulfillment Center,88370,INT-YF5DI3H
1092,WH-01092,Detroit,Michigan,Distribution Center,42375,INT-1MJ9FK8
1093,WH-01093,Detroit,Michigan,Fulfillment Center,13537,INT-0EM596D
1094,WH-01094,Charlotte,North Carolina,Cross Dock,64289,INT-BTY4853
1095,WH-01095,Houston,Texas,Distribution Center,46806,INT-U7303NQ
1096,WH-01096,Seattle,Washington,Distribution Center,36652,INT-9NSXGIJ
1097,WH-01097,Miami,Florida,Cross Dock,98644,INT-HF0KTUS
1098,WH-01098,Denver,Colorado,Fulfillment Center,44342,INT-MLIYZTV
1099,WH-01099,Denver,Colorado,Distribution Center,45239,INT-K1O2I5F
1100,WH-01100,Chicago,Illinois,Distribution Center,19901,INT-6KX53HV
1101,WH-01101,Boston,Massachusetts,Distribution Center,14631,INT-3FBW7AT
1102,WH-01102,Boston,Massachusetts,Cross Dock,89180,INT-BVY5ZWJ
1103,WH-01103,Austin,Texas,Distribution Center,13938,INT-SHRT2N0
1104,WH-01104,Austin,Texas,Fulfillment Center,96767,INT-G3XKUEW
1105,WH-01105,Houston,Texas,Cross Dock,15622,INT-9PLU9Y4
1106,WH-01106,Denver,Colorado,Distribution Center,54355,INT-PEE6277
1107,WH-01107,Chicago,Illinois,Distribution Center,85257,INT-412HWM5
1108,WH-01108,Detroit,Michigan,Regional DC,19977,INT-B5FLOZQ
1109,WH-01109,Boston,Massachusetts,Distribution Center,67068,INT-WIE8CLC
1110,WH-01110,Detroit,Michigan,Regional DC,32633,INT-YYCLYF9
1111,WH-01111,Portland,Oregon,Distribution Center,16128,INT-TJR4CKM
1112,WH-01112,Chicago,Illinois,Fulfillment Center,44258,INT-HJRKQEJ
1113,WH-01113,Houston,Texas,Distribution Center,47461,INT-W27MYC5
1114,WH-01114,Miami,Florida,Distribution Center,78576,INT-Z53BJT4
1115,WH-01115,Miami,Florida,Cross Dock,78585,INT-R3HR45C
1116,WH-01116,Phoenix,Arizona,Cross Dock,14717,INT-XNL0M2R
1117,WH-01117,Boston,Massachusetts,Fulfillment Center,77757,INT-9QZC3GP
1118,WH-01118,Austin,Texas,Cross Dock,85373,INT-JUI75AP
1119,WH-01119,Phoenix,Arizona,Distribution Center,80737,INT-P63PPVS
1120,WH-01120,Miami,Florida,Regional DC,13871,INT-LBODD88
1121,WH-01121,Detroit,Michigan,Regional DC,90895,INT-9XL794S
1122,WH-01122,Miami,Florida,Cross Dock,58088,INT-VN5W2SV
1123,WH-01123,Los Angeles,California,Distribution Center,67500,INT-1DLK5FP
1124,WH-01124,Detroit,Michigan,Distribution Center,50737,INT-6OPJJ8S
1125,WH-01125,Charlotte,North Carolina,Cross Dock,96336,INT-1HS49BZ
1126,WH-01126,Chicago,Illinois,Fulfillment Center,62301,INT-9ZW3BJD
1127,WH-01127,Atlanta,Georgia,Fulfillment Center,72646,INT-M4FAS3N
1128,WH-01128,Seattle,Washington,Distribution Center,48737,INT-SQWK00N
1129,WH-01129,Houston,Texas,Distribution Center,51560,INT-2P4XWL9
1130,WH-01130,Phoenix,Arizona,Distribution Center,64211,INT-XHDCYGJ
1131,WH-01131,New York,New York,Regional DC,21727,INT-HBASTDY
1132,WH-01132,Austin,Texas,Regional DC,48761,INT-169AGA0
1133,WH-01133,Dallas,Texas,Cross Dock,47238,INT-4H9EGUD
1134,WH-01134,Houston,Texas,Regional DC,44685,INT-19FL3FW
1135,WH-01135,Austin,Texas,Cross Dock,56796,INT-ALMZ9I5
1136,WH-01136,Denver,Colorado,Regional DC,73788,INT-IIGZCK2
1137,WH-01137,New York,New York,Distribution Center,55753,INT-OR84IN4
1138,WH-01138,New York,New York,Cross Dock,36202,INT-271XLHO
1139,WH-01139,Portland,Oregon,Fulfillment Center,35595,INT-LA4Z5VI
1140,WH-01140,New York,New York,Distribution Center,97068,INT-L12XIFY
1141,WH-01141,Portland,Oregon,Regional DC,60826,INT-X0MW4CY
1142,WH-01142,Detroit,Michigan,Regional DC,16822,INT-MKYLJCC
1143,WH-01143,Miami,Florida,Distribution Center,49908,INT-3JNHNT3
1144,WH-01144,Atlanta,Georgia,Fulfillment Center,58754,INT-9OAJ2Z8
1145,WH-01145,Seattle,Washington,Fulfillment Center,34774,INT-Y08EJEG
1146,WH-01146,New York,New York,Cross Dock,55731,INT-6HAEVQV
1147,WH-01147,HOUSTON,Unknown,Fulfillment Center,24882,INT-Z8WYG0X
1148,WH-01148,Denver,Colorado,Cross Dock,8673,INT-HYLPXS0
1149,WH-01149,Dallas,Texas,Distribution Center,74197,INT-UBNBROC
1150,WH-01150,Houston,Texas,Regional DC,9583,INT-RM2SMV3
1151,WH-01151,Boston,Massachusetts,Fulfillment Center,12264,INT-EEOSJCM
1152,WH-01152,Austin,Texas,Cross Dock,39703,INT-1R3E2Q7
1153,WH-01153,Miami,Florida,Regional DC,67152,INT-3CRJWO2
1154,WH-01154,Atlanta,Georgia,Fulfillment Center,28431,INT-8IQJTI5
1155,WH-01155,Houston,Texas,Cross Dock,63703,INT-C85Y8JG
1156,WH-01156,Houston,Texas,Cross Dock,87079,INT-O41Q034
1157,WH-01157,Austin,Texas,Regional DC,44990,INT-426WA2G
1158,WH-01158,Boston,Massachusetts,Distribution Center,28798,INT-V95R4MU
1159,WH-01159,Atlanta,Georgia,Regional DC,84128,INT-SD3A7F2
1160,WH-01160,Los Angeles,California,Distribution Center,43007,INT-UOO8TMO
1161,WH-01161,Chicago,Illinois,Distribution Center,51697,INT-22DI5BW
1162,WH-01162,Atlanta,Georgia,Cross Dock,18045,INT-KAFXARA
1163,WH-01163,Austin,Texas,Distribution Center,34823,INT-VZPY34X
1164,WH-01164,Dallas,Texas,Fulfillment Center,30658,INT-UL8F30C
1165,WH-01165,Phoenix,Arizona,Distribution Center,72365,INT-ANQRF8E
1166,WH-01166,Denver,Colorado,Fulfillment Center,49286,INT-PZLMJPM
1167,WH-01167,Portland,Oregon,Fulfillment Center,23007,INT-3YJ1MQE
1168,WH-01168,Los Angeles,California,Distribution Center,80751,INT-1G95GRG
1169,WH-01169,Denver,Colorado,Fulfillment Center,85669,INT-ZHW78KT
1170,WH-01170,Boston,Massachusetts,Cross Dock,76238,INT-K1YQ1UD
1171,WH-01171,Miami,Florida,Distribution Center,97902,INT-IAORL77
1172,WH-01172,Portland,Oregon,Regional DC,84128,INT-6W11I30
1173,WH-01173,Seattle,Washington,Cross Dock,9259,INT-R0A1X8Q
1174,WH-01174,Austin,Texas,Distribution Center,92455,INT-44OP41L
1175,WH-01175,Boston,Massachusetts,Regional DC,21413,INT-Y5YP1CJ
1176,WH-01176,Detroit,Michigan,Fulfillment Center,5014,INT-D4WP5Z3
1177,WH-01177,New York,New York,Regional DC,9999999,INT-OGSXPKR
1178,WH-01178,Miami,Florida,Regional DC,80332,INT-XTRY2P8
1179,WH-01179,Portland,Oregon,Fulfillment Center,65420,INT-VEUW8IF
1180,WH-01180,Dallas,Texas,Fulfillment Center,76821,INT-JBLTKEY
1181,WH-01181,Chicago,Illinois,Fulfillment Center,54590,INT-76CAGMM
1182,WH-01182,Portland,Oregon,Cross Dock,18500,INT-W7PDJ6P
1183,WH-01183,Denver,Colorado,Regional DC,87844,INT-NUOA68K
1184,WH-01184,Portland,Oregon,Fulfillment Center,84704,INT-Q7HMBFC
1185,WH-01185,Seattle,Washington,Distribution Center,89150,INT-WDUAO96
1186,WH-01186,Boston,Massachusetts,Fulfillment Center,28038,INT-QSKI19G
1187,WH-01187,Dallas,Texas,Regional DC,6985,INT-WKIVI3J
1188,WH-01188,Charlotte,North Carolina,Distribution Center,15890,INT-JTVUGO5
1189,WH-01189,Dallas,Texas,Cross Dock,29227,INT-KE0OYXG
1190,WH-01190,Seattle,Washington,Regional DC,41881,INT-64S432V
1191,WH-01191,Dallas,Texas,Regional DC,44709,INT-WNKD946
1192,WH-01192,Atlanta,Georgia,Fulfillment Center,69516,INT-UO8HEKM
1193,WH-01193,Miami,Florida,Cross Dock,97407,INT-MQTPCV0
1194,WH-01194,Dallas,Texas,Fulfillment Center,19889,INT-2AP167Q
1195,WH-01195,Phoenix,Arizona,Fulfillment Center,69694,INT-5H2VFG8
1196,WH-01196,Atlanta,Georgia,Distribution Center,43403,INT-NB0Y46M
1197,WH-01197,Boston,Massachusetts,Distribution Center,94164,INT-3AJL8HR
1198,WH-01198,Los Angeles,California,Distribution Center,79901,INT-UJR88DZ
1199,WH-01199,Los Angeles,California,Fulfillment Center,65121,INT-S3PW8LG
1200,WH-01200,Charlotte,North Carolina,Cross Dock,33522,INT-Y95F6U4
1201,WH-01201,Seattle,Washington,Regional DC,15428,INT-F85R4J7
1202,WH-01202,Denver,Colorado,Regional DC,58025,INT-I9P42UL
1203,WH-01203,Denver,Colorado,Fulfillment Center,53276,INT-Z9KN0UI
1204,WH-01204,Atlanta,Georgia,Fulfillment Center,31568,INT-KKCQ5EK
1205,WH-01205,Charlotte,North Carolina,Distribution Center,70159,INT-DFBZQWF
1206,WH-01206,Los Angeles,California,Cross Dock,28851,INT-6C780MY
1207,WH-01207,Dallas,Texas,Distribution Center,29916,INT-8QNAWLY
1208,WH-01208,Charlotte,North Carolina,Distribution Center,17286,INT-WLDAEWO
1209,WH-01209,Denver,Colorado,Regional DC,65064,INT-H4C4474
1210,WH-01210,Chicago,Illinois,Distribution Center,98252,INT-XO2WQ9Y
1211,WH-01211,Phoenix,Arizona,Regional DC,95909,INT-RRLTB02
1212,WH-01212,Boston,Massachusetts,Fulfillment Center,57078,INT-LFYGHH9
1213,WH-01213,New York,New York,Cross Dock,24018,INT-48XM5HF
1214,WH-01214,Austin,Texas,Regional DC,58204,INT-QDJYAOX
1215,WH-01215,Miami,Florida,Distribution Center,27525,INT-3GW74AB
1216,WH-01216,Seattle,Washington,Cross Dock,5686,INT-UN2AATZ
1217,WH-01217,,Unknown,Fulfillment Center,89511,INT-LIH5HFF
1218,WH-01218,Boston,Massachusetts,Regional DC,88184,INT-LBJM1G3
1219,WH-01219,Denver,Colorado,Distribution Center,44289,INT-FTQXTVP
1220,WH-01220,Austin,Texas,Distribution Center,39105,INT-NFIM598
1221,WH-01221,Chicago,Illinois,Distribution Center,43755,INT-5A3MGZY
1222,WH-01222,Portland,Oregon,Regional DC,71319,INT-XL3H9W7
1223,WH-01223,Charlotte,North Carolina,Distribution Center,36590,INT-WBV6WFI
1224,WH-01224,Denver,Colorado,Cross Dock,76326,INT-HZSDLKR
1225,WH-01225,Austin,Texas,Cross Dock,85680,INT-FWVFYNA
1226,WH-01226,Miami,Florida,Fulfillment Center,46424,INT-OYUP0OU
1227,WH-01227,Portland,Oregon,Distribution Center,92355,INT-2ODMF7P
1228,WH-01228,Chicago,Illinois,Regional DC,80137,INT-IUY7W6H
1229,WH-01229,Denver,Colorado,Fulfillment Center,83276,INT-XDFZZUW
1230,WH-01230,Denver,Colorado,Regional DC,50434,INT-WGHXQGJ
1231,WH-01231,Portland,Oregon,Regional DC,81453,INT-MLU67ZO
1232,WH-01232,Seattle,Washington,Distribution Center,29458,INT-SJ7KBRQ
1233,WH-01233,Seattle,Washington,Cross Dock,88062,INT-83PCY63
1234,WH-01234,Seattle,Washington,Distribution Center,30999,INT-0XYNGV5
1235,WH-01235,Charlotte,North Carolina,Fulfillment Center,93586,INT-BRD07MK
1236,WH-01236,Detroit,Michigan,Distribution Center,71714,INT-57VYJBX
1237,WH-01237,Chicago,Illinois,Cross Dock,51145,INT-88OLXWO
1238,WH-01238,Houston,Texas,Distribution Center,32907,INT-HOH1ZK7
1239,WH-01239,Austin,Texas,Cross Dock,74011,INT-XAWVOAB
1240,WH-01240,Denver,Colorado,Fulfillment Center,62630,INT-RRHX9MQ
1241,WH-01241,Denver,Colorado,Fulfillment Center,79796,INT-F5KHPQJ
1242,WH-01242,Denver,Colorado,Distribution Center,35686,INT-ATTMH4C
1243,WH-01243,Chicago,Illinois,Fulfillment Center,50223,INT-GTABXKN
1244,WH-01244,Portland,Oregon,Cross Dock,37013,INT-8S1V8FC
1245,WH-01245,Miami,Florida,Distribution Center,29502,INT-9V54I3R
1246,WH-01246,Denver,Colorado,Distribution Center,6215,INT-DEA6MDA
1247,WH-01247,Charlotte,North Carolina,Distribution Center,35469,INT-OG8847R
1248,WH-01248,Houston,Texas,Cross Dock,38415,INT-E9602XN
1249,WH-01249,Phoenix,Arizona,Cross Dock,33098,INT-TF1HMZB
1250,WH-01250,Phoenix,Arizona,Distribution Center,28193,INT-DN1YTYZ
1251,WH-01251,Austin,Texas,Distribution Center,58300,INT-LLBKEGB
1252,WH-01252,New York,New York,Regional DC,85770,INT-OL2TS71
1253,WH-01253,Portland,Oregon,Fulfillment Center,8087,INT-TUNOJCN
1254,WH-01254,Austin,Texas,Distribution Center,59382,INT-ZSPO8KV
1255,WH-01255,Houston,Texas,Distribution Center,99650,INT-EY4AI3U
1256,WH-01256,Charlotte,North Carolina,Distribution Center,59961,INT-P68PE8R
1257,WH-01257,Atlanta,Georgia,Cross Dock,63439,INT-LP51EF4
1258,WH-01258,Atlanta,Georgia,Fulfillment Center,28563,INT-B0Z42YQ
1259,WH-01259,Denver,Colorado,Regional DC,68621,INT-M87ZLHS
1260,WH-01260,Dallas,Texas,Distribution Center,83132,INT-WBI29C1
1261,WH-01261,Detroit,Michigan,Cross Dock,22189,INT-K3629HC
1262,WH-01262,Phoenix,Arizona,Cross Dock,45237,INT-K29WHEQ
1263,WH-01263,Atlanta,Georgia,Regional DC,51421,INT-7KWEF77
1264,WH-01264,Charlotte,North Carolina,Fulfillment Center,13368,INT-EEM6MVX
1265,WH-01265,Denver,Colorado,Distribution Center,96844,INT-4WIENKN
1266,WH-01266,Portland,Oregon,Fulfillment Center,82152,INT-6E6JRYP
1267,WH-01267,Denver,Colorado,Distribution Center,99231,INT-FK27UN8
1268,WH-01268,Austin,Texas,Fulfillment Center,61446,INT-6PY6IUQ
1269,WH-01269,Denver,Colorado,Distribution Center,64928,INT-XMBYXSO
1270,WH-01270,Austin,Texas,Cross Dock,34733,INT-1CQHLLZ
1271,WH-01271,Austin,Texas,Fulfillment Center,99605,INT-Q55GZZ9
1272,WH-01272,Detroit,Michigan,Distribution Center,38805,INT-HL8HQQH
1273,WH-01273,Atlanta,Georgia,Distribution Center,64930,INT-VGG6JAE
1274,WH-01274,Detroit,Michigan,Cross Dock,70466,INT-A0F3RSU
1275,WH-01275,Seattle,Washington,Regional DC,16084,INT-LEYWU23
1276,WH-01276,Phoenix,Arizona,Fulfillment Center,58617,INT-8WAWXTV
1277,WH-01277,Dallas,Texas,Distribution Center,5,INT-EO4557K
1278,WH-01278,New York,New York,Fulfillment Center,89670,INT-MO6ZO47
1279,WH-01279,New York,New York,Distribution Center,46665,INT-9LYYK31
1280,WH-01280,New York,New York,Distribution Center,42313,INT-CK5FRN9
1281,WH-01281,Chicago,Illinois,Cross Dock,13768,INT-AL0RORO
1282,WH-01282,Portland,Oregon,Distribution Center,73622,INT-RV6BI46
1283,WH-01283,,Unknown,Regional DC,61427,INT-2LCZ6YE
1284,WH-01284,Houston,Texas,Distribution Center,78544,INT-I47AEIW
1285,WH-01285,Chicago,Illinois,Distribution Center,31356,INT-PJ94W2L
1286,WH-01286,Dallas,Texas,Cross Dock,41619,INT-BEK49K4
1287,WH-01287,Detroit,Michigan,Distribution Center,26402,INT-SMKO3DA
1288,WH-01288,CHICAGO,Unknown,Cross Dock,31067,INT-I4K3HM6
1289,WH-01289,Los Angeles,California,Distribution Center,72563,INT-X4UGBZE
1290,WH-01290,Phoenix,Arizona,Cross Dock,73368,INT-8CHFK5W
1291,WH-01291,Chicago,Illinois,Fulfillment Center,19189,INT-1Z597VL
1292,WH-01292,Houston,Texas,Distribution Center,89962,INT-E311WCV
1293,WH-01293,Seattle,Washington,Distribution Center,70364,INT-VMJJ2X0
1294,WH-01294,Seattle,Washington,Regional DC,9988,INT-FGV1QEG
1295,WH-01295,HOUSTON,Unknown,Regional DC,19915,INT-65A3MB3
1296,WH-01296,Dallas,Texas,Distribution Center,93713,INT-F39QZW9
1297,WH-01297,Atlanta,Georgia,Fulfillment Center,43134,INT-T5N8NUN
1298,WH-01298,Houston,Texas,Distribution Center,61143,INT-X1L2N5X
1299,WH-01299,Miami,Florida,Distribution Center,23080,INT-BHZ5YPS
1300,WH-01300,Dallas,Texas,Regional DC,22185,INT-RK7Y4FW
1301,WH-01301,Austin,Texas,Regional DC,69982,INT-WHNPACU
1302,WH-01302,New York,New York,Cross Dock,32229,INT-THBB1KW
1303,WH-01303,New York,New York,Distribution Center,53837,INT-F3EQVKF
1304,WH-01304,Portland,Oregon,Fulfillment Center,99834,INT-Q5KFFDH
1305,WH-01305,Austin,Texas,Regional DC,73423,INT-INCHPUW
1306,WH-01306,New York,New York,Cross Dock,9136,INT-3ABDX1B
1307,WH-01307,Austin,Texas,Fulfillment Center,28683,INT-YJOWDFQ
1308,WH-01308,,Unknown,Regional DC,40867,INT-LAXJELF
1309,WH-01309,Phoenix,Arizona,Fulfillment Center,17961,INT-0EEAYQQ
1310,WH-01310,Charlotte,North Carolina,Cross Dock,11462,INT-QR581RX
1311,WH-01311,Chicago,Illinois,Regional DC,64272,INT-ENS601P
1312,WH-01312,Portland,Oregon,Distribution Center,30693,INT-Z0766K2
1313,WH-01313,Detroit,Michigan,Distribution Center,10359,INT-0OA66E8
1314,WH-01314,Seattle,Washington,Regional DC,64873,INT-704KOPZ
1315,WH-01315,Atlanta,Georgia,Cross Dock,7711,INT-ZPCW99M
1316,WH-01316,Portland,Oregon,Distribution Center,19122,INT-ESNDW8S
1317,WH-01317,Austin,Texas,Distribution Center,18667,INT-M5VK83C
1318,WH-01318,Charlotte,North Carolina,Regional DC,71045,INT-9GEHTXG
1319,WH-01319,Boston,Massachusetts,Fulfillment Center,74652,INT-QPHJDB1
1320,WH-01320,Chicago,Illinois,Fulfillment Center,21624,INT-QY45QGI
1321,WH-01321,Miami,Florida,Regional DC,7474,INT-BKETQI9
1322,WH-01322,Phoenix,Arizona,Cross Dock,28308,INT-C31E2H3
1323,WH-01323,Denver,Colorado,Distribution Center,40643,INT-8WY25TN
1324,WH-01324,Denver,Colorado,Cross Dock,41362,INT-Y39JNMR
1325,WH-01325,Portland,Oregon,Fulfillment Center,18564,INT-6OTPPO1
1326,WH-01326,Atlanta,Georgia,Distribution Center,62983,INT-WU3ZPCF
1327,WH-01327,Portland,Oregon,Cross Dock,78344,INT-QFWF7CV
1328,WH-01328,Atlanta,Georgia,Distribution Center,65615,INT-L6AE3VP
1329,WH-01329,Miami,Florida,Cross Dock,50026,INT-NEYWA2S
1330,WH-01330,Austin,Texas,Distribution Center,47977,INT-4AAMVD2
1331,WH-01331,Charlotte,North Carolina,Regional DC,56090,INT-023JCEC
1332,WH-01332,New York,New York,Regional DC,12267,INT-P9BE1YG
1333,WH-01333,Austin,Texas,Regional DC,30961,INT-NHZQ289
1334,WH-01334,Charlotte,North Carolina,Cross Dock,13523,INT-FWXDB8F
1335,WH-01335,Los Angeles,California,Cross Dock,45465,INT-H74ATSN
1336,WH-01336,Detroit,Michigan,Cross Dock,10687,INT-QN9ED2V
1337,WH-01337,New York,New York,Regional DC,38645,INT-5A52RBB
1338,WH-01338,Los Angeles,California,Fulfillment Center,40509,INT-RPMHOCY
1339,WH-01339,Denver,Colorado,Regional DC,38552,INT-D0ECZ3I
1340,WH-01340,Seattle,Washington,Regional DC,9492,INT-68AM6LC
1341,WH-01341,Phoenix,Arizona,Distribution Center,34537,INT-L7XGRD2
1342,WH-01342,Los Angeles,California,Distribution Center,96514,INT-CEKC40W
1343,WH-01343,Chicago,Illinois,Regional DC,7695,INT-NLU95O4
1344,WH-01344,Seattle,Washington,Distribution Center,43648,INT-C9N30R3
1345,WH-01345,Charlotte,North Carolina,Regional DC,80746,INT-W4G3T8D
1346,WH-01346,Charlotte,North Carolina,Distribution Center,9168,INT-RIXQOPP
1347,WH-01347,Miami,Florida,Cross Dock,5509,INT-J9IRQR3
1348,WH-01348,Detroit,Michigan,Cross Dock,54831,INT-ET2NXV7
1349,WH-01349,Chicago,Illinois,Distribution Center,5723,INT-EVZOHG0
1350,WH-01350,New York,New York,Cross Dock,47638,INT-52860MT
1351,WH-01351,Phoenix,Arizona,Distribution Center,88116,INT-YUKYNL3
1352,WH-01352,Austin,Texas,Fulfillment Center,97300,INT-JBW2PUJ
1353,WH-01353,Dallas,Texas,Fulfillment Center,80414,INT-DZPNAJ7
1354,WH-01354,Phoenix,Arizona,Regional DC,15895,INT-U7H3BIO
1355,WH-01355,Boston,Massachusetts,Fulfillment Center,38385,INT-6M476FS
1356,WH-01356,Miami,Florida,Regional DC,62864,INT-P4UTIZ3
1357,WH-01357,Los Angeles,California,Fulfillment Center,64763,INT-TQAYU26
1358,WH-01358,Detroit,Michigan,Fulfillment Center,76010,INT-3YPQLK7
1359,WH-01359,Austin,Texas,Distribution Center,32256,INT-W7QSO4M
1360,WH-01360,Boston,Massachusetts,Distribution Center,26645,INT-7B78BCL
1361,WH-01361,Dallas,Texas,Distribution Center,7514,INT-6D6C190
1362,WH-01362,Seattle,Washington,Fulfillment Center,90728,INT-IMGWOWR
1363,WH-01363,Detroit,Michigan,Cross Dock,57361,INT-V9C6E9L
1364,WH-01364,Phoenix,Arizona,Distribution Center,47805,INT-EBLRIOE
1365,WH-01365,Austin,Texas,Distribution Center,32041,INT-LM4I61L
1366,WH-01366,Austin,Texas,Cross Dock,84920,INT-TML60YO
1367,WH-01367,Atlanta,Georgia,Distribution Center,29237,INT-F0ZNLA3
1368,WH-01368,Chicago,Illinois,Cross Dock,94758,INT-M2MHUXK
1369,WH-01369,Seattle,Washington,Fulfillment Center,44567,INT-XNPGP4K
1370,WH-01370,New York,New York,Cross Dock,92466,INT-56PW9YQ
1371,WH-01371,Denver,Colorado,Distribution Center,5,INT-NSAZUSN
1372,WH-01372,Austin,Texas,Distribution Center,27350,INT-Z1ANZW4
1373,WH-01373,Detroit,Michigan,Regional DC,7662,INT-62LPYEE
1374,WH-01374,Seattle,Washington,Regional DC,82131,INT-0L9UROT
1375,WH-01375,New York,New York,Distribution Center,70211,INT-ZLQQ9I8
1376,WH-01376,Dallas,Texas,Fulfillment Center,58983,INT-B9U1ZBH
1377,WH-01377,Denver,Colorado,Regional DC,70156,INT-9S6RUPF
1378,WH-01378,Chicago,Illinois,Fulfillment Center,69925,INT-79GBRV1
1379,WH-01379,Dallas,Texas,Fulfillment Center,13749,INT-3HDWXRX
1380,WH-01380,Portland,Oregon,Distribution Center,75706,INT-CPBWLMN
1381,WH-01381,Miami,Florida,Fulfillment Center,55367,INT-GZ3IXTK
1382,WH-01382,Miami,Florida,Cross Dock,65906,INT-GSTVGFD
1383,WH-01383,Chicago,Illinois,Cross Dock,78047,INT-F6WC25Q
1384,WH-01384,Atlanta,Georgia,Distribution Center,76328,INT-XJF1FSQ
1385,WH-01385,Atlanta,Georgia,Distribution Center,87158,INT-BO49RQ1
1386,WH-01386,Atlanta,Georgia,Regional DC,48467,INT-UKHVQN5
1387,WH-01387,,Unknown,Distribution Center,97600,INT-OHRTCP7
1388,WH-01388,Detroit,Michigan,Distribution Center,56041,INT-33LG0E8
1389,WH-01389,Boston,Massachusetts,Distribution Center,55854,INT-CYJUQV5
1390,WH-01390,Atlanta,Georgia,Fulfillment Center,30802,INT-PF1P3P1
1391,WH-01391,Austin,Texas,Fulfillment Center,7204,INT-GRGGN9T
1392,WH-01392,Austin,Texas,Cross Dock,49938,INT-6ZKPAEU
1393,WH-01393,New York,New York,Cross Dock,32413,INT-2PNML89
1394,WH-01394,Seattle,Washington,Distribution Center,15937,INT-8L5DWW2
1395,WH-01395,Miami,Florida,Fulfillment Center,89128,INT-EXXG1W5
1396,WH-01396,Austin,Texas,Regional DC,24930,INT-2AACDA5
1397,WH-01397,Boston,Massachusetts,Distribution Center,18040,INT-O90XEHG
1398,WH-01398,Phoenix,Arizona,Regional DC,42838,INT-L9QEKJ4
1399,WH-01399,,Unknown,Cross Dock,83965,INT-09XBD9M
1400,WH-01400,Houston,Texas,Regional DC,83924,INT-WRWWXYY
1401,WH-01401,Detroit,Michigan,Fulfillment Center,36370,INT-WPZPI3G
1402,WH-01402,Portland,Oregon,Distribution Center,43146,INT-ZXFXCOY
1403,WH-01403,Phoenix,Arizona,Fulfillment Center,79714,INT-KF4US5H
1404,WH-01404,Atlanta,Georgia,Cross Dock,16424,INT-4OD0CUM
1405,WH-01405,Los Angeles,California,Fulfillment Center,40411,INT-V20VWOZ
1406,WH-01406,Austin,Texas,Regional DC,98402,INT-73780G9
1407,WH-01407,Seattle,Washington,Fulfillment Center,9167,INT-DE5Y1NQ
1408,WH-01408,LOS ANGELES,Unknown,Distribution Center,62225,INT-AZABVB1
1409,WH-01409,Charlotte,North Carolina,Cross Dock,20739,INT-BZCF3CD
1410,WH-01410,Portland,Oregon,Cross Dock,59662,INT-G6X9IOU
1411,WH-01411,Phoenix,Arizona,Regional DC,53211,INT-6LQMN61
1412,WH-01412,Charlotte,North Carolina,Regional DC,95596,INT-VOP1TDM
1413,WH-01413,Austin,Texas,Regional DC,39468,INT-CP47Q8S
1414,WH-01414,Los Angeles,California,Regional DC,80728,INT-5UDO2G8
1415,WH-01415,New York,New York,Distribution Center,99150,INT-0LWDN2H
1416,WH-01416,Detroit,Michigan,Regional DC,59101,INT-39ULDFP
1417,WH-01417,New York,New York,Cross Dock,40138,INT-DV02I9Y
1418,WH-01418,Phoenix,Arizona,Cross Dock,50793,INT-VV51F4H
1419,WH-01419,Detroit,Michigan,Cross Dock,74356,INT-FTM95FQ
1420,WH-01420,Houston,Texas,Fulfillment Center,79366,INT-Q6J3YVY
1421,WH-01421,New York,New York,Regional DC,29199,INT-W5R2A6G
1422,WH-01422,Chicago,Illinois,Fulfillment Center,20505,INT-QWMVCZB
1423,WH-01423,Denver,Colorado,Regional DC,66508,INT-HF01ZIV
1424,WH-01424,Chicago,Illinois,Distribution Center,86455,INT-ZZQVP9E
1425,WH-01425,Atlanta,Georgia,Regional DC,66408,INT-EHU6FR2
1426,WH-01426,Phoenix,Arizona,Regional DC,59201,INT-AFTELVA
1427,WH-01427,Atlanta,Georgia,Regional DC,59243,INT-U8RWS8T
1428,WH-01428,Detroit,Michigan,Distribution Center,79237,INT-VJFAMQ2
1429,WH-01429,Miami,Florida,Cross Dock,45634,INT-EWMJXJ4
1430,WH-01430,,Unknown,Fulfillment Center,12853,INT-HZK0B29
1431,WH-01431,Phoenix,Arizona,Fulfillment Center,30223,INT-8MJMWHM
1432,WH-01432,Boston,Massachusetts,Regional DC,86945,INT-V15XHM2
1433,WH-01433,Denver,Colorado,Cross Dock,15147,INT-VWLOKC3
1434,WH-01434,Portland,Oregon,Fulfillment Center,84373,INT-N1KAHD0
1435,WH-01435,Houston,Texas,Distribution Center,57885,INT-CW6MR95
1436,WH-01436,Los Angeles,California,Cross Dock,66097,INT-8P3DZ33
1437,WH-01437,Austin,Texas,Fulfillment Center,29832,INT-O7SWCHI
1438,WH-01438,Denver,Colorado,Fulfillment Center,40607,INT-CWTZVJ9
1439,WH-01439,Charlotte,North Carolina,Distribution Center,53402,INT-35DZHIA
1440,WH-01440,Dallas,Texas,Cross Dock,65562,INT-PKS8AOV
1441,WH-01441,Seattle,Washington,Regional DC,5000000,INT-SG2MOHL
1442,WH-01442,Denver,Colorado,Cross Dock,90777,INT-2P21UZE
1443,WH-01443,Los Angeles,California,Distribution Center,56277,INT-671MEOB
1444,WH-01444,Denver,Colorado,Cross Dock,17500,INT-BZY4DHD
1445,WH-01445,Seattle,Washington,Regional DC,21527,INT-5K0DPSP
1446,WH-01446,Portland,Oregon,Cross Dock,88317,INT-84CIVKF
1447,WH-01447,Dallas,Texas,Regional DC,78634,INT-TRWIOBM
1448,WH-01448,Phoenix,Arizona,Fulfillment Center,65535,INT-R5OSRU5
1449,WH-01449,Los Angeles,California,Distribution Center,56743,INT-JJ23MYJ
1450,WH-01450,Phoenix,Arizona,Regional DC,7730,INT-MCVFSQP
1451,WH-01451,Atlanta,Georgia,Fulfillment Center,93679,INT-H621EMJ
1452,WH-01452,New York,New York,Regional DC,17671,INT-6DE931Q
1453,WH-01453,New York,New York,Distribution Center,10688,INT-4QAWH2V
1454,WH-01454,,Unknown,Distribution Center,18603,INT-UCKQ9S5
1455,WH-01455,Houston,Texas,Regional DC,46334,INT-WOX0MTU
1456,WH-01456,Charlotte,North Carolina,Distribution Center,33483,INT-8GTF2FK
1457,WH-01457,Atlanta,Georgia,Fulfillment Center,22639,INT-2R0K7XG
1458,WH-01458,Portland,Oregon,Fulfillment Center,10681,INT-R7TF9RZ
1459,WH-01459,Atlanta,Georgia,Distribution Center,94985,INT-W5OBFE5
1460,WH-01460,Atlanta,Georgia,Fulfillment Center,61949,INT-CS4XGZU
1461,WH-01461,Dallas,Texas,Fulfillment Center,49291,INT-PFNGNAF
1462,WH-01462,Atlanta,Georgia,Regional DC,14077,INT-Y4M7ZOZ
1463,WH-01463,Phoenix,Arizona,Fulfillment Center,89291,INT-MSFWS9Z
1464,WH-01464,Phoenix,Arizona,Regional DC,25776,INT-JFBVYET
1465,WH-01465,Detroit,Michigan,Cross Dock,33649,INT-AJHI70S
1466,WH-01466,Seattle,Washington,Fulfillment Center,61260,INT-VOELPLM
1467,WH-01467,Boston,Massachusetts,Regional DC,46104,INT-LAP9SR4
1468,WH-01468,Boston,Massachusetts,Distribution Center,78587,INT-SY6Y0L0
1469,WH-01469,Boston,Massachusetts,Regional DC,27133,INT-RFYHUZW
1470,WH-01470,Austin,Texas,Fulfillment Center,88496,INT-E0D2R5P
1471,WH-01471,Chicago,Illinois,Distribution Center,82891,INT-OYC6ANV
1472,WH-01472,Boston,Massachusetts,Regional DC,61542,INT-QSRG7RZ
1473,WH-01473,Portland,Oregon,Distribution Center,32659,INT-KTXN6GU
1474,WH-01474,Charlotte,North Carolina,Regional DC,54204,INT-KTP7DKY
1475,WH-01475,Phoenix,Arizona,Cross Dock,33666,INT-9HXPVL0
1476,WH-01476,Portland,Oregon,Fulfillment Center,10401,INT-YHS7ABG
1477,WH-01477,Houston,Texas,Cross Dock,22494,INT-2RKNSI8
1478,WH-01478,Atlanta,Georgia,Distribution Center,89916,INT-C3TEEGQ
1479,WH-01479,Los Angeles,California,Distribution Center,81691,INT-6BVXWRC
1480,WH-01480,New York,New York,Fulfillment Center,26724,INT-KL96HL6
1481,WH-01481,Phoenix,Arizona,Regional DC,8269,INT-XG09X89
1482,WH-01482,Austin,Texas,Regional DC,68361,INT-PXSPLID
1483,WH-01483,Chicago,Illinois,Regional DC,91438,INT-9YGWQEH
1484,WH-01484,New York,New York,Distribution Center,13068,INT-NTAI3CW
1485,WH-01485,Chicago,Illinois,Distribution Center,95378,INT-2UTTAXX
1486,WH-01486,Denver,Colorado,Cross Dock,9172,INT-FI0MH4V
1487,WH-01487,Chicago,Illinois,Distribution Center,85437,INT-9F766N5
1488,WH-01488,Charlotte,North Carolina,Cross Dock,95777,INT-UOVVTO0
1489,WH-01489,Portland,Oregon,Distribution Center,44234,INT-2L148WN
1490,WH-01490,Portland,Oregon,Distribution Center,24027,INT-PU5MM65
1491,WH-01491,Los Angeles,California,Fulfillment Center,82538,INT-8CSBSI4
1492,WH-01492,Atlanta,Georgia,Distribution Center,24415,INT-GOJE0F6
1493,WH-01493,Miami,Florida,Cross Dock,46208,INT-A0DJNB3
1494,WH-01494,Dallas,Texas,Cross Dock,67875,INT-LEHMAA1
1495,WH-01495,Charlotte,North Carolina,Regional DC,15468,INT-WQXP2H2
1496,WH-01496,Dallas,Texas,Regional DC,63726,INT-T9CN1B9
1497,WH-01497,Phoenix,Arizona,Regional DC,51472,INT-KK4ZKRS
1498,WH-01498,Charlotte,North Carolina,Cross Dock,44186,INT-46L5YDZ
1499,WH-01499,Phoenix,Arizona,Cross Dock,42339,INT-CJVNXMB
1500,WH-01500,Portland,Oregon,Distribution Center,70994,INT-XAXTVN3
1501,WH-01501,Houston,Texas,Cross Dock,60845,INT-RERY37Q
1502,WH-01502,Los Angeles,California,Regional DC,96805,INT-3GW3ANJ
1503,WH-01503,Denver,Colorado,Regional DC,25064,INT-K7JZ3DX
1504,WH-01504,Boston,Massachusetts,Distribution Center,34581,INT-NGK034Q
1505,WH-01505,Charlotte,North Carolina,Regional DC,16505,INT-UMZ751O
1506,WH-01506,New York,New York,Fulfillment Center,78199,INT-VUYVTUN
1507,WH-01507,Phoenix,Arizona,Fulfillment Center,46674,INT-ZLP77TO
1508,WH-01508,Portland,Oregon,Fulfillment Center,54037,INT-NYCVNGN
1509,WH-01509,New York,New York,Cross Dock,44179,INT-WTI5PV0
1510,WH-01510,Portland,Oregon,Regional DC,94293,INT-4SUKFHC
1511,WH-01511,Los Angeles,California,Fulfillment Center,76623,INT-LUY6B6A
1512,WH-01512,Detroit,Michigan,Cross Dock,16937,INT-0TFT4SY
1513,WH-01513,Dallas,Texas,Regional DC,39369,INT-7RLUX7M
1514,WH-01514,Charlotte,North Carolina,Regional DC,31415,INT-6JZXA5K
1515,WH-01515,Denver,Colorado,Cross Dock,37413,INT-0464OYW
1516,WH-01516,Portland,Oregon,Regional DC,93147,INT-KHAB7WV
1517,WH-01517,Miami,Florida,Regional DC,5491,INT-OAXF0UC
1518,WH-01518,Chicago,Illinois,Regional DC,35178,INT-1T9POMT
1519,WH-01519,Phoenix,Arizona,Cross Dock,15705,INT-0WPAAFW
1520,WH-01520,Houston,Texas,Regional DC,90114,INT-H16ZWNY
1521,WH-01521,,Unknown,Regional DC,98949,INT-YT0S3EB
1522,WH-01522,Charlotte,North Carolina,Fulfillment Center,52625,INT-SVGPR1A
1523,WH-01523,Phoenix,Arizona,Distribution Center,82952,INT-R2EIUZ1
1524,WH-01524,Miami,Florida,Regional DC,23629,INT-7ZLLDW7
1525,WH-01525,Detroit,Michigan,Regional DC,44768,INT-Y3ZHZL4
1526,WH-01526,Chicago,Illinois,Regional DC,26890,INT-BN4UGYR
1527,WH-01527,Boston,Massachusetts,Regional DC,15416,INT-3XDLFBR
1528,WH-01528,Atlanta,Georgia,Regional DC,77268,INT-JBKLMGW
1529,WH-01529,Seattle,Washington,Regional DC,92457,INT-TZCKPTB
1530,WH-01530,Seattle,Washington,Fulfillment Center,14587,INT-WDKBKAX
1531,WH-01531,Dallas,Texas,Fulfillment Center,99226,INT-4M1Z6PE
1532,WH-01532,Phoenix,Arizona,Regional DC,44259,INT-9QA36XS
1533,WH-01533,Boston,Massachusetts,Distribution Center,35894,INT-IKV2325
1534,WH-01534,Austin,Texas,Regional DC,14224,INT-24XEKC9
1535,WH-01535,Chicago,Illinois,Cross Dock,16308,INT-TEO43OT
1536,WH-01536,Atlanta,Georgia,Distribution Center,99775,INT-EQQKI4A
1537,WH-01537,Atlanta,Georgia,Cross Dock,75612,INT-1D0BG4I
1538,WH-01538,Chicago,Illinois,Distribution Center,5133,INT-8UTWIGW
1539,WH-01539,Austin,Texas,Fulfillment Center,90628,INT-JHFFTO0
1540,WH-01540,Boston,Massachusetts,Fulfillment Center,30887,INT-Y1VO1VH
1541,WH-01541,Houston,Texas,Regional DC,46500,INT-8D2GGF0
1542,WH-01542,Boston,Massachusetts,Fulfillment Center,17783,INT-SR5JK7W
1543,WH-01543,Chicago,Illinois,Fulfillment Center,82772,INT-2YL6HDH
1544,WH-01544,Seattle,Washington,Regional DC,30462,INT-HZJ4U3H
1545,WH-01545,Seattle,Washington,Fulfillment Center,52169,INT-FL72EE3
1546,WH-01546,Chicago,Illinois,Fulfillment Center,13526,INT-ZYZ9ME5
1547,WH-01547,Chicago,Illinois,Distribution Center,88375,INT-NYG3A2W
1548,WH-01548,Phoenix,Arizona,Fulfillment Center,25029,INT-8XXFTTR
1549,WH-01549,,Unknown,Distribution Center,48975,INT-S6VH139
1550,WH-01550,Atlanta,Georgia,Regional DC,33167,INT-C31SNN4
1551,WH-01551,Charlotte,North Carolina,Fulfillment Center,23804,INT-0DHNL4U
1552,WH-01552,Phoenix,Arizona,Fulfillment Center,54283,INT-H5S366Q
1553,WH-01553,Denver,Colorado,Fulfillment Center,15566,INT-TQJ35ST
1554,WH-01554,Los Angeles,California,Fulfillment Center,90786,INT-YY5FLHE
1555,WH-01555,Los Angeles,California,Cross Dock,80974,INT-T362FSL
1556,WH-01556,New York,New York,Fulfillment Center,17181,INT-W9IGLV6
1557,WH-01557,Boston,Massachusetts,Regional DC,44745,INT-TX8YD9O
1558,WH-01558,New York,New York,Regional DC,14537,INT-A175VPV
1559,WH-01559,Portland,Oregon,Distribution Center,48547,INT-DQDAH60
1560,WH-01560,Chicago,Illinois,Regional DC,28951,INT-OOLVHBK
1561,WH-01561,Detroit,Michigan,Distribution Center,84816,INT-BHDGCVV
1562,WH-01562,Charlotte,North Carolina,Distribution Center,34029,INT-M3YJZ5Z
1563,WH-01563,Portland,Oregon,Cross Dock,89171,INT-MI40EX4
1564,WH-01564,Boston,Massachusetts,Regional DC,16954,INT-7X9GHPG
1565,WH-01565,Detroit,Michigan,Fulfillment Center,97768,INT-PLHECME
1566,WH-01566,Miami,Florida,Regional DC,68880,INT-XGXQQPI
1567,WH-01567,Detroit,Michigan,Cross Dock,28805,INT-4SMOGL0
1568,WH-01568,Detroit,Michigan,Distribution Center,53182,INT-8RJ9ETN
1569,WH-01569,Denver,Colorado,Regional DC,37078,INT-WIMN1H1
1570,WH-01570,Detroit,Michigan,Fulfillment Center,61712,INT-4TP7GC9
1571,WH-01571,Boston,Massachusetts,Fulfillment Center,71234,INT-8FOU243
1572,WH-01572,Chicago,Illinois,Distribution Center,25356,INT-PEBWXBZ
1573,WH-01573,Phoenix,Arizona,Cross Dock,77571,INT-BMYV0CV
1574,WH-01574,Houston,Texas,Fulfillment Center,59857,INT-DDWXADX
1575,WH-01575,New York,New York,Fulfillment Center,79517,INT-OYH99EC
1576,WH-01576,Seattle,Washington,Fulfillment Center,7479,INT-GNH5FB3
1577,WH-01577,Dallas,Texas,Regional DC,58577,INT-PFXDMTM
1578,WH-01578,New York,New York,Distribution Center,83637,INT-UEC21JV
1579,WH-01579,HOUSTON,Unknown,Distribution Center,19864,INT-DAIV4RT
1580,WH-01580,Detroit,Michigan,Cross Dock,37712,INT-3XHAJPT
1581,WH-01581,Boston,Massachusetts,Regional DC,46383,INT-ONY1JU4
1582,WH-01582,Phoenix,Arizona,Cross Dock,49141,INT-MX6NHIF
1583,WH-01583,Charlotte,North Carolina,Distribution Center,8691,INT-NAZDE20
1584,WH-01584,Phoenix,Arizona,Distribution Center,91278,INT-BNIKQ3T
1585,WH-01585,Austin,Texas,Cross Dock,17576,INT-4MZ2EWI
1586,WH-01586,Portland,Oregon,Cross Dock,52590,INT-I6W9PFW
1587,WH-01587,Austin,Texas,Distribution Center,72218,INT-S0L34PQ
1588,WH-01588,Portland,Oregon,Regional DC,10483,INT-G7DQEYF
1589,WH-01589,Los Angeles,California,Cross Dock,7622,INT-DQXA19H
1590,WH-01590,Boston,Massachusetts,Distribution Center,92821,INT-QFFGCR0
1591,WH-01591,Charlotte,North Carolina,Fulfillment Center,42894,INT-14YHNMN
1592,WH-01592,Houston,Texas,Distribution Center,54509,INT-MZQ0Q35
1593,WH-01593,Dallas,Texas,Cross Dock,18487,INT-9S8J4V7
1594,WH-01594,Phoenix,Arizona,Cross Dock,53550,INT-YPR1Q0R
1595,WH-01595,Chicago,Illinois,Cross Dock,32216,INT-TT2Q91V
1596,WH-01596,New York,New York,Cross Dock,91952,INT-EZS42J7
1597,WH-01597,Los Angeles,California,Distribution Center,68899,INT-F6KXOJ9
1598,WH-01598,,Unknown,Regional DC,19527,INT-1UNHD1W
1599,WH-01599,Phoenix,Arizona,Distribution Center,9575,INT-XSVNV2U
1600,WH-01600,Atlanta,Georgia,Distribution Center,23071,INT-A0LJXGV
1601,WH-01601,Chicago,Illinois,Fulfillment Center,12946,INT-EOEOO0W
1602,WH-01602,Miami,Florida,Fulfillment Center,60281,INT-JBRMC4X
1603,WH-01603,Los Angeles,California,Regional DC,65072,INT-S8TG1VO
1604,WH-01604,Denver,Colorado,Fulfillment Center,80585,INT-D80JS18
1605,WH-01605,Seattle,Washington,Fulfillment Center,78261,INT-ASSCM9U
1606,WH-01606,Chicago,Illinois,Regional DC,38162,INT-SBWQL4R
1607,WH-01607,Atlanta,Georgia,Regional DC,98218,INT-DV3LPBB
1608,WH-01608,Miami,Florida,Distribution Center,5,INT-M3AKENP
1609,WH-01609,Seattle,Washington,Fulfillment Center,20499,INT-7L3YTSV
1610,WH-01610,Seattle,Washington,Regional DC,79734,INT-WRM0FNX
1611,WH-01611,Miami,Florida,Cross Dock,88164,INT-SUZKGDC
1612,WH-01612,Portland,Oregon,Cross Dock,37038,INT-MW46VA6
1613,WH-01613,Denver,Colorado,Regional DC,53267,INT-ZYXDA74
1614,WH-01614,Portland,Oregon,Distribution Center,69129,INT-RQ91GB2
1615,WH-01615,Denver,Colorado,Fulfillment Center,10152,INT-Y53C8EV
1616,WH-01616,Atlanta,Georgia,Fulfillment Center,96337,INT-XQT2MIW
1617,WH-01617,Boston,Massachusetts,Cross Dock,6695,INT-NW5GZNV
1618,WH-01618,Miami,Florida,Distribution Center,20042,INT-CQRDLP0
1619,WH-01619,Denver,Colorado,Distribution Center,10538,INT-J6H5O88
1620,WH-01620,Dallas,Texas,Cross Dock,35661,INT-8WTU3K3
1621,WH-01621,Miami,Florida,Distribution Center,89443,INT-C6D8FVJ
1622,WH-01622,Seattle,Washington,Fulfillment Center,29488,INT-AJWL8YJ
1623,WH-01623,Los Angeles,California,Regional DC,85064,INT-WAEROA9
1624,WH-01624,Atlanta,Georgia,Cross Dock,88376,INT-H6ARG5K
1625,WH-01625,Boston,Massachusetts,Distribution Center,92160,INT-D7ZMAOE
1626,WH-01626,Charlotte,North Carolina,Cross Dock,33047,INT-JGNQ2FV
1627,WH-01627,Charlotte,North Carolina,Cross Dock,53047,INT-2YUUVDQ
1628,WH-01628,New York,New York,Distribution Center,30377,INT-V5FI0Q9
1629,WH-01629,Atlanta,Georgia,Fulfillment Center,99938,INT-CYW0JJN
1630,WH-01630,Miami,Florida,Distribution Center,18219,INT-X6HG24N
1631,WH-01631,Seattle,Washington,Regional DC,48987,INT-9E3XKMT
1632,WH-01632,Los Angeles,California,Regional DC,6200,INT-CNGI1GJ
1633,WH-01633,Los Angeles,California,Fulfillment Center,20512,INT-D9OMWYZ
1634,WH-01634,Seattle,Washington,Distribution Center,94285,INT-Z7OQ7EV
1635,WH-01635,Houston,Texas,Cross Dock,42674,INT-YOBGRP0
1636,WH-01636,Houston,Texas,Fulfillment Center,62105,INT-2W2MZ68
1637,WH-01637,Charlotte,North Carolina,Regional DC,5000000,INT-ROXQTLN
1638,WH-01638,Charlotte,North Carolina,Distribution Center,79442,INT-UD6MEDE
1639,WH-01639,Atlanta,Georgia,Cross Dock,89994,INT-R1A758I
1640,WH-01640,Boston,Massachusetts,Distribution Center,78095,INT-UC7VULP
1641,WH-01641,Atlanta,Georgia,Cross Dock,36395,INT-M0JXGWZ
1642,WH-01642,Dallas,Texas,Regional DC,49399,INT-CRPQGGU
1643,WH-01643,Portland,Oregon,Fulfillment Center,97838,INT-IBA84BY
1644,WH-01644,New York,New York,Fulfillment Center,87275,INT-N21YOD0
1645,WH-01645,Dallas,Texas,Fulfillment Center,79507,INT-KRHRK5W
1646,WH-01646,Houston,Texas,Fulfillment Center,84554,INT-AE1OVPN
1647,WH-01647,Austin,Texas,Regional DC,49999,INT-JG7KNZI
1648,WH-01648,Los Angeles,California,Fulfillment Center,28744,INT-V9RD8F5
1649,WH-01649,Charlotte,North Carolina,Distribution Center,47227,INT-0R0CWR1
1650,WH-01650,Atlanta,Georgia,Distribution Center,53279,INT-DE49R2T
1651,WH-01651,Denver,Colorado,Regional DC,69376,INT-NJII22Q
1652,WH-01652,Detroit,Michigan,Cross Dock,68963,INT-WVYAZL0
1653,WH-01653,Seattle,Washington,Distribution Center,82441,INT-DL6X86Z
1654,WH-01654,Houston,Texas,Regional DC,16416,INT-BWZOZU1
1655,WH-01655,Portland,Oregon,Distribution Center,28524,INT-AJ8HU04
1656,WH-01656,Detroit,Michigan,Fulfillment Center,73952,INT-0V0ZP3D
1657,WH-01657,Los Angeles,California,Cross Dock,73766,INT-N1X2M5N
1658,WH-01658,Houston,Texas,Cross Dock,71451,INT-ZFRP142
1659,WH-01659,Austin,Texas,Fulfillment Center,16286,INT-NAOEPB9
1660,WH-01660,Dallas,Texas,Cross Dock,53466,INT-0GCRRUM
1661,WH-01661,Charlotte,North Carolina,Distribution Center,25476,INT-ECKMOY0
1662,WH-01662,Atlanta,Georgia,Regional DC,81168,INT-D9D29P2
1663,WH-01663,Detroit,Michigan,Regional DC,90773,INT-X918EM5
1664,WH-01664,Dallas,Texas,Fulfillment Center,90543,INT-FHMYGIN
1665,WH-01665,Detroit,Michigan,Distribution Center,25392,INT-NCOCTYP
1666,WH-01666,Detroit,Michigan,Fulfillment Center,24431,INT-FK7G0UK
1667,WH-01667,Detroit,Michigan,Distribution Center,34746,INT-95ETC4H
1668,WH-01668,Atlanta,Georgia,Cross Dock,41082,INT-XVRLDWV
1669,WH-01669,Dallas,Texas,Distribution Center,18901,INT-AM8PTU3
1670,WH-01670,Atlanta,Georgia,Regional DC,74370,INT-XNWE1FF
1671,WH-01671,Detroit,Michigan,Cross Dock,9999999,INT-FEOSG1C
1672,WH-01672,Houston,Texas,Cross Dock,23373,INT-OUNAVYE
1673,WH-01673,New York,New York,Distribution Center,81437,INT-JT5E0ZA
1674,WH-01674,Phoenix,Arizona,Fulfillment Center,42878,INT-U26LWG2
1675,WH-01675,Los Angeles,California,Fulfillment Center,35262,INT-ECWYR6I
1676,WH-01676,Seattle,Washington,Cross Dock,33124,INT-1Z2QJOI
1677,WH-01677,Phoenix,Arizona,Distribution Center,89856,INT-TJZY63G
1678,WH-01678,Boston,Massachusetts,Distribution Center,60550,INT-ODCVDAV
1679,WH-01679,Los Angeles,California,Cross Dock,50249,INT-UQ6BVYG
1680,WH-01680,Denver,Colorado,Distribution Center,77426,INT-90MQAY0
1681,WH-01681,Austin,Texas,Cross Dock,83585,INT-78WFPJF
1682,WH-01682,Charlotte,North Carolina,Cross Dock,73046,INT-NB8H8W6
1683,WH-01683,Houston,Texas,Distribution Center,11327,INT-HA748V5
1684,WH-01684,Miami,Florida,Regional DC,63375,INT-ZKWSR1E
1685,WH-01685,Houston,Texas,Fulfillment Center,29002,INT-ROVDFDC
1686,WH-01686,Portland,Oregon,Distribution Center,93546,INT-KHBSLT7
1687,WH-01687,Dallas,Texas,Distribution Center,24858,INT-DI2SYXO
1688,WH-01688,Atlanta,Georgia,Fulfillment Center,69825,INT-MCFH2PK
1689,WH-01689,Chicago,Illinois,Fulfillment Center,45847,INT-5Q3OODD
1690,WH-01690,New York,New York,Fulfillment Center,83539,INT-KLCUZMS
1691,WH-01691,Los Angeles,California,Cross Dock,71857,INT-RJJ31HS
1692,WH-01692,Denver,Colorado,Cross Dock,16480,INT-B2ARU68
1693,WH-01693,Denver,Colorado,Fulfillment Center,81844,INT-KHLGUVZ
1694,WH-01694,Austin,Texas,Cross Dock,44339,INT-JF8MEBW
1695,WH-01695,Phoenix,Arizona,Regional DC,89450,INT-WXDH3YI
1696,WH-01696,Austin,Texas,Cross Dock,28483,INT-EGVQWMK
1697,WH-01697,Charlotte,North Carolina,Distribution Center,29915,INT-PGWLJ83
1698,WH-01698,Miami,Florida,Distribution Center,43013,INT-YISVBMF
1699,WH-01699,Detroit,Michigan,Regional DC,47706,INT-NUFQ65S
1700,WH-01700,Miami,Florida,Fulfillment Center,57892,INT-EW7WC7A
1701,WH-01701,Houston,Texas,Cross Dock,80525,INT-ENVA6R1
1702,WH-01702,Atlanta,Georgia,Fulfillment Center,49092,INT-MQF7M7I
1703,WH-01703,Miami,Florida,Cross Dock,9871,INT-LN7FUIP
1704,WH-01704,Los Angeles,California,Distribution Center,75249,INT-9H9L11Y
1705,WH-01705,Denver,Colorado,Cross Dock,79279,INT-X9W8R66
1706,WH-01706,Dallas,Texas,Distribution Center,11312,INT-NWU5FXN
1707,WH-01707,Phoenix,Arizona,Cross Dock,88630,INT-RH1OGN2
1708,WH-01708,Charlotte,North Carolina,Distribution Center,76510,INT-W9S52R6
1709,WH-01709,Portland,Oregon,Cross Dock,24978,INT-QQTCYGS
1710,WH-01710,Phoenix,Arizona,Distribution Center,13998,INT-R6XHAP4
1711,WH-01711,Dallas,Texas,Regional DC,90396,INT-6HP60H0
1712,WH-01712,Phoenix,Arizona,Regional DC,36611,INT-M5F2S1K
1713,WH-01713,Boston,Massachusetts,Fulfillment Center,25324,INT-00919GN
1714,WH-01714,Phoenix,Arizona,Regional DC,36477,INT-E3IZIP3
1715,WH-01715,Seattle,Washington,Fulfillment Center,66823,INT-SEGTSH4
1716,WH-01716,Denver,Colorado,Distribution Center,61728,INT-N0E06J3
1717,WH-01717,Chicago,Illinois,Regional DC,59679,INT-KGPFDGA
1718,WH-01718,Portland,Oregon,Cross Dock,12681,INT-0RJQRZK
1719,WH-01719,Seattle,Washington,Cross Dock,39187,INT-AWNWWVW
1720,WH-01720,Denver,Colorado,Cross Dock,34694,INT-EDXLTGE
1721,WH-01721,Atlanta,Georgia,Regional DC,41052,INT-XILYNOK
1722,WH-01722,Charlotte,North Carolina,Regional DC,9596,INT-S4MSZZP
1723,WH-01723,Chicago,Illinois,Fulfillment Center,13688,INT-XVCLUYN
1724,WH-01724,Miami,Florida,Regional DC,54430,INT-2XXKCY2
1725,WH-01725,Chicago,Illinois,Cross Dock,76172,INT-1R538B8
1726,WH-01726,Austin,Texas,Cross Dock,16857,INT-NLTFXWU
1727,WH-01727,,Unknown,Regional DC,35549,INT-X5J28TK
1728,WH-01728,New York,New York,Regional DC,71876,INT-MWNWAUX
1729,WH-01729,Houston,Texas,Distribution Center,19795,INT-LFA8G4I
1730,WH-01730,Dallas,Texas,Fulfillment Center,76082,INT-Q7T9MD9
1731,WH-01731,Detroit,Michigan,Distribution Center,54326,INT-SQS3ZCO
1732,WH-01732,Miami,Florida,Fulfillment Center,60057,INT-M6AL87B
1733,WH-01733,New York,New York,Cross Dock,65083,INT-X96EL7N
1734,WH-01734,Denver,Colorado,Fulfillment Center,43550,INT-BBXGR0Q
1735,WH-01735,Detroit,Michigan,Regional DC,28044,INT-H2PK3UO
1736,WH-01736,Portland,Oregon,Cross Dock,20225,INT-6JANN6D
1737,WH-01737,Los Angeles,California,Distribution Center,11825,INT-NT4X91H
1738,WH-01738,Detroit,Michigan,Cross Dock,64447,INT-I9PM4HI
1739,WH-01739,Los Angeles,California,Fulfillment Center,30855,INT-D4X2P9H
1740,WH-01740,,Unknown,Distribution Center,41048,INT-F8ER6PK
1741,WH-01741,Miami,Florida,Cross Dock,14012,INT-2DU9R3D
1742,WH-01742,Houston,Texas,Cross Dock,73821,INT-0I8XC89
1743,WH-01743,Boston,Massachusetts,Regional DC,32629,INT-U7LZR3P
1744,WH-01744,Seattle,Washington,Fulfillment Center,68094,INT-YQR7W2Q
1745,WH-01745,Denver,Colorado,Fulfillment Center,18985,INT-LHWOXDX
1746,WH-01746,,Unknown,Distribution Center,84791,INT-0ITK228
1747,WH-01747,Boston,Massachusetts,Cross Dock,83904,INT-HOGEWML
1748,WH-01748,Los Angeles,California,Cross Dock,12225,INT-LFOPY0W
1749,WH-01749, Los Angeles,California,Fulfillment Center,72025,INT-VOR00SL
1750,WH-01750,Charlotte,North Carolina,Fulfillment Center,74206,INT-XF8GKK6
1751,WH-01751,Seattle,Washington,Distribution Center,95886,INT-50X0UY4
1752,WH-01752,Austin,Texas,Fulfillment Center,35342,INT-GMTLQQ3
1753,WH-01753,Charlotte,North Carolina,Fulfillment Center,75977,INT-M8HGVNQ
1754,WH-01754,New York,New York,Cross Dock,87383,INT-VSD9866
1755,WH-01755,Houston,Texas,Cross Dock,91784,INT-J674YRQ
1756,WH-01756,Chicago,Illinois,Distribution Center,54290,INT-HV6ZGKI
1757,WH-01757,Boston,Massachusetts,Cross Dock,32419,INT-9A7IK35
1758,WH-01758,Houston,Texas,Distribution Center,16804,INT-KHMZU1M
1759,WH-01759,Denver,Colorado,Cross Dock,58771,INT-5B5ZXKS
1760,WH-01760,Los Angeles,California,Fulfillment Center,9740,INT-TWCV4HS
1761,WH-01761,Houston,Texas,Regional DC,7594,INT-TYHGTGO
1762,WH-01762,Portland,Oregon,Cross Dock,95968,INT-KURO1K9
1763,WH-01763,Houston,Texas,Fulfillment Center,44665,INT-MGSFNBR
1764,WH-01764,Atlanta,Georgia,Fulfillment Center,44348,INT-W2G8RWM
1765,WH-01765,Boston,Massachusetts,Cross Dock,51070,INT-NKVIPV7
1766,WH-01766,Boston,Massachusetts,Regional DC,40546,INT-LNPKO9F
1767,WH-01767,Detroit,Michigan,Regional DC,75622,INT-1DEEK3I
1768,WH-01768,Miami,Florida,Distribution Center,65814,INT-S0KZFW7
1769,WH-01769,Charlotte,North Carolina,Distribution Center,91465,INT-ZW7MLJY
1770,WH-01770,Boston,Massachusetts,Regional DC,46050,INT-7C7YYAB
1771,WH-01771,New York,New York,Fulfillment Center,46933,INT-ASNH1JB
1772,WH-01772,Austin,Texas,Distribution Center,88736,INT-YNZIBSB
1773,WH-01773,Detroit,Michigan,Distribution Center,23956,INT-JDO6Q3L
1774,WH-01774,Dallas,Texas,Distribution Center,64341,INT-G8F6TZO
1775,WH-01775,Detroit,Michigan,Distribution Center,68270,INT-UTIWS6N
1776,WH-01776,Charlotte,North Carolina,Distribution Center,79066,INT-NPSN0F9
1777,WH-01777,Detroit,Michigan,Distribution Center,97913,INT-1RVQQEY
1778,WH-01778,Detroit,Michigan,Cross Dock,99521,INT-2BX54EF
1779,WH-01779,Denver,Colorado,Regional DC,88000,INT-14JHHWN
1780,WH-01780,Seattle,Washington,Fulfillment Center,72779,INT-3T8VVIQ
1781,WH-01781,Boston,Massachusetts,Regional DC,22431,INT-FGUWP4H
1782,WH-01782,Boston,Massachusetts,Regional DC,12914,INT-NL4E0P7
1783,WH-01783,Atlanta,Georgia,Distribution Center,52484,INT-J7Y9VYU
1784,WH-01784,Denver,Colorado,Cross Dock,94822,INT-1TKKZM1
1785,WH-01785,Miami,Florida,Fulfillment Center,28191,INT-WB9VDDG
1786,WH-01786,Charlotte,North Carolina,Cross Dock,51115,INT-BTYKWV5
1787,WH-01787,Denver,Colorado,Cross Dock,79691,INT-0WI331W
1788,WH-01788,Dallas,Texas,Regional DC,8678,INT-G02QRTS
1789,WH-01789,Seattle,Washington,Distribution Center,88757,INT-6XWN8G8
1790,WH-01790,Austin,Texas,Fulfillment Center,75312,INT-0UH0CUU
1791,WH-01791,Austin,Texas,Regional DC,95800,INT-5XI1KNZ
1792,WH-01792,Atlanta,Georgia,Cross Dock,74373,INT-CU5K2KT
1793,WH-01793,Houston,Texas,Regional DC,15571,INT-IKH7TO7
1794,WH-01794,Houston,Texas,Fulfillment Center,76564,INT-QR3X7KN
1795,WH-01795,Miami,Florida,Fulfillment Center,93789,INT-OMPNYQ6
1796,WH-01796,Austin,Texas,Regional DC,44943,INT-JAH8O6R
1797,WH-01797,Phoenix,Arizona,Fulfillment Center,81895,INT-XKF6JLA
1798,WH-01798,Houston,Texas,Fulfillment Center,26822,INT-RGRAY99
1799,WH-01799,Austin,Texas,Cross Dock,46680,INT-XM2BTK8
1800,WH-01800,Los Angeles,California,Regional DC,97240,INT-EXJMXV6
1801,WH-01801,Chicago,Illinois,Cross Dock,6075,INT-U7AU8KY
1802,WH-01802,Denver,Colorado,Cross Dock,76339,INT-SO7Q633
1803,WH-01803,Phoenix,Arizona,Fulfillment Center,37443,INT-W1SYWDG
1804,WH-01804,Austin,Texas,Distribution Center,28747,INT-R3H9ALZ
1805,WH-01805,,Unknown,Cross Dock,37440,INT-VTXIK3J
1806,WH-01806,New York,New York,Cross Dock,16570,INT-TCPZMSA
1807,WH-01807,Denver,Colorado,Fulfillment Center,56785,INT-07PAKNS
1808,WH-01808,Charlotte,North Carolina,Regional DC,87230,INT-ORGXV9L
1809,WH-01809,Los Angeles,California,Cross Dock,51466,INT-AC1IYU4
1810,WH-01810,Detroit,Michigan,Cross Dock,97907,INT-LPTZRK9
1811,WH-01811,Seattle,Washington,Distribution Center,62900,INT-L3CMRL1
1812,WH-01812,Phoenix,Arizona,Cross Dock,25104,INT-XO87TVR
1813,WH-01813,Austin,Texas,Distribution Center,96731,INT-LBGS904
1814,WH-01814,Austin,Texas,Distribution Center,84404,INT-CP2P1T9
1815,WH-01815,New York,New York,Distribution Center,25711,INT-C35CDXU
1816,WH-01816,Houston,Texas,Distribution Center,36559,INT-17MG3MA
1817,WH-01817,,Unknown,Distribution Center,19260,INT-SWS2C3K
1818,WH-01818,Houston,Texas,Distribution Center,21864,INT-1BDWPZ0
1819,WH-01819,Boston,Massachusetts,Regional DC,16187,INT-4FKFWQK
1820,WH-01820,Atlanta,Georgia,Cross Dock,6698,INT-E37QOJM
1821,WH-01821,Portland,Oregon,Distribution Center,33220,INT-8QTEVRA
1822,WH-01822,Seattle,Washington,Distribution Center,20611,INT-E5QBYAC
1823,WH-01823,Phoenix,Arizona,Regional DC,85429,INT-4PBGJ55
1824,WH-01824,Miami,Florida,Cross Dock,5142,INT-50RR2I1
1825,WH-01825,Dallas,Texas,Distribution Center,28749,INT-CG62N9V
1826,WH-01826,New York,New York,Fulfillment Center,46351,INT-7DUVO9V
1827,WH-01827,Phoenix,Arizona,Cross Dock,28933,INT-FGHJ78V
1828,WH-01828,Detroit,Michigan,Cross Dock,28097,INT-0HC6UQM
1829,WH-01829,Seattle,Washington,Regional DC,12058,INT-1PYC8TM
1830,WH-01830,Denver,Colorado,Regional DC,72144,INT-75Q9RU7
1831,WH-01831,Dallas,Texas,Regional DC,33425,INT-568J0TL
1832,WH-01832,Atlanta,Georgia,Fulfillment Center,93537,INT-I2CZJ7X
1833,WH-01833,Atlanta,Georgia,Distribution Center,82104,INT-1K4JOOA
1834,WH-01834,Phoenix,Arizona,Fulfillment Center,22490,INT-0ZO5U6A
1835,WH-01835,Austin,Texas,Distribution Center,15099,INT-UJVC0LF
1836,WH-01836,Charlotte,North Carolina,Distribution Center,72473,INT-J3AMP0W
1837,WH-01837,Detroit,Michigan,Distribution Center,56503,INT-3VCQP8P
1838,WH-01838,Dallas,Texas,Cross Dock,34230,INT-M1AXAX6
1839,WH-01839,Portland,Oregon,Distribution Center,40518,INT-M0V183B
1840,WH-01840,,Unknown,Cross Dock,79004,INT-VDUISWK
1841,WH-01841,,Unknown,Cross Dock,63854,INT-DAOF71U
1842,WH-01842,Chicago,Illinois,Fulfillment Center,83918,INT-7MFQEY9
1843,WH-01843,,Unknown,Cross Dock,29257,INT-H173LV3
1844,WH-01844,Dallas,Texas,Cross Dock,98392,INT-QJQ7OO4
1845,WH-01845,Austin,Texas,Regional DC,68267,INT-N9WTNGY
1846,WH-01846,Seattle,Washington,Regional DC,67177,INT-JUT1UG1
1847,WH-01847,Dallas,Texas,Distribution Center,74233,INT-JEE5R04
1848,WH-01848,Chicago,Illinois,Regional DC,28245,INT-A09X08V
1849,WH-01849,Charlotte,North Carolina,Distribution Center,79714,INT-7B7UWGO
1850,WH-01850,Boston,Massachusetts,Regional DC,73763,INT-53UKWZA
1851,WH-01851,Los Angeles,California,Fulfillment Center,56498,INT-6NBLOSN
1852,WH-01852,New York,New York,Regional DC,10396,INT-Z75DWQ1
1853,WH-01853,Atlanta,Georgia,Cross Dock,87265,INT-G3LYNST
1854,WH-01854,Miami,Florida,Regional DC,22634,INT-RV7VOOZ
1855,WH-01855,Seattle,Washington,Distribution Center,20718,INT-R3TZHIM
1856,WH-01856,Houston,Texas,Fulfillment Center,84932,INT-YE2YTPV
1857,WH-01857,Austin,Texas,Regional DC,11235,INT-54W0HFZ
1858,WH-01858,Los Angeles,California,Fulfillment Center,23090,INT-BTCTIFX
1859,WH-01859,New York,New York,Regional DC,72819,INT-NAK9U55
1860,WH-01860,Atlanta,Georgia,Distribution Center,23261,INT-YLZBUKQ
1861,WH-01861,Portland,Oregon,Fulfillment Center,52998,INT-CJDUR8C
1862,WH-01862,Charlotte,North Carolina,Distribution Center,15728,INT-EZNT8Y3
1863,WH-01863,Miami,Florida,Distribution Center,91276,INT-QYA5XRK
1864,WH-01864,Houston,Texas,Distribution Center,51236,INT-52UBSLD
1865,WH-01865,Charlotte,North Carolina,Regional DC,17474,INT-QME08CW
1866,WH-01866,Austin,Texas,Distribution Center,41111,INT-G4343JB
1867,WH-01867,Seattle,Washington,Regional DC,75137,INT-TY0MC1L
1868,WH-01868,Houston,Texas,Cross Dock,52398,INT-J5I46GW
1869,WH-01869,Portland,Oregon,Fulfillment Center,75550,INT-7M0J73Y
1870,WH-01870,New York,New York,Regional DC,71177,INT-RURV2YD
1871,WH-01871,New York,New York,Fulfillment Center,81509,INT-EXYIQN7
1872,WH-01872,Seattle,Washington,Regional DC,7877,INT-8Y0WYQ0
1873,WH-01873,Miami,Florida,Regional DC,46682,INT-PKIJ4NG
1874,WH-01874,Miami,Florida,Fulfillment Center,23176,INT-TM8S7NU
1875,WH-01875,Austin,Texas,Cross Dock,43702,INT-36UA76N
1876,WH-01876,Houston,Texas,Regional DC,75020,INT-JU6PN3P
1877,WH-01877,Miami,Florida,Fulfillment Center,44706,INT-XJR8PRK
1878,WH-01878,Boston,Massachusetts,Distribution Center,72288,INT-XSKA5D6
1879,WH-01879,Miami,Florida,Cross Dock,61331,INT-XPTGKIW
1880,WH-01880,Los Angeles,California,Fulfillment Center,36768,INT-1Q8EXF4
1881,WH-01881,Austin,Texas,Cross Dock,30598,INT-O4CEHLI
1882,WH-01882,Miami,Florida,Distribution Center,29548,INT-DC3XFYL
1883,WH-01883,Houston,Texas,Fulfillment Center,66422,INT-L7P9VS0
1884,WH-01884,Dallas,Texas,Regional DC,9332,INT-ZHIHJWI
1885,WH-01885,Detroit,Michigan,Cross Dock,87542,INT-XG0Y4GP
1886,WH-01886,Chicago,Illinois,Fulfillment Center,78442,INT-ZNL37PO
1887,WH-01887,Austin,Texas,Regional DC,97093,INT-7ZHOOHT
1888,WH-01888,Seattle,Washington,Regional DC,77687,INT-XR2H99H
1889,WH-01889,Boston,Massachusetts,Fulfillment Center,74724,INT-MP9FYVK
1890,WH-01890,Charlotte,North Carolina,Regional DC,45244,INT-G9UXUJO
1891,WH-01891,Los Angeles,California,Distribution Center,45109,INT-YHIF5KX
1892,WH-01892,Portland,Oregon,Distribution Center,38523,INT-45PLIQM
1893,WH-01893,Denver,Colorado,Fulfillment Center,20670,INT-MI7ET03
1894,WH-01894,Phoenix,Arizona,Regional DC,14304,INT-7SPF6R0
1895,WH-01895,Austin,Texas,Cross Dock,68285,INT-O6CYVMG
1896,WH-01896,Austin,Texas,Distribution Center,62685,INT-VE59G57
1897,WH-01897,Seattle,Washington,Cross Dock,54236,INT-ILEGSVO
1898,WH-01898,Portland,Oregon,Distribution Center,18995,INT-G0U79CV
1899,WH-01899,Atlanta,Georgia,Cross Dock,34737,INT-19SKS4B
1900,WH-01900,Miami,Florida,Distribution Center,83344,INT-N9JTW2O
1901,WH-01901,Detroit,Michigan,Regional DC,73584,INT-PNHN4Q1
1902,WH-01902,Austin,Texas,Distribution Center,84399,INT-VM1TWIC
1903,WH-01903,Detroit,Michigan,Regional DC,88730,INT-LMQYNYM
1904,WH-01904,Portland,Oregon,Regional DC,70728,INT-I0QP46Q
1905,WH-01905,Los angeles,Unknown,Distribution Center,11453,INT-2PREY5V
1906,WH-01906,Dallas,Texas,Distribution Center,71423,INT-WWSY8B6
1907,WH-01907,Boston,Massachusetts,Regional DC,26320,INT-N7O2MFT
1908,WH-01908,Los Angeles,California,Fulfillment Center,96902,INT-COAN8Q6
1909,WH-01909,Boston,Massachusetts,Distribution Center,91466,INT-017B8Q2
1910,WH-01910,Detroit,Michigan,Fulfillment Center,34257,INT-MK7TH2B
1911,WH-01911,Los Angeles,California,Regional DC,6574,INT-2O4AF32
1912,WH-01912,Miami,Florida,Distribution Center,31965,INT-X2ZYXF8
1913,WH-01913,,Unknown,Distribution Center,41260,INT-M43G4WO
1914,WH-01914,Chicago,Illinois,Regional DC,68726,INT-YY146CL
1915,WH-01915,Miami,Florida,Distribution Center,90510,INT-8AMABB7
1916,WH-01916,Detroit,Michigan,Distribution Center,43052,INT-EGDZ9UY
1917,WH-01917,Chicago,Illinois,Regional DC,64584,INT-4EFICZN
1918,WH-01918,Miami,Florida,Regional DC,70610,INT-WZD2KQX
1919,WH-01919,Boston,Massachusetts,Distribution Center,58242,INT-KUP9716
1920,WH-01920,Dallas,Texas,Regional DC,8414,INT-6MA51WB
1921,WH-01921,Houston,Texas,Cross Dock,88501,INT-MG05G0G
1922,WH-01922,Miami,Florida,Distribution Center,16495,INT-1VXOFQM
1923,WH-01923,Portland,Oregon,Cross Dock,87999,INT-DI4YZC7
1924,WH-01924,Los Angeles,California,Fulfillment Center,22147,INT-NBZR16E
1925,WH-01925,Houston,Texas,Cross Dock,39338,INT-XK1113I
1926,WH-01926,Los Angeles,California,Regional DC,72770,INT-BDENE4P
1927,WH-01927,New York,New York,Fulfillment Center,23517,INT-K06I3K2
1928,WH-01928,Boston,Massachusetts,Fulfillment Center,99618,INT-YJ2R1R5
1929,WH-01929,Miami,Florida,Distribution Center,40277,INT-DLSWYZB
1930,WH-01930,Seattle,Washington,Fulfillment Center,62077,INT-2RRB6SI
1931,WH-01931,Seattle,Washington,Fulfillment Center,70322,INT-WYZ634I
1932,WH-01932,Denver,Colorado,Distribution Center,52722,INT-HNB2QCZ
1933,WH-01933,Atlanta,Georgia,Cross Dock,40087,INT-GTDN8FF
1934,WH-01934,Miami,Florida,Fulfillment Center,46479,INT-1PZFJ7F
1935,WH-01935,Boston,Massachusetts,Distribution Center,75700,INT-83QD6Q0
1936,WH-01936,Dallas,Texas,Distribution Center,29506,INT-5M4SQ0O
1937,WH-01937,Denver,Colorado,Distribution Center,26587,INT-M1JRLZD
1938,WH-01938,Austin,Texas,Distribution Center,48979,INT-DY4LBDL
1939,WH-01939,Chicago,Illinois,Cross Dock,68570,INT-4Q2GCFN
1940,WH-01940,Houston,Texas,Regional DC,46050,INT-JSFHTEI
1941,WH-01941,Houston,Texas,Regional DC,99569,INT-FVBXHOW
1942,WH-01942,New york,Unknown,Fulfillment Center,70437,INT-HDW3AZS
1943,WH-01943,Austin,Texas,Distribution Center,43238,INT-HG2Q1FU
1944,WH-01944,Charlotte,North Carolina,Fulfillment Center,71324,INT-5B7Z4P8
1945,WH-01945,New York,New York,Fulfillment Center,52488,INT-8PJKIMF
1946,WH-01946,Charlotte,North Carolina,Cross Dock,39426,INT-6LNIB8Z
1947,WH-01947,Phoenix,Arizona,Regional DC,51483,INT-BJIG5C8
1948,WH-01948,Phoenix,Arizona,Fulfillment Center,38865,INT-01TU9AZ
1949,WH-01949,Detroit,Michigan,Cross Dock,94110,INT-UHOLIB9
1950,WH-01950,Dallas,Texas,Regional DC,88946,INT-YE8HNQW
1951,WH-01951,Dallas,Texas,Distribution Center,67932,INT-YYJNRE0
1952,WH-01952,New York,New York,Fulfillment Center,89338,INT-L2MV3D9
1953,WH-01953,Seattle,Washington,Distribution Center,80911,INT-2IF7HC9
1954,WH-01954,Detroit,Michigan,Distribution Center,16046,INT-4SWM6LX
1955,WH-01955,Phoenix,Arizona,Distribution Center,74490,INT-ZO8MKY3
1956,WH-01956,Portland,Oregon,Cross Dock,81146,INT-FBVYT7I
1957,WH-01957,Seattle,Washington,Regional DC,47314,INT-GJ5HDE7
1958,WH-01958,Los Angeles,California,Cross Dock,5536,INT-JEV637J
1959,WH-01959,Atlanta,Georgia,Fulfillment Center,28648,INT-D77RJM4
1960,WH-01960,Dallas,Texas,Fulfillment Center,87828,INT-C6WSO49
1961,WH-01961,Chicago,Illinois,Distribution Center,43946,INT-R9BE6YK
1962,WH-01962,Seattle,Washington,Fulfillment Center,41325,INT-49A2MGA
1963,WH-01963,Chicago,Illinois,Distribution Center,41139,INT-OCLS7TH
1964,WH-01964,New York,New York,Distribution Center,98101,INT-74YMP8A
1965,WH-01965,Houston,Texas,Cross Dock,7722,INT-SR27WFD
1966,WH-01966,Dallas,Texas,Fulfillment Center,45155,INT-AG50EAL
1967,WH-01967,Denver,Colorado,Fulfillment Center,94701,INT-B8B63Y9
1968,WH-01968,Austin,Texas,Fulfillment Center,51953,INT-OYHKDE7
1969,WH-01969,Chicago,Illinois,Distribution Center,40242,INT-03FBBM3
1970,WH-01970,Boston,Massachusetts,Fulfillment Center,23633,INT-P00G5JK
1971,WH-01971,Austin,Texas,Regional DC,60081,INT-8WKQ5BC
1972,WH-01972,Miami,Florida,Distribution Center,58266,INT-HETKRQS
1973,WH-01973,Atlanta,Georgia,Regional DC,94329,INT-U82K8FO
1974,WH-01974,Los Angeles,California,Regional DC,93525,INT-KC6CELW
1975,WH-01975,Miami,Florida,Distribution Center,97529,INT-MTRG8EL
1976,WH-01976,Dallas,Texas,Cross Dock,47834,INT-Q20OQWT
1977,WH-01977,Miami,Florida,Fulfillment Center,69619,INT-1MN7FSC
1978,WH-01978,Detroit,Michigan,Distribution Center,22765,INT-2C7MLG7
1979,WH-01979,New York,New York,Regional DC,88622,INT-6N7AQIL
1980,WH-01980,Miami,Florida,Distribution Center,68507,INT-KC78709
1981,WH-01981,Austin,Texas,Cross Dock,32107,INT-DUDULD5
1982,WH-01982,Seattle,Washington,Fulfillment Center,96839,INT-GCBQQZX
1983,WH-01983,Detroit,Michigan,Fulfillment Center,68400,INT-QL400LY
1984,WH-01984,Detroit,Michigan,Cross Dock,75390,INT-QKMPLF3
1985,WH-01985,New York,New York,Distribution Center,82912,INT-T5UXFOZ
1986,WH-01986,Seattle,Washington,Fulfillment Center,99956,INT-1CBD2JB
1987,WH-01987,Phoenix,Arizona,Regional DC,30841,INT-AQWSIFB
1988,WH-01988,Charlotte,North Carolina,Fulfillment Center,88797,INT-A29DRS5
1989,WH-01989,Charlotte,North Carolina,Cross Dock,64466,INT-WF90JGL
1990,WH-01990,Austin,Texas,Fulfillment Center,55962,INT-5PUAFEC
1991,WH-01991,Detroit,Michigan,Fulfillment Center,52214,INT-29VQRAF
1992,WH-01992,Denver,Colorado,Cross Dock,25021,INT-7T3C983
1993,WH-01993,Dallas,Texas,Fulfillment Center,54549,INT-BYV36T0
1994,WH-01994,Miami,Florida,Regional DC,20775,INT-5BMGMYS
1995,WH-01995,Phoenix,Arizona,Distribution Center,75048,INT-ESI1QN9
1996,WH-01996,Denver,Colorado,Regional DC,74131,INT-KOXXP1Q
1997,WH-01997,Austin,Texas,Cross Dock,46511,INT-A5XCXZP
1998,WH-01998,Miami,Florida,Regional DC,24647,INT-XYLKR6Q
1999,WH-01999,Boston,Massachusetts,Distribution Center,93012,INT-KP7YSNU
2000,WH-02000,Boston,Massachusetts,Fulfillment Center,52871,INT-1ZHQPJA
2001,WH-02001,Los Angeles,California,Cross Dock,56494,INT-VGU2CUO
2002,WH-02002,Chicago,Illinois,Fulfillment Center,36913,INT-7EVKDZN
2003,WH-02003,Denver,Colorado,Regional DC,86342,INT-01XW6LH
2004,WH-02004,Austin,Texas,Distribution Center,79925,INT-0OQ302X
2005,WH-02005,Austin,Texas,Regional DC,8743,INT-A2M3MBU
2006,WH-02006,Phoenix,Arizona,Cross Dock,10789,INT-W2OHTEQ
2007,WH-02007,New York,New York,Cross Dock,48431,INT-4U3H3GS
2008,WH-02008,Phoenix,Arizona,Regional DC,38222,INT-OJC12XS
2009,WH-02009,,Unknown,Distribution Center,11746,INT-KQJU3R1
2010,WH-02010,Chicago,Illinois,Cross Dock,52428,INT-PEX7Y99
2011,WH-02011,Phoenix,Arizona,Distribution Center,30071,INT-CYZSGK4
2012,WH-02012,Boston,Massachusetts,Distribution Center,35127,INT-POC0YVW
2013,WH-02013,Chicago,Illinois,Cross Dock,44458,INT-TGOY757
2014,WH-02014,Boston,Massachusetts,Fulfillment Center,14142,INT-SWOKJQT
2015,WH-02015,Houston,Texas,Regional DC,65565,INT-OQPD4N3
2016,WH-02016,,Unknown,Fulfillment Center,27532,INT-NFIDO5V
2017,WH-02017,Charlotte,North Carolina,Fulfillment Center,21334,INT-PCHHEU2
2018,WH-02018,Austin,Texas,Fulfillment Center,8500,INT-W1CXJ5W
2019,WH-02019,,Unknown,Fulfillment Center,40887,INT-H0MJSFB
2020,WH-02020,Atlanta,Georgia,Distribution Center,20792,INT-PCDDW8P
2021,WH-02021,Chicago,Illinois,Distribution Center,11472,INT-IDYRNS2
2022,WH-02022,Detroit,Michigan,Fulfillment Center,74536,INT-VWYJAKE
2023,WH-02023,Seattle,Washington,Fulfillment Center,95567,INT-DEPZS8Q
2024,WH-02024,Atlanta,Georgia,Cross Dock,96533,INT-K1QFQH7
2025,WH-02025,Austin,Texas,Distribution Center,74601,INT-XLGJJGV
2026,WH-02026,Miami,Florida,Cross Dock,99021,INT-C2KJYZ6
2027,WH-02027,Austin,Texas,Cross Dock,5730,INT-4JYSRXF
2028,WH-02028,Denver,Colorado,Cross Dock,65030,INT-UEFHXI0
2029,WH-02029,Portland,Oregon,Fulfillment Center,89255,INT-H46MLBT
2030,WH-02030,Portland,Oregon,Cross Dock,88801,INT-UF05Z0A
2031,WH-02031,Denver,Colorado,Regional DC,37173,INT-UAP4D1J
2032,WH-02032,Portland,Oregon,Cross Dock,74896,INT-OZNYZL3
2033,WH-02033,New York,New York,Cross Dock,84067,INT-51TLS2Y
2034,WH-02034,Charlotte,North Carolina,Distribution Center,58247,INT-X6N4YKF
2035,WH-02035,Austin,Texas,Distribution Center,98650,INT-PD6SNJZ
2036,WH-02036,Portland,Oregon,Distribution Center,59430,INT-E3KEVSV
2037,WH-02037,Charlotte,North Carolina,Distribution Center,27449,INT-MR7DWYY
2038,WH-02038,Seattle,Washington,Fulfillment Center,63041,INT-UIWX1MM
2039,WH-02039,Miami,Florida,Distribution Center,27500,INT-D7HV3S6
2040,WH-02040,Denver,Colorado,Fulfillment Center,44952,INT-6HIULAN
2041,WH-02041,New York,New York,Distribution Center,27398,INT-P9KFOJ8
2042,WH-02042,Denver,Colorado,Fulfillment Center,9792,INT-XLV2ZEB
2043,WH-02043,Atlanta,Georgia,Cross Dock,84441,INT-U3KR179
2044,WH-02044,Seattle,Washington,Regional DC,31893,INT-8781920
2045,WH-02045,Detroit,Michigan,Distribution Center,27125,INT-SQLHURJ
2046,WH-02046,Atlanta,Georgia,Distribution Center,81625,INT-8JMAN6R
2047,WH-02047,Portland,Oregon,Distribution Center,26979,INT-74NAYUJ
2048,WH-02048,Atlanta,Georgia,Distribution Center,29903,INT-8WJJW0A
2049,WH-02049,New York,New York,Fulfillment Center,52574,INT-6LUFSIE
2050,WH-02050,Houston,Texas,Regional DC,36542,INT-IA711GP
2051,WH-02051,Dallas,Texas,Fulfillment Center,9947,INT-AQ1WY5X
2052,WH-02052,Charlotte,North Carolina,Distribution Center,32462,INT-MWT87FQ
2053,WH-02053,Atlanta,Georgia,Cross Dock,7931,INT-LKPBFAQ
2054,WH-02054,Phoenix,Arizona,Distribution Center,46876,INT-U6XMUWH
2055,WH-02055,Denver,Colorado,Cross Dock,9160,INT-LPRM4DP
2056,WH-02056,Boston,Massachusetts,Cross Dock,80906,INT-CX1UUBK
2057,WH-02057,Chicago,Illinois,Cross Dock,64657,INT-1S4VHSC
2058,WH-02058,Atlanta,Georgia,Distribution Center,19001,INT-78TIIJ1
2059,WH-02059,Atlanta,Georgia,Distribution Center,65107,INT-VBH1NI4
2060,WH-02060,Chicago,Illinois,Distribution Center,14778,INT-FWPAC4P
2061,WH-02061,Atlanta,Georgia,Cross Dock,70229,INT-7VA7BZW
2062,WH-02062,Chicago,Illinois,Regional DC,72551,INT-OM0K41Y
2063,WH-02063,Dallas,Texas,Fulfillment Center,99532,INT-TLFNXY3
2064,WH-02064,Chicago,Illinois,Distribution Center,50801,INT-WMAS8YF
2065,WH-02065,Houston,Texas,Regional DC,86686,INT-CJQXXRM
2066,WH-02066,Phoenix,Arizona,Distribution Center,83615,INT-ITXC3ZG
2067,WH-02067,Austin,Texas,Cross Dock,88064,INT-FIPLKNK
2068,WH-02068,Los angeles,Unknown,Regional DC,42911,INT-3YF8OFB
2069,WH-02069,Chicago,Illinois,Distribution Center,75744,INT-7MWZ1T9
2070,WH-02070,Portland,Oregon,Fulfillment Center,43207,INT-M242MIL
2071,WH-02071,Houston,Texas,Fulfillment Center,71677,INT-BG0U9O6
2072,WH-02072,Miami,Florida,Cross Dock,9999999,INT-WSUXSIW
2073,WH-02073,Miami,Florida,Fulfillment Center,68527,INT-7P10F6I
2074,WH-02074,Denver,Colorado,Distribution Center,42712,INT-4I8693F
2075,WH-02075,Seattle,Washington,Regional DC,91087,INT-1ZSLI1C
2076,WH-02076,Dallas,Texas,Cross Dock,67679,INT-LE5X2YC
2077,WH-02077,Chicago,Illinois,Distribution Center,38919,INT-CGR9QLY
2078,WH-02078,Chicago,Illinois,Regional DC,53234,INT-BEZ45QE
2079,WH-02079,Miami,Florida,Distribution Center,50869,INT-DI3I88Q
2080,WH-02080,Houston,Texas,Fulfillment Center,22927,INT-UX44ANX
2081,WH-02081,Boston,Massachusetts,Distribution Center,43776,INT-CAVSE9Y
2082,WH-02082,New York,New York,Cross Dock,87105,INT-ATY7WCG
2083,WH-02083,Miami,Florida,Fulfillment Center,14793,INT-TE5KCI3
2084,WH-02084,Atlanta,Georgia,Fulfillment Center,5289,INT-CCZQVP3
2085,WH-02085,Phoenix,Arizona,Cross Dock,27600,INT-1X63KB6
2086,WH-02086,Boston,Massachusetts,Regional DC,57240,INT-M2CMS1V
2087,WH-02087,Miami,Florida,Regional DC,30729,INT-ODSVMPU
2088,WH-02088,Dallas,Texas,Regional DC,65571,INT-VJNWKMH
2089,WH-02089,New York,New York,Cross Dock,68811,INT-IE3020K
2090,WH-02090,Austin,Texas,Cross Dock,24228,INT-X4BACK3
2091,WH-02091,Chicago,Illinois,Cross Dock,33645,INT-5E4W3X9
2092,WH-02092,Austin,Texas,Distribution Center,48532,INT-UY5AOOE
2093,WH-02093,Detroit,Michigan,Cross Dock,55304,INT-MON4UID
2094,WH-02094,Miami,Florida,Fulfillment Center,77310,INT-YDXNTBI
2095,WH-02095,Phoenix,Arizona,Distribution Center,51444,INT-EIJNS2U
2096,WH-02096,Dallas,Texas,Cross Dock,54926,INT-VXECVQS
2097,WH-02097,Atlanta,Georgia,Fulfillment Center,98437,INT-80RITDY
2098,WH-02098,Seattle,Washington,Regional DC,9944,INT-NA3SASY
2099,WH-02099,Miami,Florida,Cross Dock,81561,INT-49I6TF6
2100,WH-02100,Charlotte,North Carolina,Distribution Center,7800,INT-8NGHXHF
2101,WH-02101,Houston,Texas,Distribution Center,80450,INT-SQKO837
2102,WH-02102,Phoenix,Arizona,Cross Dock,7212,INT-HV5HG8G
2103,WH-02103,Charlotte,North Carolina,Regional DC,82876,INT-X5BWD3H
2104,WH-02104,Portland,Oregon,Distribution Center,77831,INT-8C1DTR4
2105,WH-02105,Dallas,Texas,Distribution Center,77603,INT-M6GWD93
2106,WH-02106,Austin,Texas,Cross Dock,15317,INT-FHTUNTE
2107,WH-02107,Chicago ,Illinois,Distribution Center,8352,INT-J3ZYGV8
2108,WH-02108,Dallas,Texas,Regional DC,6297,INT-HG7SA3Z
2109,WH-02109,HOUSTON,Unknown,Cross Dock,13152,INT-LK246AO
2110,WH-02110,Phoenix,Arizona,Regional DC,22134,INT-PRL3CX8
2111,WH-02111,Austin,Texas,Fulfillment Center,95171,INT-NAHH0UN
2112,WH-02112,Detroit,Michigan,Regional DC,31132,INT-8L1ZDLH
2113,WH-02113,Detroit,Michigan,Regional DC,61755,INT-6V2NZC0
2114,WH-02114,Phoenix,Arizona,Fulfillment Center,26832,INT-ZWKBFOF
2115,WH-02115,Dallas,Texas,Fulfillment Center,40240,INT-LDNHFR7
2116,WH-02116,Charlotte,North Carolina,Cross Dock,37698,INT-EWYXUBV
2117,WH-02117,Los angeles,Unknown,Cross Dock,50086,INT-UEWFCZO
2118,WH-02118,Charlotte,North Carolina,Regional DC,56452,INT-DA40R57
2119,WH-02119,Boston,Massachusetts,Regional DC,40715,INT-Q5NRUYD
2120,WH-02120,Denver,Colorado,Distribution Center,62016,INT-6BIJX2T
2121,WH-02121,Portland,Oregon,Fulfillment Center,82955,INT-WWH01L6
2122,WH-02122,Houston,Texas,Distribution Center,73819,INT-MFEHW6K
2123,WH-02123,Houston,Texas,Fulfillment Center,6487,INT-CVEF9RL
2124,WH-02124,Houston,Texas,Cross Dock,20500,INT-2FO1ZMA
2125,WH-02125,Los Angeles,California,Distribution Center,45490,INT-5L1FXWD
2126,WH-02126,Phoenix,Arizona,Cross Dock,87398,INT-XM0ZV9X
2127,WH-02127,Denver,Colorado,Regional DC,8185,INT-P9OFFQK
2128,WH-02128,Portland,Oregon,Cross Dock,76068,INT-ZUVHMNZ
2129,WH-02129,New York,New York,Fulfillment Center,65763,INT-SXGVTCA
2130,WH-02130,Houston,Texas,Regional DC,47298,INT-ES4V1KM
2131,WH-02131,Portland,Oregon,Distribution Center,14666,INT-STE7RMQ
2132,WH-02132,New York,New York,Cross Dock,14216,INT-RZTCS0H
2133,WH-02133,New York,New York,Distribution Center,99686,INT-VL8UDCM
2134,WH-02134,Los Angeles,California,Fulfillment Center,94845,INT-5D05ZWL
2135,WH-02135,New York,New York,Cross Dock,50074,INT-12PX7PA
2136,WH-02136,Atlanta,Georgia,Fulfillment Center,72444,INT-R7SJC0X
2137,WH-02137,Atlanta,Georgia,Fulfillment Center,70976,INT-NV1F5OC
2138,WH-02138,Phoenix,Arizona,Cross Dock,31074,INT-VJA13JT
2139,WH-02139,Dallas,Texas,Distribution Center,24740,INT-3E1S1Z4
2140,WH-02140,Denver,Colorado,Cross Dock,54709,INT-936PFKU
2141,WH-02141,Chicago,Illinois,Distribution Center,16245,INT-8D8FJYX
2142,WH-02142,Dallas,Texas,Regional DC,78855,INT-08MG0TX
2143,WH-02143,Austin,Texas,Distribution Center,60668,INT-6VOJX21
2144,WH-02144,Houston,Texas,Regional DC,75810,INT-O8CTVM7
2145,WH-02145,Austin,Texas,Fulfillment Center,29226,INT-UDFU5MY
2146,WH-02146,Portland,Oregon,Distribution Center,27520,INT-0ARG6UT
2147,WH-02147,Detroit,Michigan,Distribution Center,74008,INT-08F3MI2
2148,WH-02148,Boston,Massachusetts,Fulfillment Center,55282,INT-7VUWNJ7
2149,WH-02149,Austin,Texas,Regional DC,51544,INT-98IBO7D
2150,WH-02150,Detroit,Michigan,Cross Dock,25181,INT-B2COP42
2151,WH-02151,Dallas,Texas,Distribution Center,5293,INT-0F3O3D4
2152,WH-02152,Portland,Oregon,Regional DC,50781,INT-0MB8SIQ
2153,WH-02153,New York,New York,Fulfillment Center,27807,INT-UAUHNCP
2154,WH-02154,,Unknown,Cross Dock,5000000,INT-FW49TFD
2155,WH-02155,Phoenix,Arizona,Fulfillment Center,7969,INT-MYAZGEX
2156,WH-02156,Houston,Texas,Fulfillment Center,84323,INT-A178GQU
2157,WH-02157,Chicago,Illinois,Fulfillment Center,65019,INT-T4KTPQM
2158,WH-02158,Los Angeles,California,Cross Dock,42185,INT-SXRS0LR
2159,WH-02159,Austin,Texas,Distribution Center,84843,INT-LHVM0EY
2160,WH-02160,Atlanta,Georgia,Fulfillment Center,16850,INT-UG6R5OV
2161,WH-02161,Portland,Oregon,Fulfillment Center,72330,INT-8Z29VXJ
2162,WH-02162,Chicago,Illinois,Distribution Center,76503,INT-FIR422K
2163,WH-02163,Atlanta,Georgia,Fulfillment Center,98239,INT-GXV8LCV
2164,WH-02164,Chicago,Illinois,Distribution Center,36778,INT-EU7JKJ4
2165,WH-02165,Phoenix,Arizona,Distribution Center,66824,INT-H8Z07LD
2166,WH-02166,Boston,Massachusetts,Distribution Center,97116,INT-OEO9GXY
2167,WH-02167,Seattle,Washington,Distribution Center,95309,INT-MN08X2W
2168,WH-02168,Atlanta,Georgia,Cross Dock,28475,INT-3CS9GQ7
2169,WH-02169,New York,New York,Distribution Center,34660,INT-JYY6Q49
2170,WH-02170,Denver,Colorado,Cross Dock,68659,INT-LGHBY4D
2171,WH-02171,Dallas,Texas,Regional DC,64812,INT-1ZSULVF
2172,WH-02172,Portland,Oregon,Cross Dock,60404,INT-V9H9NUN
2173,WH-02173,Dallas,Texas,Fulfillment Center,42770,INT-ZUWM8FG
2174,WH-02174,Denver,Colorado,Distribution Center,87877,INT-XXBS8ZL
2175,WH-02175,Houston,Texas,Distribution Center,47702,INT-634FS5P
2176,WH-02176,Miami,Florida,Regional DC,69663,INT-3EYJOXZ
2177,WH-02177,Denver,Colorado,Fulfillment Center,77177,INT-UC6NWF8
2178,WH-02178,Houston,Texas,Cross Dock,60064,INT-Q2MJHQ8
2179,WH-02179,Seattle,Washington,Distribution Center,46057,INT-EZO90TT
2180,WH-02180,Portland,Oregon,Regional DC,97083,INT-DB25M0G
2181,WH-02181,Detroit,Michigan,Regional DC,66290,INT-53QQFQ1
2182,WH-02182,Dallas,Texas,Cross Dock,92431,INT-DJJ4FAG
2183,WH-02183,Los Angeles,California,Regional DC,44350,INT-1XG2PHL
2184,WH-02184,Chicago,Illinois,Regional DC,74810,INT-S40GIYQ
2185,WH-02185,Phoenix,Arizona,Distribution Center,77180,INT-XBSGYPS
2186,WH-02186,Chicago,Illinois,Regional DC,11814,INT-YLOK4BO
2187,WH-02187,Miami,Florida,Distribution Center,97124,INT-NUVVYDE
2188,WH-02188,Boston,Massachusetts,Regional DC,56532,INT-K0SZCK9
2189,WH-02189,Detroit,Michigan,Cross Dock,10603,INT-4J6GCBU
2190,WH-02190,Denver,Colorado,Fulfillment Center,13098,INT-27FCBE8
2191,WH-02191,New York,New York,Regional DC,22547,INT-NTCAICO
2192,WH-02192,Miami,Florida,Fulfillment Center,59516,INT-452QLKP
2193,WH-02193,Miami,Florida,Distribution Center,52541,INT-0D80VOH
2194,WH-02194,Portland,Oregon,Regional DC,42288,INT-1LDUUDE
2195,WH-02195,Austin,Texas,Cross Dock,70066,INT-OS98QDF
2196,WH-02196,Miami,Florida,Fulfillment Center,76283,INT-9XTQU0V
2197,WH-02197,Dallas,Texas,Distribution Center,60793,INT-66CPLPC
2198,WH-02198,Portland,Oregon,Cross Dock,86960,INT-A3YGMVY
2199,WH-02199,Detroit,Michigan,Distribution Center,41383,INT-FHUHD4C
2200,WH-02200,Los Angeles,California,Regional DC,61318,INT-5P3MFX3
2201,WH-02201,Chicago,Illinois,Distribution Center,43615,INT-QV0NCRV
2202,WH-02202,New York,New York,Regional DC,83600,INT-WKCV1CE
2203,WH-02203,Chicago,Illinois,Regional DC,25860,INT-N2VIM1X
2204,WH-02204,Charlotte,North Carolina,Distribution Center,33142,INT-IMP3J03
2205,WH-02205,New York,New York,Cross Dock,9807,INT-LJPBUO7
2206,WH-02206,,Unknown,Regional DC,76878,INT-42WFYOS
2207,WH-02207,Charlotte,North Carolina,Cross Dock,10855,INT-RYJU9IV
2208,WH-02208,Atlanta,Georgia,Distribution Center,42582,INT-YGYTH9Z
2209,WH-02209,Portland,Oregon,Regional DC,67678,INT-GFUOQDE
2210,WH-02210,Austin,Texas,Fulfillment Center,90668,INT-HRQKTKE
2211,WH-02211,Detroit,Michigan,Cross Dock,34567,INT-5R2V5VI
2212,WH-02212,Dallas,Texas,Regional DC,74762,INT-1X0XR2M
2213,WH-02213,Denver,Colorado,Distribution Center,32198,INT-7E8DKUN
2214,WH-02214,Phoenix,Arizona,Distribution Center,37665,INT-RXJKDZ2
2215,WH-02215,Houston,Texas,Cross Dock,9043,INT-V56SRD9
2216,WH-02216,Austin,Texas,Distribution Center,83809,INT-6MA1EO2
2217,WH-02217,Dallas,Texas,Regional DC,60647,INT-N5B55JO
2218,WH-02218,Dallas,Texas,Cross Dock,96786,INT-IY9E9M1
2219,WH-02219,Dallas,Texas,Regional DC,49544,INT-AH5VDJ9
2220,WH-02220,Phoenix,Arizona,Regional DC,88571,INT-HQAZPQ5
2221,WH-02221,Detroit,Michigan,Fulfillment Center,6476,INT-7W9N333
2222,WH-02222,Phoenix,Arizona,Cross Dock,21960,INT-RAL7UR6
2223,WH-02223,Portland,Oregon,Cross Dock,17083,INT-IFTTAU6
2224,WH-02224,Miami,Florida,Fulfillment Center,13344,INT-PETNTLQ
2225,WH-02225,Chicago,Illinois,Fulfillment Center,50971,INT-AEFAKHR
2226,WH-02226,Denver,Colorado,Distribution Center,88173,INT-V6XKOIK
2227,WH-02227,Atlanta,Georgia,Regional DC,48504,INT-RGEUXUI
2228,WH-02228,Boston,Massachusetts,Regional DC,10931,INT-GUYD6GS
2229,WH-02229,Detroit,Michigan,Fulfillment Center,9342,INT-42KLS9Z
2230,WH-02230,Charlotte,North Carolina,Distribution Center,69069,INT-707S32Y
2231,WH-02231,Dallas,Texas,Regional DC,91555,INT-T1LVZZ9
2232,WH-02232,Atlanta,Georgia,Distribution Center,81791,INT-FCV3KNG
2233,WH-02233,Detroit,Michigan,Cross Dock,54041,INT-PSQFO3U
2234,WH-02234,Miami,Florida,Distribution Center,16287,INT-0QIHIV1
2235,WH-02235,Charlotte,North Carolina,Fulfillment Center,97686,INT-JITFHL7
2236,WH-02236,Phoenix,Arizona,Distribution Center,75442,INT-10GPHH2
2237,WH-02237,Chicago,Illinois,Cross Dock,41361,INT-K3TFQSJ
2238,WH-02238,Charlotte,North Carolina,Regional DC,16265,INT-X1TS1B7
2239,WH-02239,Austin,Texas,Fulfillment Center,92857,INT-M9NSVIR
2240,WH-02240,Boston,Massachusetts,Fulfillment Center,87579,INT-1EDR2AT
2241,WH-02241,Miami,Florida,Regional DC,44791,INT-II5OW8M
2242,WH-02242,Atlanta,Georgia,Distribution Center,42299,INT-7AEF5BK
2243,WH-02243,Seattle,Washington,Fulfillment Center,37094,INT-50AFZAV
2244,WH-02244,Portland,Oregon,Regional DC,14034,INT-5BJ32SG
2245,WH-02245,Charlotte,North Carolina,Cross Dock,7183,INT-H8VXYY8
2246,WH-02246,Los Angeles,California,Fulfillment Center,26936,INT-XKISKEY
2247,WH-02247,Denver,Colorado,Fulfillment Center,46710,INT-A0WP06C
2248,WH-02248,Austin,Texas,Cross Dock,80187,INT-P9NZWMH
2249,WH-02249,Boston,Massachusetts,Cross Dock,96308,INT-A51MSK3
2250,WH-02250,Phoenix,Arizona,Regional DC,98988,INT-TZ5ACVV
2251,WH-02251,Seattle,Washington,Regional DC,76992,INT-JN1KKIO
2252,WH-02252,Los Angeles,California,Distribution Center,64486,INT-GUMFF7A
2253,WH-02253,Phoenix,Arizona,Cross Dock,27925,INT-GHH1P4Y
2254,WH-02254,Portland,Oregon,Regional DC,56628,INT-9RPHMQB
2255,WH-02255,Charlotte,North Carolina,Regional DC,46050,INT-A67JN9B
2256,WH-02256,New York,New York,Regional DC,93837,INT-QUZ0LPG
2257,WH-02257,Houston,Texas,Fulfillment Center,10729,INT-UTM57EB
2258,WH-02258,,Unknown,Distribution Center,68235,INT-ACSMW7X
2259,WH-02259,Portland,Oregon,Distribution Center,51406,INT-M5FVU52
2260,WH-02260,Phoenix,Arizona,Distribution Center,88135,INT-TJN4N8S
2261,WH-02261,Dallas,Texas,Regional DC,8261,INT-T9R2LQ9
2262,WH-02262,Portland,Oregon,Cross Dock,65842,INT-Q5F39UT
2263,WH-02263,Seattle,Washington,Cross Dock,11065,INT-568Q4HF
2264,WH-02264,Portland,Oregon,Cross Dock,79075,INT-4QV8FAU
2265,WH-02265,Houston,Texas,Regional DC,64409,INT-5GR22EF
2266,WH-02266,Portland,Oregon,Fulfillment Center,29839,INT-UCH6RS9
2267,WH-02267,Seattle,Washington,Fulfillment Center,14171,INT-LJVVAUJ
2268,WH-02268,Seattle,Washington,Regional DC,15639,INT-LWGHA3D
2269,WH-02269,Chicago,Illinois,Regional DC,26643,INT-M56FJA9
2270,WH-02270,Miami,Florida,Fulfillment Center,80732,INT-EQXX7B4
2271,WH-02271,Chicago,Illinois,Cross Dock,13515,INT-2E0WM4S
2272,WH-02272,Miami,Florida,Cross Dock,65415,INT-RTULSXR
2273,WH-02273,Dallas,Texas,Fulfillment Center,48670,INT-C33LTLL
2274,WH-02274,Dallas,Texas,Distribution Center,64494,INT-SM1DBZR
2275,WH-02275,New York,New York,Cross Dock,28557,INT-PQP618N
2276,WH-02276,Miami,Florida,Cross Dock,34221,INT-SGZ8VJT
2277,WH-02277,Phoenix,Arizona,Distribution Center,23635,INT-AMBWC4U
2278,WH-02278,Charlotte,North Carolina,Regional DC,63012,INT-2CEHW7R
2279,WH-02279,New York,New York,Regional DC,68222,INT-ADWM7US
2280,WH-02280,Austin,Texas,Distribution Center,82630,INT-883SBAH
2281,WH-02281,Los Angeles,California,Fulfillment Center,45147,INT-TOXSI5P
2282,WH-02282,New York,New York,Regional DC,29698,INT-VP38BBR
2283,WH-02283,Denver,Colorado,Distribution Center,28071,INT-HP0BD8B
2284,WH-02284,Phoenix,Arizona,Fulfillment Center,35859,INT-UMSLFSO
2285,WH-02285,Los Angeles,California,Cross Dock,29521,INT-9OBBCRB
2286,WH-02286,Los Angeles,California,Regional DC,81220,INT-V1R2H60
2287,WH-02287,Charlotte,North Carolina,Cross Dock,80128,INT-SR778XF
2288,WH-02288,Austin,Texas,Distribution Center,41346,INT-O2E48HB
2289,WH-02289,Charlotte,North Carolina,Regional DC,94018,INT-SYQ66HA
2290,WH-02290,Atlanta,Georgia,Fulfillment Center,97751,INT-1QGQJHC
2291,WH-02291,Phoenix,Arizona,Regional DC,11245,INT-AI10CQY
2292,WH-02292,Detroit,Michigan,Distribution Center,68787,INT-8XL9VYU
2293,WH-02293,Austin,Texas,Fulfillment Center,25933,INT-2WRRX4R
2294,WH-02294,Dallas,Texas,Fulfillment Center,21469,INT-20B3YNJ
2295,WH-02295,Portland,Oregon,Cross Dock,57137,INT-TCUN3GN
2296,WH-02296,Denver,Colorado,Fulfillment Center,72793,INT-W45G5L3
2297,WH-02297,Denver,Colorado,Distribution Center,49223,INT-S7DI9ZM
2298,WH-02298,Atlanta,Georgia,Distribution Center,96246,INT-ZXP9KQR
2299,WH-02299,Austin,Texas,Fulfillment Center,87156,INT-ONF2FVP
2300,WH-02300,Boston,Massachusetts,Cross Dock,71605,INT-FQSLSOL
2301,WH-02301,New York,New York,Distribution Center,65506,INT-Z3I01S0
2302,WH-02302,Austin,Texas,Cross Dock,30222,INT-354DIBD
2303,WH-02303,Atlanta,Georgia,Distribution Center,53204,INT-2KX4UOU
2304,WH-02304,Denver,Colorado,Regional DC,38539,INT-0EJNYT1
2305,WH-02305,New York,New York,Fulfillment Center,95932,INT-XRWXM1R
2306,WH-02306,,Unknown,Fulfillment Center,9115,INT-414DL9Q
2307,WH-02307,Los Angeles,California,Cross Dock,12505,INT-7QU4RSB
2308,WH-02308,New York,New York,Fulfillment Center,22209,INT-V9R56GK
2309,WH-02309,Boston,Massachusetts,Distribution Center,65510,INT-GMH3D6K
2310,WH-02310,Miami,Florida,Cross Dock,40197,INT-UIO3DYV
2311,WH-02311,Chicago,Illinois,Cross Dock,62603,INT-3H8GZGD
2312,WH-02312,Charlotte,North Carolina,Cross Dock,70012,INT-S9VNVG1
2313,WH-02313,Boston,Massachusetts,Distribution Center,29463,INT-P8JFTGH
2314,WH-02314,Boston,Massachusetts,Fulfillment Center,19629,INT-X4T5NJH
2315,WH-02315,Detroit,Michigan,Fulfillment Center,46982,INT-5RDBTOW
2316,WH-02316,Dallas,Texas,Fulfillment Center,89100,INT-EL87WDR
2317,WH-02317,Detroit,Michigan,Distribution Center,78396,INT-OHD6IU0
2318,WH-02318,Seattle,Washington,Regional DC,13992,INT-4MIUG3Q
2319,WH-02319,New York,New York,Distribution Center,11565,INT-TXHLHM9
2320,WH-02320,Austin,Texas,Fulfillment Center,39086,INT-QMUUHOX
2321,WH-02321,Houston,Texas,Fulfillment Center,85013,INT-AIF2GNQ
2322,WH-02322,Atlanta,Georgia,Cross Dock,73694,INT-UAMP3DB
2323,WH-02323,Phoenix,Arizona,Distribution Center,97040,INT-C4YXTT5
2324,WH-02324,Charlotte,North Carolina,Distribution Center,5126,INT-NH41DG6
2325,WH-02325,Boston,Massachusetts,Cross Dock,26566,INT-E6HBY2T
2326,WH-02326,Detroit,Michigan,Regional DC,49233,INT-RTESDL9
2327,WH-02327,Chicago,Illinois,Regional DC,7348,INT-T27S0AX
2328,WH-02328,Dallas,Texas,Fulfillment Center,5556,INT-OE3YZQR
2329,WH-02329,Dallas,Texas,Distribution Center,98214,INT-6ZZEGC8
2330,WH-02330,Charlotte,North Carolina,Distribution Center,18609,INT-Q11853Z
2331,WH-02331,Detroit,Michigan,Fulfillment Center,65221,INT-EGQ7CI3
2332,WH-02332,New York,New York,Fulfillment Center,31774,INT-KI64GEI
2333,WH-02333,Charlotte,North Carolina,Cross Dock,57523,INT-NEB584O
2334,WH-02334,Phoenix,Arizona,Fulfillment Center,74321,INT-5MCE2V9
2335,WH-02335,Austin,Texas,Cross Dock,90318,INT-5JM595N
2336,WH-02336,Boston,Massachusetts,Cross Dock,74127,INT-AYINUG3
2337,WH-02337,Seattle,Washington,Cross Dock,31677,INT-C1CJ3HJ
2338,WH-02338,Seattle,Washington,Distribution Center,14098,INT-8WFLDF5
2339,WH-02339,Chicago,Illinois,Fulfillment Center,58995,INT-VD0LTX6
2340,WH-02340,Atlanta,Georgia,Cross Dock,96516,INT-CKSX2XG
2341,WH-02341,Boston,Massachusetts,Fulfillment Center,76228,INT-U8KWH2Z
2342,WH-02342,Detroit,Michigan,Regional DC,63818,INT-UJBY45H
2343,WH-02343,Austin,Texas,Distribution Center,35490,INT-RQIF406
2344,WH-02344,Atlanta,Georgia,Fulfillment Center,27568,INT-J7QIZEV
2345,WH-02345,Chicago,Illinois,Fulfillment Center,37841,INT-VRGKXU5
2346,WH-02346,Atlanta,Georgia,Fulfillment Center,29922,INT-VKB7NUU
2347,WH-02347,Phoenix,Arizona,Distribution Center,20805,INT-SCD5K3U
2348,WH-02348,Charlotte,North Carolina,Regional DC,11760,INT-FRE4EJH
2349,WH-02349,Phoenix,Arizona,Regional DC,47653,INT-FC6AR42
2350,WH-02350,Boston,Massachusetts,Distribution Center,82922,INT-E79NITO
2351,WH-02351,Seattle,Washington,Distribution Center,7927,INT-T0UJW7E
2352,WH-02352,Boston,Massachusetts,Regional DC,63354,INT-E8KHPIM
2353,WH-02353,Boston,Massachusetts,Distribution Center,84105,INT-8TI89L8
2354,WH-02354,Dallas,Texas,Regional DC,72636,INT-C59DOP4
2355,WH-02355,Denver,Colorado,Fulfillment Center,49184,INT-YJZHT32
2356,WH-02356,Chicago,Illinois,Cross Dock,75238,INT-L6FO3LB
2357,WH-02357,Atlanta,Georgia,Fulfillment Center,80969,INT-53WDNO0
2358,WH-02358,Houston,Texas,Fulfillment Center,98901,INT-R2YPCUD
2359,WH-02359,Phoenix,Arizona,Cross Dock,60552,INT-T1GML2E
2360,WH-02360,Charlotte,North Carolina,Distribution Center,47224,INT-2UQ6C5V
2361,WH-02361,Denver,Colorado,Fulfillment Center,18413,INT-W6W61HM
2362,WH-02362,Denver,Colorado,Fulfillment Center,36694,INT-81XPMAR
2363,WH-02363,Chicago,Illinois,Regional DC,91743,INT-3UHHW5M
2364,WH-02364,Houston,Texas,Distribution Center,87768,INT-Z44KJ2M
2365,WH-02365,Charlotte,North Carolina,Fulfillment Center,35591,INT-9RQZJP6
2366,WH-02366,Houston,Texas,Distribution Center,9694,INT-4BWKRXE
2367,WH-02367,Dallas,Texas,Fulfillment Center,91454,INT-Z8HT3PH
2368,WH-02368,Houston,Texas,Regional DC,18747,INT-J4J6IBK
2369,WH-02369,Portland,Oregon,Cross Dock,99733,INT-KUEZWVX
2370,WH-02370,Austin,Texas,Fulfillment Center,97907,INT-UV0AM1E
2371,WH-02371,Boston,Massachusetts,Distribution Center,59909,INT-MZ5LG1H
2372,WH-02372,Charlotte,North Carolina,Distribution Center,60622,INT-UEUZGIO
2373,WH-02373,Detroit,Michigan,Distribution Center,19162,INT-JYL6R97
2374,WH-02374,Dallas,Texas,Fulfillment Center,5368,INT-U6R1CUI
2375,WH-02375,Dallas,Texas,Regional DC,45543,INT-BI5QHFW
2376,WH-02376,Detroit,Michigan,Regional DC,55008,INT-DBW0HUP
2377,WH-02377,Chicago,Illinois,Fulfillment Center,18589,INT-4DKB1BT
2378,WH-02378,New York,New York,Fulfillment Center,41570,INT-LI6HYUB
2379,WH-02379,Miami,Florida,Regional DC,73000,INT-IUF940R
2380,WH-02380,Phoenix,Arizona,Fulfillment Center,68502,INT-9BDFJJC
2381,WH-02381,Charlotte,North Carolina,Cross Dock,85648,INT-DBW37HK
2382,WH-02382,Charlotte,North Carolina,Regional DC,87849,INT-AUIS2UN
2383,WH-02383,New York,New York,Distribution Center,15006,INT-4QJGO2I
2384,WH-02384,Atlanta,Georgia,Fulfillment Center,63216,INT-JKR2JK9
2385,WH-02385,Phoenix,Arizona,Fulfillment Center,62909,INT-JM7KVHE
2386,WH-02386,Detroit,Michigan,Cross Dock,47548,INT-3WP088W
2387,WH-02387,Los Angeles,California,Distribution Center,46083,INT-9U63GWN
2388,WH-02388,Chicago,Illinois,Cross Dock,89196,INT-EJDQZQE
2389,WH-02389,Chicago,Illinois,Regional DC,64478,INT-IRPMFDO
2390,WH-02390,Austin,Texas,Cross Dock,84226,INT-FYF7K48
2391,WH-02391,Los Angeles,California,Distribution Center,11995,INT-CMD6PXA
2392,WH-02392,Phoenix,Arizona,Distribution Center,41556,INT-COVW82P
2393,WH-02393,Houston,Texas,Fulfillment Center,39982,INT-MM8RGCZ
2394,WH-02394,Seattle,Washington,Distribution Center,5000000,INT-JOKREEY
2395,WH-02395, Los Angeles,California,Cross Dock,23447,INT-LJHULWH
2396,WH-02396,Detroit,Michigan,Regional DC,16753,INT-K2VZ3LX
2397,WH-02397,New York,New York,Regional DC,67272,INT-9Y4SV7D
2398,WH-02398,Detroit,Michigan,Distribution Center,24989,INT-OV0KYSC
2399,WH-02399,New York,New York,Regional DC,60248,INT-CU1MO49
2400,WH-02400,Detroit,Michigan,Regional DC,92047,INT-8GIBNLR
2401,WH-02401,Atlanta,Georgia,Cross Dock,77478,INT-BMNXNKN
2402,WH-02402,Miami,Florida,Fulfillment Center,93068,INT-5F3AJ85
2403,WH-02403,Atlanta,Georgia,Distribution Center,74965,INT-9YV9JME
2404,WH-02404,Charlotte,North Carolina,Regional DC,52167,INT-4YUHLIE
2405,WH-02405,Chicago,Illinois,Cross Dock,70496,INT-0ICILIU
2406,WH-02406,Los Angeles,California,Regional DC,89543,INT-FOAPFTY
2407,WH-02407,Charlotte,North Carolina,Cross Dock,70749,INT-MPITNH2
2408,WH-02408,Atlanta,Georgia,Cross Dock,28911,INT-HZJJP8N
2409,WH-02409,Atlanta,Georgia,Cross Dock,75003,INT-1YJF3M0
2410,WH-02410,Los Angeles,California,Cross Dock,30570,INT-3XW3EWV
2411,WH-02411,Chicago,Illinois,Distribution Center,9181,INT-A19EVG8
2412,WH-02412,Charlotte,North Carolina,Cross Dock,11913,INT-WRMT0RQ
2413,WH-02413,Los Angeles,California,Cross Dock,95053,INT-DP7RDG2
2414,WH-02414,Seattle,Washington,Cross Dock,7946,INT-6TCNZE2
2415,WH-02415,Atlanta,Georgia,Fulfillment Center,89320,INT-7X8SD2W
2416,WH-02416,Miami,Florida,Regional DC,35669,INT-YB6EKJZ
2417,WH-02417,Atlanta,Georgia,Distribution Center,73728,INT-FYN5RMM
2418,WH-02418,Phoenix,Arizona,Distribution Center,29779,INT-8Q7MKUN
2419,WH-02419,Los Angeles,California,Cross Dock,23449,INT-L8JQEXX
2420,WH-02420,Seattle,Washington,Regional DC,10267,INT-YU3JPXB
2421,WH-02421,Atlanta,Georgia,Distribution Center,25448,INT-ZS0I472
2422,WH-02422,Houston,Texas,Distribution Center,85425,INT-WFVDIAH
2423,WH-02423,Portland,Oregon,Distribution Center,26840,INT-UMDE06M
2424,WH-02424,Miami,Florida,Cross Dock,72881,INT-GR827J7
2425,WH-02425,Charlotte,North Carolina,Distribution Center,73186,INT-TOR4M3S
2426,WH-02426,Atlanta,Georgia,Fulfillment Center,63011,INT-436542J
2427,WH-02427,Seattle,Washington,Fulfillment Center,57094,INT-F57CE1R
2428,WH-02428,Chicago,Illinois,Regional DC,91994,INT-9TZB6BX
2429,WH-02429,Phoenix,Arizona,Cross Dock,57921,INT-RJUZ5PZ
2430,WH-02430,Seattle,Washington,Cross Dock,43633,INT-4DNSLMQ
2431,WH-02431,,Unknown,Fulfillment Center,47288,INT-XGDOTTA
2432,WH-02432,Denver,Colorado,Distribution Center,5824,INT-TWXFVNF
2433,WH-02433,Los Angeles,California,Cross Dock,80104,INT-9BISW7N
2434,WH-02434,Los Angeles,California,Regional DC,38533,INT-AI6GMKK
2435,WH-02435,Denver,Colorado,Regional DC,90161,INT-1B7TKT6
2436,WH-02436,Houston,Texas,Distribution Center,10085,INT-KBHTYTM
2437,WH-02437,Dallas,Texas,Cross Dock,96676,INT-83N0I2C
2438,WH-02438,Detroit,Michigan,Regional DC,54138,INT-K5KYAVE
2439,WH-02439,Boston,Massachusetts,Regional DC,54572,INT-84PUG9S
2440,WH-02440,Los Angeles,California,Fulfillment Center,59654,INT-PH04BFS
2441,WH-02441,Atlanta,Georgia,Cross Dock,96084,INT-E1X4H8U
2442,WH-02442,Denver,Colorado,Cross Dock,83996,INT-EAI1PFU
2443,WH-02443,Austin,Texas,Distribution Center,11175,INT-NVDXKIZ
2444,WH-02444,New York,New York,Fulfillment Center,88350,INT-Q1EQETX
2445,WH-02445,Austin,Texas,Cross Dock,95581,INT-Q66F22X
2446,WH-02446,Chicago,Illinois,Cross Dock,10425,INT-QY0SI38
2447,WH-02447,Seattle,Washington,Cross Dock,28601,INT-C984PUZ
2448,WH-02448,Boston,Massachusetts,Cross Dock,71230,INT-MBV36YZ
2449,WH-02449,Miami,Florida,Cross Dock,65418,INT-7EF7827
2450,WH-02450,Dallas,Texas,Distribution Center,48526,INT-60DIVZ7
2451,WH-02451,Detroit,Michigan,Fulfillment Center,46309,INT-ZYI68BE
2452,WH-02452,Boston,Massachusetts,Fulfillment Center,14729,INT-FQJE6FZ
2453,WH-02453,Houston,Texas,Cross Dock,69123,INT-7HUBJ94
2454,WH-02454,New York,New York,Distribution Center,83434,INT-FALBQCE
2455,WH-02455,Atlanta,Georgia,Cross Dock,80532,INT-0Z51HJ5
2456,WH-02456,Atlanta,Georgia,Cross Dock,57804,INT-U4DUXZN
2457,WH-02457,Chicago,Illinois,Fulfillment Center,41443,INT-6Y1RIQG
2458,WH-02458,Los Angeles,California,Cross Dock,55450,INT-XPMZI99
2459,WH-02459,Detroit,Michigan,Distribution Center,41969,INT-HYA8GTA
2460,WH-02460,Phoenix,Arizona,Cross Dock,67496,INT-RZAFFPQ
2461,WH-02461,Los Angeles,California,Distribution Center,88446,INT-QAQPDNG
2462,WH-02462,New York,New York,Fulfillment Center,97031,INT-KI26CLL
2463,WH-02463,Atlanta,Georgia,Distribution Center,59507,INT-Q7EHOKT
2464,WH-02464,Detroit,Michigan,Fulfillment Center,50100,INT-BG4ATJ7
2465,WH-02465,Seattle,Washington,Distribution Center,58103,INT-79FVLN5
2466,WH-02466,Portland,Oregon,Cross Dock,41781,INT-DKF7ZU0
2467,WH-02467,Phoenix,Arizona,Distribution Center,54541,INT-T7AZUBV
2468,WH-02468,Los Angeles,California,Cross Dock,45005,INT-F60A83F
2469,WH-02469,New York,New York,Regional DC,37982,INT-A3UY78G
2470,WH-02470,Miami,Florida,Distribution Center,78409,INT-X13Y4OX
2471,WH-02471,Boston,Massachusetts,Distribution Center,58632,INT-OGZHE50
2472,WH-02472,Charlotte,North Carolina,Distribution Center,5000000,INT-G2KW33W
2473,WH-02473,Boston,Massachusetts,Regional DC,97715,INT-F0URRWO
2474,WH-02474,,Unknown,Fulfillment Center,95952,INT-0T437VL
2475,WH-02475,Phoenix,Arizona,Fulfillment Center,67921,INT-1YZYNLH
2476,WH-02476,Boston,Massachusetts,Fulfillment Center,85344,INT-UMUTJ8I
2477,WH-02477,Houston,Texas,Fulfillment Center,50251,INT-228SJS0
2478,WH-02478,New York,New York,Fulfillment Center,85461,INT-I1STTO1
2479,WH-02479,Los Angeles,California,Fulfillment Center,16583,INT-PI71F06
2480,WH-02480,Chicago,Illinois,Distribution Center,26264,INT-EM20YXP
2481,WH-02481,Charlotte,North Carolina,Fulfillment Center,75655,INT-SFJRPS9
2482,WH-02482,Boston,Massachusetts,Distribution Center,45592,INT-B4X9EBK
2483,WH-02483,Charlotte,North Carolina,Cross Dock,97528,INT-RUOUZSL
2484,WH-02484,Seattle,Washington,Regional DC,60742,INT-WG74S6N
2485,WH-02485,Austin,Texas,Cross Dock,81188,INT-3U3BPWW
2486,WH-02486,Phoenix,Arizona,Distribution Center,63320,INT-7MY3082
2487,WH-02487,Austin,Texas,Distribution Center,16321,INT-AMVUXWH
2488,WH-02488,Phoenix,Arizona,Distribution Center,46549,INT-AJHX65C
2489,WH-02489,Atlanta,Georgia,Cross Dock,53487,INT-DD0ID9K
2490,WH-02490,Austin,Texas,Distribution Center,89945,INT-GEX6F61
2491,WH-02491,Detroit,Michigan,Cross Dock,97549,INT-0GLDHYH
2492,WH-02492,Dallas,Texas,Distribution Center,78043,INT-Q93OL7T
2493,WH-02493,Dallas,Texas,Fulfillment Center,49188,INT-QH3CZRH
2494,WH-02494,Detroit,Michigan,Regional DC,24914,INT-JIQDQVW
2495,WH-02495,Austin,Texas,Distribution Center,86083,INT-TA0NXVB
2496,WH-02496,New york,Unknown,Fulfillment Center,78888,INT-6HMHUNN
2497,WH-02497,New York,New York,Regional DC,88758,INT-CXY1GRK
2498,WH-02498,Phoenix,Arizona,Distribution Center,81421,INT-ZUMRZHW
2499,WH-02499,Atlanta,Georgia,Fulfillment Center,93522,INT-02HUXZC
2500,WH-02500,Chicago,Illinois,Cross Dock,37233,INT-ZWYGDG1
2501,WH-02501,Dallas,Texas,Cross Dock,24256,INT-XJFF4SU
2502,WH-02502,,Unknown,Fulfillment Center,59766,INT-6YWL49S
2503,WH-02503,Atlanta,Georgia,Cross Dock,85385,INT-S0SPS99
2504,WH-02504,Austin,Texas,Distribution Center,56370,INT-OKVHI9X
2505,WH-02505,Seattle,Washington,Cross Dock,11246,INT-HLWAO7Y
2506,WH-02506,Detroit,Michigan,Cross Dock,77965,INT-51Z6G0S
2507,WH-02507,Detroit,Michigan,Fulfillment Center,9999999,INT-RH1RQQD
2508,WH-02508,Dallas,Texas,Regional DC,38213,INT-TUAF5FR
2509,WH-02509,Seattle,Washington,Regional DC,32102,INT-XKUQRVO
2510,WH-02510,Atlanta,Georgia,Cross Dock,82360,INT-JEGPAWN
2511,WH-02511,Miami,Florida,Regional DC,21061,INT-BZ9ONT0
2512,WH-02512,Dallas,Texas,Fulfillment Center,75436,INT-16UTBKJ
2513,WH-02513,Boston,Massachusetts,Regional DC,64038,INT-K3D8D7Z
2514,WH-02514,Portland,Oregon,Regional DC,56722,INT-EN1PXXG
2515,WH-02515,Chicago,Illinois,Fulfillment Center,63222,INT-A5TDNY7
2516,WH-02516,Detroit,Michigan,Cross Dock,18534,INT-5PSFDXU
2517,WH-02517,Portland,Oregon,Cross Dock,34227,INT-6TXWP1G
2518,WH-02518,Charlotte,North Carolina,Distribution Center,6037,INT-QAN427N
2519,WH-02519,Phoenix,Arizona,Fulfillment Center,33672,INT-G69YSYC
2520,WH-02520,Charlotte,North Carolina,Regional DC,6824,INT-DN76MD6
2521,WH-02521,Chicago,Illinois,Regional DC,15238,INT-PNRT670
2522,WH-02522,Los Angeles,California,Distribution Center,79163,INT-VDQNSY0
2523,WH-02523,Portland,Oregon,Fulfillment Center,45887,INT-BDKMWJ8
2524,WH-02524,Portland,Oregon,Distribution Center,24786,INT-HT5BRSD
2525,WH-02525,Miami,Florida,Regional DC,95444,INT-5NNU45J
2526,WH-02526,Los Angeles,California,Cross Dock,62508,INT-2OXWIJ2
2527,WH-02527,Portland,Oregon,Cross Dock,41184,INT-37CXM0J
2528,WH-02528,Miami,Florida,Fulfillment Center,28530,INT-ENCTHPQ
2529,WH-02529,Detroit,Michigan,Fulfillment Center,76859,INT-KWD4CFB
2530,WH-02530,Atlanta,Georgia,Fulfillment Center,66583,INT-RKQ0B8X
2531,WH-02531,Portland,Oregon,Distribution Center,29459,INT-D0EAQ1L
2532,WH-02532,Phoenix,Arizona,Fulfillment Center,65480,INT-U56GB4R
2533,WH-02533,Portland,Oregon,Fulfillment Center,94501,INT-GEOEF4O
2534,WH-02534,,Unknown,Fulfillment Center,18321,INT-D8DOMIN
2535,WH-02535,Boston,Massachusetts,Fulfillment Center,57161,INT-PPWJJW5
2536,WH-02536,Portland,Oregon,Cross Dock,9936,INT-N7EKS4P
2537,WH-02537,Seattle,Washington,Cross Dock,21802,INT-7X81IJX
2538,WH-02538,Dallas,Texas,Fulfillment Center,88764,INT-FD666ET
2539,WH-02539,Boston,Massachusetts,Fulfillment Center,71539,INT-J7ZTSPZ
2540,WH-02540,Phoenix,Arizona,Fulfillment Center,59433,INT-QXPZQWG
2541,WH-02541,Dallas,Texas,Fulfillment Center,24322,INT-CATR7F2
2542,WH-02542,Houston,Texas,Cross Dock,84375,INT-JT3YJOK
2543,WH-02543,Atlanta,Georgia,Cross Dock,27045,INT-UCU95DR
2544,WH-02544,Boston,Massachusetts,Fulfillment Center,91158,INT-C2TWY5E
2545,WH-02545,New York,New York,Distribution Center,43747,INT-OSPSUUE
2546,WH-02546,Dallas,Texas,Fulfillment Center,53291,INT-O3BKRAC
2547,WH-02547,Houston,Texas,Fulfillment Center,20506,INT-QG6EHTX
2548,WH-02548,New York,New York,Distribution Center,46055,INT-ZXE7ZPG
2549,WH-02549,Los Angeles,California,Distribution Center,5700,INT-VS8CK8H
2550,WH-02550,Denver,Colorado,Cross Dock,80150,INT-UAKYRZW
2551,WH-02551,Houston,Texas,Distribution Center,41893,INT-DQXHCCE
2552,WH-02552,Portland,Oregon,Distribution Center,80259,INT-7SLOKB5
2553,WH-02553,Miami,Florida,Cross Dock,89146,INT-VAHUPYE
2554,WH-02554,Portland,Oregon,Fulfillment Center,41767,INT-KD1RD2X
2555,WH-02555,Phoenix,Arizona,Cross Dock,5999,INT-8W0JQRA
2556,WH-02556,Houston,Texas,Distribution Center,67324,INT-I54ZHRO
2557,WH-02557,Phoenix,Arizona,Regional DC,93157,INT-7X109ZP
2558,WH-02558,Phoenix,Arizona,Cross Dock,61000,INT-8D1M2IH
2559,WH-02559,Houston,Texas,Cross Dock,11924,INT-SXGQO03
2560,WH-02560,Dallas,Texas,Cross Dock,97336,INT-BVUHLNB
2561,WH-02561,Chicago,Illinois,Cross Dock,79730,INT-JBZ2TLB
2562,WH-02562,Seattle,Washington,Fulfillment Center,86272,INT-7YKDR7C
2563,WH-02563,Phoenix,Arizona,Fulfillment Center,20568,INT-AT4EE73
2564,WH-02564,Denver,Colorado,Fulfillment Center,86246,INT-1L31FF9
2565,WH-02565,Charlotte,North Carolina,Cross Dock,20598,INT-BJXLYT9
2566,WH-02566,Austin,Texas,Cross Dock,57467,INT-ECUNWQ3
2567,WH-02567,Atlanta,Georgia,Distribution Center,47581,INT-PQGM6EK
2568,WH-02568,Detroit,Michigan,Regional DC,86433,INT-IVCKJBP
2569,WH-02569,Chicago,Illinois,Fulfillment Center,71829,INT-QDLA0G8
2570,WH-02570,Boston,Massachusetts,Fulfillment Center,40829,INT-XSTBU0T
2571,WH-02571,Boston,Massachusetts,Regional DC,73205,INT-PIO7SEG
2572,WH-02572,Chicago,Illinois,Regional DC,27864,INT-RBK6BNS
2573,WH-02573,Chicago,Illinois,Fulfillment Center,64870,INT-J87TTZ6
2574,WH-02574,Portland,Oregon,Regional DC,31260,INT-JRX822N
2575,WH-02575,Denver,Colorado,Fulfillment Center,41715,INT-S2PUECF
2576,WH-02576,Charlotte,North Carolina,Cross Dock,59797,INT-1UM2Q9V
2577,WH-02577,Houston,Texas,Fulfillment Center,11852,INT-O6XQ1P1
2578,WH-02578,New York,New York,Distribution Center,68677,INT-3R33R7P
2579,WH-02579,Houston,Texas,Regional DC,56477,INT-IPB7S8T
2580,WH-02580,Los Angeles,California,Distribution Center,85140,INT-21VLHXZ
2581,WH-02581,Austin,Texas,Cross Dock,81423,INT-KM7HQ3Q
2582,WH-02582,Denver,Colorado,Fulfillment Center,36501,INT-0HCV4QN
2583,WH-02583,Portland,Oregon,Distribution Center,83548,INT-I1DLHRH
2584,WH-02584,Seattle,Washington,Fulfillment Center,64888,INT-IYNSXQY
2585,WH-02585,Denver,Colorado,Fulfillment Center,70296,INT-NEA7ZMO
2586,WH-02586,Los Angeles,California,Regional DC,80480,INT-14AP9TB
2587,WH-02587,New York,New York,Distribution Center,83735,INT-48I41UU
2588,WH-02588,Los Angeles,California,Distribution Center,74916,INT-VY7SYEE
2589,WH-02589,Houston,Texas,Fulfillment Center,34130,INT-5P0BB2J
2590,WH-02590,Portland,Oregon,Fulfillment Center,50231,INT-5GXS5LI
2591,WH-02591,Austin,Texas,Cross Dock,47944,INT-Y802VO6
2592,WH-02592,Dallas,Texas,Distribution Center,94812,INT-IXEEWZK
2593,WH-02593,Miami,Florida,Distribution Center,66627,INT-PVBPAAI
2594,WH-02594,Seattle,Washington,Distribution Center,31741,INT-E6KN22E
2595,WH-02595,,Unknown,Distribution Center,16924,INT-TSBXAYL
2596,WH-02596,Seattle,Washington,Distribution Center,36583,INT-7OSVODZ
2597,WH-02597,Detroit,Michigan,Cross Dock,87678,INT-EWOH8TF
2598,WH-02598,Chicago,Illinois,Cross Dock,20131,INT-INNV1QU
2599,WH-02599,Atlanta,Georgia,Regional DC,66879,INT-IFK6EPH
2600,WH-02600,Atlanta,Georgia,Distribution Center,83612,INT-QT43FGE
2601,WH-02601,Los Angeles,California,Distribution Center,81936,INT-0CCK460
2602,WH-02602,Denver,Colorado,Fulfillment Center,79987,INT-UREWFCY
2603,WH-02603,Charlotte,North Carolina,Cross Dock,79303,INT-AZ4A4QT
2604,WH-02604,New York,New York,Distribution Center,93276,INT-GI35HVP
2605,WH-02605,Detroit,Michigan,Distribution Center,39913,INT-4LYR4Y5
2606,WH-02606,Austin,Texas,Cross Dock,64249,INT-3CXTPWM
2607,WH-02607,Atlanta,Georgia,Cross Dock,52678,INT-NEJ5288
2608,WH-02608,Chicago,Illinois,Regional DC,41646,INT-W2RZ4AL
2609,WH-02609,Atlanta,Georgia,Cross Dock,61829,INT-YEMGPOJ
2610,WH-02610,Detroit,Michigan,Regional DC,92912,INT-FO2279I
2611,WH-02611,Austin,Texas,Distribution Center,72646,INT-7HYKK69
2612,WH-02612,Los Angeles,California,Cross Dock,68986,INT-TXLJPP9
2613,WH-02613,Portland,Oregon,Cross Dock,79842,INT-VTD0KB7
2614,WH-02614,Los Angeles,California,Cross Dock,7800,INT-B63PLQY
2615,WH-02615,Los Angeles,California,Fulfillment Center,27893,INT-UK03B82
2616,WH-02616,Denver,Colorado,Fulfillment Center,60083,INT-RFDDT4Y
2617,WH-02617,Atlanta,Georgia,Cross Dock,99791,INT-3TJVPBC
2618,WH-02618,Chicago,Illinois,Fulfillment Center,98936,INT-JLLKQW3
2619,WH-02619,Detroit,Michigan,Distribution Center,32636,INT-URORU9K
2620,WH-02620,Miami,Florida,Distribution Center,99140,INT-PWS5J3E
2621,WH-02621,Portland,Oregon,Regional DC,54119,INT-MBAE3J6
2622,WH-02622,Seattle,Washington,Fulfillment Center,87354,INT-QLZW5H3
2623,WH-02623,Denver,Colorado,Distribution Center,29982,INT-H1TC5FD
2624,WH-02624,,Unknown,Cross Dock,74720,INT-9WOFZVV
2625,WH-02625,New York,New York,Fulfillment Center,15368,INT-VRVLIS6
2626,WH-02626,Charlotte,North Carolina,Distribution Center,96366,INT-HJZ6PE8
2627,WH-02627,Denver,Colorado,Distribution Center,50156,INT-YGZBQY0
2628,WH-02628,Seattle,Washington,Regional DC,87686,INT-WXU38GI
2629,WH-02629,Detroit,Michigan,Fulfillment Center,75413,INT-HP5D5U8
2630,WH-02630,Seattle,Washington,Cross Dock,44729,INT-6XEZSHW
2631,WH-02631,Houston,Texas,Regional DC,29419,INT-HFYASQW
2632,WH-02632,Charlotte,North Carolina,Cross Dock,67908,INT-P3NSKKU
2633,WH-02633,Houston,Texas,Fulfillment Center,45923,INT-RA0GPKD
2634,WH-02634,Dallas,Texas,Cross Dock,78102,INT-C2NY05D
2635,WH-02635,Dallas,Texas,Distribution Center,56184,INT-YCZ0YTJ
2636,WH-02636,Austin,Texas,Fulfillment Center,20700,INT-HDV1AUG
2637,WH-02637,Atlanta,Georgia,Cross Dock,38867,INT-K3Q5VOM
2638,WH-02638,Dallas,Texas,Fulfillment Center,90587,INT-ML4ZYLP
2639,WH-02639,Atlanta,Georgia,Regional DC,24367,INT-2X87WWU
2640,WH-02640,Boston,Massachusetts,Distribution Center,67848,INT-J6W9J78
2641,WH-02641,Atlanta,Georgia,Fulfillment Center,91272,INT-RV9AAND
2642,WH-02642,Phoenix,Arizona,Regional DC,88531,INT-1392SAH
2643,WH-02643,Miami,Florida,Cross Dock,33369,INT-MMFL7V9
2644,WH-02644,Denver,Colorado,Distribution Center,33043,INT-9ZZMW1F
2645,WH-02645,Dallas,Texas,Distribution Center,14059,INT-GEZWOEZ
2646,WH-02646,Houston,Texas,Cross Dock,42527,INT-UE4IE9A
2647,WH-02647,Phoenix,Arizona,Regional DC,34651,INT-8THUZYA
2648,WH-02648,Atlanta,Georgia,Fulfillment Center,67587,INT-2P3S8IG
2649,WH-02649,Portland,Oregon,Regional DC,60041,INT-YKY19BK
2650,WH-02650,Chicago,Illinois,Cross Dock,9421,INT-GM54OKT
2651,WH-02651,Los Angeles,California,Distribution Center,84813,INT-JDPI2ZO
2652,WH-02652,Portland,Oregon,Regional DC,44614,INT-FEK7T7T
2653,WH-02653,Charlotte,North Carolina,Distribution Center,84455,INT-BWT2G6K
2654,WH-02654,Portland,Oregon,Regional DC,42371,INT-YD6047K
2655,WH-02655,Denver,Colorado,Distribution Center,76539,INT-19004PP
2656,WH-02656,Portland,Oregon,Distribution Center,31123,INT-X97CIM7
2657,WH-02657,Chicago,Illinois,Fulfillment Center,83924,INT-18Y80YN
2658,WH-02658,Miami,Florida,Distribution Center,71393,INT-91AUIJF
2659,WH-02659,Miami,Florida,Distribution Center,24376,INT-MUF6C74
2660,WH-02660,Atlanta,Georgia,Distribution Center,51144,INT-HD6IHYU
2661,WH-02661,Phoenix,Arizona,Cross Dock,5,INT-3I8WBMA
2662,WH-02662,Detroit,Michigan,Distribution Center,54373,INT-9ER9SBE
2663,WH-02663,Boston,Massachusetts,Cross Dock,60030,INT-ZD74CQQ
2664,WH-02664,Seattle,Washington,Regional DC,80509,INT-TLII7EO
2665,WH-02665,Houston,Texas,Regional DC,67903,INT-GTOOGLM
2666,WH-02666,Denver,Colorado,Regional DC,16628,INT-G0UHPE3
2667,WH-02667,Detroit,Michigan,Cross Dock,83751,INT-555MFFQ
2668,WH-02668,Chicago,Illinois,Cross Dock,54506,INT-I7H2NLR
2669,WH-02669,Charlotte,North Carolina,Cross Dock,45256,INT-T43BF1Q
2670,WH-02670,New York,New York,Fulfillment Center,67150,INT-MEJ5ZXL
2671,WH-02671,Detroit,Michigan,Fulfillment Center,18653,INT-MPDXNGX
2672,WH-02672,Miami,Florida,Distribution Center,60314,INT-6IOREPW
2673,WH-02673,Charlotte,North Carolina,Cross Dock,40988,INT-F4AG8HW
2674,WH-02674,Portland,Oregon,Distribution Center,11871,INT-2JPX8ZI
2675,WH-02675,Chicago,Illinois,Cross Dock,34764,INT-D88BAAA
2676,WH-02676,Charlotte,North Carolina,Regional DC,65475,INT-6G4JGMB
2677,WH-02677,Dallas,Texas,Distribution Center,66224,INT-YZYSZX5
2678,WH-02678,Los Angeles,California,Fulfillment Center,32718,INT-IZ5QUV5
2679,WH-02679,Portland,Oregon,Fulfillment Center,5306,INT-LGH6FL7
2680,WH-02680,Atlanta,Georgia,Distribution Center,74186,INT-SVP8HZR
2681,WH-02681,Miami,Florida,Fulfillment Center,28105,INT-W27JZU7
2682,WH-02682,Atlanta,Georgia,Fulfillment Center,32187,INT-7U1H6ZC
2683,WH-02683,New York,New York,Regional DC,55343,INT-CYFTR6E
2684,WH-02684,Houston,Texas,Cross Dock,92145,INT-8O4PGVE
2685,WH-02685,Seattle,Washington,Distribution Center,59259,INT-WHD6W7L
2686,WH-02686,Austin,Texas,Cross Dock,56941,INT-M6BVGJS
2687,WH-02687,Detroit,Michigan,Distribution Center,89634,INT-2SWAGF0
2688,WH-02688,Chicago,Illinois,Regional DC,74211,INT-XU6BPQ4
2689,WH-02689,Portland,Oregon,Regional DC,62278,INT-M6ACY41
2690,WH-02690,Detroit,Michigan,Cross Dock,51302,INT-PIWAYVY
2691,WH-02691,Denver,Colorado,Distribution Center,40585,INT-HY5KKIO
2692,WH-02692,Phoenix,Arizona,Fulfillment Center,61390,INT-YQKA99I
2693,WH-02693,Chicago,Illinois,Regional DC,86460,INT-BK7TT7L
2694,WH-02694,Austin,Texas,Regional DC,28521,INT-1Q39GX1
2695,WH-02695,Charlotte,North Carolina,Cross Dock,62591,INT-W2OXO9A
2696,WH-02696,Chicago,Illinois,Distribution Center,97791,INT-HBVJHU0
2697,WH-02697,Portland,Oregon,Regional DC,14421,INT-6V54M23
2698,WH-02698,Boston,Massachusetts,Cross Dock,7624,INT-OT9V587
2699,WH-02699,Chicago,Illinois,Regional DC,66941,INT-8HXM61T
2700,WH-02700,Austin,Texas,Fulfillment Center,30063,INT-IRY0FXY
2701,WH-02701,,Unknown,Distribution Center,20862,INT-SMF411W
2702,WH-02702,Portland,Oregon,Distribution Center,72656,INT-XZ2020Y
2703,WH-02703,Boston,Massachusetts,Fulfillment Center,41742,INT-HUC36FF
2704,WH-02704,Seattle,Washington,Fulfillment Center,82238,INT-K541Q9R
2705,WH-02705,Seattle,Washington,Regional DC,75945,INT-HK8G1R7
2706,WH-02706,Atlanta,Georgia,Cross Dock,67509,INT-BY4OESR
2707,WH-02707,Detroit,Michigan,Fulfillment Center,21050,INT-X9RNHLC
2708,WH-02708,Los Angeles,California,Cross Dock,24925,INT-PQIXB6E
2709,WH-02709,Austin,Texas,Regional DC,60755,INT-DKRLHK8
2710,WH-02710,Portland,Oregon,Fulfillment Center,13150,INT-PLYVSEK
2711,WH-02711,Los Angeles,California,Fulfillment Center,85955,INT-O9NEBQH
2712,WH-02712,Boston,Massachusetts,Cross Dock,87011,INT-862B30X
2713,WH-02713,Houston,Texas,Fulfillment Center,68239,INT-X4DRQO4
2714,WH-02714,Los Angeles,California,Distribution Center,41020,INT-KK6MMS7
2715,WH-02715,Atlanta,Georgia,Fulfillment Center,95936,INT-YIHSRLZ
2716,WH-02716,chicago,Unknown,Cross Dock,44781,INT-LVNYKQM
2717,WH-02717,Los Angeles,California,Distribution Center,26970,INT-TEX84RS
2718,WH-02718,Charlotte,North Carolina,Fulfillment Center,66056,INT-AHHKONL
2719,WH-02719,Miami,Florida,Fulfillment Center,58575,INT-IZ16MYF
2720,WH-02720,Los Angeles,California,Distribution Center,61969,INT-P86FUV8
2721,WH-02721,Miami,Florida,Cross Dock,16444,INT-4J2NEYR
2722,WH-02722,Houston,Texas,Cross Dock,21594,INT-S01TY23
2723,WH-02723,Austin,Texas,Fulfillment Center,89586,INT-18UOZ7U
2724,WH-02724,Seattle,Washington,Distribution Center,17883,INT-JKCRDPA
2725,WH-02725,Atlanta,Georgia,Distribution Center,46222,INT-6GIN14Q
2726,WH-02726,Portland,Oregon,Cross Dock,89863,INT-RFGGA7G
2727,WH-02727,Charlotte,North Carolina,Cross Dock,18897,INT-E846XNI
2728,WH-02728,Denver,Colorado,Regional DC,50406,INT-22XOKY5
2729,WH-02729,Chicago,Illinois,Cross Dock,68651,INT-38JWCUD
2730,WH-02730,Portland,Oregon,Distribution Center,40567,INT-GM4MR2H
2731,WH-02731,Dallas,Texas,Regional DC,9786,INT-TUWG2TQ
2732,WH-02732,Phoenix,Arizona,Regional DC,44504,INT-NGRCCGL
2733,WH-02733,Austin,Texas,Distribution Center,19875,INT-P8VK7W7
2734,WH-02734,Denver,Colorado,Cross Dock,74484,INT-4E4BSQY
2735,WH-02735,Atlanta,Georgia,Fulfillment Center,22802,INT-XZ1N62S
2736,WH-02736,Seattle,Washington,Distribution Center,12714,INT-2GGGZIO
2737,WH-02737,Houston,Texas,Fulfillment Center,28341,INT-LA36PA1
2738,WH-02738,Phoenix,Arizona,Distribution Center,21068,INT-3TQKL6S
2739,WH-02739,New York,New York,Regional DC,80850,INT-D1QOWFS
2740,WH-02740,Houston,Texas,Fulfillment Center,45815,INT-C4BKUHR
2741,WH-02741,Austin,Texas,Cross Dock,68086,INT-L917946
2742,WH-02742,Phoenix,Arizona,Distribution Center,79776,INT-2DCD6OY
2743,WH-02743,Denver,Colorado,Cross Dock,47994,INT-M3RHNGF
2744,WH-02744,Atlanta,Georgia,Regional DC,23048,INT-SN0T9GQ
2745,WH-02745,,Unknown,Cross Dock,29251,INT-SP3NAT7
2746,WH-02746,Denver,Colorado,Fulfillment Center,77857,INT-JZ4ALOH
2747,WH-02747,Seattle,Washington,Cross Dock,40598,INT-30CL94M
2748,WH-02748,New York,New York,Regional DC,93766,INT-E6S6B3X
2749,WH-02749,Austin,Texas,Regional DC,99855,INT-H5TAETN
2750,WH-02750,Detroit,Michigan,Cross Dock,74569,INT-B6G338V
2751,WH-02751,Portland,Oregon,Distribution Center,99958,INT-Y8EUXFG
2752,WH-02752,New York,New York,Fulfillment Center,30842,INT-RGHYIVH
2753,WH-02753,Austin,Texas,Cross Dock,78016,INT-ZPUL00W
2754,WH-02754,Phoenix,Arizona,Fulfillment Center,43713,INT-D5E3G5I
2755,WH-02755,New York,New York,Regional DC,34424,INT-EECDMG6
2756,WH-02756,Phoenix,Arizona,Cross Dock,40791,INT-DHFBPGP
2757,WH-02757,Chicago,Illinois,Distribution Center,49500,INT-HRN929C
2758,WH-02758,Detroit,Michigan,Fulfillment Center,22787,INT-K6CYLYP
2759,WH-02759,Miami,Florida,Fulfillment Center,24270,INT-TLTFGM7
2760,WH-02760,Dallas,Texas,Regional DC,36861,INT-C15HPN9
2761,WH-02761,Chicago,Illinois,Distribution Center,77374,INT-TFQ4RQZ
2762,WH-02762,Portland,Oregon,Cross Dock,14754,INT-69VEIZE
2763,WH-02763,Seattle,Washington,Cross Dock,70834,INT-3U67LNW
2764,WH-02764,Houston,Texas,Regional DC,77252,INT-XVXM154
2765,WH-02765,Miami,Florida,Regional DC,5770,INT-AJ1DKOV
2766,WH-02766,Los Angeles,California,Fulfillment Center,22452,INT-R2KGYIE
2767,WH-02767,Denver,Colorado,Cross Dock,85230,INT-IJ7AVI2
2768,WH-02768,Dallas,Texas,Distribution Center,7012,INT-E1JK04G
2769,WH-02769,Los Angeles,California,Distribution Center,17367,INT-F0NZ6GX
2770,WH-02770,Seattle,Washington,Distribution Center,77881,INT-VC5YEZ9
2771,WH-02771,Chicago,Illinois,Fulfillment Center,94956,INT-5D8Q9A0
2772,WH-02772,Charlotte,North Carolina,Cross Dock,40305,INT-6VRYSAT
2773,WH-02773,Houston,Texas,Cross Dock,73739,INT-2PSAS4F
2774,WH-02774,,Unknown,Cross Dock,44129,INT-H0CQLV5
2775,WH-02775,Phoenix,Arizona,Fulfillment Center,32816,INT-KG1236C
2776,WH-02776,Houston,Texas,Fulfillment Center,5603,INT-501MYF3
2777,WH-02777,Portland,Oregon,Regional DC,74678,INT-OXKRFQD
2778,WH-02778,Atlanta,Georgia,Fulfillment Center,52906,INT-JY0W7YX
2779,WH-02779,Dallas,Texas,Fulfillment Center,99284,INT-1INYX6J
2780,WH-02780,Charlotte,North Carolina,Distribution Center,57903,INT-HBNZKMV
2781,WH-02781,,Unknown,Cross Dock,79889,INT-ANXATPS
2782,WH-02782,Denver,Colorado,Regional DC,60828,INT-V1OKGBU
2783,WH-02783,New York,New York,Fulfillment Center,10885,INT-0PUH6WP
2784,WH-02784,Dallas,Texas,Cross Dock,73436,INT-N089J1R
2785,WH-02785,Dallas,Texas,Fulfillment Center,47344,INT-AWLJXUB
2786,WH-02786,Phoenix,Arizona,Fulfillment Center,5441,INT-YZB73BY
2787,WH-02787,Boston,Massachusetts,Regional DC,20489,INT-5B8CXER
2788,WH-02788,Denver,Colorado,Fulfillment Center,84699,INT-H3750AI
2789,WH-02789,Denver,Colorado,Cross Dock,96745,INT-5NBIRLO
2790,WH-02790,New York,New York,Regional DC,54706,INT-11YQZ5D
2791,WH-02791,Los Angeles,California,Distribution Center,20214,INT-VU12QCL
2792,WH-02792,Seattle,Washington,Distribution Center,79069,INT-3XX1A55
2793,WH-02793,Miami,Florida,Cross Dock,47837,INT-QR189IJ
2794,WH-02794,Portland,Oregon,Cross Dock,55605,INT-M4OEA0S
2795,WH-02795,Seattle,Washington,Regional DC,82803,INT-4BNQVOO
2796,WH-02796,Portland,Oregon,Cross Dock,32476,INT-3Z2CBE9
2797,WH-02797,Atlanta,Georgia,Distribution Center,40980,INT-R1Z7ILB
2798,WH-02798,Portland,Oregon,Fulfillment Center,18681,INT-0U9I7H5
2799,WH-02799,Charlotte,North Carolina,Fulfillment Center,97078,INT-8OJV7I1
2800,WH-02800,Miami,Florida,Distribution Center,59295,INT-THUZIFI
2801,WH-02801,Chicago,Illinois,Fulfillment Center,46035,INT-4CYRDLN
2802,WH-02802,Phoenix,Arizona,Regional DC,11134,INT-Z8G3CWZ
2803,WH-02803,Seattle,Washington,Distribution Center,30402,INT-Y6M3GRZ
2804,WH-02804,Phoenix,Arizona,Cross Dock,44420,INT-JGV083F
2805,WH-02805,Seattle,Washington,Fulfillment Center,80165,INT-AFIR53L
2806,WH-02806,Austin,Texas,Cross Dock,5258,INT-YOB1JO6
2807,WH-02807,Atlanta,Georgia,Regional DC,13011,INT-C69AEPB
2808,WH-02808,New York,New York,Cross Dock,39770,INT-SMH73ZW
2809,WH-02809,Houston,Texas,Distribution Center,58499,INT-7ITBJQT
2810,WH-02810,Denver,Colorado,Fulfillment Center,77373,INT-3HSU25S
2811,WH-02811,Phoenix,Arizona,Fulfillment Center,5787,INT-4P6VBIX
2812,WH-02812,Los Angeles,California,Distribution Center,90344,INT-TX3EM8F
2813,WH-02813,Denver,Colorado,Regional DC,58569,INT-B5NLTDM
2814,WH-02814,Austin,Texas,Distribution Center,28406,INT-CDTXXWD
2815,WH-02815,Miami,Florida,Cross Dock,90949,INT-31WS861
2816,WH-02816,Portland,Oregon,Cross Dock,48862,INT-WPIJ5QF
2817,WH-02817,New York,New York,Regional DC,49103,INT-V5ERN11
2818,WH-02818,,Unknown,Cross Dock,14890,INT-882CTT1
2819,WH-02819,Charlotte,North Carolina,Cross Dock,21584,INT-ZNWSU97
2820,WH-02820,Chicago,Illinois,Regional DC,42217,INT-TLNZH0Y
2821,WH-02821,Charlotte,North Carolina,Distribution Center,59940,INT-2M7MDAK
2822,WH-02822,Seattle,Washington,Cross Dock,48926,INT-B4GSCIO
2823,WH-02823,Portland,Oregon,Cross Dock,19421,INT-ITQ8W7C
2824,WH-02824,Portland,Oregon,Fulfillment Center,80639,INT-PFVATI3
2825,WH-02825,Atlanta,Georgia,Regional DC,5000000,INT-SIERIC5
2826,WH-02826,Boston,Massachusetts,Cross Dock,19718,INT-TO4ECLN
2827,WH-02827,Portland,Oregon,Regional DC,50376,INT-4KFB6MC
2828,WH-02828,Detroit,Michigan,Regional DC,74249,INT-RW7MLA1
2829,WH-02829,New York,New York,Distribution Center,66929,INT-KGZ1HDM
2830,WH-02830,Phoenix,Arizona,Cross Dock,78962,INT-LFA5XH8
2831,WH-02831,Seattle,Washington,Fulfillment Center,81083,INT-C7KV1SK
2832,WH-02832,Portland,Oregon,Distribution Center,23926,INT-C6GAH9X
2833,WH-02833,Phoenix,Arizona,Cross Dock,70297,INT-PBO75MX
2834,WH-02834,Atlanta,Georgia,Distribution Center,66344,INT-H075DAD
2835,WH-02835,Chicago,Illinois,Cross Dock,53116,INT-E51WB9U
2836,WH-02836,Detroit,Michigan,Regional DC,5000000,INT-XFOK127
2837,WH-02837,New York,New York,Regional DC,20863,INT-3H5NXJL
2838,WH-02838,Denver,Colorado,Fulfillment Center,37996,INT-5NTKRCJ
2839,WH-02839,Phoenix,Arizona,Distribution Center,32815,INT-0GAOEAM
2840,WH-02840,Dallas,Texas,Regional DC,30441,INT-H67CY1Z
2841,WH-02841,Charlotte,North Carolina,Regional DC,99725,INT-FK0Z4QL
2842,WH-02842,Los Angeles,California,Fulfillment Center,20884,INT-MUNK6IT
2843,WH-02843,Denver,Colorado,Cross Dock,11673,INT-NIG96UL
2844,WH-02844,Denver,Colorado,Regional DC,44974,INT-BITI1T9
2845,WH-02845,New York,New York,Distribution Center,81916,INT-XPDMFZU
2846,WH-02846,Charlotte,North Carolina,Fulfillment Center,21161,INT-FK9U2RN
2847,WH-02847,Charlotte,North Carolina,Fulfillment Center,73755,INT-UGVWKWC
2848,WH-02848,Phoenix,Arizona,Regional DC,85178,INT-RA59MLZ
2849,WH-02849,Austin,Texas,Cross Dock,53705,INT-5WEM06R
2850,WH-02850,Miami,Florida,Distribution Center,35094,INT-7O9IOQ5
2851,WH-02851,Charlotte,North Carolina,Cross Dock,10205,INT-CCSAHDS
2852,WH-02852,Seattle,Washington,Cross Dock,70825,INT-F1I4A3W
2853,WH-02853,Charlotte,North Carolina,Distribution Center,25605,INT-BBXQ5D7
2854,WH-02854,Seattle,Washington,Regional DC,55062,INT-TIB7WD3
2855,WH-02855,Boston,Massachusetts,Cross Dock,46041,INT-CLB5F7Y
2856,WH-02856,New York,New York,Distribution Center,95802,INT-88CVA76
2857,WH-02857,Portland,Oregon,Cross Dock,51804,INT-DCLTOO8
2858,WH-02858,Austin,Texas,Fulfillment Center,8306,INT-5YI5X67
2859,WH-02859,Denver,Colorado,Regional DC,12548,INT-714Z1SV
2860,WH-02860,Atlanta,Georgia,Distribution Center,75551,INT-XZFBRZF
2861,WH-02861,,Unknown,Distribution Center,10790,INT-U7HHJ22
2862,WH-02862,Denver,Colorado,Regional DC,16882,INT-XNA7XRC
2863,WH-02863,Seattle,Washington,Distribution Center,53965,INT-KVDG936
2864,WH-02864,Charlotte,North Carolina,Distribution Center,30125,INT-OIYW276
2865,WH-02865,Charlotte,North Carolina,Regional DC,19038,INT-18W4QGJ
2866,WH-02866,Denver,Colorado,Regional DC,78918,INT-G917VKK
2867,WH-02867,New York,New York,Fulfillment Center,23224,INT-WDOKLNF
2868,WH-02868,Austin,Texas,Cross Dock,77970,INT-8EPT34L
2869,WH-02869,Phoenix,Arizona,Regional DC,92146,INT-TSJ1F89
2870,WH-02870,Chicago,Illinois,Cross Dock,21200,INT-GEY7320
2871,WH-02871,Miami,Florida,Distribution Center,47898,INT-DDML4SL
2872,WH-02872,Chicago,Illinois,Distribution Center,12686,INT-28F9OWW
2873,WH-02873,Chicago,Illinois,Regional DC,54871,INT-TC4B9LX
2874,WH-02874,Charlotte,North Carolina,Cross Dock,52243,INT-U08LI6E
2875,WH-02875,Chicago,Illinois,Fulfillment Center,99865,INT-XHTRL4B
2876,WH-02876,Detroit,Michigan,Regional DC,59546,INT-4CK75MY
2877,WH-02877,Charlotte,North Carolina,Cross Dock,49857,INT-0X8FPSH
2878,WH-02878,,Unknown,Fulfillment Center,74454,INT-ZFCA54X
2879,WH-02879,Portland,Oregon,Distribution Center,43577,INT-BCB4DOR
2880,WH-02880,Houston,Texas,Regional DC,82097,INT-ZKD7BLV
2881,WH-02881,Miami,Florida,Distribution Center,97757,INT-RFFHLUR
2882,WH-02882,Denver,Colorado,Fulfillment Center,64563,INT-ER2XFZK
2883,WH-02883,Atlanta,Georgia,Distribution Center,23809,INT-RORE5JB
2884,WH-02884,Boston,Massachusetts,Cross Dock,13576,INT-O4TXK04
2885,WH-02885,Seattle,Washington,Regional DC,67925,INT-MEGP9TU
2886,WH-02886,Phoenix,Arizona,Cross Dock,90281,INT-CO5V5EC
2887,WH-02887,Austin,Texas,Fulfillment Center,24314,INT-TDKV4KK
2888,WH-02888,Portland,Oregon,Fulfillment Center,55255,INT-BMK71HV
2889,WH-02889,Houston,Texas,Fulfillment Center,61702,INT-J2EFRS8
2890,WH-02890,Charlotte,North Carolina,Regional DC,8207,INT-P7TFHL9
2891,WH-02891,Boston,Massachusetts,Fulfillment Center,12415,INT-ZP3PS4K
2892,WH-02892,Austin,Texas,Distribution Center,74397,INT-4IN10PU
2893,WH-02893,Houston,Texas,Fulfillment Center,94300,INT-PSKE4OZ
2894,WH-02894,Dallas,Texas,Cross Dock,81183,INT-X773U75
2895,WH-02895,Boston,Massachusetts,Distribution Center,9063,INT-IXTP5UU
2896,WH-02896,Miami,Florida,Fulfillment Center,10125,INT-P17FG9V
2897,WH-02897,Seattle,Washington,Distribution Center,86561,INT-8F7FCQ5
2898,WH-02898,Austin,Texas,Regional DC,56123,INT-4GYJNFW
2899,WH-02899,Phoenix,Arizona,Cross Dock,60377,INT-2FQQ0LF
2900,WH-02900,Boston,Massachusetts,Regional DC,92860,INT-A5ST7I5
2901,WH-02901,Houston,Texas,Regional DC,55070,INT-3IF1U2I
2902,WH-02902,Denver,Colorado,Distribution Center,25325,INT-901Z9IJ
2903,WH-02903,Seattle,Washington,Distribution Center,46827,INT-LQ33CY2
2904,WH-02904,Austin,Texas,Fulfillment Center,24778,INT-K6XU0E3
2905,WH-02905,Chicago,Illinois,Cross Dock,28742,INT-IN8RZNO
2906,WH-02906,Miami,Florida,Fulfillment Center,86107,INT-3B3RM8C
2907,WH-02907,Los Angeles,California,Distribution Center,43323,INT-TDI3XYV
2908,WH-02908,Dallas,Texas,Fulfillment Center,73446,INT-VIEHZ3E
2909,WH-02909,Austin,Texas,Cross Dock,15751,INT-3S22IAG
2910,WH-02910,Dallas,Texas,Regional DC,52693,INT-9XMNOKW
2911,WH-02911,Houston,Texas,Regional DC,60272,INT-APC1VUC
2912,WH-02912,New York,New York,Fulfillment Center,73416,INT-TI0X6QA
2913,WH-02913,Dallas,Texas,Cross Dock,21495,INT-Q2LD5TW
2914,WH-02914,Atlanta,Georgia,Cross Dock,86198,INT-XCHTWK9
2915,WH-02915,Miami,Florida,Distribution Center,43405,INT-IF8JPS9
2916,WH-02916,Detroit,Michigan,Distribution Center,30590,INT-S7XSXOC
2917,WH-02917,Houston,Texas,Regional DC,58493,INT-0MPMGM9
2918,WH-02918,Boston,Massachusetts,Distribution Center,6275,INT-JOGCFLA
2919,WH-02919,Los Angeles,California,Distribution Center,35909,INT-LUNRCS4
2920,WH-02920,Charlotte,North Carolina,Distribution Center,76824,INT-9KS84YE
2921,WH-02921,Boston,Massachusetts,Cross Dock,93248,INT-RAF8RYG
2922,WH-02922,New York,New York,Cross Dock,92894,INT-CWWO2C3
2923,WH-02923,Charlotte,North Carolina,Regional DC,43031,INT-6ZCC7C5
2924,WH-02924, Houston,Texas,Fulfillment Center,97669,INT-VOHGH3H
2925,WH-02925,Dallas,Texas,Fulfillment Center,40592,INT-PW04IU7
2926,WH-02926,Dallas,Texas,Cross Dock,55062,INT-U8UYHW1
2927,WH-02927,Miami,Florida,Regional DC,99815,INT-G0XH5A7
2928,WH-02928,Detroit,Michigan,Distribution Center,39606,INT-0VED5FQ
2929,WH-02929,Phoenix,Arizona,Regional DC,21860,INT-ZTFJP66
2930,WH-02930,Los Angeles,California,Distribution Center,46208,INT-FBHNUXL
2931,WH-02931,Miami,Florida,Fulfillment Center,68327,INT-V0IRKGX
2932,WH-02932,Charlotte,North Carolina,Fulfillment Center,90056,INT-85HELC9
2933,WH-02933,Charlotte,North Carolina,Distribution Center,62741,INT-85OTKKA
2934,WH-02934,Chicago,Illinois,Regional DC,16179,INT-18FDHR5
2935,WH-02935,Austin,Texas,Cross Dock,88454,INT-2VW8J8S
2936,WH-02936,Houston,Texas,Fulfillment Center,64400,INT-DEEA7FW
2937,WH-02937,New York,New York,Regional DC,88228,INT-KILIS2U
2938,WH-02938,Los Angeles,California,Cross Dock,75427,INT-341828Y
2939,WH-02939,Chicago,Illinois,Distribution Center,17747,INT-J6ADC7I
2940,WH-02940,Atlanta,Georgia,Regional DC,22162,INT-EIE9EJF
2941,WH-02941,Houston,Texas,Fulfillment Center,65275,INT-KNQ85Y2
2942,WH-02942,Atlanta,Georgia,Distribution Center,68641,INT-YP7RMZS
2943,WH-02943,Denver,Colorado,Fulfillment Center,81882,INT-GL40L3S
2944,WH-02944,Phoenix,Arizona,Regional DC,58641,INT-RF7U23R
2945,WH-02945,Portland,Oregon,Regional DC,89361,INT-090NE92
2946,WH-02946,Seattle,Washington,Regional DC,36935,INT-1W9596E
2947,WH-02947,Chicago,Illinois,Cross Dock,63082,INT-GU4Y4Z7
2948,WH-02948,Seattle,Washington,Cross Dock,75199,INT-MWPN4LS
2949,WH-02949,Charlotte,North Carolina,Distribution Center,66814,INT-TLTOF18
2950,WH-02950,Houston,Texas,Distribution Center,7171,INT-7PQGLB4
2951,WH-02951,Atlanta,Georgia,Distribution Center,55699,INT-97D7AKR
2952,WH-02952,New York,New York,Fulfillment Center,44282,INT-28SUBI7
2953,WH-02953,Denver,Colorado,Regional DC,55277,INT-IXAANQE
2954,WH-02954,Dallas,Texas,Regional DC,49126,INT-9Y7FB69
2955,WH-02955,Austin,Texas,Fulfillment Center,46019,INT-WZP5RD4
2956,WH-02956,Atlanta,Georgia,Cross Dock,74280,INT-4DKCNR3
2957,WH-02957,Phoenix,Arizona,Fulfillment Center,64179,INT-28HVXJO
2958,WH-02958,Denver,Colorado,Regional DC,86477,INT-KBN58QC
2959,WH-02959,Austin,Texas,Fulfillment Center,85369,INT-6APEXYV
2960,WH-02960,Los Angeles,California,Fulfillment Center,29173,INT-RIQYUTV
2961,WH-02961,Detroit,Michigan,Distribution Center,61209,INT-KTJCFB7
2962,WH-02962,Denver,Colorado,Distribution Center,92030,INT-7IHKGOJ
2963,WH-02963,Chicago,Illinois,Fulfillment Center,16750,INT-G7W1FLT
2964,WH-02964,Detroit,Michigan,Distribution Center,34189,INT-ON3DLB7
2965,WH-02965,New York,New York,Cross Dock,5000000,INT-QJ8GTYG
2966,WH-02966,Charlotte,North Carolina,Cross Dock,56260,INT-2JYLASA
2967,WH-02967,New York,New York,Cross Dock,82222,INT-T349G48
2968,WH-02968,Chicago,Illinois,Regional DC,58443,INT-2V6AA25
2969,WH-02969,Charlotte,North Carolina,Distribution Center,84787,INT-QLNZ1OU
2970,WH-02970,Boston,Massachusetts,Cross Dock,10370,INT-VT8MHQC
2971,WH-02971,Miami,Florida,Distribution Center,73953,INT-62VERG4
2972,WH-02972,Chicago,Illinois,Fulfillment Center,20966,INT-MS51BFX
2973,WH-02973,Dallas,Texas,Fulfillment Center,65835,INT-EURRKO6
2974,WH-02974,Atlanta,Georgia,Cross Dock,45739,INT-67622M4
2975,WH-02975,Portland,Oregon,Regional DC,58026,INT-B4K5Y1X
2976,WH-02976,Dallas,Texas,Fulfillment Center,48689,INT-CM85G7F
2977,WH-02977,Boston,Massachusetts,Distribution Center,58161,INT-YRJZP59
2978,WH-02978,Charlotte,North Carolina,Regional DC,93776,INT-31R6UK9
2979,WH-02979,Miami,Florida,Regional DC,92850,INT-T2KCBS8
2980,WH-02980,Portland,Oregon,Regional DC,89263,INT-F3C29RO
2981,WH-02981,Dallas,Texas,Regional DC,81593,INT-6RWHSHI
2982,WH-02982,Boston,Massachusetts,Distribution Center,77676,INT-GCV2PJF
2983,WH-02983,Seattle,Washington,Regional DC,73056,INT-D9CM3WH
2984,WH-02984,New York,New York,Cross Dock,94735,INT-U0JBWKA
2985,WH-02985,Boston,Massachusetts,Distribution Center,40480,INT-1S3Q7GF
2986,WH-02986,Denver,Colorado,Cross Dock,48237,INT-5YB7Z5S
2987,WH-02987,Denver,Colorado,Fulfillment Center,50730,INT-OU5WTDQ
2988,WH-02988,Boston,Massachusetts,Regional DC,16113,INT-0GNRXIZ
2989,WH-02989,Portland,Oregon,Fulfillment Center,71647,INT-7MIZB25
2990,WH-02990,Houston,Texas,Regional DC,28349,INT-ZD36ERJ
2991,WH-02991,Atlanta,Georgia,Distribution Center,78628,INT-P22DJWX
2992,WH-02992,Miami,Florida,Cross Dock,91860,INT-HZA3MOV
2993,WH-02993,New York,New York,Regional DC,94216,INT-CCFCU9B
2994,WH-02994,Atlanta,Georgia,Cross Dock,65860,INT-6OQ0YQQ
2995,WH-02995,Austin,Texas,Regional DC,22319,INT-7QN9RBK
2996,WH-02996,Dallas,Texas,Cross Dock,79810,INT-O3YCPXD
2997,WH-02997,New York,New York,Distribution Center,84782,INT-N904CE6
2998,WH-02998,Denver,Colorado,Fulfillment Center,46484,INT-TWW2TS1
2999,WH-02999,Portland,Oregon,Cross Dock,11472,INT-GMHJ04L
3000,WH-03000,Boston,Massachusetts,Regional DC,55956,INT-P220LO0
3001,WH-03001,Atlanta,Georgia,Fulfillment Center,34866,INT-27Q6XKN
3002,WH-03002,Denver,Colorado,Regional DC,23802,INT-JMVG8KO
3003,WH-03003,Boston,Massachusetts,Regional DC,93502,INT-E4IWIRO
3004,WH-03004,,Unknown,Cross Dock,79301,INT-VOB14ZI
3005,WH-03005,Detroit,Michigan,Regional DC,67879,INT-IQ679HV
3006,WH-03006,Atlanta,Georgia,Fulfillment Center,66300,INT-2T77627
3007,WH-03007,Miami,Florida,Regional DC,42926,INT-ON0R7RC
3008,WH-03008,Seattle,Washington,Regional DC,68100,INT-7OERBU7
3009,WH-03009,Austin,Texas,Distribution Center,39412,INT-KBKT7E0
3010,WH-03010,Houston,Texas,Fulfillment Center,77451,INT-T8D4D62
3011,WH-03011,Austin,Texas,Distribution Center,32804,INT-SBADHSY
3012,WH-03012,Chicago,Illinois,Distribution Center,67914,INT-285AY7Z
3013,WH-03013,Phoenix,Arizona,Distribution Center,94864,INT-VRD3GBC
3014,WH-03014,Austin,Texas,Fulfillment Center,85174,INT-QDLJ78V
3015,WH-03015,Chicago,Illinois,Fulfillment Center,35403,INT-2PL4C3Y
3016,WH-03016,Denver,Colorado,Distribution Center,19273,INT-A1Y52AK
3017,WH-03017,Boston,Massachusetts,Distribution Center,7165,INT-IHTRPO2
3018,WH-03018,,Unknown,Distribution Center,70192,INT-FZ6P0MW
3019,WH-03019,New York,New York,Regional DC,65246,INT-D5LCKXV
3020,WH-03020,Chicago,Illinois,Cross Dock,34564,INT-2OQXKM1
3021,WH-03021,Los Angeles,California,Fulfillment Center,50435,INT-CZ6MRI4
3022,WH-03022,Seattle,Washington,Fulfillment Center,31261,INT-INPLCTV
3023,WH-03023,Detroit,Michigan,Distribution Center,92376,INT-7967CN0
3024,WH-03024,Chicago,Illinois,Regional DC,92511,INT-LB4AISO
3025,WH-03025,Atlanta,Georgia,Cross Dock,74046,INT-47P4YO5
3026,WH-03026,Charlotte,North Carolina,Regional DC,12283,INT-6T7E2N7
3027,WH-03027,Houston,Texas,Fulfillment Center,85385,INT-3P31G6S
3028,WH-03028,Dallas,Texas,Fulfillment Center,68176,INT-R3U5NPY
3029,WH-03029,Boston,Massachusetts,Regional DC,90652,INT-FHT8ZFS
3030,WH-03030,Atlanta,Georgia,Regional DC,11209,INT-H3OIFAO
3031,WH-03031,Miami,Florida,Cross Dock,35461,INT-ECGM7JA
3032,WH-03032,Miami,Florida,Fulfillment Center,24209,INT-A67BK18
3033,WH-03033,Detroit,Michigan,Regional DC,98501,INT-V7TXTVG
3034,WH-03034,Portland,Oregon,Fulfillment Center,25395,INT-XYZUGS3
3035,WH-03035,Seattle,Washington,Distribution Center,78149,INT-4859G1K
3036,WH-03036,Houston,Texas,Regional DC,73275,INT-TV4J2QD
3037,WH-03037,Miami,Florida,Distribution Center,28435,INT-VSUTJUO
3038,WH-03038,Boston,Massachusetts,Distribution Center,53639,INT-OCAU2N7
3039,WH-03039,Dallas,Texas,Cross Dock,98404,INT-D7LZCBG
3040,WH-03040,Houston,Texas,Regional DC,33192,INT-DXFJKCX
3041,WH-03041,Detroit,Michigan,Regional DC,42076,INT-EBVQA0L
3042,WH-03042,New York,New York,Regional DC,12279,INT-BTHB9GV
3043,WH-03043,New York,New York,Cross Dock,19378,INT-R2CVW5S
3044,WH-03044,Houston,Texas,Regional DC,9476,INT-PF8HA1V
3045,WH-03045,Houston,Texas,Regional DC,5244,INT-9ZQ3HIA
3046,WH-03046,Houston,Texas,Distribution Center,71371,INT-PA1E5EZ
3047,WH-03047,Los Angeles,California,Distribution Center,44772,INT-YGLITZC
3048,WH-03048,Dallas,Texas,Distribution Center,31371,INT-6M243QF
3049,WH-03049,Portland,Oregon,Fulfillment Center,28948,INT-3UPVJY3
3050,WH-03050,Los Angeles,California,Cross Dock,19281,INT-LGB3GKN
3051,WH-03051,Los Angeles,California,Distribution Center,29829,INT-KMK6CMQ
3052,WH-03052,Austin,Texas,Regional DC,31547,INT-9ZE31BC
3053,WH-03053,Charlotte,North Carolina,Cross Dock,34333,INT-EGQA00A
3054,WH-03054,Phoenix,Arizona,Regional DC,97890,INT-W5TGM9B
3055,WH-03055,Denver,Colorado,Regional DC,42317,INT-H1Z0GF9
3056,WH-03056,New York,New York,Fulfillment Center,25791,INT-6A4XIQ8
3057,WH-03057,Seattle,Washington,Regional DC,20237,INT-VOW6DH5
3058,WH-03058,New York,New York,Regional DC,55958,INT-6ROQEUN
3059,WH-03059,Atlanta,Georgia,Distribution Center,21014,INT-C60W7YV
3060,WH-03060,Atlanta,Georgia,Cross Dock,16685,INT-FERJ93F
3061,WH-03061,Atlanta,Georgia,Regional DC,61326,INT-YI1CLXW
3062,WH-03062,Los Angeles,California,Fulfillment Center,69613,INT-ZCE67K6
3063,WH-03063,Portland,Oregon,Distribution Center,84969,INT-04DMUQX
3064,WH-03064,Houston,Texas,Cross Dock,18737,INT-UZ0L3OJ
3065,WH-03065,New York,New York,Cross Dock,43592,INT-099NZ4N
3066,WH-03066,Los Angeles,California,Distribution Center,31515,INT-1OM0PDE
3067,WH-03067,Dallas,Texas,Regional DC,17352,INT-58XMP66
3068,WH-03068,Chicago,Illinois,Cross Dock,26708,INT-Q1M0N5X
3069,WH-03069,Dallas,Texas,Regional DC,85291,INT-7IBG3LX
3070,WH-03070,Austin,Texas,Distribution Center,5509,INT-W1NF7KB
3071,WH-03071,Seattle,Washington,Fulfillment Center,68009,INT-45L20MZ
3072,WH-03072,Houston,Texas,Distribution Center,57564,INT-7ZKLQ0J
3073,WH-03073,Phoenix,Arizona,Fulfillment Center,33158,INT-F1GKPY6
3074,WH-03074,Miami,Florida,Cross Dock,83843,INT-V4SIZCX
3075,WH-03075,Denver,Colorado,Regional DC,93828,INT-17OURVX
3076,WH-03076,Phoenix,Arizona,Distribution Center,70462,INT-SQVOHHE
3077,WH-03077,Houston,Texas,Regional DC,39839,INT-IUXEX5T
3078,WH-03078,Dallas,Texas,Cross Dock,7923,INT-UD85MDF
3079,WH-03079,Houston,Texas,Cross Dock,82904,INT-6B9Q530
3080,WH-03080,Dallas,Texas,Cross Dock,37596,INT-7398T57
3081,WH-03081,Austin,Texas,Regional DC,30895,INT-THF8M67
3082,WH-03082,Detroit,Michigan,Regional DC,66514,INT-3RS8HGM
3083,WH-03083,Denver,Colorado,Regional DC,62384,INT-I5YBJSH
3084,WH-03084,Atlanta,Georgia,Cross Dock,12571,INT-WTNY0P9
3085,WH-03085,Austin,Texas,Regional DC,77395,INT-IBP1Y8V
3086,WH-03086,Los Angeles,California,Regional DC,8324,INT-DP89VBN
3087,WH-03087,Houston,Texas,Regional DC,48739,INT-FHF6A9O
3088,WH-03088,Austin,Texas,Distribution Center,96984,INT-QYQ6NET
3089,WH-03089,Phoenix,Arizona,Fulfillment Center,44012,INT-N29T8SD
3090,WH-03090,Detroit,Michigan,Regional DC,76903,INT-MNHAK7B
3091,WH-03091,Houston,Texas,Fulfillment Center,64688,INT-VCJGMW1
3092,WH-03092,Los Angeles,California,Cross Dock,61984,INT-IA0UYT0
3093,WH-03093,,Unknown,Fulfillment Center,41681,INT-6OMO1US
3094,WH-03094,Detroit,Michigan,Distribution Center,32036,INT-1B5C0X3
3095,WH-03095,New York,New York,Regional DC,72301,INT-Q3AZEZH
3096,WH-03096,Seattle,Washington,Cross Dock,44717,INT-RGAEW3M
3097,WH-03097,Portland,Oregon,Cross Dock,75947,INT-HIV2CJR
3098,WH-03098,Detroit,Michigan,Fulfillment Center,88508,INT-FSNOE1T
3099,WH-03099,Dallas,Texas,Distribution Center,92266,INT-A43QHID
3100,WH-03100,Dallas,Texas,Fulfillment Center,81143,INT-FZARH2A
3101,WH-03101,Seattle,Washington,Cross Dock,11637,INT-TZFQO7F
3102,WH-03102,Dallas,Texas,Distribution Center,73381,INT-EPFKVG8
3103,WH-03103,Detroit,Michigan,Regional DC,75201,INT-EW64PE5
3104,WH-03104,New York,New York,Cross Dock,20077,INT-3T90HHV
3105,WH-03105,Portland,Oregon,Regional DC,32239,INT-VM7ZR0Z
3106,WH-03106,Chicago,Illinois,Regional DC,8029,INT-S436TY6
3107,WH-03107,Houston,Texas,Regional DC,24910,INT-BKOF3CM
3108,WH-03108,Seattle,Washington,Fulfillment Center,71762,INT-BO47ID3
3109,WH-03109,Denver,Colorado,Fulfillment Center,40446,INT-23R8584
3110,WH-03110,Dallas,Texas,Distribution Center,74241,INT-AQ8TQ93
3111,WH-03111,Chicago,Illinois,Regional DC,15477,INT-1I9ZQ9S
3112,WH-03112,Detroit,Michigan,Distribution Center,42932,INT-L6FRR4T
3113,WH-03113,Houston,Texas,Cross Dock,44554,INT-YW0923A
3114,WH-03114,Boston,Massachusetts,Distribution Center,7027,INT-YFD5PF9
3115,WH-03115,Charlotte,North Carolina,Cross Dock,41326,INT-FZTHHR0
3116,WH-03116,Seattle,Washington,Fulfillment Center,94529,INT-U09D9YF
3117,WH-03117,Portland,Oregon,Regional DC,79260,INT-KWPXRID
3118,WH-03118,Houston,Texas,Cross Dock,29303,INT-R7ROK05
3119,WH-03119,Charlotte,North Carolina,Fulfillment Center,92040,INT-9QVHV6A
3120,WH-03120,Chicago,Illinois,Fulfillment Center,51356,INT-3PFFK16
3121,WH-03121,Atlanta,Georgia,Regional DC,13843,INT-OY9EJ7X
3122,WH-03122,New York,New York,Fulfillment Center,23948,INT-6O3QAF6
3123,WH-03123,Portland,Oregon,Fulfillment Center,96237,INT-9IQ0XO6
3124,WH-03124,Miami,Florida,Fulfillment Center,76360,INT-NKB9UUO
3125,WH-03125,Dallas,Texas,Cross Dock,58380,INT-1C8RKKT
3126,WH-03126,Atlanta,Georgia,Cross Dock,24799,INT-ZFWAGCV
3127,WH-03127,Chicago,Illinois,Distribution Center,16897,INT-E171BUZ
3128,WH-03128,Dallas,Texas,Distribution Center,88839,INT-CV02K7O
3129,WH-03129,Phoenix,Arizona,Distribution Center,89878,INT-QTDQG91
3130,WH-03130,,Unknown,Distribution Center,52211,INT-0SQVSIL
3131,WH-03131,Denver,Colorado,Cross Dock,9526,INT-4VGP5Y1
3132,WH-03132,Austin,Texas,Regional DC,85970,INT-3KTYJU0
3133,WH-03133,Dallas,Texas,Cross Dock,9867,INT-DYTUDGW
3134,WH-03134,Detroit,Michigan,Distribution Center,97329,INT-69O2QOM
3135,WH-03135,Portland,Oregon,Distribution Center,97520,INT-2O5ARZR
3136,WH-03136,Denver,Colorado,Cross Dock,68191,INT-2V8578A
3137,WH-03137,Houston,Texas,Distribution Center,57982,INT-AQ672MH
3138,WH-03138,Phoenix,Arizona,Fulfillment Center,61434,INT-3YDPGPQ
3139,WH-03139,Atlanta,Georgia,Cross Dock,44049,INT-UTUKU9K
3140,WH-03140,Los angeles,Unknown,Fulfillment Center,5539,INT-QCFQNFV
3141,WH-03141,Phoenix,Arizona,Cross Dock,53241,INT-BBSCVLX
3142,WH-03142,Denver,Colorado,Distribution Center,80183,INT-04GVGAF
3143,WH-03143,Detroit,Michigan,Cross Dock,49153,INT-URXM1AP
3144,WH-03144,Denver,Colorado,Distribution Center,7839,INT-2J2ONG5
3145,WH-03145,Chicago,Illinois,Distribution Center,39871,INT-KNEG7X2
3146,WH-03146,Seattle,Washington,Regional DC,10700,INT-DL7JIJ5
3147,WH-03147,Dallas,Texas,Cross Dock,39444,INT-VUMKRHG
3148,WH-03148,Seattle,Washington,Cross Dock,23001,INT-HDZTZKO
3149,WH-03149,Portland,Oregon,Distribution Center,5,INT-W6PJF31
3150,WH-03150,Houston,Texas,Regional DC,66827,INT-SVTY1WG
3151,WH-03151,Seattle,Washington,Regional DC,25191,INT-E2TME0E
3152,WH-03152,Los Angeles,California,Distribution Center,5439,INT-VXDJVXU
3153,WH-03153,Phoenix,Arizona,Cross Dock,84028,INT-5U4BZ2W
3154,WH-03154,New York,New York,Distribution Center,13636,INT-8RM4O37
3155,WH-03155,Miami,Florida,Cross Dock,98805,INT-A7HSN9O
3156,WH-03156,Dallas,Texas,Distribution Center,68097,INT-5RQICYN
3157,WH-03157,Seattle,Washington,Distribution Center,66158,INT-GNCLUJ3
3158,WH-03158,Charlotte,North Carolina,Fulfillment Center,21177,INT-G551EM6
3159,WH-03159,Atlanta,Georgia,Distribution Center,6644,INT-7ONITW9
3160,WH-03160,Detroit,Michigan,Cross Dock,29757,INT-12EA9ZP
3161,WH-03161,Los Angeles,California,Cross Dock,63836,INT-T6FCHUX
3162,WH-03162,New York,New York,Distribution Center,68684,INT-0MMA8P8
3163,WH-03163,Houston,Texas,Distribution Center,87387,INT-8QLY2GR
3164,WH-03164,Houston,Texas,Regional DC,59623,INT-KYFTZA2
3165,WH-03165,Miami,Florida,Regional DC,93784,INT-CSZ6UUZ
3166,WH-03166,Atlanta,Georgia,Fulfillment Center,50097,INT-URWJ09B
3167,WH-03167,Denver,Colorado,Fulfillment Center,13261,INT-I8MVG1L
3168,WH-03168,Portland,Oregon,Cross Dock,65645,INT-HDRVAL1
3169,WH-03169,Atlanta,Georgia,Fulfillment Center,13139,INT-2BU4SHX
3170,WH-03170,Dallas,Texas,Regional DC,54876,INT-1VE2LYF
3171,WH-03171,Portland,Oregon,Distribution Center,17202,INT-WNIDIMR
3172,WH-03172,Boston,Massachusetts,Cross Dock,60218,INT-2R2BW3Z
3173,WH-03173,Austin,Texas,Distribution Center,68177,INT-MECO04U
3174,WH-03174,,Unknown,Distribution Center,56010,INT-NE7HJ2P
3175,WH-03175,New York,New York,Distribution Center,32070,INT-GPXE7EE
3176,WH-03176,Detroit,Michigan,Distribution Center,51959,INT-4NZP9R8
3177,WH-03177,Miami,Florida,Regional DC,44218,INT-TWSDS09
3178,WH-03178,Houston,Texas,Regional DC,6688,INT-3XL7FLY
3179,WH-03179,Boston,Massachusetts,Regional DC,79611,INT-2KWVMCH
3180,WH-03180,Phoenix,Arizona,Distribution Center,62609,INT-YLXW17B
3181,WH-03181,Portland,Oregon,Cross Dock,62400,INT-WS2RXBQ
3182,WH-03182,New York,New York,Cross Dock,76872,INT-MHY6BAL
3183,WH-03183,Miami,Florida,Distribution Center,33019,INT-N0QOH0A
3184,WH-03184,New York,New York,Cross Dock,81928,INT-VFJRDYE
3185,WH-03185,Atlanta,Georgia,Cross Dock,37319,INT-C0NQHYN
3186,WH-03186,Seattle,Washington,Fulfillment Center,72861,INT-AJW61GU
3187,WH-03187,Portland,Oregon,Fulfillment Center,44639,INT-QVM2J1N
3188,WH-03188,Detroit,Michigan,Cross Dock,22912,INT-Y0XSAXA
3189,WH-03189,Denver,Colorado,Fulfillment Center,67514,INT-LKCSM3M
3190,WH-03190,Seattle,Washington,Regional DC,26708,INT-5SEZARA
3191,WH-03191,Portland,Oregon,Fulfillment Center,87321,INT-L2MWINF
3192,WH-03192,Los Angeles,California,Distribution Center,60219,INT-00WETYK
3193,WH-03193,Chicago,Illinois,Cross Dock,76446,INT-VVZLEZH
3194,WH-03194,Chicago,Illinois,Cross Dock,95462,INT-QJYJI8P
3195,WH-03195,Miami,Florida,Regional DC,5,INT-27O99VJ
3196,WH-03196,Dallas,Texas,Distribution Center,74135,INT-ZJO68F2
3197,WH-03197,Austin,Texas,Cross Dock,11288,INT-8LDRGQ6
3198,WH-03198,Houston,Texas,Regional DC,7641,INT-23RLLO1
3199,WH-03199,Houston,Texas,Regional DC,81867,INT-5URNRNA
3200,WH-03200,Austin,Texas,Distribution Center,79760,INT-APYEQ5T
3201,WH-03201,Charlotte,North Carolina,Cross Dock,30370,INT-PFGOJ83
3202,WH-03202,Seattle,Washington,Cross Dock,44462,INT-3V6G9VM
3203,WH-03203,Denver,Colorado,Fulfillment Center,11542,INT-W409JNK
3204,WH-03204,Boston,Massachusetts,Fulfillment Center,55578,INT-RLHSXJ6
3205,WH-03205,Los Angeles,California,Cross Dock,61960,INT-20BCSAK
3206,WH-03206,Houston,Texas,Fulfillment Center,43452,INT-UF0O3FF
3207,WH-03207,Denver,Colorado,Fulfillment Center,87269,INT-LMAQAKI
3208,WH-03208,Detroit,Michigan,Fulfillment Center,55658,INT-MXRUNIQ
3209,WH-03209,Miami,Florida,Regional DC,67757,INT-1QRUM5E
3210,WH-03210,Charlotte,North Carolina,Distribution Center,49764,INT-LR9B4YJ
3211,WH-03211,,Unknown,Fulfillment Center,37450,INT-OJA4R9W
3212,WH-03212,Chicago,Illinois,Regional DC,63128,INT-I4DV5NH
3213,WH-03213,Chicago,Illinois,Regional DC,45762,INT-WHSKY09
3214,WH-03214,Denver,Colorado,Regional DC,45209,INT-O80JLI0
3215,WH-03215,Austin,Texas,Cross Dock,36197,INT-XMU0OCS
3216,WH-03216,Detroit,Michigan,Cross Dock,98304,INT-9D5RSJ9
3217,WH-03217,Austin,Texas,Cross Dock,6185,INT-QGX23K5
3218,WH-03218,Dallas,Texas,Regional DC,44052,INT-V64W31B
3219,WH-03219,Dallas,Texas,Cross Dock,13989,INT-SITIUDO
3220,WH-03220,Portland,Oregon,Distribution Center,43577,INT-QURK5SR
3221,WH-03221,Chicago,Illinois,Fulfillment Center,35361,INT-UF1LN9J
3222,WH-03222,Detroit,Michigan,Cross Dock,89814,INT-OT84D9J
3223,WH-03223,Miami,Florida,Distribution Center,17917,INT-U996DZ2
3224,WH-03224,Austin,Texas,Regional DC,91544,INT-CAJL0X7
3225,WH-03225,Houston,Texas,Distribution Center,66032,INT-BBWOR7L
3226,WH-03226,Denver,Colorado,Cross Dock,38812,INT-CEYYXT6
3227,WH-03227,Houston,Texas,Distribution Center,25708,INT-LAH2Y41
3228,WH-03228,Houston,Texas,Distribution Center,92552,INT-NGCC8LA
3229,WH-03229,New York,New York,Fulfillment Center,71939,INT-DQCB1C9
3230,WH-03230,Denver,Colorado,Regional DC,30371,INT-BF9ZA6C
3231,WH-03231,Houston,Texas,Distribution Center,30634,INT-ZBQL4LP
3232,WH-03232,Boston,Massachusetts,Regional DC,37007,INT-0BJ1PY1
3233,WH-03233,,Unknown,Regional DC,15215,INT-T2CJ7WQ
3234,WH-03234,Los Angeles,California,Cross Dock,76016,INT-OQ7Q6W2
3235,WH-03235,,Unknown,Cross Dock,5168,INT-IBECEYV
3236,WH-03236,Austin,Texas,Cross Dock,77800,INT-83EFPXO
3237,WH-03237,Austin,Texas,Distribution Center,5863,INT-VUJLW1Z
3238,WH-03238,Portland,Oregon,Regional DC,21643,INT-SGM57EN
3239,WH-03239,Miami,Florida,Cross Dock,53840,INT-CY0UI1J
3240,WH-03240,New York,New York,Regional DC,56329,INT-YVML2VW
3241,WH-03241,Phoenix,Arizona,Distribution Center,89468,INT-4K00P2D
3242,WH-03242,Houston,Texas,Fulfillment Center,56382,INT-RQUC41S
3243,WH-03243,Miami,Florida,Fulfillment Center,78778,INT-79Q30TV
3244,WH-03244,Houston,Texas,Cross Dock,39732,INT-TMOLMZ7
3245,WH-03245,New York,New York,Regional DC,11317,INT-96U6QYR
3246,WH-03246,Portland,Oregon,Distribution Center,81616,INT-2MO0XWU
3247,WH-03247,Portland,Oregon,Distribution Center,97916,INT-LYRAK25
3248,WH-03248,Charlotte,North Carolina,Regional DC,33551,INT-GPVQ7WM
3249,WH-03249,Seattle,Washington,Fulfillment Center,81407,INT-RNW1ZXJ
3250,WH-03250,Phoenix,Arizona,Distribution Center,92984,INT-5NCJWAZ
3251,WH-03251,Phoenix,Arizona,Regional DC,11597,INT-DVBTCD1
3252,WH-03252,Atlanta,Georgia,Fulfillment Center,70429,INT-LO1A9OH
3253,WH-03253,Portland,Oregon,Regional DC,41276,INT-KCAFJMY
3254,WH-03254,New York,New York,Distribution Center,99090,INT-U2B1J5A
3255,WH-03255,Detroit,Michigan,Fulfillment Center,87700,INT-Q01WAFN
3256,WH-03256,Dallas,Texas,Cross Dock,86269,INT-8DXYT9A
3257,WH-03257,Boston,Massachusetts,Cross Dock,62522,INT-UN4ONVH
3258,WH-03258,Denver,Colorado,Distribution Center,18805,INT-TECYU2L
3259,WH-03259,Houston,Texas,Fulfillment Center,19930,INT-B047T5C
3260,WH-03260,Detroit,Michigan,Fulfillment Center,30184,INT-UE9VHR2
3261,WH-03261,Houston,Texas,Distribution Center,64837,INT-W46JIRP
3262,WH-03262,Phoenix,Arizona,Cross Dock,34988,INT-TDB5EKS
3263,WH-03263,Miami,Florida,Distribution Center,25315,INT-VON84TI
3264,WH-03264,Charlotte,North Carolina,Cross Dock,78068,INT-Y4LT5NY
3265,WH-03265,Seattle,Washington,Cross Dock,62343,INT-U61IZY7
3266,WH-03266,Dallas,Texas,Cross Dock,49010,INT-E7ZS51V
3267,WH-03267,Austin,Texas,Cross Dock,11058,INT-S5XSV51
3268,WH-03268,New York,New York,Distribution Center,37523,INT-NFVD2HY
3269,WH-03269,Portland,Oregon,Regional DC,47798,INT-4DHURL9
3270,WH-03270,Austin,Texas,Distribution Center,49565,INT-FD38LQG
3271,WH-03271,Denver,Colorado,Regional DC,37823,INT-ROTXD82
3272,WH-03272,Houston,Texas,Cross Dock,14673,INT-A9IQ023
3273,WH-03273,Chicago,Illinois,Fulfillment Center,73565,INT-Q7FTEU6
3274,WH-03274,Denver,Colorado,Fulfillment Center,50906,INT-9CC89ZE
3275,WH-03275,Dallas,Texas,Regional DC,5615,INT-DP937SQ
3276,WH-03276,Phoenix,Arizona,Distribution Center,98486,INT-1A8XPWP
3277,WH-03277,Charlotte,North Carolina,Regional DC,50145,INT-3A3SGIU
3278,WH-03278,Phoenix,Arizona,Cross Dock,31287,INT-WL287IF
3279,WH-03279,New York,New York,Distribution Center,67957,INT-Q9XL2NU
3280,WH-03280,Seattle,Washington,Fulfillment Center,5000000,INT-I706CF8
3281,WH-03281,Dallas,Texas,Fulfillment Center,6370,INT-2RKABHQ
3282,WH-03282,New York,New York,Regional DC,57414,INT-AWF7I1L
3283,WH-03283,Portland,Oregon,Cross Dock,50351,INT-U1X3PZH
3284,WH-03284,Phoenix,Arizona,Distribution Center,97556,INT-SN9VBPH
3285,WH-03285,Seattle,Washington,Distribution Center,79293,INT-9J4B143
3286,WH-03286,Austin,Texas,Fulfillment Center,18434,INT-UKEA9FU
3287,WH-03287,Atlanta,Georgia,Regional DC,28530,INT-ABC1BQU
3288,WH-03288,Charlotte,North Carolina,Fulfillment Center,45892,INT-FWGTY97
3289,WH-03289,Denver,Colorado,Cross Dock,13532,INT-KBFR0DU
3290,WH-03290,Chicago,Illinois,Regional DC,47983,INT-EGW2PBB
3291,WH-03291,Los Angeles,California,Fulfillment Center,5826,INT-PTNUBJK
3292,WH-03292,Detroit,Michigan,Cross Dock,86719,INT-F4POT6M
3293,WH-03293,New York,New York,Regional DC,20028,INT-LCKHPFR
3294,WH-03294,Miami,Florida,Fulfillment Center,11615,INT-MONVN91
3295,WH-03295,Seattle,Washington,Regional DC,80371,INT-ZK0C1IB
3296,WH-03296,Seattle,Washington,Cross Dock,57458,INT-PGYQF4A
3297,WH-03297,Detroit,Michigan,Cross Dock,85290,INT-Q8RT3DE
3298,WH-03298,Miami,Florida,Distribution Center,59370,INT-9A5FV8O
3299,WH-03299,Phoenix,Arizona,Distribution Center,7319,INT-V3WTCYA
3300,WH-03300,Portland,Oregon,Cross Dock,88594,INT-ILFMDNF
3301,WH-03301,Atlanta,Georgia,Fulfillment Center,28410,INT-ZI7AWJN
3302,WH-03302,Charlotte,North Carolina,Distribution Center,66674,INT-ENNPM08
3303,WH-03303,Chicago,Illinois,Fulfillment Center,17361,INT-I9F2M88
3304,WH-03304,Miami,Florida,Cross Dock,68612,INT-RV96I3Y
3305,WH-03305,Seattle,Washington,Cross Dock,45935,INT-RMOVU84
3306,WH-03306,Detroit,Michigan,Regional DC,94499,INT-H09D30Q
3307,WH-03307,Boston,Massachusetts,Regional DC,47426,INT-7JWPJ1Q
3308,WH-03308,Portland,Oregon,Regional DC,99297,INT-JT2VHL1
3309,WH-03309,New York,New York,Distribution Center,66291,INT-56ACTAC
3310,WH-03310,Houston,Texas,Cross Dock,67134,INT-LBKOKJA
3311,WH-03311,New York,New York,Fulfillment Center,93912,INT-HEZWR8K
3312,WH-03312,Phoenix,Arizona,Fulfillment Center,65816,INT-0PBE7UQ
3313,WH-03313,Houston,Texas,Fulfillment Center,47590,INT-D5AE1C0
3314,WH-03314,Charlotte,North Carolina,Cross Dock,23999,INT-1DFFJ8H
3315,WH-03315,Los Angeles,California,Fulfillment Center,66898,INT-77AWFO9
3316,WH-03316,New York,New York,Cross Dock,5922,INT-PW4RPDE
3317,WH-03317,Austin,Texas,Regional DC,79294,INT-QAXHBF7
3318,WH-03318,Portland,Oregon,Cross Dock,80961,INT-DWRY9T9
3319,WH-03319,Detroit,Michigan,Cross Dock,69185,INT-8R29634
3320,WH-03320,Charlotte,North Carolina,Distribution Center,48007,INT-RLCS0I7
3321,WH-03321,Portland,Oregon,Fulfillment Center,17292,INT-N0WCJW7
3322,WH-03322,Charlotte,North Carolina,Distribution Center,38295,INT-64ZUVZN
3323,WH-03323,Austin,Texas,Regional DC,73469,INT-JHEABEN
3324,WH-03324,New York,New York,Fulfillment Center,36231,INT-RQGD1RI
3325,WH-03325,Houston,Texas,Distribution Center,71110,INT-TBGAQS2
3326,WH-03326,Austin,Texas,Fulfillment Center,82918,INT-2MU1T0J
3327,WH-03327,Atlanta,Georgia,Distribution Center,94161,INT-3O57KN0
3328,WH-03328,Houston,Texas,Distribution Center,43825,INT-6AY5786
3329,WH-03329,Houston,Texas,Distribution Center,61222,INT-HLMIDW7
3330,WH-03330,Los Angeles,California,Fulfillment Center,85240,INT-RYSONJE
3331,WH-03331,New York,New York,Regional DC,66090,INT-GEJ38D4
3332,WH-03332,Dallas,Texas,Cross Dock,17579,INT-QJ3WSTS
3333,WH-03333,Phoenix,Arizona,Distribution Center,24876,INT-2ORI1F4
3334,WH-03334,Charlotte,North Carolina,Fulfillment Center,86392,INT-DTN03RI
3335,WH-03335,Phoenix,Arizona,Fulfillment Center,67679,INT-CIAJ2V7
3336,WH-03336,Charlotte,North Carolina,Cross Dock,78715,INT-RIJCQ4B
3337,WH-03337,Miami,Florida,Distribution Center,10221,INT-LJM6KJ5
3338,WH-03338,,Unknown,Fulfillment Center,39280,INT-046NYRO
3339,WH-03339,New York,New York,Distribution Center,76229,INT-242BPAC
3340,WH-03340,New York,New York,Distribution Center,29711,INT-4T7PP80
3341,WH-03341,Austin,Texas,Fulfillment Center,47274,INT-ZMUKCO6
3342,WH-03342,Chicago,Illinois,Fulfillment Center,96635,INT-S6AZRPN
3343,WH-03343,Austin,Texas,Fulfillment Center,58573,INT-LNAVUNZ
3344,WH-03344,Dallas,Texas,Regional DC,66975,INT-S0CKVC4
3345,WH-03345,Houston,Texas,Cross Dock,66379,INT-GYCH4A3
3346,WH-03346,Chicago,Illinois,Distribution Center,33112,INT-LGE8NV5
3347,WH-03347,Austin,Texas,Cross Dock,43596,INT-NI03412
3348,WH-03348,Charlotte,North Carolina,Fulfillment Center,55076,INT-T0U8AK4
3349,WH-03349,Charlotte,North Carolina,Regional DC,22837,INT-67BPLZV
3350,WH-03350,Portland,Oregon,Fulfillment Center,59529,INT-UIYP68Z
3351,WH-03351,Atlanta,Georgia,Distribution Center,35228,INT-IMMZOES
3352,WH-03352,Houston,Texas,Cross Dock,54663,INT-ZR0EW65
3353,WH-03353,Chicago,Illinois,Distribution Center,76854,INT-9VWAJM2
3354,WH-03354,Phoenix,Arizona,Regional DC,61580,INT-UN1YL8D
3355,WH-03355,Atlanta,Georgia,Distribution Center,86794,INT-5DGHUYU
3356,WH-03356,New York,New York,Fulfillment Center,82938,INT-HZ6L1PF
3357,WH-03357,Chicago,Illinois,Regional DC,50190,INT-YWBAK2I
3358,WH-03358,Phoenix,Arizona,Cross Dock,8746,INT-QBKSJVQ
3359,WH-03359,New York,New York,Cross Dock,94362,INT-PA8C8JX
3360,WH-03360,Phoenix,Arizona,Cross Dock,84010,INT-TXXY4R8
3361,WH-03361,Detroit,Michigan,Fulfillment Center,59361,INT-40KESQA
3362,WH-03362,Boston,Massachusetts,Regional DC,24909,INT-FGST38K
3363,WH-03363,Charlotte,North Carolina,Regional DC,25707,INT-4D5J1PU
3364,WH-03364,Detroit,Michigan,Regional DC,26289,INT-QKJTRF4
3365,WH-03365,Atlanta,Georgia,Fulfillment Center,80537,INT-9J8OH8Y
3366,WH-03366,Phoenix,Arizona,Fulfillment Center,96478,INT-Z4CXZWK
3367,WH-03367,Los Angeles,California,Distribution Center,53163,INT-5TQXC3E
3368,WH-03368,Phoenix,Arizona,Distribution Center,26993,INT-O3PG6UE
3369,WH-03369,Austin,Texas,Regional DC,36058,INT-F7TX2FF
3370,WH-03370,Phoenix,Arizona,Regional DC,63744,INT-LZ7E0BL
3371,WH-03371,Houston,Texas,Regional DC,51000,INT-C88T5G4
3372,WH-03372,Detroit,Michigan,Cross Dock,86784,INT-FLN9G6W
3373,WH-03373,Houston,Texas,Fulfillment Center,30354,INT-AC1WX2I
3374,WH-03374,Charlotte,North Carolina,Regional DC,10291,INT-UNK235P
3375,WH-03375,Atlanta,Georgia,Cross Dock,7749,INT-6FD9P3O
3376,WH-03376,Atlanta,Georgia,Distribution Center,9488,INT-0ZBO1J9
3377,WH-03377,Miami,Florida,Fulfillment Center,5514,INT-XWJ0UVB
3378,WH-03378,Atlanta,Georgia,Cross Dock,69720,INT-N75II87
3379,WH-03379,Detroit,Michigan,Distribution Center,14391,INT-X9QPVQ5
3380,WH-03380,Detroit,Michigan,Cross Dock,95102,INT-4ZBBQ63
3381,WH-03381,Detroit,Michigan,Distribution Center,54265,INT-RQ6U33L
3382,WH-03382,Phoenix,Arizona,Fulfillment Center,52292,INT-ROMQROG
3383,WH-03383,Charlotte,North Carolina,Fulfillment Center,34326,INT-VDL5AC1
3384,WH-03384,Los angeles,Unknown,Fulfillment Center,58268,INT-1WL32K5
3385,WH-03385,Detroit,Michigan,Regional DC,87420,INT-6GBBZ64
3386,WH-03386,Phoenix,Arizona,Distribution Center,46827,INT-N42TEKB
3387,WH-03387,Austin,Texas,Regional DC,66979,INT-4XF5TF3
3388,WH-03388,Seattle,Washington,Regional DC,98696,INT-193WE0C
3389,WH-03389,Denver,Colorado,Distribution Center,44873,INT-YWIA04G
3390,WH-03390,Chicago,Illinois,Regional DC,98860,INT-W1Z4D61
3391,WH-03391,Boston,Massachusetts,Fulfillment Center,75346,INT-ITS2RLI
3392,WH-03392,Portland,Oregon,Cross Dock,82834,INT-CK61KXG
3393,WH-03393,Charlotte,North Carolina,Regional DC,32784,INT-R0C0O16
3394,WH-03394,Seattle,Washington,Fulfillment Center,53845,INT-YKG0V2Z
3395,WH-03395,Atlanta,Georgia,Distribution Center,88702,INT-57NQQA8
3396,WH-03396,Dallas,Texas,Distribution Center,69809,INT-TMIGDIZ
3397,WH-03397,Seattle,Washington,Regional DC,54612,INT-X9YPIHV
3398,WH-03398,Chicago,Illinois,Fulfillment Center,38895,INT-JZHLMTG
3399,WH-03399,Boston,Massachusetts,Distribution Center,41383,INT-8NCV263
3400,WH-03400,Detroit,Michigan,Fulfillment Center,70598,INT-I2AIOWZ
3401,WH-03401,Dallas,Texas,Cross Dock,8921,INT-L03ALLJ
3402,WH-03402,Portland,Oregon,Regional DC,64885,INT-0FSOV1B
3403,WH-03403,Detroit,Michigan,Distribution Center,32442,INT-OJ3BLKF
3404,WH-03404,Atlanta,Georgia,Fulfillment Center,89733,INT-X6CRG0B
3405,WH-03405,Atlanta,Georgia,Regional DC,9999999,INT-LEVN0F8
3406,WH-03406,Phoenix,Arizona,Regional DC,65357,INT-ZLXNJO1
3407,WH-03407,Austin,Texas,Distribution Center,91788,INT-LJIIPFH
3408,WH-03408,Dallas,Texas,Fulfillment Center,61773,INT-QB6BIRB
3409,WH-03409,Denver,Colorado,Regional DC,7447,INT-QX5964G
3410,WH-03410,Boston,Massachusetts,Distribution Center,17788,INT-I2YXNQQ
3411,WH-03411,Seattle,Washington,Cross Dock,98928,INT-69EPNI2
3412,WH-03412,Phoenix,Arizona,Regional DC,88151,INT-BAC45FQ
3413,WH-03413,Charlotte,North Carolina,Fulfillment Center,17364,INT-C0NZYRU
3414,WH-03414,Phoenix,Arizona,Regional DC,29097,INT-3R4TU4Z
3415,WH-03415,Portland,Oregon,Cross Dock,91675,INT-IGKYXG8
3416,WH-03416,Miami,Florida,Cross Dock,44068,INT-VA32927
3417,WH-03417,Denver,Colorado,Distribution Center,28691,INT-3654S6L
3418,WH-03418,Phoenix,Arizona,Fulfillment Center,28586,INT-IU9S3ZP
3419,WH-03419,Atlanta,Georgia,Regional DC,8616,INT-LAXGVOH
3420,WH-03420,Boston,Massachusetts,Regional DC,27213,INT-LTQT2ZQ
3421,WH-03421,Portland,Oregon,Fulfillment Center,92028,INT-AU4YIT8
3422,WH-03422,Phoenix,Arizona,Cross Dock,32566,INT-QJMWG8E
3423,WH-03423,Detroit,Michigan,Regional DC,59944,INT-C155KU8
3424,WH-03424,Atlanta,Georgia,Regional DC,17139,INT-SKGNJ53
3425,WH-03425,Chicago,Illinois,Regional DC,98969,INT-9MYLSEX
3426,WH-03426,Boston,Massachusetts,Distribution Center,56483,INT-QO0YGYU
3427,WH-03427,Dallas,Texas,Distribution Center,58018,INT-CRD0TP0
3428,WH-03428,Miami,Florida,Fulfillment Center,96138,INT-BR9Q9JZ
3429,WH-03429,Boston,Massachusetts,Cross Dock,5260,INT-KOTW5L8
3430,WH-03430,Austin,Texas,Distribution Center,35777,INT-Z49JGYU
3431,WH-03431,Austin,Texas,Cross Dock,79211,INT-S0SFLFY
3432,WH-03432,Denver,Colorado,Distribution Center,85412,INT-K4U63PD
3433,WH-03433,Miami,Florida,Cross Dock,40251,INT-M0L1IQ5
3434,WH-03434,Houston,Texas,Regional DC,38499,INT-ZMFZ2DT
3435,WH-03435,Portland,Oregon,Distribution Center,25133,INT-YJN7Y5G
3436,WH-03436,Denver,Colorado,Distribution Center,53839,INT-N3FAISH
3437,WH-03437,Houston,Texas,Distribution Center,86561,INT-15PKUQW
3438,WH-03438,Phoenix,Arizona,Cross Dock,10092,INT-55ZPK67
3439,WH-03439,Charlotte,North Carolina,Cross Dock,67830,INT-U01YY81
3440,WH-03440,Phoenix,Arizona,Distribution Center,9999999,INT-A14LL15
3441,WH-03441,Austin,Texas,Distribution Center,98127,INT-1N8K4XN
3442,WH-03442,Phoenix,Arizona,Distribution Center,32133,INT-KBJM6PA
3443,WH-03443,Seattle,Washington,Fulfillment Center,19117,INT-ZXI9VD3
3444,WH-03444,Austin,Texas,Cross Dock,62337,INT-C6COJHV
3445,WH-03445,Seattle,Washington,Regional DC,56130,INT-HMDM6ID
3446,WH-03446,Austin,Texas,Distribution Center,47692,INT-KJZZ3PT
3447,WH-03447,New York,New York,Cross Dock,97291,INT-KIDBHYX
3448,WH-03448,Chicago,Illinois,Regional DC,99720,INT-61IV17J
3449,WH-03449,Miami,Florida,Distribution Center,72839,INT-62Z9787
3450,WH-03450,Los Angeles,California,Cross Dock,5,INT-WAYLNU5
3451,WH-03451,Atlanta,Georgia,Regional DC,44723,INT-FHEOD4Z
3452,WH-03452,Seattle,Washington,Distribution Center,33840,INT-QTRXB1T
3453,WH-03453,Portland,Oregon,Regional DC,91923,INT-NXD2DTK
3454,WH-03454,Boston,Massachusetts,Fulfillment Center,68020,INT-TIF3I2Y
3455,WH-03455,Portland,Oregon,Regional DC,29353,INT-20VYCDQ
3456,WH-03456,Austin,Texas,Fulfillment Center,46293,INT-XMZT0DI
3457,WH-03457,Austin,Texas,Cross Dock,22344,INT-5DGVPP3
3458,WH-03458,Denver,Colorado,Fulfillment Center,56676,INT-MW3WM9L
3459,WH-03459,Atlanta,Georgia,Fulfillment Center,98960,INT-5NGCX3B
3460,WH-03460,Miami,Florida,Distribution Center,97764,INT-R5CQ0SQ
3461,WH-03461,Dallas,Texas,Regional DC,95848,INT-DD95PC4
3462,WH-03462,Austin,Texas,Regional DC,19530,INT-JGAY5YP
3463,WH-03463,Houston,Texas,Distribution Center,39147,INT-4C9FDPJ
3464,WH-03464,Austin,Texas,Cross Dock,98654,INT-HYW9L5A
3465,WH-03465,,Unknown,Regional DC,93563,INT-PF3I18Y
3466,WH-03466,Seattle,Washington,Regional DC,14438,INT-RZVTJZ8
3467,WH-03467,Boston,Massachusetts,Cross Dock,79633,INT-OTWOFV1
3468,WH-03468,Dallas,Texas,Fulfillment Center,69450,INT-C4UYVEO
3469,WH-03469,New York,New York,Regional DC,35211,INT-HYD5MTK
3470,WH-03470,Boston,Massachusetts,Distribution Center,20298,INT-5G40N49
3471,WH-03471,Seattle,Washington,Cross Dock,90713,INT-84ZXQWD
3472,WH-03472,Detroit,Michigan,Cross Dock,70327,INT-PQEZPEW
3473,WH-03473,Los Angeles,California,Fulfillment Center,17327,INT-FEDCDW7
3474,WH-03474,Dallas,Texas,Fulfillment Center,80739,INT-SQ441BR
3475,WH-03475,Dallas,Texas,Distribution Center,81164,INT-KC4EKN3
3476,WH-03476,New York,New York,Distribution Center,76831,INT-U3JBRJ4
3477,WH-03477,Seattle,Washington,Distribution Center,95196,INT-CSBZ6VW
3478,WH-03478,Austin,Texas,Regional DC,24259,INT-8GPCE5G
3479,WH-03479,Atlanta,Georgia,Cross Dock,18534,INT-TG9683L
3480,WH-03480,Detroit,Michigan,Cross Dock,54106,INT-S89PLRH
3481,WH-03481,Los Angeles,California,Fulfillment Center,73264,INT-00CZLJY
3482,WH-03482,Miami,Florida,Distribution Center,77408,INT-YHWLLT3
3483,WH-03483,Charlotte,North Carolina,Regional DC,99057,INT-4Q3U1F3
3484,WH-03484,Charlotte,North Carolina,Regional DC,96316,INT-H2JWFNZ
3485,WH-03485,Houston,Texas,Distribution Center,29450,INT-66H0LH9
3486,WH-03486,Phoenix,Arizona,Fulfillment Center,78409,INT-YMN73U1
3487,WH-03487,Austin,Texas,Cross Dock,91464,INT-SDLUE0U
3488,WH-03488,,Unknown,Cross Dock,65577,INT-WVMZIOW
3489,WH-03489,Atlanta,Georgia,Distribution Center,89386,INT-S3IMT21
3490,WH-03490,Miami,Florida,Distribution Center,19108,INT-D82NY3F
3491,WH-03491,Phoenix,Arizona,Distribution Center,49514,INT-GYTYEQU
3492,WH-03492,Miami,Florida,Distribution Center,17755,INT-GFML1W3
3493,WH-03493,Atlanta,Georgia,Regional DC,78384,INT-H7TSJ4F
3494,WH-03494,Boston,Massachusetts,Cross Dock,97953,INT-P6892ZL
3495,WH-03495,Boston,Massachusetts,Regional DC,80712,INT-P0HQDPW
3496,WH-03496,Charlotte,North Carolina,Regional DC,87838,INT-N2ELP2D
3497,WH-03497,New York,New York,Fulfillment Center,41916,INT-7Q4IYAL
3498,WH-03498,Miami,Florida,Fulfillment Center,25800,INT-HTLH74R
3499,WH-03499,Atlanta,Georgia,Fulfillment Center,65215,INT-1GN7XBO
3500,WH-03500,New York,New York,Cross Dock,9726,INT-KCC2ZKJ
3501,WH-03501,New York,New York,Cross Dock,76471,INT-OJ1HME6
3502,WH-03502,Miami,Florida,Regional DC,37568,INT-V8KY5NH
3503,WH-03503,Phoenix,Arizona,Regional DC,26047,INT-BQY3R4I
3504,WH-03504,Seattle,Washington,Fulfillment Center,51741,INT-FW8XJOV
3505,WH-03505,Seattle,Washington,Cross Dock,47772,INT-YUJDC5Q
3506,WH-03506,Portland,Oregon,Fulfillment Center,46377,INT-A5CJ3AM
3507,WH-03507,Denver,Colorado,Cross Dock,65764,INT-G0XWD63
3508,WH-03508,Phoenix,Arizona,Fulfillment Center,35838,INT-QDA0BDN
3509,WH-03509,Phoenix,Arizona,Cross Dock,83310,INT-W809CEO
3510,WH-03510,New York,New York,Cross Dock,38900,INT-2ZVWA0Z
3511,WH-03511,Seattle,Washington,Cross Dock,87226,INT-QP2SYBM
3512,WH-03512,Dallas,Texas,Fulfillment Center,98476,INT-3XLHFT6
3513,WH-03513,Detroit,Michigan,Distribution Center,65718,INT-TQN9LM0
3514,WH-03514,Portland,Oregon,Fulfillment Center,13218,INT-Y7G9MFC
3515,WH-03515,Houston,Texas,Fulfillment Center,68699,INT-X7BSPZY
3516,WH-03516,Atlanta,Georgia,Distribution Center,22353,INT-OD54Y9C
3517,WH-03517,Austin,Texas,Fulfillment Center,91000,INT-3W6KDMN
3518,WH-03518,Denver,Colorado,Distribution Center,96808,INT-VO4FY42
3519,WH-03519,Chicago,Illinois,Fulfillment Center,22352,INT-0V1RNPZ
3520,WH-03520,Seattle,Washington,Cross Dock,74581,INT-UQ273RL
3521,WH-03521,Charlotte,North Carolina,Cross Dock,52837,INT-UL3D1I0
3522,WH-03522,Detroit,Michigan,Distribution Center,91138,INT-CHW1NXR
3523,WH-03523,Seattle,Washington,Cross Dock,41987,INT-EHEPIS4
3524,WH-03524,Portland,Oregon,Distribution Center,70513,INT-52KSZ8N
3525,WH-03525,Chicago,Illinois,Distribution Center,79717,INT-YXU6MKQ
3526,WH-03526,Charlotte,North Carolina,Fulfillment Center,46016,INT-EGBH7L5
3527,WH-03527,Miami,Florida,Regional DC,48699,INT-CENO0CZ
3528,WH-03528,New York,New York,Fulfillment Center,57187,INT-IJHCMKJ
3529,WH-03529,Detroit,Michigan,Distribution Center,48255,INT-KQ16V8V
3530,WH-03530,Boston,Massachusetts,Cross Dock,18351,INT-V9G89T9
3531,WH-03531,Detroit,Michigan,Regional DC,61445,INT-AN6XCBU
3532,WH-03532,Austin,Texas,Fulfillment Center,85088,INT-UTYEUZY
3533,WH-03533,Chicago,Illinois,Fulfillment Center,65629,INT-X4TJ8B4
3534,WH-03534,Portland,Oregon,Cross Dock,99265,INT-LJRV5N1
3535,WH-03535,Detroit,Michigan,Distribution Center,91285,INT-KD9ACCF
3536,WH-03536,Houston,Texas,Distribution Center,74133,INT-AUT41HH
3537,WH-03537,HOUSTON,Unknown,Cross Dock,86257,INT-Z7R4CTI
3538,WH-03538,Phoenix,Arizona,Fulfillment Center,72558,INT-MFX0N7G
3539,WH-03539,Seattle,Washington,Fulfillment Center,54578,INT-Q85CVRK
3540,WH-03540,New York,New York,Cross Dock,33061,INT-EOBTUBK
3541,WH-03541,Los Angeles,California,Regional DC,69388,INT-XBVN0HZ
3542,WH-03542,Detroit,Michigan,Fulfillment Center,14389,INT-HCN8QFK
3543,WH-03543,Miami,Florida,Regional DC,21156,INT-Q2K0JL2
3544,WH-03544,Chicago,Illinois,Regional DC,17448,INT-B3Q2ZCD
3545,WH-03545,Denver,Colorado,Distribution Center,57046,INT-7RNK0NZ
3546,WH-03546,Charlotte,North Carolina,Regional DC,71262,INT-ECUZIXC
3547,WH-03547,Boston,Massachusetts,Distribution Center,68280,INT-VQIU1TR
3548,WH-03548,New York,New York,Distribution Center,10195,INT-QZ3W20N
3549,WH-03549,,Unknown,Cross Dock,23042,INT-26H6WJ5
3550,WH-03550,Seattle,Washington,Fulfillment Center,58830,INT-GIWW7NG
3551,WH-03551,Portland,Oregon,Fulfillment Center,96942,INT-IE3GU0O
3552,WH-03552,Miami,Florida,Cross Dock,10080,INT-Q32TE75
3553,WH-03553,Charlotte,North Carolina,Fulfillment Center,80338,INT-JF7XQ5X
3554,WH-03554,Portland,Oregon,Fulfillment Center,55818,INT-O0AZW73
3555,WH-03555,Chicago,Illinois,Distribution Center,7629,INT-KS41L20
3556,WH-03556,Detroit,Michigan,Regional DC,10791,INT-BWXBBZ6
3557,WH-03557,Houston,Texas,Regional DC,72823,INT-JI5ZPMB
3558,WH-03558,,Unknown,Distribution Center,30976,INT-84SQG6F
3559,WH-03559,Atlanta,Georgia,Distribution Center,79852,INT-1QU9JL7
3560,WH-03560,LOS ANGELES,Unknown,Cross Dock,86003,INT-H53FJ5C
3561,WH-03561,Denver,Colorado,Regional DC,95207,INT-2VWD5K5
3562,WH-03562,Boston,Massachusetts,Regional DC,92913,INT-ROD99CX
3563,WH-03563,Atlanta,Georgia,Regional DC,18306,INT-9GNACO7
3564,WH-03564,Austin,Texas,Distribution Center,60962,INT-0NJ1493
3565,WH-03565,Miami,Florida,Distribution Center,32590,INT-CQFPJT8
3566,WH-03566,Phoenix,Arizona,Cross Dock,25356,INT-75C9L7W
3567,WH-03567,,Unknown,Distribution Center,63898,INT-MJ4LC9S
3568,WH-03568,Portland,Oregon,Distribution Center,48919,INT-TYHYXGA
3569,WH-03569,Seattle,Washington,Cross Dock,39471,INT-24KKDXM
3570,WH-03570,Detroit,Michigan,Fulfillment Center,63772,INT-I5PJZ4T
3571,WH-03571,Denver,Colorado,Regional DC,87377,INT-6W9R9RW
3572,WH-03572,Detroit,Michigan,Distribution Center,22898,INT-TE8YWEG
3573,WH-03573,Dallas,Texas,Distribution Center,63420,INT-X9P3BLF
3574,WH-03574,Phoenix,Arizona,Regional DC,97860,INT-21HP24A
3575,WH-03575,Boston,Massachusetts,Regional DC,54419,INT-JT3T1DD
3576,WH-03576,Denver,Colorado,Cross Dock,85027,INT-BDMBMB0
3577,WH-03577,Seattle,Washington,Distribution Center,55918,INT-QNYREM1
3578,WH-03578,New York,New York,Fulfillment Center,55366,INT-DT7TUTY
3579,WH-03579,Detroit,Michigan,Regional DC,43279,INT-RT25KOW
3580,WH-03580,Atlanta,Georgia,Fulfillment Center,57576,INT-QJXCOAG
3581,WH-03581,Miami,Florida,Fulfillment Center,84346,INT-JBQDPVP
3582,WH-03582,Chicago,Illinois,Cross Dock,50231,INT-5E27BBN
3583,WH-03583,Seattle,Washington,Regional DC,52879,INT-3TX7Z6J
3584,WH-03584,Portland,Oregon,Cross Dock,9823,INT-MJ5QKUL
3585,WH-03585,Atlanta,Georgia,Regional DC,24393,INT-9C8U5CT
3586,WH-03586,Charlotte,North Carolina,Cross Dock,94406,INT-05T3DBM
3587,WH-03587,Denver,Colorado,Fulfillment Center,6830,INT-2CN78XV
3588,WH-03588,Dallas,Texas,Fulfillment Center,26425,INT-8672LET
3589,WH-03589,Detroit,Michigan,Fulfillment Center,61378,INT-BQL8TAM
3590,WH-03590,Seattle,Washington,Fulfillment Center,71737,INT-ETZ0WPG
3591,WH-03591,Boston,Massachusetts,Distribution Center,36939,INT-NZAOD1S
3592,WH-03592,Boston,Massachusetts,Fulfillment Center,62024,INT-Q8KRRQV
3593,WH-03593,Chicago,Illinois,Cross Dock,15154,INT-SMJ0HDN
3594,WH-03594,Dallas,Texas,Regional DC,32922,INT-JSJE98F
3595,WH-03595,Denver,Colorado,Regional DC,59161,INT-G2D5Z2S
3596,WH-03596,Seattle,Washington,Regional DC,45524,INT-ZFB9KCR
3597,WH-03597,New York,New York,Cross Dock,98534,INT-EYR5XOK
3598,WH-03598,Phoenix,Arizona,Cross Dock,63419,INT-V8597OG
3599,WH-03599,Austin,Texas,Fulfillment Center,17325,INT-45C58DC
3600,WH-03600,Dallas,Texas,Fulfillment Center,75583,INT-9C2FBHE
3601,WH-03601,Houston,Texas,Cross Dock,95806,INT-MRGE8QP
3602,WH-03602,Houston,Texas,Regional DC,99467,INT-FEFH5KA
3603,WH-03603,Seattle,Washington,Cross Dock,49833,INT-DOJNE2P
3604,WH-03604,Charlotte,North Carolina,Distribution Center,90063,INT-48WRL8Q
3605,WH-03605,Detroit,Michigan,Distribution Center,29005,INT-LWB546X
3606,WH-03606,New York,New York,Cross Dock,25453,INT-VV98N6P
3607,WH-03607,Houston,Texas,Cross Dock,9999999,INT-OFZZII0
3608,WH-03608,Detroit,Michigan,Regional DC,88821,INT-QRNJPTU
3609,WH-03609,,Unknown,Cross Dock,97413,INT-N2BFP7J
3610,WH-03610,Denver,Colorado,Fulfillment Center,18353,INT-9ZQB2JN
3611,WH-03611,Los Angeles,California,Cross Dock,78377,INT-O7YOX03
3612,WH-03612,Denver,Colorado,Regional DC,19306,INT-Z7MTNHE
3613,WH-03613,Houston,Texas,Fulfillment Center,98302,INT-GU352EI
3614,WH-03614,Boston,Massachusetts,Cross Dock,78734,INT-DOXXLJ1
3615,WH-03615,Chicago,Illinois,Distribution Center,26958,INT-1TBZHTY
3616,WH-03616,Denver,Colorado,Cross Dock,83061,INT-C01LC21
3617,WH-03617,Seattle,Washington,Regional DC,49534,INT-DQF01CV
3618,WH-03618,Houston,Texas,Regional DC,66663,INT-H9L8BLH
3619,WH-03619,Chicago,Illinois,Regional DC,70721,INT-5UEZRP6
3620,WH-03620,Portland,Oregon,Cross Dock,72930,INT-D10P05V
3621,WH-03621,Detroit,Michigan,Distribution Center,88757,INT-1BAR9AX
3622,WH-03622,Dallas,Texas,Fulfillment Center,91566,INT-JTCREL3
3623,WH-03623,Denver,Colorado,Cross Dock,14520,INT-MD86VAK
3624,WH-03624,Charlotte,North Carolina,Cross Dock,46913,INT-EIKLN6T
3625,WH-03625,New York,New York,Distribution Center,53255,INT-01GK73V
3626,WH-03626,Austin,Texas,Regional DC,27174,INT-3UIPIXO
3627,WH-03627,Miami,Florida,Regional DC,45601,INT-J71I4VH
3628,WH-03628,Chicago,Illinois,Fulfillment Center,71976,INT-FQ76Y2K
3629,WH-03629,Denver,Colorado,Fulfillment Center,87820,INT-84XPAQK
3630,WH-03630,Denver,Colorado,Fulfillment Center,23366,INT-OFOLLFA
3631,WH-03631,Charlotte,North Carolina,Cross Dock,63968,INT-6X3SWU8
3632,WH-03632,New york,Unknown,Distribution Center,87837,INT-CSWMTBH
3633,WH-03633,Houston,Texas,Distribution Center,81433,INT-F7PTVYX
3634,WH-03634,Austin,Texas,Fulfillment Center,45994,INT-2H015KI
3635,WH-03635,Phoenix,Arizona,Distribution Center,9153,INT-C552THT
3636,WH-03636,Los Angeles,California,Cross Dock,51974,INT-FU6GO58
3637,WH-03637,Phoenix,Arizona,Cross Dock,28071,INT-N6AN9UA
3638,WH-03638,Denver,Colorado,Regional DC,64652,INT-1IVG9E9
3639,WH-03639,Phoenix,Arizona,Distribution Center,78471,INT-M2ZPZZP
3640,WH-03640,Atlanta,Georgia,Fulfillment Center,90755,INT-KTNNYEH
3641,WH-03641,Houston,Texas,Cross Dock,21796,INT-MADB8MB
3642,WH-03642,Portland,Oregon,Fulfillment Center,83790,INT-R4W9119
3643,WH-03643,Phoenix,Arizona,Regional DC,9128,INT-8GJVKGM
3644,WH-03644,Austin,Texas,Fulfillment Center,10647,INT-0Q08ZDY
3645,WH-03645,Denver,Colorado,Distribution Center,10155,INT-SSGYY9A
3646,WH-03646,New York,New York,Regional DC,46294,INT-0A8A1DH
3647,WH-03647,Portland,Oregon,Distribution Center,67247,INT-43MN6PA
3648,WH-03648,Detroit,Michigan,Distribution Center,27695,INT-GJA2OQQ
3649,WH-03649,Miami,Florida,Distribution Center,68204,INT-8Y0MGWT
3650,WH-03650,Seattle,Washington,Cross Dock,89688,INT-THBEARH
3651,WH-03651,Miami,Florida,Fulfillment Center,68641,INT-45P8GIH
3652,WH-03652,Charlotte,North Carolina,Fulfillment Center,64249,INT-8AMBA3Y
3653,WH-03653,Seattle,Washington,Cross Dock,33294,INT-DXLI6KW
3654,WH-03654,Austin,Texas,Cross Dock,18103,INT-2TW7XZC
3655,WH-03655,Austin,Texas,Fulfillment Center,94976,INT-N0GJKWR
3656,WH-03656,Dallas,Texas,Cross Dock,47530,INT-BCA17LQ
3657,WH-03657,Boston,Massachusetts,Regional DC,83923,INT-I08KYHC
3658,WH-03658,Portland,Oregon,Fulfillment Center,84061,INT-V9LUYOQ
3659,WH-03659,Charlotte,North Carolina,Distribution Center,18286,INT-90U4A0Y
3660,WH-03660,Phoenix,Arizona,Cross Dock,23641,INT-48C39C4
3661,WH-03661,Seattle,Washington,Distribution Center,38833,INT-WU006P7
3662,WH-03662,Houston,Texas,Distribution Center,61454,INT-YO0OIE3
3663,WH-03663,Los Angeles,California,Cross Dock,68339,INT-XE7ZHAP
3664,WH-03664,Denver,Colorado,Regional DC,70446,INT-A3K085T
3665,WH-03665,Charlotte,North Carolina,Regional DC,85222,INT-S8D90JM
3666,WH-03666,Chicago,Illinois,Regional DC,36027,INT-5UIVXKB
3667,WH-03667,Houston,Texas,Fulfillment Center,63877,INT-L0YF8QZ
3668,WH-03668,New York,New York,Distribution Center,95058,INT-H8935U0
3669,WH-03669,New York,New York,Fulfillment Center,81334,INT-G1R8V9T
3670,WH-03670,New York,New York,Cross Dock,84087,INT-7GY7MEK
3671,WH-03671,Denver,Colorado,Fulfillment Center,26071,INT-DCZJEBV
3672,WH-03672,Atlanta,Georgia,Cross Dock,81948,INT-FX5OCYH
3673,WH-03673,Austin,Texas,Cross Dock,33849,INT-V5LDO45
3674,WH-03674,Austin,Texas,Fulfillment Center,36874,INT-MBOK6FX
3675,WH-03675,Houston,Texas,Regional DC,28750,INT-40XFSZI
3676,WH-03676,Charlotte,North Carolina,Cross Dock,9332,INT-OCB9ZF0
3677,WH-03677,Portland,Oregon,Regional DC,35908,INT-HQTTUIP
3678,WH-03678,Chicago,Illinois,Distribution Center,60937,INT-8S7L53A
3679,WH-03679,Charlotte,North Carolina,Distribution Center,30138,INT-XJE4CE4
3680,WH-03680,Los Angeles,California,Regional DC,63106,INT-GVUHGBW
3681,WH-03681,Dallas,Texas,Regional DC,41186,INT-GJ707LI
3682,WH-03682,Boston,Massachusetts,Fulfillment Center,47010,INT-5A8QU60
3683,WH-03683,Miami,Florida,Regional DC,47059,INT-RFMII13
3684,WH-03684,Denver,Colorado,Regional DC,22260,INT-IPAUVBH
3685,WH-03685,Charlotte,North Carolina,Cross Dock,80474,INT-58KVK2V
3686,WH-03686,Austin,Texas,Fulfillment Center,75845,INT-B43ZSDF
3687,WH-03687,Miami,Florida,Distribution Center,38819,INT-241EFQZ
3688,WH-03688,CHICAGO,Unknown,Regional DC,56379,INT-RSLLJG9
3689,WH-03689,Houston,Texas,Regional DC,8168,INT-Y64BOF4
3690,WH-03690,Los Angeles,California,Fulfillment Center,40927,INT-Z6IRLO9
3691,WH-03691,Miami,Florida,Fulfillment Center,6065,INT-CNLE2ZV
3692,WH-03692, Houston,Texas,Cross Dock,98878,INT-N2A23G7
3693,WH-03693,New York,New York,Cross Dock,39107,INT-JSYQ39B
3694,WH-03694,New York,New York,Regional DC,43847,INT-HMD4P85
3695,WH-03695,Chicago,Illinois,Regional DC,83568,INT-VT9S0E4
3696,WH-03696,Atlanta,Georgia,Distribution Center,38964,INT-HA6DP2H
3697,WH-03697,Denver,Colorado,Fulfillment Center,81905,INT-EM9CR32
3698,WH-03698,Los Angeles,California,Distribution Center,64886,INT-BSGRU8L
3699,WH-03699,Seattle,Washington,Cross Dock,88339,INT-G2QO77Z
3700,WH-03700,Miami,Florida,Cross Dock,78262,INT-O7VAYW1
3701,WH-03701,Los Angeles,California,Regional DC,23838,INT-IPQ4L50
3702,WH-03702,Austin,Texas,Distribution Center,30085,INT-A4TRXXV
3703,WH-03703,Portland,Oregon,Distribution Center,16257,INT-R3VZNRX
3704,WH-03704,Detroit,Michigan,Regional DC,20428,INT-6FOR7QV
3705,WH-03705,Austin,Texas,Distribution Center,53994,INT-4224BDZ
3706,WH-03706,Denver,Colorado,Fulfillment Center,33970,INT-ZBO4LZ2
3707,WH-03707,Seattle,Washington,Regional DC,84269,INT-43I383E
3708,WH-03708,Los Angeles,California,Distribution Center,94889,INT-YHAJUA3
3709,WH-03709,Portland,Oregon,Distribution Center,99202,INT-CZRI67H
3710,WH-03710,,Unknown,Fulfillment Center,29306,INT-TLC5S11
3711,WH-03711,Austin,Texas,Cross Dock,48089,INT-TIGVL2R
3712,WH-03712,Miami,Florida,Regional DC,78479,INT-GKG9THZ
3713,WH-03713,Dallas,Texas,Distribution Center,81382,INT-CON5PL1
3714,WH-03714,Miami,Florida,Fulfillment Center,80003,INT-JS3IQHB
3715,WH-03715,Detroit,Michigan,Distribution Center,67825,INT-HEU31BU
3716,WH-03716,Boston,Massachusetts,Cross Dock,25832,INT-7TEAH64
3717,WH-03717,Chicago,Illinois,Regional DC,24303,INT-JHP6L5R
3718,WH-03718,New York,New York,Regional DC,97903,INT-FJ3ZCNG
3719,WH-03719,Detroit,Michigan,Fulfillment Center,39982,INT-U78XN73
3720,WH-03720,Dallas,Texas,Distribution Center,49948,INT-NILTFGZ
3721,WH-03721,Detroit,Michigan,Fulfillment Center,7316,INT-06OXA0P
3722,WH-03722,Los Angeles,California,Distribution Center,65111,INT-MO22D0U
3723,WH-03723,Phoenix,Arizona,Fulfillment Center,60593,INT-P0S4KD3
3724,WH-03724,Los Angeles,California,Distribution Center,22089,INT-9GIL296
3725,WH-03725,Atlanta,Georgia,Cross Dock,13853,INT-PO5256M
3726,WH-03726,Charlotte,North Carolina,Regional DC,90375,INT-VIO9GRG
3727,WH-03727,Detroit,Michigan,Fulfillment Center,81642,INT-QMZN549
3728,WH-03728,Austin,Texas,Distribution Center,66097,INT-7VUZHMI
3729,WH-03729,,Unknown,Regional DC,31545,INT-D7XN39Q
3730,WH-03730,Houston,Texas,Regional DC,45832,INT-SVHDO0A
3731,WH-03731,Boston,Massachusetts,Regional DC,78515,INT-T4T1ZBB
3732,WH-03732,Portland,Oregon,Fulfillment Center,96210,INT-OYQ8WVT
3733,WH-03733,Portland,Oregon,Distribution Center,71881,INT-6VO0W88
3734,WH-03734,Boston,Massachusetts,Regional DC,19889,INT-AEZD9KJ
3735,WH-03735,New York,New York,Distribution Center,67097,INT-HC361PE
3736,WH-03736,Phoenix,Arizona,Regional DC,16554,INT-ZTRE9L0
3737,WH-03737,Chicago,Illinois,Regional DC,45765,INT-2N928T6
3738,WH-03738,Austin,Texas,Distribution Center,77431,INT-SMJ1A7I
3739,WH-03739,Los Angeles,California,Fulfillment Center,86052,INT-JNMZH8P
3740,WH-03740,Boston,Massachusetts,Cross Dock,37161,INT-0AM6K8T
3741,WH-03741,Atlanta,Georgia,Distribution Center,82610,INT-4PMI86F
3742,WH-03742,Detroit,Michigan,Distribution Center,48194,INT-SOJHRF2
3743,WH-03743,Denver,Colorado,Regional DC,14083,INT-6M24K5A
3744,WH-03744,New York,New York,Distribution Center,13236,INT-9LX7XWT
3745,WH-03745,Dallas,Texas,Distribution Center,6849,INT-9LYH9LA
3746,WH-03746,Atlanta,Georgia,Cross Dock,47874,INT-14YM0WA
3747,WH-03747,Miami,Florida,Distribution Center,64914,INT-BMBXSB5
3748,WH-03748,Portland,Oregon,Distribution Center,56397,INT-B2HH33Z
3749,WH-03749,Austin,Texas,Regional DC,44347,INT-RYLX4Q4
3750,WH-03750,Phoenix,Arizona,Cross Dock,33611,INT-82C916T
3751,WH-03751,,Unknown,Regional DC,71897,INT-HAMK9WT
3752,WH-03752,Miami,Florida,Distribution Center,97637,INT-HBJXTB7
3753,WH-03753,Charlotte,North Carolina,Distribution Center,92005,INT-LW8N3IB
3754,WH-03754,Portland,Oregon,Distribution Center,33784,INT-HLU94FZ
3755,WH-03755,Charlotte,North Carolina,Distribution Center,15301,INT-K3WTB7R
3756,WH-03756,Los Angeles,California,Fulfillment Center,59711,INT-55UBS7N
3757,WH-03757,Charlotte,North Carolina,Regional DC,8157,INT-TMN0866
3758,WH-03758,Boston,Massachusetts,Regional DC,48092,INT-A69UQ5E
3759,WH-03759,Charlotte,North Carolina,Regional DC,90709,INT-965V5E5
3760,WH-03760,Portland,Oregon,Cross Dock,53948,INT-GOK6RIL
3761,WH-03761,Atlanta,Georgia,Cross Dock,45657,INT-7QB0IOI
3762,WH-03762,Boston,Massachusetts,Fulfillment Center,36011,INT-249MPVF
3763,WH-03763,Denver,Colorado,Distribution Center,8247,INT-PYB9KUZ
3764,WH-03764,New York,New York,Fulfillment Center,69208,INT-PC1P1HQ
3765,WH-03765,Charlotte,North Carolina,Fulfillment Center,24564,INT-AEX8P9N
3766,WH-03766,Chicago,Illinois,Fulfillment Center,62991,INT-LUKCM2J
3767,WH-03767,Boston,Massachusetts,Distribution Center,6373,INT-UUHFWWI
3768,WH-03768,Miami,Florida,Fulfillment Center,78240,INT-VULKNBV
3769,WH-03769,Portland,Oregon,Cross Dock,86142,INT-44SSVAZ
3770,WH-03770,Denver,Colorado,Fulfillment Center,92806,INT-CCFMW2V
3771,WH-03771,Houston,Texas,Cross Dock,59568,INT-XDY2IV0
3772,WH-03772,,Unknown,Regional DC,76560,INT-DIX5B4I
3773,WH-03773,Dallas,Texas,Cross Dock,36078,INT-77FKBXI
3774,WH-03774,Atlanta,Georgia,Cross Dock,8266,INT-0EU80EH
3775,WH-03775,Seattle,Washington,Fulfillment Center,34543,INT-CV0HTCQ
3776,WH-03776,Phoenix,Arizona,Cross Dock,53086,INT-J4YMSL5
3777,WH-03777,Atlanta,Georgia,Fulfillment Center,22355,INT-Q3FYVZK
3778,WH-03778,Denver,Colorado,Fulfillment Center,89521,INT-YX3R2I3
3779,WH-03779,Seattle,Washington,Cross Dock,48689,INT-3L01HYG
3780,WH-03780,Portland,Oregon,Distribution Center,85446,INT-2AE77IR
3781,WH-03781,,Unknown,Regional DC,25729,INT-NR3NWXJ
3782,WH-03782,Portland,Oregon,Distribution Center,31757,INT-X05LI6U
3783,WH-03783,Denver,Colorado,Cross Dock,96781,INT-8H8HAC3
3784,WH-03784,Atlanta,Georgia,Fulfillment Center,13873,INT-5VU8QG3
3785,WH-03785,Seattle,Washington,Fulfillment Center,72350,INT-5ICML71
3786,WH-03786,LOS ANGELES,Unknown,Cross Dock,33466,INT-9EFV7WW
3787,WH-03787,Detroit,Michigan,Cross Dock,95958,INT-DYCNZ5P
3788,WH-03788,Portland,Oregon,Regional DC,14900,INT-JNGHPUS
3789,WH-03789,,Unknown,Cross Dock,66013,INT-8L89KYV
3790,WH-03790,Austin,Texas,Regional DC,44744,INT-K0529CU
3791,WH-03791,Dallas,Texas,Cross Dock,84807,INT-AKDX9A6
3792,WH-03792,New York,New York,Regional DC,36172,INT-SYGAJTE
3793,WH-03793,Charlotte,North Carolina,Fulfillment Center,70985,INT-S0Y934V
3794,WH-03794,New York,New York,Distribution Center,73532,INT-KQJZ8B6
3795,WH-03795,Atlanta,Georgia,Fulfillment Center,64330,INT-02PERI3
3796,WH-03796,Los Angeles,California,Fulfillment Center,70148,INT-4MQZDQB
3797,WH-03797,Phoenix,Arizona,Fulfillment Center,79009,INT-UPKZW02
3798,WH-03798,New York,New York,Fulfillment Center,53748,INT-LNA93KB
3799,WH-03799,Boston,Massachusetts,Cross Dock,32140,INT-OW4A8CZ
3800,WH-03800,Dallas,Texas,Cross Dock,18266,INT-5EFK5LT
3801,WH-03801,Austin,Texas,Regional DC,76384,INT-RDURHB3
3802,WH-03802,Houston,Texas,Distribution Center,71096,INT-R4KJF73
3803,WH-03803,Austin,Texas,Regional DC,78247,INT-VU4S6YT
3804,WH-03804,Charlotte,North Carolina,Distribution Center,21460,INT-VGBPJ6A
3805,WH-03805,Charlotte,North Carolina,Distribution Center,10404,INT-UW8IKWM
3806,WH-03806,Chicago,Illinois,Regional DC,46712,INT-FDICFMK
3807,WH-03807,Detroit,Michigan,Fulfillment Center,36362,INT-PD9KTWX
3808,WH-03808,Phoenix,Arizona,Fulfillment Center,42949,INT-7E78601
3809,WH-03809,Portland,Oregon,Fulfillment Center,25706,INT-H6VTVWB
3810,WH-03810,Los Angeles,California,Regional DC,90672,INT-WBPEUPY
3811,WH-03811,Detroit,Michigan,Cross Dock,59774,INT-T6PZXNK
3812,WH-03812,Detroit,Michigan,Distribution Center,22861,INT-YL3WKWD
3813,WH-03813,Chicago,Illinois,Cross Dock,26770,INT-M8A01PL
3814,WH-03814,Phoenix,Arizona,Distribution Center,96046,INT-L9IHWJN
3815,WH-03815,New York,New York,Regional DC,30671,INT-NLKE3ZS
3816,WH-03816,Dallas,Texas,Cross Dock,9999999,INT-UIW51RQ
3817,WH-03817,,Unknown,Fulfillment Center,79764,INT-5Q5TKJ7
3818,WH-03818,New York,New York,Distribution Center,13756,INT-DUON4NN
3819,WH-03819,,Unknown,Fulfillment Center,17607,INT-H7N971K
3820,WH-03820,Phoenix,Arizona,Fulfillment Center,42367,INT-EOD0XN0
3821,WH-03821,Atlanta,Georgia,Cross Dock,58679,INT-2HCN92Z
3822,WH-03822,Los Angeles,California,Cross Dock,82886,INT-T9X2UUF
3823,WH-03823,Houston,Texas,Fulfillment Center,31463,INT-1YK00X3
3824,WH-03824,Atlanta,Georgia,Regional DC,68579,INT-FLU36N7
3825,WH-03825,Los Angeles,California,Regional DC,90322,INT-QXEAR16
3826,WH-03826,Dallas,Texas,Fulfillment Center,55773,INT-5X452EW
3827,WH-03827,Denver,Colorado,Distribution Center,38285,INT-TD9MT43
3828,WH-03828,Portland,Oregon,Cross Dock,76411,INT-ZVJVJPM
3829,WH-03829,Chicago,Illinois,Distribution Center,98346,INT-9WMBAR5
3830,WH-03830,Detroit,Michigan,Fulfillment Center,59869,INT-6H80X4I
3831,WH-03831,Dallas,Texas,Distribution Center,22412,INT-8HW84I7
3832,WH-03832,Miami,Florida,Distribution Center,92123,INT-BY040WU
3833,WH-03833,Dallas,Texas,Cross Dock,14890,INT-527CA1G
3834,WH-03834,Seattle,Washington,Distribution Center,65994,INT-1U40PWK
3835,WH-03835,Dallas,Texas,Distribution Center,34134,INT-535BS8I
3836,WH-03836,Portland,Oregon,Fulfillment Center,44093,INT-G8Y6FZU
3837,WH-03837,Detroit,Michigan,Cross Dock,95443,INT-NN1T45W
3838,WH-03838,Miami,Florida,Fulfillment Center,39553,INT-U580YQ1
3839,WH-03839,,Unknown,Regional DC,84759,INT-3FW89LJ
3840,WH-03840,Phoenix,Arizona,Distribution Center,44847,INT-VNU69VY
3841,WH-03841,Phoenix,Arizona,Distribution Center,30639,INT-43W9SYU
3842,WH-03842,Houston,Texas,Cross Dock,58051,INT-4BGG4HG
3843,WH-03843,Portland,Oregon,Regional DC,57324,INT-TE8SYMJ
3844,WH-03844,Detroit,Michigan,Regional DC,63497,INT-QHPORMG
3845,WH-03845,New York,New York,Cross Dock,35742,INT-JY8FB83
3846,WH-03846,Houston,Texas,Distribution Center,51454,INT-S120QWU
3847,WH-03847,Atlanta,Georgia,Regional DC,82449,INT-OMBFHJD
3848,WH-03848,Miami,Florida,Regional DC,71705,INT-TSE9MZW
3849,WH-03849,,Unknown,Distribution Center,63084,INT-M838BIC
3850,WH-03850,Denver,Colorado,Regional DC,38276,INT-4UHIQ43
3851,WH-03851,Detroit,Michigan,Regional DC,57144,INT-USGQP16
3852,WH-03852,Detroit,Michigan,Fulfillment Center,17192,INT-VZNEEBQ
3853,WH-03853,Detroit,Michigan,Fulfillment Center,12836,INT-IKIB85D
3854,WH-03854,Miami,Florida,Cross Dock,50381,INT-YY1ZEOM
3855,WH-03855,Phoenix,Arizona,Fulfillment Center,60553,INT-IZUG1P9
3856,WH-03856,Portland,Oregon,Fulfillment Center,84506,INT-TVC992O
3857,WH-03857,Seattle,Washington,Regional DC,94913,INT-ZGJPS0G
3858,WH-03858,Houston,Texas,Fulfillment Center,26170,INT-BW1PPEU
3859,WH-03859,Austin,Texas,Distribution Center,81885,INT-3HYJ3SA
3860,WH-03860,Seattle,Washington,Regional DC,5,INT-L17UA8Z
3861,WH-03861,Detroit,Michigan,Fulfillment Center,43250,INT-9UAK6SX
3862,WH-03862,Charlotte,North Carolina,Fulfillment Center,97645,INT-S2G3FWO
3863,WH-03863,Chicago,Illinois,Fulfillment Center,8704,INT-W6B48TL
3864,WH-03864,Denver,Colorado,Distribution Center,60669,INT-4D3VK0A
3865,WH-03865,Portland,Oregon,Regional DC,60240,INT-O15Z2QX
3866,WH-03866,Detroit,Michigan,Fulfillment Center,27035,INT-WI0N35I
3867,WH-03867,Boston,Massachusetts,Fulfillment Center,50290,INT-K96HQMH
3868,WH-03868,Portland,Oregon,Fulfillment Center,65755,INT-OI53Z6O
3869,WH-03869,Boston,Massachusetts,Fulfillment Center,25012,INT-DXL44LE
3870,WH-03870,Boston,Massachusetts,Distribution Center,61199,INT-0IJQW5R
3871,WH-03871,Boston,Massachusetts,Distribution Center,62067,INT-08WJ8MQ
3872,WH-03872,Detroit,Michigan,Regional DC,35730,INT-I5EJ1KP
3873,WH-03873,Denver,Colorado,Distribution Center,36525,INT-Q4D47HK
3874,WH-03874,Denver,Colorado,Distribution Center,22107,INT-FYGW8IL
3875,WH-03875,Denver,Colorado,Fulfillment Center,82954,INT-CB7R071
3876,WH-03876,Chicago,Illinois,Distribution Center,86673,INT-QQ5ENJG
3877,WH-03877,New York,New York,Cross Dock,23271,INT-5XPHQUD
3878,WH-03878,Los Angeles,California,Regional DC,29400,INT-I6EETUQ
3879,WH-03879,Chicago,Illinois,Regional DC,14834,INT-I89EHAR
3880,WH-03880,Detroit,Michigan,Cross Dock,95881,INT-3SJX4AK
3881,WH-03881,Boston,Massachusetts,Fulfillment Center,83538,INT-4Y0SLDC
3882,WH-03882,Detroit,Michigan,Cross Dock,76639,INT-W7QV1Z2
3883,WH-03883,Atlanta,Georgia,Regional DC,7323,INT-TRRLDXB
3884,WH-03884,Houston,Texas,Cross Dock,13572,INT-2UX30U1
3885,WH-03885,Detroit,Michigan,Fulfillment Center,26821,INT-D2CJ6F0
3886,WH-03886,Seattle,Washington,Cross Dock,94049,INT-IXF7275
3887,WH-03887,Dallas,Texas,Distribution Center,23843,INT-DDHK3X0
3888,WH-03888,Detroit,Michigan,Regional DC,47767,INT-PBZLKH2
3889,WH-03889,Boston,Massachusetts,Cross Dock,23045,INT-ANLHIZB
3890,WH-03890,Portland,Oregon,Cross Dock,52237,INT-KPG9XNJ
3891,WH-03891,Dallas,Texas,Cross Dock,87990,INT-8I51SBU
3892,WH-03892,Austin,Texas,Regional DC,37665,INT-SQTZOGG
3893,WH-03893,Phoenix,Arizona,Regional DC,89255,INT-5L55ZLP
3894,WH-03894,Charlotte,North Carolina,Distribution Center,79766,INT-YXHTYXY
3895,WH-03895,Seattle,Washington,Regional DC,54638,INT-9PGSMMG
3896,WH-03896,Seattle,Washington,Fulfillment Center,76585,INT-NT492IB
3897,WH-03897,Seattle,Washington,Regional DC,99386,INT-4X0PT0W
3898,WH-03898,Charlotte,North Carolina,Regional DC,23669,INT-0DLZVVH
3899,WH-03899,Charlotte,North Carolina,Cross Dock,37391,INT-M5KASVK
3900,WH-03900,Phoenix,Arizona,Regional DC,77168,INT-95A3LEK
3901,WH-03901,Denver,Colorado,Fulfillment Center,85207,INT-XPLGTJ2
3902,WH-03902,Atlanta,Georgia,Fulfillment Center,88077,INT-V7EKVFI
3903,WH-03903,Los Angeles,California,Cross Dock,67348,INT-AHPJPKI
3904,WH-03904,Austin,Texas,Distribution Center,78497,INT-H66DZI8
3905,WH-03905,Phoenix,Arizona,Regional DC,65686,INT-Z6ZIU8D
3906,WH-03906,Denver,Colorado,Distribution Center,66661,INT-1HKSPC5
3907,WH-03907,Chicago,Illinois,Fulfillment Center,20917,INT-SCQ1PV1
3908,WH-03908,Miami,Florida,Fulfillment Center,39065,INT-ZZMIRAE
3909,WH-03909,Atlanta,Georgia,Cross Dock,25211,INT-QRUW8SR
3910,WH-03910,Austin,Texas,Cross Dock,59286,INT-R11E17O
3911,WH-03911,New York,New York,Distribution Center,19918,INT-UMP0DY1
3912,WH-03912,Austin,Texas,Regional DC,91745,INT-17HVG0I
3913,WH-03913,Denver,Colorado,Regional DC,97256,INT-CQ8VC9K
3914,WH-03914,Portland,Oregon,Cross Dock,77730,INT-6QBX3AD
3915,WH-03915,Los Angeles,California,Distribution Center,23401,INT-5P0YS8A
3916,WH-03916,Seattle,Washington,Regional DC,31506,INT-1RIJW29
3917,WH-03917,New York,New York,Regional DC,41467,INT-B23I6OI
3918,WH-03918,Chicago,Illinois,Distribution Center,89594,INT-ECENBAG
3919,WH-03919,Seattle,Washington,Distribution Center,33590,INT-7P5MQXX
3920,WH-03920,New York,New York,Fulfillment Center,16540,INT-X61JLIO
3921,WH-03921,Detroit,Michigan,Cross Dock,78338,INT-XZ4PT86
3922,WH-03922,Austin,Texas,Distribution Center,59057,INT-0VSRYZT
3923,WH-03923,Dallas,Texas,Fulfillment Center,21554,INT-N5D2RJL
3924,WH-03924,Phoenix,Arizona,Cross Dock,84928,INT-LM7APVH
3925,WH-03925,Seattle,Washington,Fulfillment Center,46962,INT-487AKWI
3926,WH-03926,Miami,Florida,Cross Dock,90133,INT-OVHVD6E
3927,WH-03927,Austin,Texas,Fulfillment Center,5200,INT-5DQUC4U
3928,WH-03928,Los Angeles,California,Fulfillment Center,47234,INT-146IVGZ
3929,WH-03929,Houston,Texas,Fulfillment Center,46758,INT-UZTH7FJ
3930,WH-03930,Los Angeles,California,Regional DC,15769,INT-YHUX1XK
3931,WH-03931,Detroit,Michigan,Cross Dock,78169,INT-KXDJ9QA
3932,WH-03932,Dallas,Texas,Fulfillment Center,10353,INT-POYREXE
3933,WH-03933,Portland,Oregon,Cross Dock,85018,INT-CAC1K62
3934,WH-03934,Phoenix,Arizona,Regional DC,69578,INT-ID1JJZB
3935,WH-03935,Charlotte,North Carolina,Regional DC,46893,INT-UDS4CGN
3936,WH-03936,Chicago,Illinois,Distribution Center,37549,INT-BRAHIW1
3937,WH-03937,Houston,Texas,Cross Dock,48970,INT-RGG54BK
3938,WH-03938,Denver,Colorado,Regional DC,74558,INT-TBDO6ZP
3939,WH-03939,New York,New York,Fulfillment Center,32203,INT-5X8YWUO
3940,WH-03940,Atlanta,Georgia,Distribution Center,80036,INT-BEHMV3Q
3941,WH-03941,Boston,Massachusetts,Fulfillment Center,97472,INT-8BUWLGN
3942,WH-03942,Houston,Texas,Distribution Center,98414,INT-YQE6VQ1
3943,WH-03943,Portland,Oregon,Regional DC,9228,INT-84NT1WS
3944,WH-03944,Houston,Texas,Regional DC,49441,INT-A406E5O
3945,WH-03945,Denver,Colorado,Cross Dock,41677,INT-2FCSH8E
3946,WH-03946,Detroit,Michigan,Fulfillment Center,29165,INT-AA66X86
3947,WH-03947,Portland,Oregon,Cross Dock,39597,INT-H0SBVN2
3948,WH-03948,Austin,Texas,Distribution Center,60029,INT-M5R5AVS
3949,WH-03949,Boston,Massachusetts,Fulfillment Center,36112,INT-KFOHS1B
3950,WH-03950,Houston,Texas,Cross Dock,48449,INT-I6D8SOL
3951,WH-03951,Charlotte,North Carolina,Distribution Center,84152,INT-686AVW6
3952,WH-03952,Austin,Texas,Distribution Center,55775,INT-RU068W3
3953,WH-03953,Miami,Florida,Regional DC,48964,INT-8XZD1ET
3954,WH-03954,Portland,Oregon,Regional DC,20482,INT-FLBPIHK
3955,WH-03955,New York,New York,Fulfillment Center,8333,INT-1FU9A2G
3956,WH-03956,Phoenix,Arizona,Distribution Center,26932,INT-XPMPEI2
3957,WH-03957,Houston,Texas,Regional DC,47320,INT-KC3WKH4
3958,WH-03958,New York,New York,Fulfillment Center,91766,INT-7KP9NXN
3959,WH-03959,Miami,Florida,Fulfillment Center,49792,INT-G3KLEB0
3960,WH-03960,Phoenix,Arizona,Fulfillment Center,18593,INT-BCWQWMM
3961,WH-03961,Charlotte,North Carolina,Fulfillment Center,67034,INT-U4DM6A3
3962,WH-03962,Phoenix,Arizona,Regional DC,88868,INT-0ZB4JJG
3963,WH-03963,Denver,Colorado,Cross Dock,38510,INT-2Q6NSAB
3964,WH-03964,Houston,Texas,Distribution Center,68734,INT-U6YLZN2
3965,WH-03965,Austin,Texas,Regional DC,42186,INT-RYM5NIV
3966,WH-03966,Boston,Massachusetts,Distribution Center,26848,INT-WUHZ0ER
3967,WH-03967,Los Angeles,California,Cross Dock,99186,INT-XU8GYEH
3968,WH-03968,Phoenix,Arizona,Regional DC,92880,INT-CUGPW5V
3969,WH-03969,Houston,Texas,Cross Dock,88628,INT-N6PIXO4
3970,WH-03970,Boston,Massachusetts,Regional DC,22974,INT-O36LMB1
3971,WH-03971,Detroit,Michigan,Cross Dock,36623,INT-JB0CYLC
3972,WH-03972,Boston,Massachusetts,Regional DC,65042,INT-YFJAN52
3973,WH-03973,Phoenix,Arizona,Distribution Center,37107,INT-ME3E5AM
3974,WH-03974,Charlotte,North Carolina,Fulfillment Center,80437,INT-H89VSLX
3975,WH-03975,Chicago,Illinois,Cross Dock,88566,INT-8XOK9XG
3976,WH-03976,Chicago,Illinois,Cross Dock,91938,INT-0V66X71
3977,WH-03977,,Unknown,Distribution Center,51150,INT-5YIY4XS
3978,WH-03978,Seattle,Washington,Fulfillment Center,76598,INT-H2IHPC8
3979,WH-03979,Dallas,Texas,Fulfillment Center,22246,INT-JA0EBJF
3980,WH-03980,Denver,Colorado,Distribution Center,43312,INT-8QIQ8WL
3981,WH-03981,Charlotte,North Carolina,Cross Dock,42356,INT-DQ7QYVP
3982,WH-03982,Miami,Florida,Regional DC,28212,INT-FBNTMFY
3983,WH-03983,Boston,Massachusetts,Distribution Center,43253,INT-JHNRZV6
3984,WH-03984,Boston,Massachusetts,Fulfillment Center,19477,INT-ZJ1FUV2
3985,WH-03985,Austin,Texas,Cross Dock,70891,INT-6HD7UC9
3986,WH-03986,Atlanta,Georgia,Fulfillment Center,24195,INT-0RNZGZ9
3987,WH-03987,Miami,Florida,Cross Dock,38539,INT-D1WTAVC
3988,WH-03988,Los Angeles,California,Cross Dock,40379,INT-R2CBZEN
3989,WH-03989,Seattle,Washington,Regional DC,22584,INT-Y9DFJST
3990,WH-03990,Phoenix,Arizona,Regional DC,8528,INT-4G7X623
3991,WH-03991,Miami,Florida,Regional DC,29567,INT-022BDG3
3992,WH-03992,Houston,Texas,Regional DC,99759,INT-0HYL48M
3993,WH-03993,Houston,Texas,Distribution Center,20714,INT-JZN9IKN
3994,WH-03994,Chicago,Illinois,Cross Dock,60410,INT-BB09HLI
3995,WH-03995,Denver,Colorado,Cross Dock,8809,INT-EWYTRRM
3996,WH-03996,Miami,Florida,Regional DC,62941,INT-27X90C8
3997,WH-03997,Austin,Texas,Distribution Center,56828,INT-YMGLZU9
3998,WH-03998,Houston,Texas,Regional DC,48753,INT-WY9IM5M
3999,WH-03999,Houston,Texas,Fulfillment Center,46261,INT-Z07N6BC
4000,WH-04000,Detroit,Michigan,Distribution Center,81923,INT-784O9AK
4001,WH-04001,Boston,Massachusetts,Fulfillment Center,88174,INT-2O2AB8V
4002,WH-04002,Chicago,Illinois,Fulfillment Center,52761,INT-QFO41LT
4003,WH-04003,Portland,Oregon,Regional DC,5305,INT-N2RNO0Y
4004,WH-04004,Boston,Massachusetts,Distribution Center,51233,INT-JXIQ4OI
4005,WH-04005,Dallas,Texas,Fulfillment Center,71692,INT-6D1BWGT
4006,WH-04006,New York,New York,Distribution Center,63884,INT-DYAL5RL
4007,WH-04007,Austin,Texas,Regional DC,50896,INT-SLR5LD8
4008,WH-04008,Boston,Massachusetts,Regional DC,9652,INT-5EG1WV5
4009,WH-04009,Denver,Colorado,Distribution Center,71125,INT-RNGI4JY
4010,WH-04010,Houston,Texas,Fulfillment Center,11034,INT-4U7D9DJ
4011,WH-04011,Portland,Oregon,Regional DC,78474,INT-JDBOY3I
4012,WH-04012,New York,New York,Fulfillment Center,30122,INT-QTD2DHM
4013,WH-04013,,Unknown,Distribution Center,56703,INT-AI13LSQ
4014,WH-04014,Phoenix,Arizona,Regional DC,89442,INT-LS4U861
4015,WH-04015,,Unknown,Distribution Center,62033,INT-4TZT3GW
4016,WH-04016,Austin,Texas,Cross Dock,96628,INT-D0BASN2
4017,WH-04017,Chicago,Illinois,Cross Dock,9877,INT-Z1EFBQG
4018,WH-04018,Portland,Oregon,Distribution Center,7728,INT-S9T3LAK
4019,WH-04019,Phoenix,Arizona,Regional DC,66277,INT-UE85NIU
4020,WH-04020,Dallas,Texas,Distribution Center,89508,INT-4W2Y20O
4021,WH-04021,Chicago,Illinois,Cross Dock,99034,INT-B0V4UMF
4022,WH-04022,Boston,Massachusetts,Cross Dock,84422,INT-NPVTUKT
4023,WH-04023,Seattle,Washington,Distribution Center,7452,INT-7WE719N
4024,WH-04024,Portland,Oregon,Fulfillment Center,48799,INT-5BABPUQ
4025,WH-04025,Boston,Massachusetts,Regional DC,88246,INT-NTNPUBM
4026,WH-04026,Detroit,Michigan,Cross Dock,27927,INT-5XOOLPK
4027,WH-04027,Austin,Texas,Cross Dock,52742,INT-KPCTDFF
4028,WH-04028,Austin,Texas,Distribution Center,77937,INT-POTAII2
4029,WH-04029,Miami,Florida,Distribution Center,99061,INT-O9AQAOK
4030,WH-04030,Seattle,Washington,Cross Dock,92551,INT-5F55XGB
4031,WH-04031,Miami,Florida,Cross Dock,7890,INT-K3YWI7B
4032,WH-04032,Portland,Oregon,Cross Dock,67592,INT-S4ICYSG
4033,WH-04033,Detroit,Michigan,Distribution Center,45436,INT-03VGTXI
4034,WH-04034,Houston,Texas,Cross Dock,88629,INT-YZMIW7N
4035,WH-04035,Houston,Texas,Distribution Center,83258,INT-Y0GQUBG
4036,WH-04036,Detroit,Michigan,Fulfillment Center,70961,INT-UY0JFTJ
4037,WH-04037,Atlanta,Georgia,Fulfillment Center,88860,INT-I3NG0WB
4038,WH-04038,Los Angeles,California,Regional DC,67523,INT-5KXYVWU
4039,WH-04039,Los Angeles,California,Distribution Center,60531,INT-QZC9FNK
4040,WH-04040,Austin,Texas,Fulfillment Center,93471,INT-68G5K01
4041,WH-04041,Austin,Texas,Cross Dock,75877,INT-GE5YIKL
4042,WH-04042,Denver,Colorado,Fulfillment Center,89423,INT-LR3RBOL
4043,WH-04043,Phoenix,Arizona,Distribution Center,77901,INT-WGU3QEK
4044,WH-04044,Detroit,Michigan,Fulfillment Center,29532,INT-LOKVQ77
4045,WH-04045,New York,New York,Fulfillment Center,93381,INT-0IRV0Z3
4046,WH-04046,Phoenix,Arizona,Regional DC,36249,INT-GESF1J1
4047,WH-04047,Atlanta,Georgia,Fulfillment Center,91387,INT-CSU3TRR
4048,WH-04048,Detroit,Michigan,Cross Dock,32826,INT-HHJPTH0
4049,WH-04049,Seattle,Washington,Fulfillment Center,47025,INT-4EEXY05
4050,WH-04050,Portland,Oregon,Distribution Center,35090,INT-YVIBJNO
4051,WH-04051,Portland,Oregon,Distribution Center,73628,INT-3QT5XQ8
4052,WH-04052,Atlanta,Georgia,Regional DC,89233,INT-VLRETV1
4053,WH-04053,Dallas,Texas,Cross Dock,24279,INT-6X0L5VS
4054,WH-04054,Phoenix,Arizona,Distribution Center,36083,INT-7QXNONM
4055,WH-04055,Chicago,Illinois,Regional DC,13720,INT-0LRFVQ9
4056,WH-04056,Houston,Texas,Cross Dock,71958,INT-Q8RSLBI
4057,WH-04057,Portland,Oregon,Regional DC,29597,INT-XEXNHUV
4058,WH-04058,,Unknown,Regional DC,99816,INT-23098YX
4059,WH-04059,Austin,Texas,Fulfillment Center,77124,INT-XJB0S10
4060,WH-04060,Seattle,Washington,Distribution Center,54150,INT-L3K86LS
4061,WH-04061,Phoenix,Arizona,Fulfillment Center,5271,INT-2D25M8F
4062,WH-04062,Chicago,Illinois,Regional DC,21850,INT-EWET5RE
4063,WH-04063,Detroit,Michigan,Fulfillment Center,24449,INT-NJP0XEM
4064,WH-04064,Denver,Colorado,Fulfillment Center,9614,INT-NKZYZY3
4065,WH-04065,Miami,Florida,Cross Dock,61587,INT-KLDO6SM
4066,WH-04066,Phoenix,Arizona,Regional DC,94510,INT-YSY85K1
4067,WH-04067,Atlanta,Georgia,Fulfillment Center,70392,INT-6KACMO5
4068,WH-04068,Denver,Colorado,Distribution Center,56984,INT-W9ZRUJC
4069,WH-04069,Denver,Colorado,Cross Dock,27550,INT-MPPYUYF
4070,WH-04070,Dallas,Texas,Regional DC,79654,INT-JPZRB91
4071,WH-04071,Dallas,Texas,Distribution Center,97529,INT-W8V7GTL
4072,WH-04072,Seattle,Washington,Fulfillment Center,96795,INT-W3NL6RZ
4073,WH-04073,Denver,Colorado,Fulfillment Center,16629,INT-6OVQQ67
4074,WH-04074,Phoenix,Arizona,Cross Dock,55196,INT-6MY73JH
4075,WH-04075,Chicago,Illinois,Cross Dock,85325,INT-PKU2IHF
4076,WH-04076,Miami,Florida,Cross Dock,99267,INT-VD714PH
4077,WH-04077,Detroit,Michigan,Regional DC,45247,INT-ARMMG0C
4078,WH-04078,Seattle,Washington,Distribution Center,52981,INT-LM3YM6W
4079,WH-04079,Charlotte,North Carolina,Distribution Center,54790,INT-9BIXJGB
4080,WH-04080,Austin,Texas,Fulfillment Center,8972,INT-P5LREDS
4081,WH-04081,Portland,Oregon,Distribution Center,5932,INT-GAJ819F
4082,WH-04082,Austin,Texas,Regional DC,41152,INT-6QDNFXK
4083,WH-04083,Miami,Florida,Regional DC,13599,INT-DK53CDX
4084,WH-04084,Detroit,Michigan,Cross Dock,92766,INT-AR4NCBS
4085,WH-04085,Detroit,Michigan,Fulfillment Center,52318,INT-KNBC8UE
4086,WH-04086,Detroit,Michigan,Regional DC,36424,INT-0WBJ77W
4087,WH-04087,Portland,Oregon,Distribution Center,21902,INT-OYAO15L
4088,WH-04088,Denver,Colorado,Distribution Center,53528,INT-0W1GAJR
4089,WH-04089,Phoenix,Arizona,Distribution Center,71327,INT-JH1LDW7
4090,WH-04090,Los Angeles,California,Distribution Center,74925,INT-KT1ATYS
4091,WH-04091,Portland,Oregon,Distribution Center,66191,INT-D5I75T4
4092,WH-04092,Austin,Texas,Regional DC,30142,INT-PBCJVTI
4093,WH-04093,Portland,Oregon,Regional DC,83722,INT-R21B6EO
4094,WH-04094,New York,New York,Distribution Center,41380,INT-IPYZ656
4095,WH-04095,Phoenix,Arizona,Regional DC,48659,INT-DI99PMU
4096,WH-04096,Phoenix,Arizona,Cross Dock,61035,INT-HRFISBC
4097,WH-04097,Denver,Colorado,Cross Dock,33678,INT-VSDGYFU
4098,WH-04098,Phoenix,Arizona,Distribution Center,51766,INT-FV3MSRJ
4099,WH-04099,Phoenix,Arizona,Regional DC,63902,INT-RYSU1G0
4100,WH-04100,Detroit,Michigan,Fulfillment Center,62158,INT-9VAQR4W
4101,WH-04101,Chicago ,Illinois,Regional DC,73081,INT-C8VGEWQ
4102,WH-04102,Austin,Texas,Cross Dock,67876,INT-39VUF29
4103,WH-04103,Houston,Texas,Fulfillment Center,58067,INT-PFISTAP
4104,WH-04104,Denver,Colorado,Regional DC,87740,INT-BQACZN4
4105,WH-04105,Chicago,Illinois,Fulfillment Center,66084,INT-IIXX9B5
4106,WH-04106,Houston,Texas,Cross Dock,82511,INT-M8A8J09
4107,WH-04107,Boston,Massachusetts,Cross Dock,81951,INT-GL9771N
4108,WH-04108,Portland,Oregon,Fulfillment Center,25385,INT-6DD0JLA
4109,WH-04109,Seattle,Washington,Cross Dock,50909,INT-5CA2IDO
4110,WH-04110,Dallas,Texas,Fulfillment Center,55079,INT-Y3D4DER
4111,WH-04111,Austin,Texas,Distribution Center,84652,INT-E07WYL7
4112,WH-04112,,Unknown,Regional DC,74894,INT-IZ3K755
4113,WH-04113,Houston,Texas,Cross Dock,61914,INT-WHYSLAN
4114,WH-04114,Denver,Colorado,Cross Dock,94115,INT-E0ATEBR
4115,WH-04115,Seattle,Washington,Regional DC,76847,INT-JNPATAO
4116,WH-04116,Portland,Oregon,Cross Dock,74647,INT-LFAI51G
4117,WH-04117,,Unknown,Distribution Center,56935,INT-A3L5I69
4118,WH-04118,Seattle,Washington,Regional DC,18676,INT-O5GFI61
4119,WH-04119,Atlanta,Georgia,Distribution Center,7905,INT-JWZ93ET
4120,WH-04120,Los Angeles,California,Fulfillment Center,84823,INT-K3PJQBG
4121,WH-04121,Austin,Texas,Distribution Center,12574,INT-PVJKE9J
4122,WH-04122,Atlanta,Georgia,Fulfillment Center,62791,INT-NM6HRGF
4123,WH-04123,Phoenix,Arizona,Regional DC,49322,INT-P5VK256
4124,WH-04124,Chicago,Illinois,Cross Dock,97309,INT-WZUTAZV
4125,WH-04125,Miami,Florida,Fulfillment Center,16425,INT-YWI276X
4126,WH-04126,Seattle,Washington,Distribution Center,12355,INT-KF6F183
4127,WH-04127,Phoenix,Arizona,Cross Dock,57829,INT-48SFX8B
4128,WH-04128,Seattle,Washington,Regional DC,34663,INT-P8DBV92
4129,WH-04129,Charlotte,North Carolina,Cross Dock,79711,INT-T8N7F64
4130,WH-04130,Phoenix,Arizona,Regional DC,33116,INT-GFOBVUB
4131,WH-04131,Detroit,Michigan,Fulfillment Center,31422,INT-VJ8Z1AH
4132,WH-04132,Houston,Texas,Fulfillment Center,76400,INT-H55RCRC
4133,WH-04133,Charlotte,North Carolina,Cross Dock,6519,INT-3D6QF9E
4134,WH-04134,Dallas,Texas,Cross Dock,5194,INT-17V4VKH
4135,WH-04135,Austin,Texas,Regional DC,19470,INT-U9GFSEQ
4136,WH-04136,Los Angeles,California,Distribution Center,31258,INT-4PC6N4P
4137,WH-04137,Atlanta,Georgia,Cross Dock,88123,INT-WHMJ5RF
4138,WH-04138,Denver,Colorado,Fulfillment Center,56379,INT-LBF5QNG
4139,WH-04139,Denver,Colorado,Fulfillment Center,31049,INT-JLZOPRK
4140,WH-04140,,Unknown,Cross Dock,60968,INT-Y37OCEJ
4141,WH-04141,Austin,Texas,Cross Dock,45388,INT-NYHHIXD
4142,WH-04142,Miami,Florida,Cross Dock,7845,INT-WK33MDR
4143,WH-04143,Portland,Oregon,Distribution Center,97900,INT-RUBN9JM
4144,WH-04144,Atlanta,Georgia,Fulfillment Center,82489,INT-NC6P69N
4145,WH-04145,Miami,Florida,Distribution Center,89243,INT-8JMCDNE
4146,WH-04146,Boston,Massachusetts,Fulfillment Center,6176,INT-N8PGVU8
4147,WH-04147,Chicago,Illinois,Regional DC,28853,INT-06BR853
4148,WH-04148,Charlotte,North Carolina,Distribution Center,66297,INT-H6RMQFT
4149,WH-04149,Seattle,Washington,Cross Dock,31911,INT-967ZOV3
4150,WH-04150,Boston,Massachusetts,Distribution Center,55575,INT-OGU2RKY
4151,WH-04151,Denver,Colorado,Fulfillment Center,18734,INT-GRKZTQA
4152,WH-04152,Miami,Florida,Regional DC,74039,INT-9DPY2RC
4153,WH-04153,Detroit,Michigan,Fulfillment Center,57007,INT-SWXYUJG
4154,WH-04154,Austin,Texas,Distribution Center,16057,INT-LJDSCNM
4155,WH-04155,Atlanta,Georgia,Regional DC,46000,INT-5NTF2GI
4156,WH-04156,Boston,Massachusetts,Fulfillment Center,55359,INT-IZMBVMC
4157,WH-04157,Houston,Texas,Cross Dock,40297,INT-PC6Y9X7
4158,WH-04158,Seattle,Washington,Cross Dock,44287,INT-U5IU569
4159,WH-04159,Houston,Texas,Cross Dock,91988,INT-4LOU8WU
4160,WH-04160,Chicago,Illinois,Fulfillment Center,24347,INT-DBKI3C5
4161,WH-04161,Boston,Massachusetts,Cross Dock,80298,INT-WVS5EO7
4162,WH-04162,Portland,Oregon,Regional DC,87820,INT-Z1MES8R
4163,WH-04163,Phoenix,Arizona,Fulfillment Center,40036,INT-HJ15IL8
4164,WH-04164,Denver,Colorado,Fulfillment Center,26844,INT-BUK8VBP
4165,WH-04165,Boston,Massachusetts,Regional DC,68324,INT-HCFIO3H
4166,WH-04166,Portland,Oregon,Cross Dock,73930,INT-XNLNMG4
4167,WH-04167,Detroit,Michigan,Distribution Center,24224,INT-0LUNN1Q
4168,WH-04168,Detroit,Michigan,Regional DC,36579,INT-NXWWKBP
4169,WH-04169,New York,New York,Regional DC,70056,INT-HRU1317
4170,WH-04170,Seattle,Washington,Cross Dock,32292,INT-Z0FUQE1
4171,WH-04171,Portland,Oregon,Fulfillment Center,38363,INT-2FJ3UF8
4172,WH-04172,Portland,Oregon,Regional DC,32012,INT-SLHNW2U
4173,WH-04173,Boston,Massachusetts,Regional DC,87333,INT-J18OVDQ
4174,WH-04174,Portland,Oregon,Regional DC,16404,INT-NCUK71R
4175,WH-04175,Boston,Massachusetts,Regional DC,73782,INT-PZV89YA
4176,WH-04176,Phoenix,Arizona,Fulfillment Center,86907,INT-WMNACHQ
4177,WH-04177,New York,New York,Regional DC,61688,INT-HEQO1AQ
4178,WH-04178,Portland,Oregon,Distribution Center,34972,INT-IEVB6EQ
4179,WH-04179,Charlotte,North Carolina,Distribution Center,89364,INT-POF3AWO
4180,WH-04180,Boston,Massachusetts,Cross Dock,51614,INT-3E2OHCO
4181,WH-04181,Detroit,Michigan,Distribution Center,67987,INT-5TAC1DG
4182,WH-04182,Houston,Texas,Cross Dock,99214,INT-5058BA7
4183,WH-04183,Charlotte,North Carolina,Cross Dock,75852,INT-3BTNF5D
4184,WH-04184,Houston,Texas,Distribution Center,35561,INT-5T6EH8L
4185,WH-04185,,Unknown,Distribution Center,41116,INT-P7NMPU7
4186,WH-04186,Charlotte,North Carolina,Cross Dock,77398,INT-KMTJIXD
4187,WH-04187,Atlanta,Georgia,Fulfillment Center,36594,INT-T1Z2KQ9
4188,WH-04188,Portland,Oregon,Regional DC,99733,INT-K45MNP9
4189,WH-04189,Seattle,Washington,Fulfillment Center,59463,INT-EXT7GQT
4190,WH-04190,Seattle,Washington,Regional DC,10646,INT-ZOA16E5
4191,WH-04191,Houston,Texas,Cross Dock,95054,INT-4MSUATD
4192,WH-04192,Los Angeles,California,Fulfillment Center,34389,INT-I2WUX6L
4193,WH-04193,Seattle,Washington,Regional DC,14371,INT-PYJVQWJ
4194,WH-04194,Seattle,Washington,Cross Dock,40958,INT-C2H1END
4195,WH-04195,Chicago,Illinois,Distribution Center,88837,INT-49VQZIR
4196,WH-04196,Dallas,Texas,Fulfillment Center,43602,INT-20IR6ZD
4197,WH-04197,New York,New York,Distribution Center,55823,INT-GMKB24Y
4198,WH-04198,Dallas,Texas,Distribution Center,74702,INT-E6Y5IJI
4199,WH-04199,Charlotte,North Carolina,Fulfillment Center,37940,INT-U1G1SRP
4200,WH-04200,Boston,Massachusetts,Distribution Center,86510,INT-PYEO7MI
4201,WH-04201,Portland,Oregon,Fulfillment Center,78770,INT-35UZCHO
4202,WH-04202,Chicago,Illinois,Distribution Center,25409,INT-848U525
4203,WH-04203,Charlotte,North Carolina,Fulfillment Center,53992,INT-L5UALXJ
4204,WH-04204,Detroit,Michigan,Regional DC,61933,INT-A7RAAQA
4205,WH-04205,Boston,Massachusetts,Regional DC,94292,INT-K5WE3ST
4206,WH-04206,Houston,Texas,Cross Dock,65877,INT-9L27T71
4207,WH-04207,Seattle,Washington,Cross Dock,70865,INT-EGJPKIF
4208,WH-04208,Portland,Oregon,Cross Dock,23844,INT-640VTJI
4209,WH-04209,Miami,Florida,Distribution Center,86897,INT-IMLG3KM
4210,WH-04210,Houston,Texas,Regional DC,28415,INT-QOE3VZZ
4211,WH-04211,Portland,Oregon,Cross Dock,36749,INT-O5W0EW9
4212,WH-04212,New York,New York,Distribution Center,45881,INT-RD9XYSV
4213,WH-04213,Seattle,Washington,Distribution Center,95396,INT-PC5SWBG
4214,WH-04214,Austin,Texas,Cross Dock,11218,INT-L8RJ1HH
4215,WH-04215,Detroit,Michigan,Fulfillment Center,29684,INT-QQA0BGT
4216,WH-04216,Charlotte,North Carolina,Cross Dock,21614,INT-EJZ40DV
4217,WH-04217,Portland,Oregon,Fulfillment Center,69283,INT-TCIC89C
4218,WH-04218,Charlotte,North Carolina,Regional DC,91519,INT-GUT63HO
4219,WH-04219,Detroit,Michigan,Regional DC,51999,INT-XNA4PQI
4220,WH-04220,New York,New York,Distribution Center,98115,INT-KB75WND
4221,WH-04221,Chicago,Illinois,Regional DC,24852,INT-DD3DYOF
4222,WH-04222,Denver,Colorado,Distribution Center,18899,INT-P91XPHH
4223,WH-04223,Charlotte,North Carolina,Regional DC,12033,INT-NGV5TGF
4224,WH-04224,Phoenix,Arizona,Fulfillment Center,63025,INT-HTXKB78
4225,WH-04225,Atlanta,Georgia,Distribution Center,38304,INT-UAYA661
4226,WH-04226,Charlotte,North Carolina,Cross Dock,6570,INT-QBCWMY5
4227,WH-04227,Charlotte,North Carolina,Fulfillment Center,11012,INT-VVP0SA6
4228,WH-04228,Austin,Texas,Cross Dock,60993,INT-LXSM54K
4229,WH-04229,,Unknown,Regional DC,74226,INT-Z4HJHUQ
4230,WH-04230,Seattle,Washington,Fulfillment Center,49020,INT-QKOZURP
4231,WH-04231,Seattle,Washington,Distribution Center,10853,INT-82D540Y
4232,WH-04232,Denver,Colorado,Fulfillment Center,57336,INT-U6DRS1J
4233,WH-04233,Phoenix,Arizona,Fulfillment Center,47194,INT-UO7PBU9
4234,WH-04234,Denver,Colorado,Distribution Center,14774,INT-FTJE97Q
4235,WH-04235,Chicago,Illinois,Distribution Center,45459,INT-TIO6D9Z
4236,WH-04236,Austin,Texas,Cross Dock,47387,INT-P32G2MV
4237,WH-04237,Detroit,Michigan,Cross Dock,75316,INT-F84T87B
4238,WH-04238,Charlotte,North Carolina,Fulfillment Center,50492,INT-74K2QEM
4239,WH-04239,Austin,Texas,Regional DC,36914,INT-YE7WYFF
4240,WH-04240,Detroit,Michigan,Cross Dock,26956,INT-AHN6ADN
4241,WH-04241,Miami,Florida,Regional DC,89298,INT-RA8A3AH
4242,WH-04242,Atlanta,Georgia,Fulfillment Center,28664,INT-12GWIY2
4243,WH-04243,Dallas,Texas,Fulfillment Center,60720,INT-8AURCQG
4244,WH-04244,Detroit,Michigan,Cross Dock,83789,INT-GN4AIPD
4245,WH-04245,Miami,Florida,Cross Dock,76212,INT-AXBKBGJ
4246,WH-04246,Los Angeles,California,Regional DC,76112,INT-9TDQJ5C
4247,WH-04247,Houston,Texas,Fulfillment Center,17892,INT-QBYMGJ1
4248,WH-04248,New York,New York,Cross Dock,47293,INT-DI2U2Y3
4249,WH-04249,Houston,Texas,Regional DC,12884,INT-7IXU770
4250,WH-04250,Chicago,Illinois,Distribution Center,97793,INT-QSAWH81
4251,WH-04251,Charlotte,North Carolina,Regional DC,90283,INT-1ZP0FGA
4252,WH-04252,Seattle,Washington,Regional DC,19407,INT-7F545LW
4253,WH-04253,Atlanta,Georgia,Cross Dock,31587,INT-AD0FO4M
4254,WH-04254,Miami,Florida,Regional DC,43557,INT-OLG2DSZ
4255,WH-04255,New York,New York,Cross Dock,65087,INT-4SJNMX2
4256,WH-04256,Atlanta,Georgia,Cross Dock,6355,INT-E2B3AGF
4257,WH-04257,Austin,Texas,Distribution Center,76730,INT-9KEA9XM
4258,WH-04258,New York,New York,Regional DC,79460,INT-BXNX7RA
4259,WH-04259,Houston,Texas,Cross Dock,95361,INT-WXES7NB
4260,WH-04260,Chicago,Illinois,Fulfillment Center,22950,INT-DTOHFW1
4261,WH-04261,Dallas,Texas,Regional DC,28288,INT-GHZZ9WW
4262,WH-04262,Austin,Texas,Fulfillment Center,79984,INT-UQOZDXC
4263,WH-04263,Boston,Massachusetts,Distribution Center,81053,INT-IXWNBTB
4264,WH-04264,Denver,Colorado,Fulfillment Center,5702,INT-4TBINJ7
4265,WH-04265,Phoenix,Arizona,Fulfillment Center,76975,INT-9KHM0VU
4266,WH-04266,Phoenix,Arizona,Cross Dock,19778,INT-RXN1YNB
4267,WH-04267,Seattle,Washington,Distribution Center,46856,INT-8QWLYB5
4268,WH-04268,Seattle,Washington,Distribution Center,21469,INT-SQEL0M0
4269,WH-04269,Portland,Oregon,Fulfillment Center,83890,INT-VXBJ70E
4270,WH-04270,Dallas,Texas,Regional DC,18954,INT-KS1NLPI
4271,WH-04271,Austin,Texas,Fulfillment Center,98793,INT-BCZ7GHE
4272,WH-04272,Phoenix,Arizona,Fulfillment Center,26760,INT-2QSV0C7
4273,WH-04273,Miami,Florida,Fulfillment Center,61577,INT-EROTK5Y
4274,WH-04274,Boston,Massachusetts,Cross Dock,18470,INT-M4AV65M
4275,WH-04275,Los Angeles,California,Distribution Center,29633,INT-F4AKXPE
4276,WH-04276,Los Angeles,California,Regional DC,73637,INT-QF8TD0F
4277,WH-04277,Austin,Texas,Distribution Center,99327,INT-7NGG0OS
4278,WH-04278,Portland,Oregon,Cross Dock,71953,INT-P7OT7AY
4279,WH-04279,Phoenix,Arizona,Fulfillment Center,71592,INT-DVVSFML
4280,WH-04280,Austin,Texas,Cross Dock,69595,INT-DBILXGV
4281,WH-04281,New York,New York,Cross Dock,38867,INT-BERCNT7
4282,WH-04282,Denver,Colorado,Fulfillment Center,19568,INT-3MD0WJT
4283,WH-04283,Denver,Colorado,Regional DC,5802,INT-3RFKTO7
4284,WH-04284,New York,New York,Cross Dock,84822,INT-YI2EKGB
4285,WH-04285,Boston,Massachusetts,Distribution Center,6513,INT-QM5R1EW
4286,WH-04286,New York,New York,Fulfillment Center,29703,INT-29DX2VB
4287,WH-04287,Chicago,Illinois,Distribution Center,59819,INT-VMG0Y92
4288,WH-04288,New York,New York,Fulfillment Center,91901,INT-4M83QVE
4289,WH-04289,Chicago,Illinois,Regional DC,78468,INT-YXVPFAW
4290,WH-04290,Atlanta,Georgia,Regional DC,58536,INT-H3KBCDU
4291,WH-04291,Austin,Texas,Regional DC,74770,INT-21BAOLW
4292,WH-04292,Miami,Florida,Distribution Center,38956,INT-DGYBKHL
4293,WH-04293,Dallas,Texas,Regional DC,7208,INT-R2887CV
4294,WH-04294,Detroit,Michigan,Distribution Center,53780,INT-AX6KDCS
4295,WH-04295,Portland,Oregon,Fulfillment Center,74594,INT-TP2EPC3
4296,WH-04296,Miami,Florida,Distribution Center,37324,INT-UQGKUUK
4297,WH-04297,Atlanta,Georgia,Fulfillment Center,76069,INT-18MV279
4298,WH-04298,Los Angeles,California,Distribution Center,93188,INT-ZGWV1QR
4299,WH-04299,Portland,Oregon,Fulfillment Center,73025,INT-YXEY1ZP
4300,WH-04300,New York,New York,Cross Dock,75494,INT-PM1SYS9
4301,WH-04301,Phoenix,Arizona,Distribution Center,71284,INT-XNIVBTR
4302,WH-04302,Phoenix,Arizona,Cross Dock,14172,INT-6OYJS5U
4303,WH-04303,Atlanta,Georgia,Regional DC,94012,INT-JQ8L93U
4304,WH-04304,New York,New York,Cross Dock,10368,INT-503QCYL
4305,WH-04305,Austin,Texas,Regional DC,58690,INT-JZ09ZWM
4306,WH-04306,Dallas,Texas,Fulfillment Center,93580,INT-LNBACKV
4307,WH-04307,Portland,Oregon,Regional DC,69930,INT-VPPIX25
4308,WH-04308,Chicago,Illinois,Cross Dock,77398,INT-KZNCRGP
4309,WH-04309,New York,New York,Cross Dock,77533,INT-2GL5QAT
4310,WH-04310,Austin,Texas,Regional DC,15428,INT-4NQXZ8T
4311,WH-04311,Dallas,Texas,Distribution Center,62079,INT-WRGOKZL
4312,WH-04312,Portland,Oregon,Regional DC,16003,INT-WPNWK5O
4313,WH-04313,Denver,Colorado,Regional DC,97390,INT-9XK3349
4314,WH-04314,Houston,Texas,Distribution Center,22005,INT-LTKQCV0
4315,WH-04315,Atlanta,Georgia,Distribution Center,52302,INT-RUE6SOB
4316,WH-04316,Boston,Massachusetts,Distribution Center,87128,INT-4L8Z63G
4317,WH-04317,Boston,Massachusetts,Distribution Center,93992,INT-06X34AN
4318,WH-04318,New York,New York,Cross Dock,99149,INT-WN54J10
4319,WH-04319,Austin,Texas,Fulfillment Center,83117,INT-GVGZ92A
4320,WH-04320,Seattle,Washington,Distribution Center,62602,INT-Z2GPCTJ
4321,WH-04321,Dallas,Texas,Distribution Center,78705,INT-58N7N0Y
4322,WH-04322,Charlotte,North Carolina,Regional DC,9999999,INT-ZPN59BR
4323,WH-04323,Charlotte,North Carolina,Distribution Center,44336,INT-ON5E19M
4324,WH-04324,Austin,Texas,Cross Dock,72875,INT-GG0QIH0
4325,WH-04325,Boston,Massachusetts,Cross Dock,44030,INT-KRVR554
4326,WH-04326,Portland,Oregon,Fulfillment Center,62056,INT-PQTGBX6
4327,WH-04327,Denver,Colorado,Regional DC,10167,INT-OP4ME87
4328,WH-04328,Phoenix,Arizona,Distribution Center,16543,INT-6LXYKGW
4329,WH-04329,Austin,Texas,Fulfillment Center,86438,INT-V68SUXS
4330,WH-04330,Chicago,Illinois,Cross Dock,87119,INT-7DQMFUT
4331,WH-04331,Miami,Florida,Fulfillment Center,26722,INT-NXIHMFK
4332,WH-04332,New York,New York,Cross Dock,74695,INT-NADYB5Q
4333,WH-04333,Austin,Texas,Distribution Center,47574,INT-C2FHPIP
4334,WH-04334,Chicago,Illinois,Distribution Center,64426,INT-TJV2INF
4335,WH-04335,Austin,Texas,Regional DC,13352,INT-MKM75ED
4336,WH-04336,Denver,Colorado,Fulfillment Center,13047,INT-K76M19X
4337,WH-04337,Chicago,Illinois,Regional DC,16729,INT-YSRUTFB
4338,WH-04338,Atlanta,Georgia,Fulfillment Center,42766,INT-J7P1PQ6
4339,WH-04339,Dallas,Texas,Fulfillment Center,71572,INT-JTWGV4L
4340,WH-04340,Atlanta,Georgia,Cross Dock,50749,INT-MGQUE5J
4341,WH-04341,Denver,Colorado,Regional DC,30325,INT-GTVCBDF
4342,WH-04342,Chicago,Illinois,Cross Dock,57653,INT-PD471N7
4343,WH-04343,Houston,Texas,Cross Dock,79950,INT-ZIZ2LQ9
4344,WH-04344,Dallas,Texas,Distribution Center,20282,INT-HPW5K7K
4345,WH-04345,Phoenix,Arizona,Fulfillment Center,29865,INT-JG3BX8O
4346,WH-04346,Phoenix,Arizona,Regional DC,5308,INT-WX8R6IL
4347,WH-04347,Seattle,Washington,Fulfillment Center,28060,INT-VLO712I
4348,WH-04348,Portland,Oregon,Cross Dock,91203,INT-A5IKHNJ
4349,WH-04349,Los Angeles,California,Distribution Center,64429,INT-MHRU9Y1
4350,WH-04350,Seattle,Washington,Cross Dock,90281,INT-ZR78VH6
4351,WH-04351,Charlotte,North Carolina,Fulfillment Center,57573,INT-OQSQ770
4352,WH-04352,Austin,Texas,Fulfillment Center,89283,INT-M3TXUZK
4353,WH-04353,Miami,Florida,Cross Dock,40935,INT-R5V36SK
4354,WH-04354,Charlotte,North Carolina,Regional DC,45521,INT-R6IVQTQ
4355,WH-04355,Houston,Texas,Distribution Center,19677,INT-V868S98
4356,WH-04356,Charlotte,North Carolina,Distribution Center,9715,INT-CQWRXPF
4357,WH-04357,Atlanta,Georgia,Regional DC,14479,INT-ZX0TDH8
4358,WH-04358,New York,New York,Distribution Center,32212,INT-Q3DA9YH
4359,WH-04359,Miami,Florida,Cross Dock,78204,INT-H7QD704
4360,WH-04360,New York,New York,Cross Dock,6035,INT-6EYDGRG
4361,WH-04361,Portland,Oregon,Distribution Center,55302,INT-H2N7OVC
4362,WH-04362,Miami,Florida,Fulfillment Center,16570,INT-DB7MB9A
4363,WH-04363,Miami,Florida,Cross Dock,50628,INT-58QWP1D
4364,WH-04364,Los Angeles,California,Regional DC,15614,INT-UM2YRD2
4365,WH-04365,Boston,Massachusetts,Distribution Center,61883,INT-SQM780D
4366,WH-04366,Denver,Colorado,Fulfillment Center,8020,INT-MAJRCQS
4367,WH-04367,Austin,Texas,Cross Dock,35699,INT-7RJHX8W
4368,WH-04368,Portland,Oregon,Regional DC,85507,INT-5OOINQN
4369,WH-04369,Seattle,Washington,Cross Dock,6350,INT-6V0A81I
4370,WH-04370,Los Angeles,California,Cross Dock,75089,INT-PFW5ORB
4371,WH-04371,Denver,Colorado,Fulfillment Center,33628,INT-ZCX682G
4372,WH-04372,Detroit,Michigan,Cross Dock,98799,INT-WV7MT8J
4373,WH-04373,Phoenix,Arizona,Fulfillment Center,79957,INT-15NC87C
4374,WH-04374,Portland,Oregon,Fulfillment Center,87602,INT-YWS0W5H
4375,WH-04375,Phoenix,Arizona,Cross Dock,57957,INT-VYUMOY6
4376,WH-04376,Dallas,Texas,Distribution Center,59373,INT-OQMMK77
4377,WH-04377,Houston,Texas,Cross Dock,95906,INT-J0RA9ZT
4378,WH-04378,,Unknown,Regional DC,84613,INT-RTL11N0
4379,WH-04379,Los Angeles,California,Fulfillment Center,95360,INT-JB6EEIP
4380,WH-04380,Phoenix,Arizona,Cross Dock,22073,INT-Z0OSWMC
4381,WH-04381,Phoenix,Arizona,Distribution Center,77460,INT-V0U9FP3
4382,WH-04382,Detroit,Michigan,Distribution Center,62175,INT-WS3JEJQ
4383,WH-04383,Atlanta,Georgia,Fulfillment Center,50683,INT-0YYH8RI
4384,WH-04384,New York,New York,Fulfillment Center,94847,INT-57WJG56
4385,WH-04385,Detroit,Michigan,Fulfillment Center,53152,INT-CKNM2T6
4386,WH-04386,Los Angeles,California,Regional DC,77728,INT-AT9QNBG
4387,WH-04387,Boston,Massachusetts,Cross Dock,49495,INT-KRE96XW
4388,WH-04388,New York,New York,Fulfillment Center,30190,INT-20GHDQT
4389,WH-04389,Los Angeles,California,Cross Dock,6933,INT-65Q494N
4390,WH-04390,Boston,Massachusetts,Distribution Center,98730,INT-YBGW342
4391,WH-04391,Charlotte,North Carolina,Regional DC,37689,INT-D4ML3KZ
4392,WH-04392,Detroit,Michigan,Cross Dock,88451,INT-NQODLD1
4393,WH-04393,Phoenix,Arizona,Distribution Center,37794,INT-1YRIRF1
4394,WH-04394,Charlotte,North Carolina,Fulfillment Center,37728,INT-FEPGOZ9
4395,WH-04395,Denver,Colorado,Regional DC,58764,INT-4HMX0UF
4396,WH-04396,Los Angeles,California,Regional DC,5000000,INT-2S4DAB6
4397,WH-04397,chicago,Unknown,Regional DC,45064,INT-KQE5C9U
4398,WH-04398,Boston,Massachusetts,Distribution Center,44441,INT-SCQBU94
4399,WH-04399,Seattle,Washington,Cross Dock,78586,INT-WLK4OCE
4400,WH-04400,Houston,Texas,Distribution Center,25753,INT-7GP909F
4401,WH-04401,Los Angeles,California,Distribution Center,55844,INT-HPRXYIS
4402,WH-04402,Boston,Massachusetts,Distribution Center,92246,INT-XO0OP6F
4403,WH-04403,Phoenix,Arizona,Fulfillment Center,70485,INT-2R0HIAO
4404,WH-04404,Miami,Florida,Cross Dock,56193,INT-7CZHDDQ
4405,WH-04405,Seattle,Washington,Fulfillment Center,54438,INT-1N0XR3D
4406,WH-04406,Charlotte,North Carolina,Regional DC,41493,INT-JOVTUBF
4407,WH-04407,Atlanta,Georgia,Fulfillment Center,12095,INT-3A99SCG
4408,WH-04408,Seattle,Washington,Distribution Center,47991,INT-SEM4Y0S
4409,WH-04409,Boston,Massachusetts,Cross Dock,34860,INT-SGGMRZ9
4410,WH-04410,New York,New York,Cross Dock,9999999,INT-P66TUHT
4411,WH-04411,Los Angeles,California,Distribution Center,76383,INT-PCZOD44
4412,WH-04412,Atlanta,Georgia,Fulfillment Center,78607,INT-DAIROE4
4413,WH-04413,Austin,Texas,Distribution Center,22150,INT-EANLXA9
4414,WH-04414,Miami,Florida,Cross Dock,31843,INT-XQKZNUX
4415,WH-04415,Phoenix,Arizona,Distribution Center,83287,INT-BE8DWJX
4416,WH-04416,Denver,Colorado,Cross Dock,50326,INT-EBTXXDK
4417,WH-04417,Seattle,Washington,Regional DC,64212,INT-CQYYF34
4418,WH-04418,Chicago,Illinois,Cross Dock,76673,INT-1PLUUHF
4419,WH-04419,Atlanta,Georgia,Cross Dock,68713,INT-QL9FQ0S
4420,WH-04420,,Unknown,Cross Dock,69155,INT-QXQT688
4421,WH-04421,Chicago,Illinois,Distribution Center,46831,INT-J05ZHRB
4422,WH-04422,Portland,Oregon,Cross Dock,40161,INT-L6D31R2
4423,WH-04423,Austin,Texas,Cross Dock,58453,INT-N4M64LX
4424,WH-04424,Los Angeles,California,Cross Dock,89043,INT-62BP289
4425,WH-04425,Austin,Texas,Cross Dock,89434,INT-RLE7TON
4426,WH-04426,Los Angeles,California,Regional DC,8665,INT-7U7SLP3
4427,WH-04427,Denver,Colorado,Regional DC,39597,INT-9QTB1RR
4428,WH-04428,Houston,Texas,Cross Dock,58871,INT-YBFLSOB
4429,WH-04429,Austin,Texas,Fulfillment Center,73391,INT-TAB850V
4430,WH-04430,Miami,Florida,Distribution Center,24171,INT-IHVCHZ4
4431,WH-04431,Detroit,Michigan,Cross Dock,79389,INT-ZRAFPF9
4432,WH-04432,Houston,Texas,Regional DC,65911,INT-CF4O3F5
4433,WH-04433,Denver,Colorado,Distribution Center,93080,INT-7P5H63D
4434,WH-04434,Houston,Texas,Fulfillment Center,83563,INT-FRDJY8T
4435,WH-04435,Detroit,Michigan,Regional DC,35277,INT-88EBF7V
4436,WH-04436,New York,New York,Distribution Center,26704,INT-C95WCE6
4437,WH-04437,Denver,Colorado,Cross Dock,40665,INT-S321J0F
4438,WH-04438,Austin,Texas,Distribution Center,82931,INT-8LVFXWG
4439,WH-04439,New York,New York,Fulfillment Center,82039,INT-R80K95D
4440,WH-04440,Miami,Florida,Cross Dock,45040,INT-WWJTAAX
4441,WH-04441,Miami,Florida,Cross Dock,41233,INT-LIFHX9S
4442,WH-04442,New York,New York,Fulfillment Center,25152,INT-JL1AL4L
4443,WH-04443,Detroit,Michigan,Fulfillment Center,7762,INT-H8S0E2U
4444,WH-04444,Houston,Texas,Fulfillment Center,17478,INT-ALLCTYV
4445,WH-04445,Los Angeles,California,Distribution Center,83478,INT-1BR3681
4446,WH-04446,Houston,Texas,Distribution Center,27783,INT-35R317Z
4447,WH-04447,Houston,Texas,Regional DC,50499,INT-HQSPHUH
4448,WH-04448,Detroit,Michigan,Distribution Center,22893,INT-4WMN0BN
4449,WH-04449,Los Angeles,California,Distribution Center,60776,INT-WMSXV1W
4450,WH-04450,Seattle,Washington,Cross Dock,82396,INT-8JF0HJ9
4451,WH-04451,Phoenix,Arizona,Distribution Center,80619,INT-APQF7GC
4452,WH-04452,Boston,Massachusetts,Distribution Center,53302,INT-SNYKV4K
4453,WH-04453,Portland,Oregon,Distribution Center,7296,INT-YFK4BAL
4454,WH-04454,New York,New York,Distribution Center,58765,INT-FVBWGV8
4455,WH-04455,Detroit,Michigan,Regional DC,23306,INT-W5Z3QEF
4456,WH-04456,Miami,Florida,Regional DC,64104,INT-4G2TW3P
4457,WH-04457,New York,New York,Fulfillment Center,94691,INT-8W5OCHV
4458,WH-04458,New York,New York,Fulfillment Center,72894,INT-AIO1URB
4459,WH-04459,Houston,Texas,Distribution Center,10894,INT-11ICFQN
4460,WH-04460,,Unknown,Fulfillment Center,28183,INT-GTUFPE2
4461,WH-04461,Boston,Massachusetts,Cross Dock,89681,INT-2HLAVWE
4462,WH-04462,Boston,Massachusetts,Cross Dock,72792,INT-P995TPE
4463,WH-04463,Atlanta,Georgia,Regional DC,15856,INT-9D0C8IZ
4464,WH-04464,Miami,Florida,Fulfillment Center,18780,INT-OM8YXES
4465,WH-04465,Phoenix,Arizona,Distribution Center,96815,INT-77K49IH
4466,WH-04466,Detroit,Michigan,Cross Dock,12690,INT-D2TYBFS
4467,WH-04467,Denver,Colorado,Cross Dock,59676,INT-GGHKHFP
4468,WH-04468,Charlotte,North Carolina,Fulfillment Center,74016,INT-PMCCCX8
4469,WH-04469,New York,New York,Cross Dock,61855,INT-Z7MM8Q3
4470,WH-04470,,Unknown,Regional DC,25982,INT-BQER659
4471,WH-04471,Detroit,Michigan,Fulfillment Center,67712,INT-CHKHQBK
4472,WH-04472,Dallas,Texas,Fulfillment Center,86885,INT-Z7VHQVS
4473,WH-04473,Houston,Texas,Regional DC,25471,INT-UR8KPPA
4474,WH-04474,Houston,Texas,Distribution Center,77406,INT-TTEYVV4
4475,WH-04475,Los Angeles,California,Regional DC,78427,INT-4Q2JW5S
4476,WH-04476,Charlotte,North Carolina,Fulfillment Center,47036,INT-H5FQXRK
4477,WH-04477,Chicago,Illinois,Fulfillment Center,22128,INT-1X4K04V
4478,WH-04478,Miami,Florida,Cross Dock,25673,INT-2RTV56S
4479,WH-04479,Detroit,Michigan,Cross Dock,14127,INT-3J05RW0
4480,WH-04480,Boston,Massachusetts,Distribution Center,41775,INT-HAVRQ5D
4481,WH-04481,Los Angeles,California,Regional DC,63754,INT-IDUUV2G
4482,WH-04482,Houston,Texas,Regional DC,98737,INT-DW02H40
4483,WH-04483,Miami,Florida,Distribution Center,25298,INT-9YXTUW8
4484,WH-04484,Miami,Florida,Distribution Center,11852,INT-8Z1JL3E
4485,WH-04485,Charlotte,North Carolina,Distribution Center,36693,INT-0WPEQEZ
4486,WH-04486,Detroit,Michigan,Cross Dock,5053,INT-66TZIHO
4487,WH-04487,Miami,Florida,Distribution Center,18734,INT-VXMEPDN
4488,WH-04488,Portland,Oregon,Distribution Center,83236,INT-XRPNBFC
4489,WH-04489,Phoenix,Arizona,Cross Dock,28698,INT-QTH9MDZ
4490,WH-04490,Detroit,Michigan,Regional DC,81004,INT-3VLTVDE
4491,WH-04491,Charlotte,North Carolina,Distribution Center,86248,INT-D8441UL
4492,WH-04492,Miami,Florida,Regional DC,14572,INT-Q3RIDTL
4493,WH-04493,New York,New York,Cross Dock,15949,INT-FCYZWHR
4494,WH-04494,Miami,Florida,Distribution Center,37548,INT-368CV76
4495,WH-04495,Phoenix,Arizona,Distribution Center,51499,INT-L5B7NMD
4496,WH-04496,Phoenix,Arizona,Regional DC,49824,INT-X9OOK1G
4497,WH-04497,Atlanta,Georgia,Regional DC,84702,INT-ODM7OSL
4498,WH-04498,Chicago,Illinois,Regional DC,81093,INT-48085ZN
4499,WH-04499,Dallas,Texas,Fulfillment Center,23360,INT-7LGLJP1
4500,WH-04500,Charlotte,North Carolina,Fulfillment Center,24457,INT-6W28831
4501,WH-04501,,Unknown,Cross Dock,9999999,INT-X79QBKJ
4502,WH-04502,Portland,Oregon,Fulfillment Center,51897,INT-1SG6IP7
4503,WH-04503,Miami,Florida,Distribution Center,40374,INT-KWJ87LT
4504,WH-04504,Phoenix,Arizona,Distribution Center,95955,INT-SA6M2WF
4505,WH-04505,Phoenix,Arizona,Distribution Center,24090,INT-TWCRVY9
4506,WH-04506,Miami,Florida,Fulfillment Center,95814,INT-ZI2V5IQ
4507,WH-04507,,Unknown,Distribution Center,38562,INT-YJKMM4Y
4508,WH-04508,Charlotte,North Carolina,Regional DC,25476,INT-RBN3GMU
4509,WH-04509,Phoenix,Arizona,Distribution Center,31703,INT-OX3FH1B
4510,WH-04510,Austin,Texas,Cross Dock,78459,INT-UVHGDGG
4511,WH-04511,,Unknown,Fulfillment Center,5250,INT-07234PC
4512,WH-04512,Austin,Texas,Fulfillment Center,67179,INT-AQLQG3D
4513,WH-04513,Portland,Oregon,Regional DC,74923,INT-TKFWRY3
4514,WH-04514,Houston,Texas,Fulfillment Center,43552,INT-V3XJ3VP
4515,WH-04515,Phoenix,Arizona,Regional DC,91728,INT-0K622NQ
4516,WH-04516,Atlanta,Georgia,Regional DC,48147,INT-K6MHTNX
4517,WH-04517,Miami,Florida,Distribution Center,39337,INT-GOFTA4Z
4518,WH-04518,Dallas,Texas,Regional DC,58420,INT-4M2C4L7
4519,WH-04519,,Unknown,Cross Dock,36317,INT-26QC8DU
4520,WH-04520,Charlotte,North Carolina,Distribution Center,94350,INT-SFIA2P1
4521,WH-04521,Miami,Florida,Fulfillment Center,93327,INT-E01EDDO
4522,WH-04522,Dallas,Texas,Regional DC,62877,INT-VOV7BHI
4523,WH-04523,Phoenix,Arizona,Fulfillment Center,91575,INT-Y7SQGU5
4524,WH-04524,Boston,Massachusetts,Regional DC,60690,INT-EWR0STB
4525,WH-04525,New York,New York,Regional DC,14237,INT-QBAWZN0
4526,WH-04526,Miami,Florida,Distribution Center,74013,INT-L3TWIDH
4527,WH-04527,Boston,Massachusetts,Cross Dock,41456,INT-MUFZ27Q
4528,WH-04528,Phoenix,Arizona,Regional DC,87400,INT-9E1UKHV
4529,WH-04529,New York,New York,Fulfillment Center,13778,INT-GGNHFUU
4530,WH-04530,Austin,Texas,Fulfillment Center,54092,INT-VMV4SBC
4531,WH-04531,Houston,Texas,Fulfillment Center,6464,INT-PNK03J9
4532,WH-04532,Denver,Colorado,Fulfillment Center,59869,INT-PUI85IT
4533,WH-04533,Chicago,Illinois,Fulfillment Center,75829,INT-VFLERYH
4534,WH-04534,Phoenix,Arizona,Regional DC,19099,INT-V260HPG
4535,WH-04535,Chicago,Illinois,Cross Dock,41130,INT-N40IM5F
4536,WH-04536,Austin,Texas,Cross Dock,50982,INT-OND112N
4537,WH-04537,Dallas,Texas,Regional DC,84846,INT-U7A1GAA
4538,WH-04538,Seattle,Washington,Regional DC,45878,INT-4P86YDY
4539,WH-04539,Seattle,Washington,Distribution Center,21970,INT-5AEYM02
4540,WH-04540,Charlotte,North Carolina,Distribution Center,38791,INT-K7QI6RV
4541,WH-04541,Boston,Massachusetts,Cross Dock,13016,INT-02U02BY
4542,WH-04542,New York,New York,Regional DC,53621,INT-UUSD2UA
4543,WH-04543,Los Angeles,California,Distribution Center,10399,INT-1F1O23Y
4544,WH-04544,Dallas,Texas,Regional DC,13512,INT-QEOYMOB
4545,WH-04545,New York,New York,Regional DC,73596,INT-BNSUWS5
4546,WH-04546,Houston,Texas,Fulfillment Center,86829,INT-0OUU3QT
4547,WH-04547,Atlanta,Georgia,Regional DC,86456,INT-1DTJQ2G
4548,WH-04548,Los Angeles,California,Cross Dock,85418,INT-ZM51W7T
4549,WH-04549,Houston,Texas,Regional DC,14934,INT-TIK0624
4550,WH-04550,Los Angeles,California,Regional DC,10286,INT-C6D9DHI
4551,WH-04551,Atlanta,Georgia,Distribution Center,32213,INT-9EERMWU
4552,WH-04552,Dallas,Texas,Fulfillment Center,51984,INT-0MZZC4T
4553,WH-04553,Boston,Massachusetts,Distribution Center,29823,INT-33TXT5A
4554,WH-04554,Chicago,Illinois,Distribution Center,84580,INT-K43L0JT
4555,WH-04555,Portland,Oregon,Regional DC,21456,INT-UDXID1J
4556,WH-04556,Los Angeles,California,Regional DC,33411,INT-DOSM6PU
4557,WH-04557,Chicago,Illinois,Cross Dock,89417,INT-NNW6LN8
4558,WH-04558,Seattle,Washington,Regional DC,68169,INT-G3BHQG3
4559,WH-04559,New York,New York,Distribution Center,54672,INT-CLRSPGB
4560,WH-04560,Portland,Oregon,Distribution Center,63444,INT-GERY01N
4561,WH-04561,New York,New York,Cross Dock,98365,INT-GO9PUPC
4562,WH-04562,Seattle,Washington,Distribution Center,40299,INT-E8JQ9SI
4563,WH-04563,New York,New York,Fulfillment Center,44112,INT-JDBWOJM
4564,WH-04564,Denver,Colorado,Fulfillment Center,18527,INT-ZU4SWML
4565,WH-04565,Dallas,Texas,Regional DC,21858,INT-P4C3WU1
4566,WH-04566,Austin,Texas,Regional DC,50839,INT-TIMMNVO
4567,WH-04567,New York,New York,Fulfillment Center,45092,INT-UGFZC6A
4568,WH-04568,Boston,Massachusetts,Distribution Center,81348,INT-SJGOS57
4569,WH-04569,Houston,Texas,Fulfillment Center,40364,INT-370MZ34
4570,WH-04570,Denver,Colorado,Cross Dock,9045,INT-VGE2XPE
4571,WH-04571,Los Angeles,California,Distribution Center,61052,INT-S6TSDY0
4572,WH-04572,Phoenix,Arizona,Regional DC,31317,INT-H8Q0AK3
4573,WH-04573,Atlanta,Georgia,Fulfillment Center,51569,INT-GQ1MIE3
4574,WH-04574,,Unknown,Fulfillment Center,78314,INT-8MCT5JA
4575,WH-04575,Miami,Florida,Regional DC,48216,INT-DPZ71QQ
4576,WH-04576,Chicago,Illinois,Cross Dock,44937,INT-3XVVSR8
4577,WH-04577,Portland,Oregon,Fulfillment Center,47210,INT-QZRJK2T
4578,WH-04578,Denver,Colorado,Regional DC,79141,INT-F58LZFP
4579,WH-04579,Miami,Florida,Fulfillment Center,23745,INT-SH48W6E
4580,WH-04580,,Unknown,Cross Dock,71613,INT-YZ0D21S
4581,WH-04581,Seattle,Washington,Cross Dock,79365,INT-2NKBP3V
4582,WH-04582,Charlotte,North Carolina,Cross Dock,49551,INT-YIN639X
4583,WH-04583,Detroit,Michigan,Distribution Center,63637,INT-WO9FYE7
4584,WH-04584,Phoenix,Arizona,Fulfillment Center,23739,INT-GG8PIQX
4585,WH-04585,Seattle,Washington,Distribution Center,5226,INT-C7NBYNL
4586,WH-04586,Denver,Colorado,Regional DC,36867,INT-W5E9FRO
4587,WH-04587,New York,New York,Regional DC,82699,INT-GICEJYX
4588,WH-04588,New York,New York,Distribution Center,52761,INT-Z1RZ2OA
4589,WH-04589,Seattle,Washington,Cross Dock,86580,INT-GU7S7QR
4590,WH-04590,Phoenix,Arizona,Fulfillment Center,45956,INT-07H0F7C
4591,WH-04591,,Unknown,Fulfillment Center,66317,INT-8ZLHP4Q
4592,WH-04592,Denver,Colorado,Regional DC,19074,INT-9Z0NR0E
4593,WH-04593,Phoenix,Arizona,Distribution Center,74712,INT-PFCCUNI
4594,WH-04594,Miami,Florida,Cross Dock,59099,INT-7WEWWDS
4595,WH-04595,Dallas,Texas,Distribution Center,68531,INT-67GTKR4
4596,WH-04596,Charlotte,North Carolina,Cross Dock,52955,INT-ZKHMHK3
4597,WH-04597,Portland,Oregon,Cross Dock,32587,INT-B4D9ZYD
4598,WH-04598,Atlanta,Georgia,Cross Dock,92718,INT-7Z55SKA
4599,WH-04599,Denver,Colorado,Cross Dock,12993,INT-QAVBL9B
4600,WH-04600,Chicago,Illinois,Distribution Center,84816,INT-7S1QJGT
4601,WH-04601,Austin,Texas,Regional DC,91178,INT-THWFHUF
4602,WH-04602,Seattle,Washington,Cross Dock,37665,INT-AZAMT0F
4603,WH-04603,Dallas,Texas,Regional DC,32275,INT-W9F1B12
4604,WH-04604,Charlotte,North Carolina,Regional DC,59159,INT-41OGBTJ
4605,WH-04605,Austin,Texas,Fulfillment Center,73972,INT-JIPS02L
4606,WH-04606,Portland,Oregon,Cross Dock,89462,INT-DV4F4QI
4607,WH-04607,Miami,Florida,Cross Dock,21700,INT-L4CWUOP
4608,WH-04608,Phoenix,Arizona,Regional DC,23267,INT-VON7YQ3
4609,WH-04609,Atlanta,Georgia,Regional DC,48295,INT-4XWB647
4610,WH-04610,New York,New York,Regional DC,91756,INT-Y2TP5KF
4611,WH-04611,Miami,Florida,Cross Dock,25872,INT-LQKPI9O
4612,WH-04612,Atlanta,Georgia,Cross Dock,18040,INT-OFAA5P5
4613,WH-04613,Portland,Oregon,Regional DC,27367,INT-P2VTCCA
4614,WH-04614,Detroit,Michigan,Cross Dock,9999999,INT-KYNRVHO
4615,WH-04615,Dallas,Texas,Cross Dock,65892,INT-7JKAMLG
4616,WH-04616,Denver,Colorado,Fulfillment Center,89465,INT-GKT897O
4617,WH-04617,New York,New York,Regional DC,96814,INT-BM6KTYE
4618,WH-04618,Dallas,Texas,Regional DC,62915,INT-NYZEN0Z
4619,WH-04619,Los Angeles,California,Fulfillment Center,28738,INT-9KZIFZ1
4620,WH-04620,Portland,Oregon,Distribution Center,18069,INT-HN9GVWQ
4621,WH-04621,Dallas,Texas,Fulfillment Center,34332,INT-9Y9SO4F
4622,WH-04622,Austin,Texas,Distribution Center,83292,INT-LAKIY0K
4623,WH-04623,Austin,Texas,Regional DC,41801,INT-5R2I8AS
4624,WH-04624,Phoenix,Arizona,Fulfillment Center,9347,INT-L4JY2R4
4625,WH-04625,Phoenix,Arizona,Fulfillment Center,24702,INT-NJIMN9P
4626,WH-04626,Detroit,Michigan,Distribution Center,92257,INT-J1N36LL
4627,WH-04627,Denver,Colorado,Regional DC,30688,INT-3N7QMNQ
4628,WH-04628,Boston,Massachusetts,Distribution Center,63704,INT-RDWY08S
4629,WH-04629,Atlanta,Georgia,Regional DC,6718,INT-YLDZUW1
4630,WH-04630,Dallas,Texas,Cross Dock,15722,INT-JHQ1J0F
4631,WH-04631,Charlotte,North Carolina,Cross Dock,18973,INT-VOXQTQ4
4632,WH-04632,Denver,Colorado,Distribution Center,69459,INT-GE2TSOR
4633,WH-04633,Portland,Oregon,Regional DC,80954,INT-43AEVAV
4634,WH-04634,Boston,Massachusetts,Distribution Center,95286,INT-EKMAOTL
4635,WH-04635,Austin,Texas,Distribution Center,76266,INT-D9CPEA2
4636,WH-04636,Dallas,Texas,Cross Dock,54966,INT-LZ9SPJV
4637,WH-04637,Charlotte,North Carolina,Distribution Center,54556,INT-O6E57AO
4638,WH-04638,Boston,Massachusetts,Distribution Center,98054,INT-2P2YJYQ
4639,WH-04639,Dallas,Texas,Fulfillment Center,79234,INT-62Y825T
4640,WH-04640,Atlanta,Georgia,Cross Dock,29266,INT-ED82HM1
4641,WH-04641,New York,New York,Distribution Center,69911,INT-T9KTVFD
4642,WH-04642,Chicago,Illinois,Regional DC,40321,INT-UEU184Z
4643,WH-04643,Miami,Florida,Cross Dock,86251,INT-6FNQHFN
4644,WH-04644,Houston,Texas,Fulfillment Center,46770,INT-BTP2FCL
4645,WH-04645,Miami,Florida,Distribution Center,23046,INT-YKDF0ZR
4646,WH-04646,Phoenix,Arizona,Regional DC,34723,INT-34SLOVC
4647,WH-04647,Dallas,Texas,Distribution Center,68056,INT-D3XIFBD
4648,WH-04648,Detroit,Michigan,Distribution Center,80782,INT-I08WAMO
4649,WH-04649,New York,New York,Distribution Center,14077,INT-IBW29CF
4650,WH-04650,Denver,Colorado,Fulfillment Center,22711,INT-52SYFO1
4651,WH-04651,New York,New York,Cross Dock,26591,INT-7S1TLV0
4652,WH-04652,New York,New York,Cross Dock,19558,INT-E4HHH8T
4653,WH-04653,Charlotte,North Carolina,Fulfillment Center,69768,INT-YLFK5LW
4654,WH-04654,Boston,Massachusetts,Distribution Center,10215,INT-FV42CBU
4655,WH-04655,Austin,Texas,Distribution Center,55767,INT-5CECDWK
4656,WH-04656,Portland,Oregon,Fulfillment Center,18240,INT-SPE45C7
4657,WH-04657,Dallas,Texas,Fulfillment Center,54460,INT-C4AC89W
4658,WH-04658,Boston,Massachusetts,Distribution Center,90575,INT-PZZGU2E
4659,WH-04659,Chicago,Illinois,Distribution Center,93600,INT-B3PB2X7
4660,WH-04660,Boston,Massachusetts,Fulfillment Center,46260,INT-VU6PZ0Z
4661,WH-04661,Phoenix,Arizona,Cross Dock,75101,INT-PHX0MG5
4662,WH-04662,Seattle,Washington,Fulfillment Center,89039,INT-4IB4FJW
4663,WH-04663,Phoenix,Arizona,Regional DC,32616,INT-P8X8DJR
4664,WH-04664,Charlotte,North Carolina,Cross Dock,51683,INT-6X47Y5K
4665,WH-04665,Atlanta,Georgia,Cross Dock,19315,INT-CXCQ8G5
4666,WH-04666,Chicago,Illinois,Distribution Center,49061,INT-0OPCG2X
4667,WH-04667,Atlanta,Georgia,Fulfillment Center,47888,INT-IQ0O64G
4668,WH-04668,Charlotte,North Carolina,Distribution Center,41422,INT-8B266JJ
4669,WH-04669,Los Angeles,California,Distribution Center,60790,INT-VLPCS2D
4670,WH-04670,Dallas,Texas,Regional DC,7702,INT-EM7TZ2F
4671,WH-04671,Phoenix,Arizona,Fulfillment Center,19437,INT-PIVYHAU
4672,WH-04672,Seattle,Washington,Cross Dock,75842,INT-QQLOHWW
4673,WH-04673,Phoenix,Arizona,Cross Dock,90708,INT-0RF1CPH
4674,WH-04674,New York,New York,Distribution Center,34870,INT-ED4V8VP
4675,WH-04675,Denver,Colorado,Distribution Center,28847,INT-RZY4QJ8
4676,WH-04676,Portland,Oregon,Distribution Center,25920,INT-V0QIFFB
4677,WH-04677,Seattle,Washington,Fulfillment Center,9414,INT-FQWXHHU
4678,WH-04678,Denver,Colorado,Distribution Center,96414,INT-ZUYHJI4
4679,WH-04679,Austin,Texas,Distribution Center,58958,INT-BJYR4NT
4680,WH-04680,Portland,Oregon,Cross Dock,25531,INT-BG85H97
4681,WH-04681,Portland,Oregon,Fulfillment Center,37455,INT-NCG777O
4682,WH-04682,Charlotte,North Carolina,Cross Dock,64407,INT-945AXNJ
4683,WH-04683,Phoenix,Arizona,Regional DC,19811,INT-7U3WI7X
4684,WH-04684,New York,New York,Fulfillment Center,43006,INT-PYFSD31
4685,WH-04685,Denver,Colorado,Regional DC,55751,INT-12EB6J8
4686,WH-04686,Charlotte,North Carolina,Distribution Center,44803,INT-UYU8TOW
4687,WH-04687,Dallas,Texas,Distribution Center,63410,INT-55UW0Y4
4688,WH-04688,Miami,Florida,Distribution Center,84534,INT-OGOO5HM
4689,WH-04689,Boston,Massachusetts,Cross Dock,96150,INT-J8PRRLM
4690,WH-04690,Portland,Oregon,Regional DC,6589,INT-Y659Y1K
4691,WH-04691,Austin,Texas,Distribution Center,25896,INT-6MF91C5
4692,WH-04692,Seattle,Washington,Regional DC,24042,INT-1X9W00E
4693,WH-04693,Dallas,Texas,Distribution Center,53869,INT-7S6AQ6S
4694,WH-04694,Dallas,Texas,Regional DC,93465,INT-ZB7U4X7
4695,WH-04695,Phoenix,Arizona,Regional DC,38795,INT-MPJIGBO
4696,WH-04696,Denver,Colorado,Regional DC,12865,INT-BQZD2SC
4697,WH-04697,New York,New York,Fulfillment Center,83138,INT-BJP1PB3
4698,WH-04698,Miami,Florida,Regional DC,57286,INT-48P5SSW
4699,WH-04699,Miami,Florida,Distribution Center,16450,INT-DPEXH6D
4700,WH-04700,Dallas,Texas,Cross Dock,43271,INT-6ANFU1Z
4701,WH-04701,Detroit,Michigan,Fulfillment Center,47743,INT-7JXY14D
4702,WH-04702,Seattle,Washington,Regional DC,5000000,INT-FHIOFWN
4703,WH-04703,Boston,Massachusetts,Fulfillment Center,93246,INT-RKR5ZDC
4704,WH-04704,Chicago,Illinois,Regional DC,7257,INT-IFP79KC
4705,WH-04705,Seattle,Washington,Cross Dock,12071,INT-AAH5TDU
4706,WH-04706,Denver,Colorado,Cross Dock,11302,INT-6MDY6T7
4707,WH-04707,Atlanta,Georgia,Distribution Center,66374,INT-7U5AXIO
4708,WH-04708,Charlotte,North Carolina,Distribution Center,91266,INT-VENMF4T
4709,WH-04709,Miami,Florida,Cross Dock,22846,INT-ZW6RZ36
4710,WH-04710,Charlotte,North Carolina,Distribution Center,16055,INT-U4GDR3Z
4711,WH-04711,Denver,Colorado,Fulfillment Center,99024,INT-91GUVPB
4712,WH-04712,Houston,Texas,Distribution Center,31588,INT-34OE4R6
4713,WH-04713,Detroit,Michigan,Distribution Center,77458,INT-WVTX21Z
4714,WH-04714,Dallas,Texas,Cross Dock,85557,INT-74EMZXO
4715,WH-04715,Phoenix,Arizona,Regional DC,29810,INT-7HUJ1QR
4716,WH-04716,New York,New York,Fulfillment Center,84302,INT-H8DQCDB
4717,WH-04717,Chicago,Illinois,Regional DC,53713,INT-5PFK1VK
4718,WH-04718,Charlotte,North Carolina,Fulfillment Center,36753,INT-7ZDAZ3M
4719,WH-04719,Los Angeles,California,Fulfillment Center,88507,INT-H2XTN7F
4720,WH-04720,Denver,Colorado,Distribution Center,69872,INT-0DHJY2M
4721,WH-04721,Los Angeles,California,Fulfillment Center,9389,INT-QGWYF7R
4722,WH-04722,New York,New York,Cross Dock,6367,INT-0WCNXDY
4723,WH-04723,Atlanta,Georgia,Cross Dock,42343,INT-EBW5P0H
4724,WH-04724,Dallas,Texas,Distribution Center,27713,INT-ICNLX95
4725,WH-04725,Dallas,Texas,Fulfillment Center,71317,INT-UNTTUAL
4726,WH-04726,Atlanta,Georgia,Fulfillment Center,40659,INT-TLB3BEY
4727,WH-04727,Miami,Florida,Regional DC,93032,INT-FICLCTM
4728,WH-04728,Los Angeles,California,Regional DC,66888,INT-KRMF7ES
4729,WH-04729,Boston,Massachusetts,Cross Dock,27271,INT-JYNMMAX
4730,WH-04730,Houston,Texas,Distribution Center,22111,INT-EQLKFSK
4731,WH-04731,Detroit,Michigan,Regional DC,80162,INT-5FA649I
4732,WH-04732,Boston,Massachusetts,Distribution Center,28230,INT-7ZT73UN
4733,WH-04733,Detroit,Michigan,Cross Dock,57714,INT-E4HVFKY
4734,WH-04734,Miami,Florida,Fulfillment Center,20897,INT-7RKHAIQ
4735,WH-04735,Detroit,Michigan,Regional DC,26453,INT-WKS4GO9
4736,WH-04736,Denver,Colorado,Cross Dock,99673,INT-TQKXYKX
4737,WH-04737,New York,New York,Regional DC,57203,INT-BR4793Q
4738,WH-04738,Detroit,Michigan,Regional DC,74459,INT-CBUKPM8
4739,WH-04739,Phoenix,Arizona,Regional DC,16386,INT-FJ2CV3W
4740,WH-04740,Phoenix,Arizona,Cross Dock,51730,INT-12YQ7M4
4741,WH-04741,Miami,Florida,Fulfillment Center,74954,INT-S7YDQDA
4742,WH-04742,Portland,Oregon,Distribution Center,40799,INT-SPV8HVQ
4743,WH-04743,Dallas,Texas,Distribution Center,23613,INT-LKV8SSP
4744,WH-04744,Seattle,Washington,Cross Dock,42484,INT-M8PPFHH
4745,WH-04745,Boston,Massachusetts,Distribution Center,56175,INT-IAJHLBU
4746,WH-04746,Charlotte,North Carolina,Fulfillment Center,81071,INT-4GDXAT2
4747,WH-04747,Boston,Massachusetts,Regional DC,64638,INT-DX2ZLAH
4748,WH-04748,Boston,Massachusetts,Fulfillment Center,15505,INT-EUQ86ST
4749,WH-04749,Portland,Oregon,Cross Dock,86564,INT-FSVM9UM
4750,WH-04750,Phoenix,Arizona,Fulfillment Center,43343,INT-AWRFE2S
4751,WH-04751,Seattle,Washington,Distribution Center,51345,INT-ETSTODJ
4752,WH-04752,Seattle,Washington,Regional DC,66665,INT-PTGFJSR
4753,WH-04753,Detroit,Michigan,Cross Dock,99483,INT-O5YXKUX
4754,WH-04754,Miami,Florida,Fulfillment Center,99965,INT-8F4VIRI
4755,WH-04755,Los Angeles,California,Fulfillment Center,60962,INT-1HA5H6Y
4756,WH-04756,Boston,Massachusetts,Fulfillment Center,72742,INT-DR0Z65P
4757,WH-04757,Charlotte,North Carolina,Distribution Center,8168,INT-49KMD2K
4758,WH-04758,New York,New York,Cross Dock,89104,INT-ESWR8EH
4759,WH-04759,Detroit,Michigan,Regional DC,70536,INT-NS5YR15
4760,WH-04760,Houston,Texas,Distribution Center,89204,INT-KH2GTHO
4761,WH-04761,Atlanta,Georgia,Regional DC,48770,INT-SAC437N
4762,WH-04762,LOS ANGELES,Unknown,Cross Dock,23307,INT-87WJDEC
4763,WH-04763,Los Angeles,California,Fulfillment Center,95809,INT-YPYGPO1
4764,WH-04764,Miami,Florida,Regional DC,36561,INT-2QB0AC5
4765,WH-04765,Charlotte,North Carolina,Fulfillment Center,79624,INT-VOJ9P08
4766,WH-04766,Dallas,Texas,Regional DC,18332,INT-4GX6SHY
4767,WH-04767,New York,New York,Distribution Center,93202,INT-4PLV9ZS
4768,WH-04768,Charlotte,North Carolina,Fulfillment Center,78654,INT-BF3GHGV
4769,WH-04769,Dallas,Texas,Fulfillment Center,18333,INT-4PW0TDS
4770,WH-04770,Phoenix,Arizona,Cross Dock,26902,INT-V7TU2E4
4771,WH-04771,Boston,Massachusetts,Regional DC,76024,INT-D7K9ALX
4772,WH-04772,Los Angeles,California,Distribution Center,45723,INT-V9VL2C8
4773,WH-04773,Detroit,Michigan,Regional DC,48063,INT-VWXRV8G
4774,WH-04774,Denver,Colorado,Fulfillment Center,90267,INT-3CS0NP1
4775,WH-04775,Houston,Texas,Distribution Center,78547,INT-JJ94782
4776,WH-04776,Houston,Texas,Regional DC,60147,INT-BCABQCH
4777,WH-04777,Los Angeles,California,Distribution Center,32103,INT-G8KZAZN
4778,WH-04778,Austin,Texas,Distribution Center,57782,INT-IN0TQ39
4779,WH-04779,Miami,Florida,Fulfillment Center,44734,INT-01HUZPI
4780,WH-04780,Phoenix,Arizona,Cross Dock,7669,INT-E28MP1X
4781,WH-04781,Detroit,Michigan,Fulfillment Center,53439,INT-ER345X2
4782,WH-04782,Atlanta,Georgia,Distribution Center,74850,INT-BK0HX0J
4783,WH-04783,Seattle,Washington,Fulfillment Center,75272,INT-5W1NN7C
4784,WH-04784,Dallas,Texas,Cross Dock,56221,INT-QUREG0C
4785,WH-04785,Miami,Florida,Distribution Center,69417,INT-C0RN526
4786,WH-04786,Austin,Texas,Fulfillment Center,57088,INT-P2TAY53
4787,WH-04787,Charlotte,North Carolina,Cross Dock,38263,INT-S0G1W7E
4788,WH-04788,Atlanta,Georgia,Fulfillment Center,67024,INT-DMIY0BD
4789,WH-04789,Chicago,Illinois,Regional DC,12773,INT-8CLVA5W
4790,WH-04790,Detroit,Michigan,Cross Dock,92626,INT-8IUN8M1
4791,WH-04791,Dallas,Texas,Fulfillment Center,9101,INT-ETWF087
4792,WH-04792,Miami,Florida,Fulfillment Center,61866,INT-1P03JTD
4793,WH-04793,New York,New York,Distribution Center,21064,INT-BC7IMN6
4794,WH-04794,Houston,Texas,Regional DC,66473,INT-OQJH0E9
4795,WH-04795,Phoenix,Arizona,Cross Dock,43679,INT-3X2TGWX
4796,WH-04796,Austin,Texas,Distribution Center,83293,INT-IQ0TCZ6
4797,WH-04797,Detroit,Michigan,Fulfillment Center,45807,INT-2AYLURF
4798,WH-04798,Los Angeles,California,Distribution Center,30646,INT-AMLJ01B
4799,WH-04799,Los Angeles,California,Cross Dock,99179,INT-RV2GU26
4800,WH-04800,Boston,Massachusetts,Fulfillment Center,26324,INT-9ZJI3OV
4801,WH-04801,Seattle,Washington,Fulfillment Center,43910,INT-54B9YWE
4802,WH-04802,Dallas,Texas,Fulfillment Center,73162,INT-JSCS3G9
4803,WH-04803,Dallas,Texas,Fulfillment Center,41247,INT-F2XUHNW
4804,WH-04804,Atlanta,Georgia,Regional DC,10774,INT-4Z23EVJ
4805,WH-04805,Portland,Oregon,Cross Dock,80303,INT-1GMQLHI
4806,WH-04806,Atlanta,Georgia,Cross Dock,25567,INT-U163O7E
4807,WH-04807,Portland,Oregon,Distribution Center,22666,INT-GB2FMBM
4808,WH-04808,Denver,Colorado,Distribution Center,95436,INT-QYZD5CG
4809,WH-04809,Austin,Texas,Fulfillment Center,18927,INT-2TEFYZB
4810,WH-04810,Denver,Colorado,Distribution Center,9999999,INT-H6TKXG8
4811,WH-04811,Denver,Colorado,Cross Dock,7377,INT-O81HNSQ
4812,WH-04812,Phoenix,Arizona,Distribution Center,11905,INT-RLIKAUX
4813,WH-04813,Boston,Massachusetts,Distribution Center,88004,INT-GEB9HYW
4814,WH-04814,Denver,Colorado,Fulfillment Center,71079,INT-G3HYPTY
4815,WH-04815,Detroit,Michigan,Regional DC,61211,INT-PSNROT9
4816,WH-04816,Miami,Florida,Distribution Center,18109,INT-OXTP0J3
4817,WH-04817,Los Angeles,California,Regional DC,87843,INT-9IGW7OF
4818,WH-04818,Los Angeles,California,Fulfillment Center,38897,INT-NUTSVL8
4819,WH-04819,Miami,Florida,Distribution Center,29842,INT-ADSU19Y
4820,WH-04820,Dallas,Texas,Cross Dock,23568,INT-9GU80A4
4821,WH-04821,Portland,Oregon,Fulfillment Center,14349,INT-D31YKC3
4822,WH-04822,Boston,Massachusetts,Distribution Center,8594,INT-EJNJX7E
4823,WH-04823,Charlotte,North Carolina,Distribution Center,48769,INT-PH826C9
4824,WH-04824,Detroit,Michigan,Distribution Center,51837,INT-LD3FFS4
4825,WH-04825,Phoenix,Arizona,Distribution Center,8459,INT-U1E4CPH
4826,WH-04826,Seattle,Washington,Cross Dock,78818,INT-D2EX7JG
4827,WH-04827,Seattle,Washington,Fulfillment Center,56639,INT-Y3FNPXE
4828,WH-04828,Atlanta,Georgia,Distribution Center,44857,INT-17BBBN2
4829,WH-04829,Miami,Florida,Fulfillment Center,49010,INT-VWH4TMU
4830,WH-04830,Phoenix,Arizona,Distribution Center,80186,INT-5RMKXAF
4831,WH-04831,Denver,Colorado,Fulfillment Center,46637,INT-H8RZM7D
4832,WH-04832,Portland,Oregon,Cross Dock,48308,INT-3RWZV2I
4833,WH-04833,Detroit,Michigan,Distribution Center,76798,INT-ZD27W9E
4834,WH-04834,Austin,Texas,Distribution Center,62560,INT-P2BKSEA
4835,WH-04835,Chicago,Illinois,Regional DC,5655,INT-4Q86GT2
4836,WH-04836,New York,New York,Distribution Center,27224,INT-CSK7CZK
4837,WH-04837,Chicago,Illinois,Regional DC,28130,INT-DY29MMO
4838,WH-04838,Portland,Oregon,Cross Dock,36689,INT-ZDHEPZN
4839,WH-04839,Boston,Massachusetts,Regional DC,93581,INT-J5DRR68
4840,WH-04840,Los Angeles,California,Fulfillment Center,94869,INT-VAJQCM0
4841,WH-04841,Miami,Florida,Fulfillment Center,91447,INT-Q9DLCCF
4842,WH-04842,New York,New York,Distribution Center,40293,INT-LPR8GMG
4843,WH-04843,Atlanta,Georgia,Fulfillment Center,23522,INT-0DFRT0S
4844,WH-04844,Denver,Colorado,Regional DC,56172,INT-AMT8FUJ
4845,WH-04845,Detroit,Michigan,Fulfillment Center,43372,INT-3HQJFRP
4846,WH-04846,Chicago,Illinois,Distribution Center,96050,INT-T0QCNVV
4847,WH-04847,Dallas,Texas,Fulfillment Center,29847,INT-UJV8AYF
4848,WH-04848,Miami,Florida,Distribution Center,20353,INT-1LURQKS
4849,WH-04849,Chicago,Illinois,Cross Dock,47151,INT-91Y7QFX
4850,WH-04850,Boston,Massachusetts,Regional DC,5258,INT-LK6I217
4851,WH-04851,Chicago,Illinois,Distribution Center,64602,INT-OOAKO7C
4852,WH-04852,Dallas,Texas,Distribution Center,36738,INT-L722XYH
4853,WH-04853,Atlanta,Georgia,Regional DC,63895,INT-ZTY4LBX
4854,WH-04854,Houston,Texas,Regional DC,68190,INT-59SIXEF
4855,WH-04855,Charlotte,North Carolina,Distribution Center,75006,INT-NCCUED9
4856,WH-04856,Houston,Texas,Distribution Center,73994,INT-IPOAGHW
4857,WH-04857,Boston,Massachusetts,Cross Dock,64781,INT-YFKBHSH
4858,WH-04858,Phoenix,Arizona,Fulfillment Center,21058,INT-BFPE1KO
4859,WH-04859,Portland,Oregon,Regional DC,16351,INT-J7OG87I
4860,WH-04860,Portland,Oregon,Cross Dock,63219,INT-FK3GIC2
4861,WH-04861,Seattle,Washington,Distribution Center,76961,INT-OC9LBS9
4862,WH-04862,Dallas,Texas,Fulfillment Center,40398,INT-CO4ZAQZ
4863,WH-04863,Dallas,Texas,Regional DC,99567,INT-XM6HD8G
4864,WH-04864,Denver,Colorado,Fulfillment Center,65114,INT-FHRR7NH
4865,WH-04865,Dallas,Texas,Distribution Center,96214,INT-C8DWD9S
4866,WH-04866,New York,New York,Cross Dock,76957,INT-IXM911R
4867,WH-04867,Seattle,Washington,Regional DC,83313,INT-2JE4WI7
4868,WH-04868,Charlotte,North Carolina,Cross Dock,29066,INT-IXKSYQ8
4869,WH-04869,Charlotte,North Carolina,Regional DC,81934,INT-ZES8J4N
4870,WH-04870,Dallas,Texas,Distribution Center,63576,INT-P1KSWEU
4871,WH-04871,Atlanta,Georgia,Fulfillment Center,37837,INT-EIT5BP0
4872,WH-04872,Phoenix,Arizona,Cross Dock,71252,INT-B1CIVHZ
4873,WH-04873,Seattle,Washington,Cross Dock,31880,INT-QGHHEWN
4874,WH-04874,Miami,Florida,Regional DC,52086,INT-PMQTXBO
4875,WH-04875,Charlotte,North Carolina,Fulfillment Center,48535,INT-A6UNVU0
4876,WH-04876,Phoenix,Arizona,Fulfillment Center,17424,INT-OMT3P43
4877,WH-04877,Seattle,Washington,Distribution Center,96780,INT-3SZXY7M
4878,WH-04878,Detroit,Michigan,Cross Dock,31570,INT-WZ34JQZ
4879,WH-04879,Miami,Florida,Regional DC,49894,INT-ROZGAQX
4880,WH-04880,Charlotte,North Carolina,Cross Dock,39469,INT-V8E85FI
4881,WH-04881,Austin,Texas,Regional DC,16496,INT-IH6KZRQ
4882,WH-04882,Miami,Florida,Regional DC,37812,INT-LTM42UF
4883,WH-04883,Los Angeles,California,Regional DC,10089,INT-P8PYRTB
4884,WH-04884,Detroit,Michigan,Distribution Center,67038,INT-CQJAZRF
4885,WH-04885,Seattle,Washington,Fulfillment Center,67958,INT-YHMOVY6
4886,WH-04886,Atlanta,Georgia,Distribution Center,75299,INT-ZY2U5XH
4887,WH-04887,Charlotte,North Carolina,Distribution Center,34000,INT-VMXYCVI
4888,WH-04888,Boston,Massachusetts,Cross Dock,77517,INT-QD703NP
4889,WH-04889,Charlotte,North Carolina,Regional DC,19418,INT-FMT2MRS
4890,WH-04890,Houston,Texas,Cross Dock,35620,INT-Q21HCEY
4891,WH-04891,Austin,Texas,Regional DC,31142,INT-69BL5A6
4892,WH-04892,Charlotte,North Carolina,Cross Dock,66071,INT-N1P5OBG
4893,WH-04893,Charlotte,North Carolina,Fulfillment Center,21321,INT-CFZRSXS
4894,WH-04894,Houston,Texas,Fulfillment Center,58963,INT-LDD6DX7
4895,WH-04895,Portland,Oregon,Regional DC,37366,INT-9LK6DLB
4896,WH-04896,Chicago,Illinois,Cross Dock,49770,INT-67BMWOL
4897,WH-04897,New York,New York,Regional DC,18919,INT-QUQ8OC3
4898,WH-04898,Seattle,Washington,Distribution Center,6783,INT-9DCAX6S
4899,WH-04899,Atlanta,Georgia,Cross Dock,23147,INT-2T3ZOJC
4900,WH-04900,Austin,Texas,Fulfillment Center,56733,INT-34J99BA
4901,WH-04901,Detroit,Michigan,Distribution Center,94515,INT-RL9VR60
4902,WH-04902,Chicago,Illinois,Distribution Center,5805,INT-XMUASIN
4903,WH-04903,Boston,Massachusetts,Regional DC,12150,INT-5JQ0FXX
4904,WH-04904,Portland,Oregon,Cross Dock,12895,INT-HWQB57K
4905,WH-04905,,Unknown,Cross Dock,69102,INT-O39ITV9
4906,WH-04906,New York,New York,Regional DC,37181,INT-GAD34IK
4907,WH-04907,New York,New York,Regional DC,46785,INT-RT1BFRU
4908,WH-04908,Austin,Texas,Cross Dock,73379,INT-V2I3GIE
4909,WH-04909,Los Angeles,California,Fulfillment Center,98297,INT-V4OBJO0
4910,WH-04910,New York,New York,Cross Dock,49250,INT-14R0BMZ
4911,WH-04911,Atlanta,Georgia,Fulfillment Center,60635,INT-CQ0PX02
4912,WH-04912,Los Angeles,California,Distribution Center,89707,INT-AHD4MEU
4913,WH-04913,Seattle,Washington,Cross Dock,52272,INT-C7GYTR7
4914,WH-04914,Chicago,Illinois,Regional DC,71423,INT-QTQHQ2Y
4915,WH-04915,Atlanta,Georgia,Regional DC,99400,INT-SUEUFVV
4916,WH-04916,Chicago,Illinois,Fulfillment Center,23829,INT-VJOATKR
4917,WH-04917,Phoenix,Arizona,Distribution Center,78436,INT-RAKW0ZQ
4918,WH-04918,Charlotte,North Carolina,Distribution Center,97674,INT-ZP1M5LP
4919,WH-04919,Los Angeles,California,Regional DC,29031,INT-BKWU7KV
4920,WH-04920,Atlanta,Georgia,Cross Dock,97118,INT-CLU3TD8
4921,WH-04921,Charlotte,North Carolina,Regional DC,51429,INT-YMCQ0NF
4922,WH-04922,New York,New York,Regional DC,82012,INT-RYIBS3J
4923,WH-04923,Seattle,Washington,Distribution Center,74335,INT-Q7SIU4A
4924,WH-04924,Boston,Massachusetts,Cross Dock,50298,INT-RXS6P28
4925,WH-04925,Houston,Texas,Cross Dock,23946,INT-GDPX00Q
4926,WH-04926,Boston,Massachusetts,Fulfillment Center,71375,INT-C5A3UOR
4927,WH-04927,Detroit,Michigan,Fulfillment Center,88559,INT-K36N9C9
4928,WH-04928,Austin,Texas,Cross Dock,59780,INT-1F97T1B
4929,WH-04929,Houston,Texas,Regional DC,36695,INT-7ND89S7
4930,WH-04930,Seattle,Washington,Fulfillment Center,37082,INT-VWFNJBA
4931,WH-04931,Phoenix,Arizona,Cross Dock,27920,INT-FYL0OH4
4932,WH-04932,Los Angeles,California,Fulfillment Center,52482,INT-65ZQ7GJ
4933,WH-04933,Dallas,Texas,Distribution Center,11276,INT-6NWUKMG
4934,WH-04934,Atlanta,Georgia,Regional DC,52738,INT-3GKQRX0
4935,WH-04935,Boston,Massachusetts,Regional DC,70191,INT-MPLSA7E
4936,WH-04936,Boston,Massachusetts,Fulfillment Center,60641,INT-1RE7PFN
4937,WH-04937,Portland,Oregon,Fulfillment Center,15989,INT-OJOK0WE
4938,WH-04938,,Unknown,Cross Dock,73845,INT-6W2WMIW
4939,WH-04939,Dallas,Texas,Distribution Center,49353,INT-K7UEEQS
4940,WH-04940,Portland,Oregon,Distribution Center,53976,INT-2W2B8YL
4941,WH-04941,Dallas,Texas,Fulfillment Center,14013,INT-AFNB789
4942,WH-04942,New York,New York,Fulfillment Center,48639,INT-2PQXK98
4943,WH-04943,Los Angeles,California,Distribution Center,21517,INT-JHE9MWQ
4944,WH-04944,Charlotte,North Carolina,Regional DC,26482,INT-TT46C9R
4945,WH-04945,,Unknown,Cross Dock,55375,INT-F72JZXC
4946,WH-04946,Atlanta,Georgia,Cross Dock,11346,INT-5K7ETTP
4947,WH-04947,Portland,Oregon,Fulfillment Center,51534,INT-4LH0CMX
4948,WH-04948,Dallas,Texas,Cross Dock,77977,INT-3LG0701
4949,WH-04949,Atlanta,Georgia,Fulfillment Center,89558,INT-QVQDQ8Z
4950,WH-04950,Chicago ,Illinois,Distribution Center,33972,INT-AYYDGST
4951,WH-04951,Portland,Oregon,Fulfillment Center,86684,INT-QULKAZX
4952,WH-04952,Charlotte,North Carolina,Regional DC,86333,INT-KLNPUCU
4953,WH-04953,Denver,Colorado,Fulfillment Center,89988,INT-TWSOWW0
4954,WH-04954,Austin,Texas,Regional DC,65760,INT-IKZ4NJA
4955,WH-04955,New York,New York,Cross Dock,92923,INT-WTHZVAR
4956,WH-04956,Charlotte,North Carolina,Regional DC,13988,INT-GCI8R2Y
4957,WH-04957,Portland,Oregon,Distribution Center,41558,INT-59OZU8U
4958,WH-04958,Portland,Oregon,Fulfillment Center,29850,INT-IT8U9JU
4959,WH-04959,Los Angeles,California,Cross Dock,76840,INT-A4ZKQ4O
4960,WH-04960,Chicago,Illinois,Regional DC,37348,INT-D6W1LKL
4961,WH-04961,Austin,Texas,Regional DC,21867,INT-9DNHPJW
4962,WH-04962,Denver,Colorado,Fulfillment Center,58684,INT-2GDS7G9
4963,WH-04963,Houston,Texas,Cross Dock,12314,INT-LQ9W9JX
4964,WH-04964,Phoenix,Arizona,Fulfillment Center,32718,INT-5VPHMV7
4965,WH-04965,Seattle,Washington,Fulfillment Center,40695,INT-4LXRW2Q
4966,WH-04966,Austin,Texas,Fulfillment Center,98322,INT-NQXGRDB
4967,WH-04967,Los Angeles,California,Regional DC,91852,INT-QH21DR1
4968,WH-04968,Seattle,Washington,Regional DC,89788,INT-JPZ785O
4969,WH-04969,Los Angeles,California,Cross Dock,5000000,INT-DVHDX9D
4970,WH-04970,Miami,Florida,Regional DC,91573,INT-1AY7YMS
4971,WH-04971,Austin,Texas,Regional DC,19703,INT-MD4CMMV
4972,WH-04972,Portland,Oregon,Fulfillment Center,57309,INT-2XEIZ3M
4973,WH-04973,Miami,Florida,Distribution Center,55480,INT-8M2XRLO
4974,WH-04974,Seattle,Washington,Fulfillment Center,10086,INT-9RR6JOF
4975,WH-04975,Chicago,Illinois,Fulfillment Center,53985,INT-GAUXYLG
4976,WH-04976,Dallas,Texas,Fulfillment Center,25842,INT-E3BESES
4977,WH-04977,Detroit,Michigan,Distribution Center,47853,INT-K41F0X8
4978,WH-04978,Austin,Texas,Distribution Center,58887,INT-LXYJ1FD
4979,WH-04979,Austin,Texas,Distribution Center,30161,INT-HZ1NZ4Q
4980,WH-04980,Portland,Oregon,Fulfillment Center,68334,INT-RPZNRKO
4981,WH-04981,Portland,Oregon,Cross Dock,85763,INT-KINL0KM
4982,WH-04982,Los Angeles,California,Regional DC,98398,INT-9TN5VXW
4983,WH-04983,Phoenix,Arizona,Distribution Center,16504,INT-IIPZ8RM
4984,WH-04984,Dallas,Texas,Fulfillment Center,24299,INT-RB6MK8K
4985,WH-04985,Dallas,Texas,Fulfillment Center,15152,INT-EEU18MX
4986,WH-04986,Chicago,Illinois,Distribution Center,88379,INT-H42L59L
4987,WH-04987,Phoenix,Arizona,Cross Dock,94579,INT-ZDRY5MJ
4988,WH-04988,New York,New York,Fulfillment Center,31486,INT-VV9QIA5
4989,WH-04989,Dallas,Texas,Cross Dock,44355,INT-6LN7ZK6
4990,WH-04990,Denver,Colorado,Cross Dock,89622,INT-EVI8V94
4991,WH-04991,Atlanta,Georgia,Regional DC,72031,INT-ABII600
4992,WH-04992,Detroit,Michigan,Regional DC,37921,INT-SRGVL2Z
4993,WH-04993,Phoenix,Arizona,Distribution Center,82470,INT-YS2I9KR
4994,WH-04994,Austin,Texas,Regional DC,29235,INT-I8G2PG8
4995,WH-04995,Detroit,Michigan,Cross Dock,21806,INT-0WIA3KZ
4996,WH-04996,Houston,Texas,Fulfillment Center,44756,INT-227NFHK
4997,WH-04997,Los Angeles,California,Cross Dock,38495,INT-1OBRLNI
4998,WH-04998,Los Angeles,California,Fulfillment Center,52959,INT-WNXYORQ
4999,WH-04999,Miami,Florida,Distribution Center,72276,INT-8ZBYECA
5000,WH-05000,Seattle,Washington,Cross Dock,61241,INT-6B98VPB
5001,WH-05001,Dallas,Texas,Fulfillment Center,38679,INT-BGW58AB
5002,WH-05002,Miami,Florida,Fulfillment Center,79443,INT-M2FISCU
5003,WH-05003,Charlotte,North Carolina,Cross Dock,19948,INT-ZW65T9N
5004,WH-05004,Charlotte,North Carolina,Regional DC,51723,INT-Y64IUME
5005,WH-05005,New York,New York,Fulfillment Center,36544,INT-12OFN6G
5006,WH-05006,Miami,Florida,Regional DC,5,INT-MTIHXOC
5007,WH-05007,Phoenix,Arizona,Distribution Center,73285,INT-IBAIFL2
5008,WH-05008,Houston,Texas,Distribution Center,91725,INT-7OEMC4Q
5009,WH-05009,Houston,Texas,Regional DC,58831,INT-RMFQT3A
5010,WH-05010,Atlanta,Georgia,Fulfillment Center,39782,INT-34474WH
5011,WH-05011,Boston,Massachusetts,Regional DC,27068,INT-EUBC2VC
5012,WH-05012,Atlanta,Georgia,Fulfillment Center,26108,INT-CLAM352
5013,WH-05013,Phoenix,Arizona,Regional DC,63765,INT-756T6F6
5014,WH-05014,Boston,Massachusetts,Regional DC,10902,INT-SRSTN2U
5015,WH-05015,Seattle,Washington,Fulfillment Center,43298,INT-CQ995UM
5016,WH-05016,Boston,Massachusetts,Fulfillment Center,41024,INT-COVB7XN
5017,WH-05017,Los Angeles,California,Distribution Center,54073,INT-UQLDN4C
5018,WH-05018,Boston,Massachusetts,Distribution Center,11066,INT-BVQV3Y9
5019,WH-05019,New York,New York,Distribution Center,6644,INT-MM9BSXU
5020,WH-05020,Boston,Massachusetts,Regional DC,17700,INT-Q1U0YKL
5021,WH-05021,New York,New York,Cross Dock,42445,INT-VAQMUTM
5022,WH-05022,Dallas,Texas,Cross Dock,11975,INT-M88XE93
5023,WH-05023,Dallas,Texas,Regional DC,46133,INT-6XYMVDW
5024,WH-05024,Boston,Massachusetts,Regional DC,43983,INT-2DBRUV3
5025,WH-05025,Phoenix,Arizona,Fulfillment Center,22606,INT-9UMPPJU
5026,WH-05026,Charlotte,North Carolina,Regional DC,84624,INT-JHUZYFQ
5027,WH-05027,Portland,Oregon,Distribution Center,56564,INT-6GU6760
5028,WH-05028,,Unknown,Fulfillment Center,34013,INT-21LYMY0
5029,WH-05029,Chicago,Illinois,Fulfillment Center,55091,INT-NEKB354
5030,WH-05030,Portland,Oregon,Distribution Center,30428,INT-IHRRQ19
5031,WH-05031,Seattle,Washington,Fulfillment Center,57741,INT-3BFQIU1
5032,WH-05032,Detroit,Michigan,Cross Dock,22909,INT-5F8ZP2R
5033,WH-05033,Phoenix,Arizona,Distribution Center,21706,INT-OBJTWP8
5034,WH-05034,Los Angeles,California,Fulfillment Center,16150,INT-SZEA95C
5035,WH-05035,Detroit,Michigan,Fulfillment Center,18069,INT-7VL2UUA
5036,WH-05036,Atlanta,Georgia,Fulfillment Center,88234,INT-GHJF6ES
5037,WH-05037,Denver,Colorado,Fulfillment Center,70727,INT-639MBSD
5038,WH-05038,Portland,Oregon,Regional DC,92649,INT-JREJ6KQ
5039,WH-05039,Seattle,Washington,Distribution Center,36686,INT-JF1OMX0
5040,WH-05040,Detroit,Michigan,Regional DC,18729,INT-1V97W37
5041,WH-05041,Chicago,Illinois,Distribution Center,86915,INT-ZPR8RVH
5042,WH-05042,Houston,Texas,Regional DC,84678,INT-3K5M3MU
5043,WH-05043,Houston,Texas,Cross Dock,7640,INT-FR8OVA6
5044,WH-05044,Chicago,Illinois,Distribution Center,69158,INT-4TE1Q3K
5045,WH-05045,Dallas,Texas,Fulfillment Center,82066,INT-VOH8YYC
5046,WH-05046,Atlanta,Georgia,Regional DC,47723,INT-X0FTME4
5047,WH-05047,Los Angeles,California,Fulfillment Center,5000000,INT-Y4M49BB
5048,WH-05048,Phoenix,Arizona,Fulfillment Center,38497,INT-X07OG8B
5049,WH-05049,Seattle,Washington,Distribution Center,57588,INT-RVTWX1J
5050,WH-05050,New York,New York,Regional DC,25743,INT-5AHHWS7
5051,WH-05051,Austin,Texas,Distribution Center,76698,INT-CXFHFH1
5052,WH-05052,Chicago,Illinois,Fulfillment Center,41790,INT-2AY4XYO
5053,WH-05053,Denver,Colorado,Distribution Center,98157,INT-FGZ5Z5B
5054,WH-05054,Houston,Texas,Distribution Center,83474,INT-XZH12LH
5055,WH-05055,Dallas,Texas,Distribution Center,25980,INT-X896FM2
5056,WH-05056,Denver,Colorado,Regional DC,69706,INT-D3O8QAL
5057,WH-05057,Boston,Massachusetts,Fulfillment Center,10014,INT-5D9M81Q
5058,WH-05058,Detroit,Michigan,Fulfillment Center,69955,INT-FB2N0XA
5059,WH-05059,Chicago,Illinois,Regional DC,74602,INT-SVHMG1Q
5060,WH-05060,Seattle,Washington,Fulfillment Center,45329,INT-5M7LU1L
5061,WH-05061,Chicago,Illinois,Regional DC,47587,INT-XREDMSS
5062,WH-05062,Portland,Oregon,Distribution Center,27168,INT-UHG1JKK
5063,WH-05063,Boston,Massachusetts,Distribution Center,56781,INT-BKSODTG
5064,WH-05064,,Unknown,Fulfillment Center,53753,INT-3GI43BV
5065,WH-05065,Chicago,Illinois,Distribution Center,85667,INT-I59IS6E
5066,WH-05066,Denver,Colorado,Cross Dock,10307,INT-ERITOG9
5067,WH-05067,Houston,Texas,Regional DC,55271,INT-SQXR3CN
5068,WH-05068,Charlotte,North Carolina,Cross Dock,61530,INT-7P95Z3Q
5069,WH-05069,,Unknown,Cross Dock,11586,INT-UAM71FM
5070,WH-05070,Miami,Florida,Cross Dock,86137,INT-GFD4M2W
5071,WH-05071,Austin,Texas,Distribution Center,42599,INT-8ZHDQS9
5072,WH-05072,Detroit,Michigan,Fulfillment Center,99853,INT-QD95A0C
5073,WH-05073,Houston,Texas,Regional DC,47503,INT-7U1JPYK
5074,WH-05074,Boston,Massachusetts,Distribution Center,60822,INT-8UR87P6
5075,WH-05075,Seattle,Washington,Distribution Center,51139,INT-SUOZ58G
5076,WH-05076,Seattle,Washington,Regional DC,56647,INT-WPMUSOV
5077,WH-05077,Atlanta,Georgia,Fulfillment Center,48662,INT-57TJ622
5078,WH-05078,Los Angeles,California,Distribution Center,56858,INT-6PV907J
5079,WH-05079,Miami,Florida,Distribution Center,99120,INT-DM1PA0K
5080,WH-05080,Houston,Texas,Cross Dock,39353,INT-JNAI6EP
5081,WH-05081,Detroit,Michigan,Cross Dock,39420,INT-EIJB4OB
5082,WH-05082,Seattle,Washington,Distribution Center,67797,INT-5QZ4OA6
5083,WH-05083,Los Angeles,California,Cross Dock,59917,INT-ZOEUCXO
5084,WH-05084,Denver,Colorado,Distribution Center,47843,INT-YN5T4NV
5085,WH-05085,Atlanta,Georgia,Cross Dock,83656,INT-Q94F4DM
5086,WH-05086,Atlanta,Georgia,Regional DC,79516,INT-4BYTUVS
5087,WH-05087,Charlotte,North Carolina,Regional DC,97457,INT-K4PMX9J
5088,WH-05088,Houston,Texas,Cross Dock,81720,INT-DOPE8OL
5089,WH-05089,Phoenix,Arizona,Distribution Center,94856,INT-649R5J1
5090,WH-05090,Portland,Oregon,Cross Dock,64324,INT-BU660C5
5091,WH-05091,Phoenix,Arizona,Cross Dock,42426,INT-HUKZKHP
5092,WH-05092,Miami,Florida,Fulfillment Center,26582,INT-AAV653O
5093,WH-05093,Houston,Texas,Cross Dock,85620,INT-RUBQHOW
5094,WH-05094,Charlotte,North Carolina,Distribution Center,99765,INT-HYIJCQI
5095,WH-05095,Phoenix,Arizona,Regional DC,85340,INT-W6XLNJI
5096,WH-05096,Denver,Colorado,Distribution Center,91349,INT-L0O8CLG
5097,WH-05097,Los Angeles,California,Distribution Center,28858,INT-LEU5MKV
5098,WH-05098,Dallas,Texas,Regional DC,41372,INT-ABIWEMK
5099,WH-05099,Portland,Oregon,Cross Dock,11770,INT-KQB7CTM
5100,WH-05100,Boston,Massachusetts,Fulfillment Center,96300,INT-WIRDH4K
5101,WH-05101,Los Angeles,California,Fulfillment Center,68259,INT-XEFBKL1
5102,WH-05102,Charlotte,North Carolina,Fulfillment Center,45312,INT-ZZIRWLY
5103,WH-05103,Charlotte,North Carolina,Distribution Center,27986,INT-CWYWR3Q
5104,WH-05104,Phoenix,Arizona,Cross Dock,9999999,INT-Y16LV4J
5105,WH-05105,Denver,Colorado,Fulfillment Center,6528,INT-FCDT3IL
5106,WH-05106,Los Angeles,California,Cross Dock,95300,INT-J49YQXA
5107,WH-05107,Austin,Texas,Distribution Center,41653,INT-B81OUD9
5108,WH-05108,Portland,Oregon,Regional DC,33968,INT-UKOXXJ1
5109,WH-05109,Detroit,Michigan,Fulfillment Center,91494,INT-AHLL39S
5110,WH-05110,Seattle,Washington,Cross Dock,69636,INT-Z5DIMZ3
5111,WH-05111,Boston,Massachusetts,Cross Dock,99265,INT-1WTMIGT
5112,WH-05112,Miami,Florida,Cross Dock,34625,INT-KS4GT82
5113,WH-05113,Dallas,Texas,Regional DC,80585,INT-U42AP9L
5114,WH-05114,Dallas,Texas,Distribution Center,56328,INT-6666XXR
5115,WH-05115,Phoenix,Arizona,Fulfillment Center,97647,INT-AZ81PKO
5116,WH-05116,Portland,Oregon,Distribution Center,8561,INT-8WWHSVO
5117,WH-05117,Miami,Florida,Cross Dock,65252,INT-ZLF8014
5118,WH-05118,New York,New York,Cross Dock,94151,INT-DX3UVEP
5119,WH-05119,Los Angeles,California,Fulfillment Center,49342,INT-939II68
5120,WH-05120,Houston,Texas,Fulfillment Center,50294,INT-W4RWGST
5121,WH-05121,Chicago,Illinois,Fulfillment Center,38040,INT-7669JQ8
5122,WH-05122,,Unknown,Distribution Center,24703,INT-9E00LPZ
5123,WH-05123,Denver,Colorado,Regional DC,88325,INT-JEKM393
5124,WH-05124,Portland,Oregon,Fulfillment Center,58644,INT-IVKRJ9N
5125,WH-05125,Austin,Texas,Distribution Center,22424,INT-31VY3NX
5126,WH-05126,Boston,Massachusetts,Distribution Center,46384,INT-IXZWS9H
5127,WH-05127,Dallas,Texas,Distribution Center,87934,INT-NY4EIZK
5128,WH-05128,Houston,Texas,Fulfillment Center,11304,INT-UHL8UQP
5129,WH-05129,Denver,Colorado,Distribution Center,90857,INT-V6OD4F8
5130,WH-05130,Atlanta,Georgia,Distribution Center,78749,INT-GGPI5VR
5131,WH-05131,Charlotte,North Carolina,Fulfillment Center,59637,INT-ZFUO0U6
5132,WH-05132,Seattle,Washington,Fulfillment Center,43962,INT-UG262BK
5133,WH-05133,Detroit,Michigan,Distribution Center,15576,INT-E703J02
5134,WH-05134,Denver,Colorado,Fulfillment Center,96421,INT-ZSC9EG0
5135,WH-05135,Chicago,Illinois,Fulfillment Center,12876,INT-IU72297
5136,WH-05136,Phoenix,Arizona,Fulfillment Center,44428,INT-0RA9DR5
5137,WH-05137,Chicago,Illinois,Cross Dock,88223,INT-TXL3FJA
5138,WH-05138,Boston,Massachusetts,Regional DC,50428,INT-DZWKDY4
5139,WH-05139,Austin,Texas,Distribution Center,88528,INT-QPOX7JT
5140,WH-05140,New York,New York,Regional DC,53368,INT-DZINJ9J
5141,WH-05141,Portland,Oregon,Distribution Center,59814,INT-TBP3HEK
5142,WH-05142,Denver,Colorado,Cross Dock,72821,INT-P5WUMOO
5143,WH-05143,Miami,Florida,Fulfillment Center,29950,INT-DWK2QU6
5144,WH-05144,Boston,Massachusetts,Fulfillment Center,98632,INT-GBYDL7J
5145,WH-05145,Charlotte,North Carolina,Cross Dock,70117,INT-95MZ15Z
5146,WH-05146,Miami,Florida,Fulfillment Center,76063,INT-0XV13V0
5147,WH-05147,Charlotte,North Carolina,Distribution Center,95565,INT-9Z3AB76
5148,WH-05148,Phoenix,Arizona,Fulfillment Center,31019,INT-GDUNYA4
5149,WH-05149,Detroit,Michigan,Distribution Center,32471,INT-X6M8N8G
5150,WH-05150,Portland,Oregon,Cross Dock,82297,INT-H5G9EEU
5151,WH-05151,Miami,Florida,Regional DC,48077,INT-MJLME9L
5152,WH-05152,Detroit,Michigan,Distribution Center,44000,INT-4AM3GQG
5153,WH-05153,Phoenix,Arizona,Cross Dock,66485,INT-BYEGVYU
5154,WH-05154,Chicago,Illinois,Regional DC,82933,INT-NAAUIS7
5155,WH-05155,Austin,Texas,Cross Dock,5809,INT-1XNPWBU
5156,WH-05156,Denver,Colorado,Cross Dock,89980,INT-23ONNKR
5157,WH-05157,Denver,Colorado,Cross Dock,30818,INT-ZAVG5NB
5158,WH-05158,New York,New York,Cross Dock,88891,INT-6RFUZKX
5159,WH-05159,New York,New York,Fulfillment Center,48577,INT-JDB9QAQ
5160,WH-05160,Boston,Massachusetts,Cross Dock,89972,INT-R82QPBF
5161,WH-05161,Detroit,Michigan,Distribution Center,69984,INT-NUCD6VE
5162,WH-05162,Houston,Texas,Regional DC,85785,INT-FGF3JP4
5163,WH-05163,Houston,Texas,Distribution Center,71662,INT-LSI1HC7
5164,WH-05164,Los Angeles,California,Regional DC,51977,INT-L2C13FV
5165,WH-05165,Seattle,Washington,Regional DC,61452,INT-V162FO3
5166,WH-05166,Phoenix,Arizona,Fulfillment Center,5462,INT-ZPITAW9
5167,WH-05167,Denver,Colorado,Distribution Center,51986,INT-4AWZSU1
5168,WH-05168,Detroit,Michigan,Distribution Center,80355,INT-RJG5AZ1
5169,WH-05169,Detroit,Michigan,Regional DC,15921,INT-GC71LQH
5170,WH-05170,Phoenix,Arizona,Distribution Center,55672,INT-PTIBT0A
5171,WH-05171,Seattle,Washington,Distribution Center,35541,INT-KNQW66N
5172,WH-05172,Atlanta,Georgia,Cross Dock,23250,INT-0SKSL9A
5173,WH-05173,New York,New York,Fulfillment Center,39413,INT-H2GCXW5
5174,WH-05174,Charlotte,North Carolina,Distribution Center,67072,INT-B0AGXT4
5175,WH-05175,Miami,Florida,Regional DC,65079,INT-8V5YUL7
5176,WH-05176,Denver,Colorado,Fulfillment Center,36177,INT-95DVQL4
5177,WH-05177,Los Angeles,California,Cross Dock,89042,INT-ROSTONJ
5178,WH-05178,Portland,Oregon,Distribution Center,47658,INT-S2S1DSF
5179,WH-05179,Dallas,Texas,Cross Dock,35560,INT-G7S0T1V
5180,WH-05180,Detroit,Michigan,Distribution Center,71034,INT-YL197D6
5181,WH-05181,Austin,Texas,Regional DC,84378,INT-BZ7W49Y
5182,WH-05182,Charlotte,North Carolina,Cross Dock,47676,INT-IR6MNA8
5183,WH-05183,Austin,Texas,Fulfillment Center,63199,INT-6ZOO2QC
5184,WH-05184,Atlanta,Georgia,Distribution Center,55257,INT-GZODBEV
5185,WH-05185,Houston,Texas,Distribution Center,83876,INT-SX0O2KF
5186,WH-05186,Los Angeles,California,Regional DC,65178,INT-MNOH3WF
5187,WH-05187,Portland,Oregon,Fulfillment Center,99749,INT-EUHSZ4J
5188,WH-05188,Atlanta,Georgia,Distribution Center,68973,INT-OK1XADH
5189,WH-05189,Houston,Texas,Fulfillment Center,56131,INT-XLQSZ3B
5190,WH-05190,Dallas,Texas,Fulfillment Center,11346,INT-8CSK8FQ
5191,WH-05191,Dallas,Texas,Fulfillment Center,36284,INT-WUWQLCO
5192,WH-05192,New York,New York,Cross Dock,44673,INT-0ARB1IA
5193,WH-05193,Los Angeles,California,Regional DC,26041,INT-STPAPR3
5194,WH-05194,Miami,Florida,Distribution Center,93318,INT-Z4YSRHV
5195,WH-05195,Chicago,Illinois,Distribution Center,17839,INT-DL3O9RZ
5196,WH-05196,New York,New York,Distribution Center,73045,INT-0F29N09
5197,WH-05197,Miami,Florida,Fulfillment Center,59831,INT-B5CX6WL
5198,WH-05198,Seattle,Washington,Fulfillment Center,94202,INT-R9B3U0S
5199,WH-05199,Portland,Oregon,Cross Dock,39797,INT-W103K1J
5200,WH-05200,New York,New York,Distribution Center,33998,INT-L188IJ2
5201,WH-05201,Atlanta,Georgia,Fulfillment Center,93910,INT-OQ03ZGY
5202,WH-05202,Charlotte,North Carolina,Distribution Center,88099,INT-FH3CP0P
5203,WH-05203,Austin,Texas,Regional DC,59499,INT-5UAQ1BC
5204,WH-05204,Atlanta,Georgia,Fulfillment Center,57404,INT-9TUJ9FD
5205,WH-05205,Miami,Florida,Distribution Center,57810,INT-DMC5T4M
5206,WH-05206,Atlanta,Georgia,Fulfillment Center,60483,INT-0BDTMK0
5207,WH-05207,Los Angeles,California,Regional DC,28812,INT-V52TM1Z
5208,WH-05208,New York,New York,Regional DC,97550,INT-G5XLL03
5209,WH-05209,Phoenix,Arizona,Distribution Center,63527,INT-A60CXJ2
5210,WH-05210,Phoenix,Arizona,Distribution Center,96157,INT-ZKCBBZV
5211,WH-05211,Chicago,Illinois,Regional DC,34255,INT-OLHBE3O
5212,WH-05212,Chicago,Illinois,Cross Dock,33529,INT-QT07DBT
5213,WH-05213,Phoenix,Arizona,Cross Dock,46674,INT-KNDMQ6N
5214,WH-05214,Houston,Texas,Distribution Center,96334,INT-NJ0JAZ6
5215,WH-05215,Dallas,Texas,Cross Dock,18629,INT-Z7WAG9K
5216,WH-05216,Atlanta,Georgia,Fulfillment Center,62728,INT-TEZW07H
5217,WH-05217,Denver,Colorado,Fulfillment Center,81167,INT-P7UDV9F
5218,WH-05218,Charlotte,North Carolina,Regional DC,47540,INT-BPG3TO3
5219,WH-05219,Detroit,Michigan,Cross Dock,26364,INT-C4Y8OR9
5220,WH-05220,New York,New York,Cross Dock,77123,INT-1S2ANRJ
5221,WH-05221,Charlotte,North Carolina,Distribution Center,52793,INT-P5BH045
5222,WH-05222,Houston,Texas,Cross Dock,90325,INT-B38GQI2
5223,WH-05223,Detroit,Michigan,Cross Dock,60168,INT-A9M0TZA
5224,WH-05224,Detroit,Michigan,Regional DC,90934,INT-TA3CXZS
5225,WH-05225,Detroit,Michigan,Fulfillment Center,96013,INT-1SAV0M2
5226,WH-05226,Seattle,Washington,Fulfillment Center,20427,INT-RDZ7RPN
5227,WH-05227,Boston,Massachusetts,Cross Dock,68932,INT-QDQMJ9D
5228,WH-05228,Chicago,Illinois,Distribution Center,65719,INT-9DD7TEA
5229,WH-05229,Dallas,Texas,Cross Dock,50850,INT-5TQFQWH
5230,WH-05230,Atlanta,Georgia,Cross Dock,6360,INT-A1HXU1W
5231,WH-05231,Chicago,Illinois,Regional DC,82264,INT-V65Z07G
5232,WH-05232,Los Angeles,California,Distribution Center,16121,INT-DYRZDHC
5233,WH-05233,Boston,Massachusetts,Distribution Center,5400,INT-UWTEU30
5234,WH-05234,Chicago,Illinois,Cross Dock,99541,INT-FAODQH0
5235,WH-05235,Denver,Colorado,Fulfillment Center,6249,INT-HWWMDOZ
5236,WH-05236,New York,New York,Distribution Center,33071,INT-TMNT92G
5237,WH-05237,Houston,Texas,Distribution Center,18383,INT-7B4XQUC
5238,WH-05238,New York,New York,Regional DC,23212,INT-JV6WBHK
5239,WH-05239,New York,New York,Cross Dock,19993,INT-ZF7RV8P
5240,WH-05240,Austin,Texas,Fulfillment Center,95419,INT-5TN75PX
5241,WH-05241,Seattle,Washington,Cross Dock,73958,INT-JIOYKYC
5242,WH-05242,Houston,Texas,Cross Dock,94877,INT-E9NNMHW
5243,WH-05243,Miami,Florida,Fulfillment Center,42762,INT-4NJOS1O
5244,WH-05244,New York,New York,Fulfillment Center,28829,INT-SMTW6NB
5245,WH-05245,Phoenix,Arizona,Regional DC,29489,INT-ZEYLCLU
5246,WH-05246,Chicago,Illinois,Cross Dock,93718,INT-51MPC88
5247,WH-05247,Seattle,Washington,Cross Dock,34630,INT-HY73VPW
5248,WH-05248,Phoenix,Arizona,Regional DC,27961,INT-DY9WU07
5249,WH-05249,Atlanta,Georgia,Cross Dock,53515,INT-ZZ5AO45
5250,WH-05250,Denver,Colorado,Distribution Center,16500,INT-N9GIXAQ
5251,WH-05251,Austin,Texas,Cross Dock,18633,INT-3OUNKEX
5252,WH-05252,Charlotte,North Carolina,Fulfillment Center,40351,INT-99OOJLZ
5253,WH-05253,Houston,Texas,Fulfillment Center,23094,INT-1QG8DY5
5254,WH-05254,Dallas,Texas,Distribution Center,71971,INT-83YPFG8
5255,WH-05255,Austin,Texas,Distribution Center,81932,INT-DV120U4
5256,WH-05256,Denver,Colorado,Fulfillment Center,75411,INT-K8HRH0D
5257,WH-05257,Chicago,Illinois,Cross Dock,86635,INT-VFKGMWI
5258,WH-05258,Boston,Massachusetts,Fulfillment Center,70293,INT-9NX1945
5259,WH-05259,Austin,Texas,Regional DC,33677,INT-TFCJ4MU
5260,WH-05260,Los Angeles,California,Distribution Center,52555,INT-UWRKDR2
5261,WH-05261,Houston,Texas,Regional DC,67666,INT-9XD8ABI
5262,WH-05262,Chicago,Illinois,Cross Dock,56439,INT-XN48PUV
5263,WH-05263,Phoenix,Arizona,Distribution Center,59147,INT-8U638ID
5264,WH-05264,Boston,Massachusetts,Distribution Center,31723,INT-BSWGNB2
5265,WH-05265,Houston,Texas,Cross Dock,46168,INT-32P2L24
5266,WH-05266,Boston,Massachusetts,Fulfillment Center,29817,INT-IVQ5KSO
5267,WH-05267,Phoenix,Arizona,Fulfillment Center,24216,INT-XYZAQB7
5268,WH-05268,Boston,Massachusetts,Distribution Center,91416,INT-FACNB4X
5269,WH-05269,Charlotte,North Carolina,Distribution Center,17626,INT-3BAXGQK
5270,WH-05270,Dallas,Texas,Distribution Center,9999999,INT-CARTGVY
5271,WH-05271,Detroit,Michigan,Regional DC,78924,INT-I3L4JW9
5272,WH-05272,Dallas,Texas,Fulfillment Center,69686,INT-O3ZPQ0I
5273,WH-05273,New York,New York,Regional DC,14487,INT-NXOKT6V
5274,WH-05274,Atlanta,Georgia,Regional DC,47085,INT-3RSZ9BJ
5275,WH-05275,Detroit,Michigan,Cross Dock,84870,INT-32LHVJH
5276,WH-05276,Austin,Texas,Fulfillment Center,92321,INT-AK2HB73
5277,WH-05277,Dallas,Texas,Distribution Center,33871,INT-WM0IVFB
5278,WH-05278,New York,New York,Distribution Center,81451,INT-JV8R67H
5279,WH-05279,Austin,Texas,Cross Dock,87329,INT-36HWBN8
5280,WH-05280,Dallas,Texas,Regional DC,39457,INT-KVNGBXG
5281,WH-05281,Portland,Oregon,Fulfillment Center,22700,INT-8NY0GVV
5282,WH-05282,Austin,Texas,Regional DC,28527,INT-FUOI0L7
5283,WH-05283,New York,New York,Distribution Center,56751,INT-EC50IIR
5284,WH-05284,Denver,Colorado,Distribution Center,10027,INT-3N4YGJZ
5285,WH-05285,Denver,Colorado,Regional DC,83276,INT-3RJNM40
5286,WH-05286,Charlotte,North Carolina,Fulfillment Center,64609,INT-JP5GJBJ
5287,WH-05287,Chicago,Illinois,Fulfillment Center,99667,INT-EIC8JF6
5288,WH-05288,Charlotte,North Carolina,Distribution Center,25326,INT-H5OJH6C
5289,WH-05289,Atlanta,Georgia,Distribution Center,42205,INT-BBJLFDQ
5290,WH-05290,Miami,Florida,Distribution Center,74248,INT-T3HRXRR
5291,WH-05291,Austin,Texas,Fulfillment Center,28899,INT-DMHQH9L
5292,WH-05292,Denver,Colorado,Fulfillment Center,50952,INT-JZCMTAQ
5293,WH-05293,Denver,Colorado,Regional DC,51500,INT-LUXPGL2
5294,WH-05294,New York,New York,Fulfillment Center,71036,INT-SWEM1WJ
5295,WH-05295,Portland,Oregon,Regional DC,5619,INT-X7T8QX9
5296,WH-05296,Austin,Texas,Cross Dock,40802,INT-VS5QGYK
5297,WH-05297,Portland,Oregon,Cross Dock,9261,INT-GO7CGP9
5298,WH-05298,Chicago,Illinois,Regional DC,92570,INT-GHGJFVZ
5299,WH-05299,Seattle,Washington,Distribution Center,28552,INT-MIMUM04
5300,WH-05300,Detroit,Michigan,Distribution Center,67818,INT-HSEB8WY
5301,WH-05301,,Unknown,Regional DC,5099,INT-9NM07KQ
5302,WH-05302,Atlanta,Georgia,Distribution Center,40290,INT-L3F44QI
5303,WH-05303,Chicago,Illinois,Distribution Center,51479,INT-0VKO73M
5304,WH-05304,Phoenix,Arizona,Fulfillment Center,71277,INT-VC78JUV
5305,WH-05305,Boston,Massachusetts,Regional DC,30084,INT-58GXAF2
5306,WH-05306,Phoenix,Arizona,Distribution Center,37867,INT-YX87KO9
5307,WH-05307,Detroit,Michigan,Regional DC,72831,INT-R1I5W94
5308,WH-05308,Denver,Colorado,Distribution Center,28087,INT-HDSHO1Q
5309,WH-05309,Austin,Texas,Cross Dock,80066,INT-O6ZWPMK
5310,WH-05310,Los angeles,Unknown,Fulfillment Center,24804,INT-WZGO82S
5311,WH-05311,Chicago,Illinois,Regional DC,41279,INT-V5C6A7P
5312,WH-05312,Seattle,Washington,Fulfillment Center,22910,INT-E2FN1I7
5313,WH-05313,Atlanta,Georgia,Distribution Center,83732,INT-EL32L59
5314,WH-05314,Miami,Florida,Regional DC,83387,INT-HSB7WLC
5315,WH-05315,New York,New York,Cross Dock,47379,INT-IK6GPZ3
5316,WH-05316,Atlanta,Georgia,Distribution Center,23731,INT-0UVGLQ4
5317,WH-05317,Charlotte,North Carolina,Distribution Center,45453,INT-Q9IDDQG
5318,WH-05318,Los Angeles,California,Cross Dock,55261,INT-NKR6GHK
5319,WH-05319,Seattle,Washington,Fulfillment Center,8932,INT-G0MXKJ3
5320,WH-05320,Detroit,Michigan,Regional DC,81054,INT-I0DRRP9
5321,WH-05321,Phoenix,Arizona,Regional DC,78250,INT-ERXDXRU
5322,WH-05322,Atlanta,Georgia,Cross Dock,40260,INT-AY8DFEW
5323,WH-05323,Miami,Florida,Distribution Center,34366,INT-2QRL9OS
5324,WH-05324,Denver,Colorado,Cross Dock,92354,INT-VHZW56B
5325,WH-05325,Charlotte,North Carolina,Regional DC,58169,INT-9SUIXB2
5326,WH-05326,Atlanta,Georgia,Regional DC,17863,INT-HCLNZUV
5327,WH-05327,Phoenix,Arizona,Distribution Center,89027,INT-BIFTZQW
5328,WH-05328,Los Angeles,California,Cross Dock,48222,INT-X9JVFVI
5329,WH-05329,New York,New York,Distribution Center,63200,INT-83XC7N2
5330,WH-05330,Los Angeles,California,Regional DC,43949,INT-1I4LUXB
5331,WH-05331,Atlanta,Georgia,Cross Dock,35126,INT-5ZDYTOT
5332,WH-05332,Phoenix,Arizona,Regional DC,33984,INT-LR2EYDV
5333,WH-05333,Denver,Colorado,Distribution Center,65446,INT-UKZRTU3
5334,WH-05334,New York,New York,Regional DC,32452,INT-B5L8G8L
5335,WH-05335,Boston,Massachusetts,Distribution Center,55346,INT-3VUMM79
5336,WH-05336,Atlanta,Georgia,Distribution Center,57438,INT-H2XVNLL
5337,WH-05337,New York,New York,Regional DC,19461,INT-TLC0EHY
5338,WH-05338,Seattle,Washington,Regional DC,38624,INT-8F6AP41
5339,WH-05339,Denver,Colorado,Cross Dock,99836,INT-CVZQ5E2
5340,WH-05340,Dallas,Texas,Cross Dock,22774,INT-8YNL4W9
5341,WH-05341,Atlanta,Georgia,Cross Dock,63476,INT-YDB0N8M
5342,WH-05342,Chicago,Illinois,Distribution Center,85555,INT-1N10M1Z
5343,WH-05343,Atlanta,Georgia,Cross Dock,82007,INT-PWWAL9T
5344,WH-05344,Miami,Florida,Cross Dock,36564,INT-S4F0FU8
5345,WH-05345,Charlotte,North Carolina,Regional DC,83616,INT-WMXDQRZ
5346,WH-05346,Chicago,Illinois,Cross Dock,55272,INT-KL4SEFN
5347,WH-05347,Houston,Texas,Cross Dock,80613,INT-NRIC98Z
5348,WH-05348,Miami,Florida,Regional DC,56585,INT-3I4K9OE
5349,WH-05349,Atlanta,Georgia,Distribution Center,9983,INT-FVDTXB8
5350,WH-05350,Seattle,Washington,Distribution Center,75987,INT-WWOFGG7
5351,WH-05351,Detroit,Michigan,Regional DC,80779,INT-TBDZJXR
5352,WH-05352,Miami,Florida,Distribution Center,47775,INT-KFHMLGT
5353,WH-05353,Los Angeles,California,Distribution Center,81850,INT-DJWP88M
5354,WH-05354,New York,New York,Distribution Center,97210,INT-P7FL3Q6
5355,WH-05355,Boston,Massachusetts,Cross Dock,38350,INT-3QKBJAO
5356,WH-05356,Charlotte,North Carolina,Fulfillment Center,46986,INT-IXG3JUQ
5357,WH-05357,Seattle,Washington,Cross Dock,75161,INT-71932QG
5358,WH-05358,Austin,Texas,Distribution Center,90390,INT-EKYH1Z6
5359,WH-05359,Denver,Colorado,Fulfillment Center,29654,INT-SN2ZG0F
5360,WH-05360,Denver,Colorado,Cross Dock,12630,INT-65844BW
5361,WH-05361,Los Angeles,California,Distribution Center,10327,INT-D5J177I
5362,WH-05362,Denver,Colorado,Cross Dock,50753,INT-UTOH9JA
5363,WH-05363,Portland,Oregon,Cross Dock,12830,INT-59KHSFY
5364,WH-05364,Chicago,Illinois,Cross Dock,94649,INT-ULYVYSL
5365,WH-05365,Dallas,Texas,Distribution Center,8367,INT-DWCOLIA
5366,WH-05366,New York,New York,Cross Dock,69679,INT-30K8BK2
5367,WH-05367,Portland,Oregon,Cross Dock,67659,INT-VQ07T2X
5368,WH-05368,Denver,Colorado,Cross Dock,72048,INT-AOPA94T
5369,WH-05369,Charlotte,North Carolina,Cross Dock,5825,INT-S7J0HVW
5370,WH-05370,Denver,Colorado,Distribution Center,40556,INT-J2X89RR
5371,WH-05371,Portland,Oregon,Cross Dock,97546,INT-118S5UX
5372,WH-05372,Houston,Texas,Distribution Center,47020,INT-GB57H8A
5373,WH-05373,Charlotte,North Carolina,Distribution Center,21077,INT-R38ZICJ
5374,WH-05374,Miami,Florida,Distribution Center,27311,INT-YW30XDH
5375,WH-05375,Austin,Texas,Cross Dock,15899,INT-VV1HQKB
5376,WH-05376,Chicago,Illinois,Fulfillment Center,63151,INT-3H7E0ZK
5377,WH-05377,Miami,Florida,Cross Dock,5,INT-GCQ9B5U
5378,WH-05378,Portland,Oregon,Fulfillment Center,88567,INT-IJMR6MD
5379,WH-05379,Miami,Florida,Regional DC,39854,INT-7AMR3JZ
5380,WH-05380,Miami,Florida,Cross Dock,35712,INT-CY97Q93
5381,WH-05381,Atlanta,Georgia,Regional DC,49043,INT-0YL8WVF
5382,WH-05382,Detroit,Michigan,Fulfillment Center,97270,INT-IS2YRQE
5383,WH-05383,Dallas,Texas,Cross Dock,59819,INT-JE0KZMC
5384,WH-05384,Los Angeles,California,Regional DC,25781,INT-LJYDYG8
5385,WH-05385,Portland,Oregon,Fulfillment Center,31304,INT-P4NZ8LZ
5386,WH-05386,Charlotte,North Carolina,Cross Dock,28887,INT-CQ46CGN
5387,WH-05387,Austin,Texas,Regional DC,19608,INT-3MRU5GA
5388,WH-05388,Portland,Oregon,Regional DC,92967,INT-49DCHX4
5389,WH-05389,Charlotte,North Carolina,Cross Dock,95822,INT-RRXPLY6
5390,WH-05390,Houston,Texas,Fulfillment Center,18917,INT-KIFBQA4
5391,WH-05391,Phoenix,Arizona,Fulfillment Center,53818,INT-3UPBA0C
5392,WH-05392,Miami,Florida,Fulfillment Center,67858,INT-AH441EK
5393,WH-05393,Atlanta,Georgia,Cross Dock,85644,INT-E1URRKP
5394,WH-05394,Charlotte,North Carolina,Cross Dock,83770,INT-0APK2XR
5395,WH-05395,Denver,Colorado,Regional DC,53077,INT-A404OJ7
5396,WH-05396,Chicago,Illinois,Cross Dock,60915,INT-NY6RHQR
5397,WH-05397,Portland,Oregon,Cross Dock,88811,INT-W6P8MQM
5398,WH-05398,Boston,Massachusetts,Regional DC,98441,INT-35MLMA4
5399,WH-05399,New York,New York,Distribution Center,81721,INT-2XXGS49
5400,WH-05400,Portland,Oregon,Cross Dock,32530,INT-93PGEW4
5401,WH-05401,Chicago,Illinois,Cross Dock,39506,INT-T6D1PFL
5402,WH-05402,Phoenix,Arizona,Cross Dock,7166,INT-FUGQ1R5
5403,WH-05403,New York,New York,Regional DC,43366,INT-8V6TW1F
5404,WH-05404,Phoenix,Arizona,Fulfillment Center,80723,INT-6ZU9S80
5405,WH-05405,Austin,Texas,Cross Dock,52049,INT-AKXPWHF
5406,WH-05406,Dallas,Texas,Regional DC,82208,INT-FOSRK3O
5407,WH-05407,Portland,Oregon,Distribution Center,83169,INT-AGQSJY1
5408,WH-05408,Boston,Massachusetts,Distribution Center,72938,INT-EZR81T2
5409,WH-05409,Miami,Florida,Fulfillment Center,23682,INT-KBG8BZS
5410,WH-05410,Denver,Colorado,Fulfillment Center,33453,INT-XJ5COGX
5411,WH-05411,Miami,Florida,Distribution Center,48448,INT-V0Z9NJP
5412,WH-05412,Detroit,Michigan,Distribution Center,38360,INT-5ZNBCVA
5413,WH-05413,Portland,Oregon,Cross Dock,96570,INT-MSFXKM4
5414,WH-05414,Denver,Colorado,Cross Dock,50739,INT-YL91U17
5415,WH-05415,Detroit,Michigan,Cross Dock,38883,INT-9N9MD9O
5416,WH-05416,Dallas,Texas,Regional DC,65007,INT-PPKNZZ6
5417,WH-05417,Denver,Colorado,Regional DC,47757,INT-TIUQGS2
5418,WH-05418,New York,New York,Fulfillment Center,17175,INT-4A0Q3DS
5419,WH-05419,Seattle,Washington,Distribution Center,68659,INT-X5IR93D
5420,WH-05420,Miami,Florida,Fulfillment Center,31877,INT-I9WZ470
5421,WH-05421,Detroit,Michigan,Cross Dock,82656,INT-XBMETHV
5422,WH-05422,Atlanta,Georgia,Regional DC,82610,INT-4B5YQRE
5423,WH-05423,Portland,Oregon,Cross Dock,76254,INT-QR23NL8
5424,WH-05424,Atlanta,Georgia,Distribution Center,79989,INT-V3L2AC1
5425,WH-05425,Phoenix,Arizona,Distribution Center,87606,INT-G2FDDNZ
5426,WH-05426,Seattle,Washington,Cross Dock,12602,INT-TRXXTBW
5427,WH-05427,Atlanta,Georgia,Fulfillment Center,11397,INT-TNYV6BF
5428,WH-05428,Phoenix,Arizona,Regional DC,56394,INT-R4PTRX8
5429,WH-05429,Charlotte,North Carolina,Distribution Center,48594,INT-UQK3SU5
5430,WH-05430,Atlanta,Georgia,Regional DC,6638,INT-2PSRHBH
5431,WH-05431,Phoenix,Arizona,Cross Dock,13779,INT-0QEZLYS
5432,WH-05432,Seattle,Washington,Distribution Center,53074,INT-DQDLNO9
5433,WH-05433,Denver,Colorado,Fulfillment Center,60388,INT-UTBHSM4
5434,WH-05434,Seattle,Washington,Fulfillment Center,47877,INT-1K886JC
5435,WH-05435,Phoenix,Arizona,Cross Dock,11733,INT-H60H39W
5436,WH-05436,Dallas,Texas,Regional DC,31156,INT-9Z7PMMD
5437,WH-05437,Houston,Texas,Fulfillment Center,77534,INT-AA07LL8
5438,WH-05438,Portland,Oregon,Cross Dock,48506,INT-482PLEO
5439,WH-05439,Atlanta,Georgia,Regional DC,37213,INT-1H0W4U4
5440,WH-05440,Austin,Texas,Fulfillment Center,56970,INT-YJ41UTO
5441,WH-05441,Seattle,Washington,Fulfillment Center,11348,INT-K91KMWA
5442,WH-05442,Los Angeles,California,Regional DC,54083,INT-17WA12C
5443,WH-05443,Seattle,Washington,Regional DC,56540,INT-MBJAU5F
5444,WH-05444,Boston,Massachusetts,Cross Dock,33982,INT-UQIW5XZ
5445,WH-05445,Atlanta,Georgia,Fulfillment Center,14123,INT-SNDQFPA
5446,WH-05446,Charlotte,North Carolina,Fulfillment Center,8331,INT-0TJGMNY
5447,WH-05447,Detroit,Michigan,Distribution Center,32584,INT-NMT7XCS
5448,WH-05448,Charlotte,North Carolina,Regional DC,54444,INT-3VJWPZD
5449,WH-05449,Phoenix,Arizona,Regional DC,86258,INT-PIOVFDQ
5450,WH-05450,Seattle,Washington,Cross Dock,85234,INT-8EOXFFV
5451,WH-05451,Portland,Oregon,Regional DC,49328,INT-B0C91WO
5452,WH-05452,Miami,Florida,Regional DC,75816,INT-N8EEJIY
5453,WH-05453,Dallas,Texas,Fulfillment Center,9688,INT-Q1ZBLK6
5454,WH-05454,Atlanta,Georgia,Distribution Center,77870,INT-ZFN9CO2
5455,WH-05455,Atlanta,Georgia,Cross Dock,41476,INT-CPO5KGR
5456,WH-05456,Boston,Massachusetts,Fulfillment Center,47086,INT-OE19Z95
5457,WH-05457,Charlotte,North Carolina,Distribution Center,19301,INT-NQGBW1U
5458,WH-05458,Los Angeles,California,Cross Dock,68636,INT-LN4WDJ0
5459,WH-05459,Atlanta,Georgia,Cross Dock,73875,INT-T6GXHXE
5460,WH-05460,Detroit,Michigan,Distribution Center,58476,INT-JF7JKF8
5461,WH-05461,Los Angeles,California,Distribution Center,84134,INT-3GQIAP0
5462,WH-05462,Portland,Oregon,Fulfillment Center,76184,INT-H8WXYG5
5463,WH-05463,Houston,Texas,Distribution Center,12756,INT-A790WME
5464,WH-05464,Los Angeles,California,Regional DC,7429,INT-1C1V5E2
5465,WH-05465,Austin,Texas,Fulfillment Center,5013,INT-VOLXKLM
5466,WH-05466,CHICAGO,Unknown,Regional DC,91120,INT-KYL4ZYW
5467,WH-05467,Atlanta,Georgia,Cross Dock,77130,INT-2T0D9F2
5468,WH-05468,,Unknown,Regional DC,32791,INT-0VBRUYP
5469,WH-05469,Denver,Colorado,Cross Dock,48015,INT-0JM1H0J
5470,WH-05470,New York,New York,Distribution Center,60259,INT-8E50OV3
5471,WH-05471,Dallas,Texas,Distribution Center,39744,INT-JWPALFS
5472,WH-05472,Seattle,Washington,Regional DC,22776,INT-ALHPRO4
5473,WH-05473,Phoenix,Arizona,Cross Dock,10266,INT-8D3B4MH
5474,WH-05474,Boston,Massachusetts,Regional DC,80609,INT-WOCEGEN
5475,WH-05475,Dallas,Texas,Fulfillment Center,21667,INT-27AG5BX
5476,WH-05476,,Unknown,Distribution Center,83246,INT-PCVDQON
5477,WH-05477,Austin,Texas,Regional DC,12946,INT-953ASWA
5478,WH-05478,Austin,Texas,Cross Dock,56360,INT-8YI24K6
5479,WH-05479,Portland,Oregon,Fulfillment Center,46566,INT-UGKBPIO
5480,WH-05480,Portland,Oregon,Fulfillment Center,72665,INT-AOI86G6
5481,WH-05481,Atlanta,Georgia,Distribution Center,60830,INT-TP8B9BY
5482,WH-05482,Charlotte,North Carolina,Distribution Center,80292,INT-TNDHMZB
5483,WH-05483,Detroit,Michigan,Fulfillment Center,85743,INT-RKY2UYT
5484,WH-05484,,Unknown,Distribution Center,22800,INT-1T8L62S
5485,WH-05485,New York,New York,Cross Dock,93294,INT-49ZPCMD
5486,WH-05486,Charlotte,North Carolina,Cross Dock,78474,INT-CIOTGFV
5487,WH-05487,Seattle,Washington,Cross Dock,90080,INT-GU1ML6B
5488,WH-05488,Atlanta,Georgia,Regional DC,57436,INT-1WZFP52
5489,WH-05489,,Unknown,Regional DC,7092,INT-TI6TZCH
5490,WH-05490,Miami,Florida,Cross Dock,9210,INT-USQMPI8
5491,WH-05491,Denver,Colorado,Regional DC,41313,INT-VDG8693
5492,WH-05492,Detroit,Michigan,Distribution Center,92653,INT-D1KCGC5
5493,WH-05493,Seattle,Washington,Cross Dock,43501,INT-C80M7NF
5494,WH-05494,Los Angeles,California,Cross Dock,94268,INT-O8G6132
5495,WH-05495,Atlanta,Georgia,Regional DC,66489,INT-AB7Y7UR
5496,WH-05496,New York,New York,Distribution Center,17082,INT-A413LSU
5497,WH-05497,Detroit,Michigan,Cross Dock,18514,INT-YG3FJ34
5498,WH-05498,Boston,Massachusetts,Fulfillment Center,69718,INT-4NF5AAY
5499,WH-05499,New York,New York,Regional DC,67522,INT-MSGO71G
5500,WH-05500,Atlanta,Georgia,Fulfillment Center,26619,INT-FOOZQDC
5501,WH-05501,Houston,Texas,Cross Dock,99267,INT-79Y2UJZ
5502,WH-05502,Denver,Colorado,Cross Dock,90544,INT-YER8FO6
5503,WH-05503,Chicago,Illinois,Cross Dock,24276,INT-PN9YNFB
5504,WH-05504,Chicago,Illinois,Cross Dock,83720,INT-VOQ87DM
5505,WH-05505,New York,New York,Fulfillment Center,46584,INT-9MYPU9K
5506,WH-05506,Atlanta,Georgia,Cross Dock,33637,INT-SPANZHE
5507,WH-05507,Charlotte,North Carolina,Distribution Center,41389,INT-0XAPTC5
5508,WH-05508,New York,New York,Fulfillment Center,7237,INT-KCPZH47
5509,WH-05509,New York,New York,Cross Dock,84390,INT-66B0337
5510,WH-05510,Charlotte,North Carolina,Cross Dock,96160,INT-XRR7WD0
5511,WH-05511,Denver,Colorado,Regional DC,46260,INT-90PQCFO
5512,WH-05512,Phoenix,Arizona,Regional DC,91705,INT-IQIVYMB
5513,WH-05513,Denver,Colorado,Fulfillment Center,87558,INT-GJ5USVR
5514,WH-05514,Seattle,Washington,Distribution Center,88467,INT-LG24N2V
5515,WH-05515,Seattle,Washington,Distribution Center,88060,INT-S8YI0ZU
5516,WH-05516,Detroit,Michigan,Distribution Center,60367,INT-A645V50
5517,WH-05517,Dallas,Texas,Fulfillment Center,61396,INT-CACQRHT
5518,WH-05518,Miami,Florida,Cross Dock,19666,INT-I28EOP6
5519,WH-05519,Seattle,Washington,Cross Dock,59214,INT-3RXS0QJ
5520,WH-05520,Seattle,Washington,Cross Dock,57113,INT-L1MLNT2
5521,WH-05521,,Unknown,Regional DC,85644,INT-491U4X2
5522,WH-05522,Houston,Texas,Distribution Center,75618,INT-65PD9VI
5523,WH-05523,Seattle,Washington,Fulfillment Center,13094,INT-81A5MAZ
5524,WH-05524,Portland,Oregon,Fulfillment Center,99003,INT-FXPKSIK
5525,WH-05525,New York,New York,Regional DC,56926,INT-PJQV9XX
5526,WH-05526,Boston,Massachusetts,Fulfillment Center,11035,INT-93RQGMP
5527,WH-05527,Houston,Texas,Regional DC,29795,INT-1U2JRI0
5528,WH-05528,Chicago,Illinois,Cross Dock,17824,INT-TAL345S
5529,WH-05529,Miami,Florida,Cross Dock,80188,INT-UABGDCC
5530,WH-05530,Portland,Oregon,Regional DC,34563,INT-K3UMICS
5531,WH-05531,Seattle,Washington,Regional DC,18717,INT-QDDM1OY
5532,WH-05532,Detroit,Michigan,Distribution Center,72295,INT-SRK2GIC
5533,WH-05533,Chicago,Illinois,Regional DC,23348,INT-A5ZAC6J
5534,WH-05534,Seattle,Washington,Fulfillment Center,90883,INT-69DS20K
5535,WH-05535,Phoenix,Arizona,Cross Dock,81269,INT-HJXCIBB
5536,WH-05536,Los Angeles,California,Distribution Center,39499,INT-AA1YG4U
5537,WH-05537,Charlotte,North Carolina,Cross Dock,43801,INT-8122AJY
5538,WH-05538,Chicago ,Illinois,Cross Dock,33535,INT-MFMAMWO
5539,WH-05539,Chicago,Illinois,Cross Dock,90791,INT-QFYKGXL
5540,WH-05540,Miami,Florida,Distribution Center,68062,INT-RS68XGT
5541,WH-05541,Seattle,Washington,Cross Dock,25068,INT-ZBVTRU2
5542,WH-05542,Phoenix,Arizona,Cross Dock,22330,INT-KVRTOD1
5543,WH-05543,Boston,Massachusetts,Regional DC,15658,INT-L7T0PS7
5544,WH-05544,Denver,Colorado,Regional DC,32183,INT-9QEIEZ4
5545,WH-05545,Boston,Massachusetts,Cross Dock,33455,INT-NQLTZ3Q
5546,WH-05546,Denver,Colorado,Fulfillment Center,91304,INT-G6SH0JR
5547,WH-05547,Los Angeles,California,Distribution Center,65300,INT-SN4UJIK
5548,WH-05548,Chicago,Illinois,Regional DC,95454,INT-RU7V8VO
5549,WH-05549,Houston,Texas,Distribution Center,39175,INT-JJ078NU
5550,WH-05550,Chicago,Illinois,Cross Dock,53244,INT-OG3A538
5551,WH-05551,Portland,Oregon,Cross Dock,5,INT-JGDPOJO
5552,WH-05552,Los angeles,Unknown,Distribution Center,78619,INT-36ILLMC
5553,WH-05553,Chicago,Illinois,Distribution Center,6475,INT-UT8W0J9
5554,WH-05554,Charlotte,North Carolina,Fulfillment Center,82423,INT-2J0AIWM
5555,WH-05555,Boston,Massachusetts,Cross Dock,35705,INT-U6RW1NH
5556,WH-05556,Denver,Colorado,Regional DC,32374,INT-CJBN2QD
5557,WH-05557,Austin,Texas,Regional DC,20515,INT-2GM0VQT
5558,WH-05558,Detroit,Michigan,Regional DC,98803,INT-I9A99JQ
5559,WH-05559,Houston,Texas,Distribution Center,9509,INT-GX2RD5Y
5560,WH-05560,Denver,Colorado,Fulfillment Center,50577,INT-U04UKLN
5561,WH-05561,Portland,Oregon,Fulfillment Center,96685,INT-DTAICR3
5562,WH-05562,Chicago,Illinois,Cross Dock,68210,INT-V9IHHJU
5563,WH-05563,Chicago,Illinois,Regional DC,66455,INT-CWI0I5W
5564,WH-05564,Boston,Massachusetts,Cross Dock,76107,INT-OJHEVSO
5565,WH-05565,Houston,Texas,Distribution Center,90707,INT-G0IR2VN
5566,WH-05566,Atlanta,Georgia,Cross Dock,45152,INT-2A1SK0U
5567,WH-05567,Boston,Massachusetts,Fulfillment Center,75899,INT-27W4XGH
5568,WH-05568,Miami,Florida,Distribution Center,33288,INT-C0C2AIR
5569,WH-05569,New York,New York,Cross Dock,43542,INT-6RLS91Y
5570,WH-05570,Houston,Texas,Fulfillment Center,84238,INT-GWIPNUR
5571,WH-05571,Austin,Texas,Cross Dock,94652,INT-IIISFCB
5572,WH-05572,Atlanta,Georgia,Fulfillment Center,39767,INT-JD217DL
5573,WH-05573,Chicago,Illinois,Distribution Center,23251,INT-F475OB9
5574,WH-05574,Houston,Texas,Fulfillment Center,71316,INT-H05Y8UI
5575,WH-05575,Los Angeles,California,Distribution Center,96736,INT-NWFECMK
5576,WH-05576,Charlotte,North Carolina,Cross Dock,50988,INT-BOA9E02
5577,WH-05577,Miami,Florida,Fulfillment Center,86443,INT-BKOG4JI
5578,WH-05578,Boston,Massachusetts,Regional DC,50516,INT-N7CFXN8
5579,WH-05579,Chicago,Illinois,Cross Dock,81753,INT-P0535TS
5580,WH-05580,Chicago,Illinois,Distribution Center,78848,INT-X08ABHY
5581,WH-05581,Chicago,Illinois,Distribution Center,67944,INT-B8TXL4N
5582,WH-05582,Detroit,Michigan,Regional DC,38705,INT-1YDE77M
5583,WH-05583,Portland,Oregon,Regional DC,15546,INT-HAEJX75
5584,WH-05584,Chicago,Illinois,Distribution Center,77903,INT-L5Y4M1B
5585,WH-05585,Denver,Colorado,Cross Dock,27030,INT-EVWU0CN
5586,WH-05586,Miami,Florida,Fulfillment Center,5,INT-WCCQIP2
5587,WH-05587,Miami,Florida,Distribution Center,84810,INT-2JWQBDB
5588,WH-05588,Detroit,Michigan,Fulfillment Center,86457,INT-3B16G96
5589,WH-05589,Chicago,Illinois,Cross Dock,50030,INT-MEFDSO1
5590,WH-05590,Portland,Oregon,Cross Dock,18607,INT-Q9M8OX6
5591,WH-05591,Portland,Oregon,Fulfillment Center,59742,INT-HL2BV1N
5592,WH-05592,Phoenix,Arizona,Regional DC,87916,INT-Q69GWMI
5593,WH-05593,Atlanta,Georgia,Distribution Center,42703,INT-S0YIDVR
5594,WH-05594,Charlotte,North Carolina,Cross Dock,14068,INT-W3335FH
5595,WH-05595,Denver,Colorado,Regional DC,26211,INT-JZ5ZVGR
5596,WH-05596,Atlanta,Georgia,Regional DC,40298,INT-2UW9B04
5597,WH-05597,Seattle,Washington,Distribution Center,37572,INT-TU8QWID
5598,WH-05598,Austin,Texas,Cross Dock,79341,INT-M2YDT4I
5599,WH-05599,Dallas,Texas,Fulfillment Center,81483,INT-Y662H63
5600,WH-05600,New York,New York,Fulfillment Center,43472,INT-SQCUAI5
5601,WH-05601,Chicago,Illinois,Regional DC,61605,INT-E6YRS70
5602,WH-05602,Detroit,Michigan,Fulfillment Center,13913,INT-RIVJMF0
5603,WH-05603,Seattle,Washington,Cross Dock,5461,INT-APN6HEQ
5604,WH-05604,Austin,Texas,Fulfillment Center,5453,INT-LY2BCWQ
5605,WH-05605,Austin,Texas,Distribution Center,26227,INT-2D6KHTH
5606,WH-05606,Houston,Texas,Distribution Center,10088,INT-DFUT0VY
5607,WH-05607,Denver,Colorado,Fulfillment Center,84319,INT-25NY3B3
5608,WH-05608,Houston,Texas,Cross Dock,70003,INT-7Z16YET
5609,WH-05609,New York,New York,Regional DC,14259,INT-JTJE8ZV
5610,WH-05610,Austin,Texas,Cross Dock,20034,INT-01V3OSK
5611,WH-05611,Charlotte,North Carolina,Regional DC,41884,INT-W01V716
5612,WH-05612,Denver,Colorado,Regional DC,78554,INT-VF6GLIQ
5613,WH-05613,Atlanta,Georgia,Fulfillment Center,16779,INT-WQIMDTW
5614,WH-05614,Boston,Massachusetts,Distribution Center,39872,INT-7H3UGMW
5615,WH-05615,New York,New York,Distribution Center,63531,INT-PD8R98G
5616,WH-05616,Seattle,Washington,Cross Dock,71331,INT-OUYEZDU
5617,WH-05617,Dallas,Texas,Distribution Center,61141,INT-KXM0L0U
5618,WH-05618,Charlotte,North Carolina,Regional DC,72288,INT-UFA39AR
5619,WH-05619,Dallas,Texas,Distribution Center,97119,INT-7694Q8H
5620,WH-05620,Austin,Texas,Distribution Center,27663,INT-Y2QSJ90
5621,WH-05621,Detroit,Michigan,Cross Dock,21660,INT-8XFL52E
5622,WH-05622,Seattle,Washington,Regional DC,52919,INT-312O1WV
5623,WH-05623,Detroit,Michigan,Distribution Center,31318,INT-X1DP5GR
5624,WH-05624,Portland,Oregon,Fulfillment Center,67070,INT-DQ648VV
5625,WH-05625,Houston,Texas,Distribution Center,34280,INT-MR0RDER
5626,WH-05626,Portland,Oregon,Regional DC,94611,INT-MBZ5I5S
5627,WH-05627,Chicago,Illinois,Cross Dock,29513,INT-ZUE7E01
5628,WH-05628,New York,New York,Cross Dock,27794,INT-RG6FE0Y
5629,WH-05629,Chicago,Illinois,Distribution Center,62961,INT-Q2UQEZ4
5630,WH-05630,Boston,Massachusetts,Cross Dock,81224,INT-FC8C51Y
5631,WH-05631,Los Angeles,California,Fulfillment Center,42666,INT-7PAWIV1
5632,WH-05632,Houston,Texas,Fulfillment Center,99424,INT-EKW6BAY
5633,WH-05633,Miami,Florida,Distribution Center,5,INT-YTTIOCF
5634,WH-05634,Seattle,Washington,Regional DC,10577,INT-OU5GSDI
5635,WH-05635,Seattle,Washington,Regional DC,35575,INT-A3P2XSD
5636,WH-05636,Houston,Texas,Distribution Center,75766,INT-ZA2YACO
5637,WH-05637,Charlotte,North Carolina,Fulfillment Center,64481,INT-IFH24RR
5638,WH-05638,Denver,Colorado,Regional DC,44184,INT-GZ81WCZ
5639,WH-05639,Austin,Texas,Regional DC,71092,INT-3LBXO9E
5640,WH-05640,Phoenix,Arizona,Fulfillment Center,63080,INT-2HHUOYS
5641,WH-05641,Charlotte,North Carolina,Regional DC,85858,INT-FJG44V3
5642,WH-05642,Chicago ,Illinois,Distribution Center,69547,INT-VCG4Y8W
5643,WH-05643,Dallas,Texas,Regional DC,26469,INT-2975CO5
5644,WH-05644,Chicago,Illinois,Regional DC,21988,INT-LQ4HSJ4
5645,WH-05645,Dallas,Texas,Fulfillment Center,25900,INT-BY82FJQ
5646,WH-05646,Phoenix,Arizona,Cross Dock,50483,INT-RPU8NCT
5647,WH-05647,Houston,Texas,Fulfillment Center,87317,INT-H8D3OLU
5648,WH-05648,Denver,Colorado,Regional DC,24935,INT-FSOAOAU
5649,WH-05649,Atlanta,Georgia,Distribution Center,24333,INT-CS9VACI
5650,WH-05650,Dallas,Texas,Fulfillment Center,63273,INT-WP0K5GC
5651,WH-05651,Los Angeles,California,Distribution Center,45218,INT-FA4IOSE
5652,WH-05652,Austin,Texas,Regional DC,36086,INT-FHX8X5V
5653,WH-05653,Chicago,Illinois,Fulfillment Center,20705,INT-A8A2HFF
5654,WH-05654,Atlanta,Georgia,Cross Dock,20622,INT-PIUHITP
5655,WH-05655,Chicago,Illinois,Regional DC,82294,INT-1KU5OQS
5656,WH-05656,Houston,Texas,Distribution Center,26219,INT-3DTK5UN
5657,WH-05657,Seattle,Washington,Cross Dock,48562,INT-24TI6DE
5658,WH-05658,Denver,Colorado,Distribution Center,54854,INT-P0VHFMT
5659,WH-05659,Phoenix,Arizona,Fulfillment Center,7315,INT-CG6TMII
5660,WH-05660,Portland,Oregon,Fulfillment Center,95644,INT-G5SPKMV
5661,WH-05661,Phoenix,Arizona,Distribution Center,72438,INT-ATOO18I
5662,WH-05662,Boston,Massachusetts,Regional DC,25127,INT-MTKLMFN
5663,WH-05663,Chicago,Illinois,Cross Dock,39859,INT-74L2CU5
5664,WH-05664,Portland,Oregon,Cross Dock,97079,INT-QFJZQLP
5665,WH-05665,Dallas,Texas,Cross Dock,72033,INT-FT29E15
5666,WH-05666,Chicago,Illinois,Distribution Center,13841,INT-TJLRGY0
5667,WH-05667,Charlotte,North Carolina,Fulfillment Center,32509,INT-FSSV5EA
5668,WH-05668,Atlanta,Georgia,Fulfillment Center,7743,INT-TEXB1T6
5669,WH-05669,New York,New York,Cross Dock,92437,INT-7NLD8TM
5670,WH-05670,Miami,Florida,Fulfillment Center,9999999,INT-FRZXF90
5671,WH-05671,Boston,Massachusetts,Distribution Center,93488,INT-2JPFCKU
5672,WH-05672,,Unknown,Cross Dock,46060,INT-3RAS67Y
5673,WH-05673,Phoenix,Arizona,Regional DC,88826,INT-CE1VAGM
5674,WH-05674,New York,New York,Distribution Center,69159,INT-37F1XFH
5675,WH-05675,Dallas,Texas,Fulfillment Center,11957,INT-JWJRO80
5676,WH-05676,Phoenix,Arizona,Cross Dock,62562,INT-I9113BF
5677,WH-05677,Los Angeles,California,Fulfillment Center,80920,INT-9BAJ9D6
5678,WH-05678,Dallas,Texas,Distribution Center,58389,INT-BC66R9I
5679,WH-05679,Charlotte,North Carolina,Fulfillment Center,5,INT-SFAYZV4
5680,WH-05680,Charlotte,North Carolina,Fulfillment Center,45785,INT-HOOD6WQ
5681,WH-05681,Detroit,Michigan,Fulfillment Center,86383,INT-D1ZNXL4
5682,WH-05682,Denver,Colorado,Cross Dock,11066,INT-U03NI1A
5683,WH-05683,Atlanta,Georgia,Fulfillment Center,85102,INT-RMHHVO1
5684,WH-05684,Houston,Texas,Regional DC,53937,INT-AHJVGTH
5685,WH-05685,Chicago,Illinois,Fulfillment Center,25921,INT-0WBCSEY
5686,WH-05686,Los Angeles,California,Regional DC,13209,INT-SVG32EG
5687,WH-05687,New York,New York,Fulfillment Center,11584,INT-2WLUA87
5688,WH-05688,Denver,Colorado,Distribution Center,33605,INT-C7F2CTA
5689,WH-05689,Charlotte,North Carolina,Fulfillment Center,50811,INT-JKFX80S
5690,WH-05690,Atlanta,Georgia,Fulfillment Center,49564,INT-97QWZPG
5691,WH-05691,Boston,Massachusetts,Distribution Center,28161,INT-NADGH9F
5692,WH-05692,Austin,Texas,Fulfillment Center,42292,INT-4PAILMJ
5693,WH-05693,Dallas,Texas,Fulfillment Center,37085,INT-I69RNF0
5694,WH-05694,Portland,Oregon,Cross Dock,88571,INT-Y30Q1SF
5695,WH-05695,Portland,Oregon,Regional DC,98738,INT-EKXV83S
5696,WH-05696,,Unknown,Regional DC,7443,INT-V9V6REY
5697,WH-05697,Atlanta,Georgia,Regional DC,97651,INT-XIYJYLI
5698,WH-05698,Seattle,Washington,Regional DC,89580,INT-4U9K8NA
5699,WH-05699,Denver,Colorado,Fulfillment Center,84459,INT-3573CIW
5700,WH-05700,Detroit,Michigan,Cross Dock,84750,INT-6PYKWGY
5701,WH-05701,New York,New York,Distribution Center,45938,INT-QIHNSB6
5702,WH-05702,Seattle,Washington,Regional DC,83515,INT-YYJ65CL
5703,WH-05703,Portland,Oregon,Fulfillment Center,8560,INT-0074ERK
5704,WH-05704,Houston,Texas,Regional DC,84662,INT-6VA459T
5705,WH-05705,Austin,Texas,Regional DC,86425,INT-2ROAURG
5706,WH-05706,Los Angeles,California,Cross Dock,45491,INT-3PVU0C4
5707,WH-05707,Chicago,Illinois,Distribution Center,89992,INT-5OXI3K9
5708,WH-05708,Miami,Florida,Fulfillment Center,32985,INT-R9CDYZL
5709,WH-05709,Phoenix,Arizona,Distribution Center,11548,INT-K9447Y2
5710,WH-05710,Houston,Texas,Distribution Center,33423,INT-08WHAWV
5711,WH-05711,Chicago,Illinois,Fulfillment Center,93498,INT-PV10GXT
5712,WH-05712,Boston,Massachusetts,Cross Dock,20564,INT-S24POK4
5713,WH-05713,Phoenix,Arizona,Distribution Center,33336,INT-BERU3AU
5714,WH-05714,Seattle,Washington,Cross Dock,37367,INT-KU5K3W4
5715,WH-05715,Atlanta,Georgia,Fulfillment Center,95219,INT-NLEWMHR
5716,WH-05716,Phoenix,Arizona,Regional DC,40113,INT-BWUTJYX
5717,WH-05717,Dallas,Texas,Distribution Center,23047,INT-4450LUW
5718,WH-05718,Atlanta,Georgia,Distribution Center,75624,INT-S89UI76
5719,WH-05719,Los Angeles,California,Regional DC,30206,INT-AOVUMH3
5720,WH-05720,Denver,Colorado,Regional DC,49988,INT-JPGVZEK
5721,WH-05721,Boston,Massachusetts,Distribution Center,68604,INT-1DU6VUN
5722,WH-05722,Houston,Texas,Fulfillment Center,94664,INT-AYTGXGU
5723,WH-05723,Detroit,Michigan,Cross Dock,32890,INT-SOR57GC
5724,WH-05724,Boston,Massachusetts,Regional DC,7742,INT-RAR4F2V
5725,WH-05725,Los Angeles,California,Regional DC,30613,INT-21NG7ZH
5726,WH-05726,Miami,Florida,Regional DC,8569,INT-BRUWHJV
5727,WH-05727,New York,New York,Cross Dock,57001,INT-ES1MQI3
5728,WH-05728,Chicago,Illinois,Fulfillment Center,90190,INT-U7ZV06U
5729,WH-05729,Phoenix,Arizona,Fulfillment Center,30469,INT-JP17LEG
5730,WH-05730,Dallas,Texas,Cross Dock,50806,INT-L3A1LSB
5731,WH-05731,Atlanta,Georgia,Regional DC,24265,INT-016Y7SJ
5732,WH-05732,Miami,Florida,Cross Dock,75295,INT-YKNGM1C
5733,WH-05733,Dallas,Texas,Fulfillment Center,7717,INT-76HKHWU
5734,WH-05734,Detroit,Michigan,Cross Dock,40761,INT-Y1YBD45
5735,WH-05735,Houston,Texas,Cross Dock,99731,INT-0NSTDMW
5736,WH-05736,Miami,Florida,Cross Dock,18679,INT-WNJF8GG
5737,WH-05737,Dallas,Texas,Fulfillment Center,42712,INT-LNMKJOO
5738,WH-05738,Los Angeles,California,Regional DC,58702,INT-XZOW945
5739,WH-05739,Atlanta,Georgia,Distribution Center,45760,INT-QJKT7O1
5740,WH-05740,Atlanta,Georgia,Cross Dock,88964,INT-YA30L1B
5741,WH-05741,Miami,Florida,Regional DC,25570,INT-WFO5GEL
5742,WH-05742,Dallas,Texas,Distribution Center,33599,INT-TOQCI8K
5743,WH-05743,Charlotte,North Carolina,Regional DC,79150,INT-D5D686O
5744,WH-05744,Houston,Texas,Distribution Center,32371,INT-EA51G1D
5745,WH-05745,New York,New York,Distribution Center,78941,INT-7Q4SAJJ
5746,WH-05746,Portland,Oregon,Distribution Center,69578,INT-5KGPCFG
5747,WH-05747,Houston,Texas,Cross Dock,72240,INT-5PZF0K1
5748,WH-05748,Detroit,Michigan,Distribution Center,8995,INT-SA8HY3G
5749,WH-05749,Dallas,Texas,Regional DC,68126,INT-MRHNKAL
5750,WH-05750,Denver,Colorado,Fulfillment Center,83162,INT-RYG5TAE
5751,WH-05751,Detroit,Michigan,Fulfillment Center,58692,INT-X65SJSE
5752,WH-05752,Los Angeles,California,Fulfillment Center,56768,INT-8Y7DQEA
5753,WH-05753,Dallas,Texas,Distribution Center,46925,INT-ZQIBDIG
5754,WH-05754,Portland,Oregon,Cross Dock,49287,INT-JLFSWRX
5755,WH-05755,Detroit,Michigan,Cross Dock,56754,INT-0L31DA1
5756,WH-05756,Phoenix,Arizona,Cross Dock,30004,INT-1IRAD5A
5757,WH-05757,Denver,Colorado,Cross Dock,50470,INT-0LID017
5758,WH-05758,Austin,Texas,Distribution Center,84013,INT-TJCJSNT
5759,WH-05759,Seattle,Washington,Fulfillment Center,67332,INT-5CTDWW3
5760,WH-05760,,Unknown,Distribution Center,27962,INT-FY5HYN1
5761,WH-05761,Charlotte,North Carolina,Fulfillment Center,58757,INT-MNTS1AF
5762,WH-05762,Seattle,Washington,Cross Dock,33386,INT-QFY4TS8
5763,WH-05763,Los Angeles,California,Distribution Center,30114,INT-UMAM4YR
5764,WH-05764,Los Angeles,California,Cross Dock,91329,INT-NB1EVKE
5765,WH-05765,Dallas,Texas,Distribution Center,21532,INT-UD5PSXM
5766,WH-05766,New York,New York,Fulfillment Center,14292,INT-COJ92GF
5767,WH-05767,,Unknown,Distribution Center,87052,INT-R1OTMA3
5768,WH-05768,Los Angeles,California,Cross Dock,50158,INT-YCHVJ4S
5769,WH-05769,Atlanta,Georgia,Distribution Center,31491,INT-9DF8KQH
5770,WH-05770,HOUSTON,Unknown,Fulfillment Center,27635,INT-Q59QSBK
5771,WH-05771,Phoenix,Arizona,Distribution Center,7714,INT-M8GYSOX
5772,WH-05772,Atlanta,Georgia,Fulfillment Center,63412,INT-XZA4KU5
5773,WH-05773,New York,New York,Regional DC,50702,INT-CEIIJAV
5774,WH-05774,Denver,Colorado,Cross Dock,37285,INT-QXYJ6SU
5775,WH-05775,Austin,Texas,Distribution Center,90297,INT-9ZJOXLE
5776,WH-05776,Portland,Oregon,Fulfillment Center,90217,INT-3HQN1CK
5777,WH-05777,Boston,Massachusetts,Distribution Center,70220,INT-Z79RVB6
5778,WH-05778,Phoenix,Arizona,Distribution Center,66084,INT-FR9TO00
5779,WH-05779,Phoenix,Arizona,Fulfillment Center,14366,INT-JVLACLW
5780,WH-05780,Portland,Oregon,Distribution Center,71508,INT-825QDVE
5781,WH-05781,Houston,Texas,Cross Dock,38812,INT-RWSDNH2
5782,WH-05782,Atlanta,Georgia,Distribution Center,23401,INT-0OOM9EX
5783,WH-05783,Chicago,Illinois,Fulfillment Center,82652,INT-G7JHU6N
5784,WH-05784,Los Angeles,California,Regional DC,30746,INT-UV0FBLE
5785,WH-05785,Seattle,Washington,Distribution Center,52992,INT-98GW0I3
5786,WH-05786,Atlanta,Georgia,Fulfillment Center,84399,INT-GM64FRV
5787,WH-05787,Los Angeles,California,Cross Dock,93282,INT-SDI1S6F
5788,WH-05788,Charlotte,North Carolina,Distribution Center,26091,INT-VVV3W2W
5789,WH-05789,Denver,Colorado,Regional DC,92948,INT-KIF6IIC
5790,WH-05790,Atlanta,Georgia,Fulfillment Center,85223,INT-28AVVG6
5791,WH-05791,Charlotte,North Carolina,Fulfillment Center,55199,INT-L2T9DCT
5792,WH-05792,Atlanta,Georgia,Distribution Center,81496,INT-MM8V93S
5793,WH-05793,Denver,Colorado,Cross Dock,89607,INT-LK1M1BO
5794,WH-05794,Atlanta,Georgia,Distribution Center,42857,INT-R4ZOTVM
5795,WH-05795,Denver,Colorado,Regional DC,60673,INT-W36CPV5
5796,WH-05796,Portland,Oregon,Cross Dock,48173,INT-898CKXN
5797,WH-05797,New York,New York,Regional DC,32747,INT-W3PEKC9
5798,WH-05798,Charlotte,North Carolina,Regional DC,14471,INT-6WCO9IS
5799,WH-05799,Chicago,Illinois,Fulfillment Center,20725,INT-R0G55Q3
5800,WH-05800,Los Angeles,California,Regional DC,29341,INT-MGFIF5Q
5801,WH-05801,Detroit,Michigan,Fulfillment Center,18266,INT-YQKFOEX
5802,WH-05802,Los Angeles,California,Distribution Center,84562,INT-G0RBV90
5803,WH-05803,New York,New York,Regional DC,60133,INT-FBUA3Z6
5804,WH-05804,Houston,Texas,Cross Dock,43958,INT-LNRXXAE
5805,WH-05805,Chicago,Illinois,Regional DC,53437,INT-55PKR5Y
5806,WH-05806,Charlotte,North Carolina,Cross Dock,96195,INT-8JCW5R8
5807,WH-05807,Seattle,Washington,Regional DC,23420,INT-2ZZH3FU
5808,WH-05808, Houston,Texas,Fulfillment Center,91511,INT-F5UVLM3
5809,WH-05809,Phoenix,Arizona,Fulfillment Center,37148,INT-JYS8KHS
5810,WH-05810,Seattle,Washington,Distribution Center,9119,INT-THM8LX4
5811,WH-05811,Houston,Texas,Fulfillment Center,18978,INT-Q518K47
5812,WH-05812,Portland,Oregon,Cross Dock,9057,INT-4N9VAY9
5813,WH-05813,Boston,Massachusetts,Cross Dock,63204,INT-VVU7CP8
5814,WH-05814,New York,New York,Distribution Center,71851,INT-LCP9SX4
5815,WH-05815,New York,New York,Fulfillment Center,58071,INT-C901ZHD
5816,WH-05816,Portland,Oregon,Cross Dock,24792,INT-00EQMEJ
5817,WH-05817,Denver,Colorado,Distribution Center,17124,INT-374A0ZP
5818,WH-05818,Charlotte,North Carolina,Fulfillment Center,89594,INT-T42NBNA
5819,WH-05819,Seattle,Washington,Fulfillment Center,97841,INT-M17L32I
5820,WH-05820,Miami,Florida,Cross Dock,30136,INT-78S6B3U
5821,WH-05821,Charlotte,North Carolina,Fulfillment Center,72801,INT-9JJJJSU
5822,WH-05822, New York,New York,Regional DC,94110,INT-LJVZ8WX
5823,WH-05823,Chicago,Illinois,Fulfillment Center,84359,INT-EGFFSXK
5824,WH-05824,Miami,Florida,Cross Dock,96099,INT-GJOYFOK
5825,WH-05825,Atlanta,Georgia,Fulfillment Center,97185,INT-8K4BRGA
5826,WH-05826,Atlanta,Georgia,Distribution Center,60934,INT-R4WL7QU
5827,WH-05827,Phoenix,Arizona,Fulfillment Center,30460,INT-7PCS6RL
5828,WH-05828,Los Angeles,California,Regional DC,74883,INT-Y2PO8U4
5829,WH-05829,Phoenix,Arizona,Distribution Center,8794,INT-CFRO8SU
5830,WH-05830,Boston,Massachusetts,Fulfillment Center,70255,INT-YK3FI42
5831,WH-05831,New York,New York,Cross Dock,39197,INT-MJ279Y1
5832,WH-05832,Houston,Texas,Cross Dock,66466,INT-NF2EK35
5833,WH-05833,New York,New York,Regional DC,81265,INT-0QA0AJG
5834,WH-05834,Portland,Oregon,Cross Dock,45766,INT-ACAFWCE
5835,WH-05835,Austin,Texas,Fulfillment Center,11030,INT-J401J0C
5836,WH-05836,Detroit,Michigan,Regional DC,37724,INT-85K1TUO
5837,WH-05837,,Unknown,Fulfillment Center,47947,INT-0H6TFNV
5838,WH-05838,Chicago,Illinois,Fulfillment Center,65421,INT-JPJ9LAL
5839,WH-05839,Seattle,Washington,Regional DC,82690,INT-VFFVZ64
5840,WH-05840,Portland,Oregon,Distribution Center,52819,INT-2NM3BQ8
5841,WH-05841,Charlotte,North Carolina,Fulfillment Center,67438,INT-HGTRD4Z
5842,WH-05842,Chicago,Illinois,Regional DC,54112,INT-7DL4KGC
5843,WH-05843,New York,New York,Distribution Center,68086,INT-O7IQ016
5844,WH-05844,Charlotte,North Carolina,Distribution Center,49138,INT-69ST0HS
5845,WH-05845,Boston,Massachusetts,Cross Dock,86456,INT-RRQY94M
5846,WH-05846,,Unknown,Regional DC,46857,INT-4WNR4CX
5847,WH-05847,Houston,Texas,Regional DC,52227,INT-XWNYBYR
5848,WH-05848,Boston,Massachusetts,Distribution Center,77885,INT-UQBAP5D
5849,WH-05849,Chicago,Illinois,Cross Dock,90007,INT-155VTH7
5850,WH-05850,Phoenix,Arizona,Fulfillment Center,31001,INT-YH0DHGL
5851,WH-05851,Denver,Colorado,Cross Dock,75408,INT-UBX1ZK7
5852,WH-05852,Miami,Florida,Cross Dock,11405,INT-891LWEU
5853,WH-05853,Phoenix,Arizona,Cross Dock,43211,INT-ICX1YVK
5854,WH-05854,Atlanta,Georgia,Regional DC,93568,INT-9KYZUFY
5855,WH-05855,Chicago,Illinois,Cross Dock,73499,INT-0YTG1WB
5856,WH-05856,Charlotte,North Carolina,Cross Dock,5127,INT-VVSCZ55
5857,WH-05857,Charlotte,North Carolina,Distribution Center,94649,INT-KLKG4AQ
5858,WH-05858,Denver,Colorado,Fulfillment Center,97903,INT-IOSVLN0
5859,WH-05859,Seattle,Washington,Fulfillment Center,81263,INT-Q6RNUK7
5860,WH-05860,Atlanta,Georgia,Fulfillment Center,50109,INT-6M1W77P
5861,WH-05861,,Unknown,Fulfillment Center,34603,INT-0BY147A
5862,WH-05862,Miami,Florida,Regional DC,78532,INT-0B8QEWN
5863,WH-05863,Chicago,Illinois,Cross Dock,64228,INT-0CBYK5K
5864,WH-05864,Los Angeles,California,Cross Dock,83390,INT-9C5RPFR
5865,WH-05865,Charlotte,North Carolina,Cross Dock,42551,INT-XYDWTXH
5866,WH-05866,Houston,Texas,Distribution Center,19084,INT-OGFIHOQ
5867,WH-05867,Portland,Oregon,Cross Dock,42184,INT-SKRTM61
5868,WH-05868,Charlotte,North Carolina,Fulfillment Center,51592,INT-S4DFJBI
5869,WH-05869,Los Angeles,California,Distribution Center,29002,INT-Z6HBMHQ
5870,WH-05870,Portland,Oregon,Regional DC,29194,INT-UEKW3HQ
5871,WH-05871,New York,New York,Cross Dock,48868,INT-UQE8FSI
5872,WH-05872,Dallas,Texas,Regional DC,92022,INT-4PI7IDO
5873,WH-05873,Boston,Massachusetts,Regional DC,43413,INT-KJ21WBQ
5874,WH-05874,Denver,Colorado,Regional DC,88271,INT-K2KZ1YQ
5875,WH-05875,Los Angeles,California,Fulfillment Center,96250,INT-HYAOWJJ
5876,WH-05876,Miami,Florida,Fulfillment Center,66414,INT-UDGSDYR
5877,WH-05877,Denver,Colorado,Cross Dock,99699,INT-000VVGB
5878,WH-05878,Seattle,Washington,Fulfillment Center,11991,INT-6BG3EM0
5879,WH-05879,Phoenix,Arizona,Cross Dock,32726,INT-3F0T4AR
5880,WH-05880,Los Angeles,California,Regional DC,28586,INT-VZBQ1RP
5881,WH-05881,New York,New York,Regional DC,54661,INT-S61JCDL
5882,WH-05882,Chicago,Illinois,Cross Dock,18732,INT-F65P1LS
5883,WH-05883,New York,New York,Cross Dock,20753,INT-5S7ICV3
5884,WH-05884,Dallas,Texas,Regional DC,91861,INT-GV869JU
5885,WH-05885,Chicago,Illinois,Cross Dock,19084,INT-XYP0WGL
5886,WH-05886,Dallas,Texas,Cross Dock,66528,INT-EZ99H5C
5887,WH-05887,Boston,Massachusetts,Cross Dock,60842,INT-G0ZTFPH
5888,WH-05888,Seattle,Washington,Fulfillment Center,20370,INT-T8C5RYK
5889,WH-05889,Boston,Massachusetts,Regional DC,47831,INT-QGMZMSE
5890,WH-05890,Dallas,Texas,Cross Dock,48679,INT-1K5QF1V
5891,WH-05891,Atlanta,Georgia,Distribution Center,24053,INT-C4B3BWU
5892,WH-05892,Boston,Massachusetts,Distribution Center,93691,INT-P0J3D5T
5893,WH-05893,Dallas,Texas,Fulfillment Center,96281,INT-0IZ60P9
5894,WH-05894,Boston,Massachusetts,Distribution Center,23026,INT-H1LXX2E
5895,WH-05895,Los Angeles,California,Cross Dock,48977,INT-4IQM6RA
5896,WH-05896,Charlotte,North Carolina,Regional DC,36606,INT-KM34GSY
5897,WH-05897,Portland,Oregon,Distribution Center,55721,INT-PPHY9WY
5898,WH-05898,Miami,Florida,Distribution Center,8852,INT-WAPMX1J
5899,WH-05899,Boston,Massachusetts,Cross Dock,78296,INT-P29M71P
5900,WH-05900,Boston,Massachusetts,Cross Dock,75833,INT-Q8BZROS
5901,WH-05901,Portland,Oregon,Distribution Center,68680,INT-MQSQ371
5902,WH-05902,New York,New York,Fulfillment Center,38161,INT-XEFD95Z
5903,WH-05903,Seattle,Washington,Cross Dock,36595,INT-9PT8S76
5904,WH-05904,Atlanta,Georgia,Cross Dock,24712,INT-8T827YW
5905,WH-05905,Chicago,Illinois,Regional DC,57615,INT-T2CV0A1
5906,WH-05906,Detroit,Michigan,Distribution Center,82147,INT-O423ZBM
5907,WH-05907,Austin,Texas,Cross Dock,69046,INT-F1M2J7T
5908,WH-05908,Denver,Colorado,Distribution Center,9053,INT-OJSIPJH
5909,WH-05909,Detroit,Michigan,Cross Dock,62997,INT-18I69RF
5910,WH-05910,New York,New York,Fulfillment Center,50337,INT-B9RTI6L
5911,WH-05911,Houston,Texas,Cross Dock,76072,INT-ZNJWDFI
5912,WH-05912,Atlanta,Georgia,Regional DC,46874,INT-3IDVVHJ
5913,WH-05913,Portland,Oregon,Distribution Center,75982,INT-97YXW9C
5914,WH-05914,Detroit,Michigan,Fulfillment Center,66932,INT-2PESHCY
5915,WH-05915,Austin,Texas,Distribution Center,36989,INT-Q29G4IT
5916,WH-05916,Miami,Florida,Fulfillment Center,80300,INT-MQWGVBQ
5917,WH-05917,Houston,Texas,Cross Dock,14496,INT-OYJ2PEG
5918,WH-05918,Dallas,Texas,Cross Dock,63485,INT-NZXZUUX
5919,WH-05919,Houston,Texas,Distribution Center,80346,INT-5PAW66Z
5920,WH-05920,Dallas,Texas,Distribution Center,56307,INT-C4YZBOJ
5921,WH-05921,Portland,Oregon,Fulfillment Center,18165,INT-TWR3SMY
5922,WH-05922,New York,New York,Fulfillment Center,75365,INT-POGRBAZ
5923,WH-05923,Denver,Colorado,Regional DC,14723,INT-4UA00SA
5924,WH-05924,Austin,Texas,Fulfillment Center,8719,INT-HOHI1FC
5925,WH-05925,,Unknown,Regional DC,52363,INT-M5AA6J8
5926,WH-05926,Boston,Massachusetts,Fulfillment Center,12455,INT-NP6KBKM
5927,WH-05927,,Unknown,Cross Dock,79435,INT-HF0L4LU
5928,WH-05928,New York,New York,Regional DC,36140,INT-Z0094FT
5929,WH-05929,Houston,Texas,Distribution Center,78518,INT-0O8RLVY
5930,WH-05930,New York,New York,Cross Dock,59480,INT-8SZVZKJ
5931,WH-05931,Boston,Massachusetts,Fulfillment Center,49784,INT-ZYV0P2E
5932,WH-05932,,Unknown,Cross Dock,63806,INT-MPG9AEY
5933,WH-05933,Los angeles,Unknown,Fulfillment Center,15346,INT-IC53YL5
5934,WH-05934,Dallas,Texas,Fulfillment Center,46045,INT-0PX6DJY
5935,WH-05935,Chicago,Illinois,Fulfillment Center,57812,INT-UE04L3N
5936,WH-05936,Dallas,Texas,Regional DC,88435,INT-K4KKWRO
5937,WH-05937,Miami,Florida,Distribution Center,12506,INT-MXGJIPT
5938,WH-05938,Boston,Massachusetts,Cross Dock,23951,INT-RVBHTS4
5939,WH-05939,Detroit,Michigan,Distribution Center,66687,INT-XYDPBF4
5940,WH-05940,Austin,Texas,Regional DC,94990,INT-Y9EVA69
5941,WH-05941,Atlanta,Georgia,Distribution Center,70624,INT-G2AO9PP
5942,WH-05942,Atlanta,Georgia,Fulfillment Center,18073,INT-BE6489P
5943,WH-05943,Phoenix,Arizona,Distribution Center,18028,INT-34LSEC1
5944,WH-05944,Los Angeles,California,Fulfillment Center,11117,INT-8GP3991
5945,WH-05945,Houston,Texas,Distribution Center,58131,INT-JYS4T5Y
5946,WH-05946,New York,New York,Regional DC,6194,INT-VDLZBJD
5947,WH-05947,Portland,Oregon,Fulfillment Center,41223,INT-DOREZYZ
5948,WH-05948,Portland,Oregon,Regional DC,21663,INT-MWDRWM2
5949,WH-05949,Los Angeles,California,Distribution Center,58944,INT-R1SZ38T
5950,WH-05950,Phoenix,Arizona,Fulfillment Center,18783,INT-GSMY8VE
5951,WH-05951,Seattle,Washington,Fulfillment Center,94620,INT-3PIASKI
5952,WH-05952,Detroit,Michigan,Distribution Center,10633,INT-CTEF66B
5953,WH-05953,Atlanta,Georgia,Fulfillment Center,79591,INT-884VB50
5954,WH-05954,Chicago,Illinois,Fulfillment Center,5160,INT-6CR2SA1
5955,WH-05955,Denver,Colorado,Distribution Center,42779,INT-TWDBO86
5956,WH-05956,Denver,Colorado,Fulfillment Center,59882,INT-XFOBF6T
5957,WH-05957,Charlotte,North Carolina,Fulfillment Center,97071,INT-JBTK3O7
5958,WH-05958,Boston,Massachusetts,Distribution Center,37331,INT-8X1Q5GD
5959,WH-05959,Chicago,Illinois,Regional DC,64776,INT-5F97ZLH
5960,WH-05960,Boston,Massachusetts,Distribution Center,78851,INT-ZJYHF10
5961,WH-05961,Atlanta,Georgia,Regional DC,54152,INT-US7LFKC
5962,WH-05962,Portland,Oregon,Cross Dock,77169,INT-O0V4IVG
5963,WH-05963,Portland,Oregon,Fulfillment Center,86124,INT-CWSYEBQ
5964,WH-05964,Austin,Texas,Fulfillment Center,84290,INT-FO1MTU8
5965,WH-05965,Los Angeles,California,Regional DC,13988,INT-OMQ4WWU
5966,WH-05966,Denver,Colorado,Regional DC,89743,INT-AA404XZ
5967,WH-05967,Houston,Texas,Regional DC,20836,INT-6XJ3DEQ
5968,WH-05968,Miami,Florida,Fulfillment Center,55405,INT-PJSXAK5
5969,WH-05969, Houston,Texas,Regional DC,13706,INT-EJFO002
5970,WH-05970,Detroit,Michigan,Fulfillment Center,54006,INT-4PWAVDF
5971,WH-05971,Denver,Colorado,Regional DC,69218,INT-U7D0IU9
5972,WH-05972,Los Angeles,California,Distribution Center,26370,INT-3JYZM1M
5973,WH-05973,Dallas,Texas,Regional DC,37021,INT-5OA9QFC
5974,WH-05974,Houston,Texas,Distribution Center,35151,INT-BH5BWWS
5975,WH-05975,Chicago,Illinois,Cross Dock,69215,INT-AI5B84X
5976,WH-05976,Miami,Florida,Regional DC,44881,INT-B826RKX
5977,WH-05977,Los Angeles,California,Fulfillment Center,99680,INT-4IHS3DB
5978,WH-05978,Chicago,Illinois,Fulfillment Center,21022,INT-DDSL9ZZ
5979,WH-05979,Dallas,Texas,Regional DC,27739,INT-IN7ND4C
5980,WH-05980,Boston,Massachusetts,Distribution Center,85090,INT-H2488GD
5981,WH-05981,Portland,Oregon,Fulfillment Center,14817,INT-KD862WP
5982,WH-05982,Seattle,Washington,Fulfillment Center,32252,INT-ABS50M3
5983,WH-05983,Portland,Oregon,Fulfillment Center,36254,INT-QZOVYJR
5984,WH-05984,Denver,Colorado,Fulfillment Center,47695,INT-NANR60K
5985,WH-05985,New York,New York,Cross Dock,19903,INT-4MY937H
5986,WH-05986,Dallas,Texas,Fulfillment Center,18910,INT-FIEYLXK
5987,WH-05987,Portland,Oregon,Regional DC,75601,INT-9EE43CY
5988,WH-05988,Chicago,Illinois,Fulfillment Center,36927,INT-WKP9IKF
5989,WH-05989,Atlanta,Georgia,Cross Dock,18013,INT-G8LD6MT
5990,WH-05990,Dallas,Texas,Cross Dock,61570,INT-OS07Z73
5991,WH-05991,Charlotte,North Carolina,Distribution Center,63761,INT-PKRI8QR
5992,WH-05992,Austin,Texas,Regional DC,27106,INT-8IHKDVI
5993,WH-05993,Dallas,Texas,Regional DC,51625,INT-EXD0XYF
5994,WH-05994,Los Angeles,California,Cross Dock,72345,INT-2D8WI6X
5995,WH-05995,Portland,Oregon,Cross Dock,9224,INT-01UMQSH
5996,WH-05996,Chicago,Illinois,Cross Dock,55952,INT-ZTN0610
5997,WH-05997,Boston,Massachusetts,Distribution Center,20520,INT-OWXQKPK
5998,WH-05998,Phoenix,Arizona,Cross Dock,64813,INT-64IX7KQ
5999,WH-05999,Phoenix,Arizona,Regional DC,71550,INT-F2CY5UE
6000,WH-06000,Detroit,Michigan,Regional DC,83143,INT-SHRMI9G
6001,WH-06001,Seattle,Washington,Cross Dock,74871,INT-R4RIM60
6002,WH-06002,Houston,Texas,Regional DC,37510,INT-4T34OG9
6003,WH-06003,Miami,Florida,Fulfillment Center,54015,INT-XH9KGIU
6004,WH-06004,Denver,Colorado,Distribution Center,26148,INT-I7IQZOG
6005,WH-06005,Detroit,Michigan,Fulfillment Center,49640,INT-QTJV7IL
6006,WH-06006,Portland,Oregon,Cross Dock,63533,INT-YBTIDHY
6007,WH-06007,Seattle,Washington,Regional DC,70365,INT-QNPY2XE
6008,WH-06008,Dallas,Texas,Cross Dock,97928,INT-U6OTENM
6009,WH-06009,Seattle,Washington,Regional DC,34666,INT-60FKQKC
6010,WH-06010,Austin,Texas,Regional DC,41586,INT-TLXI9YM
6011,WH-06011,New York,New York,Regional DC,17942,INT-LEJVQIA
6012,WH-06012,Atlanta,Georgia,Distribution Center,37725,INT-FK3IUJF
6013,WH-06013,Denver,Colorado,Cross Dock,46125,INT-9V4A7EB
6014,WH-06014,Phoenix,Arizona,Regional DC,96082,INT-BAFRJI0
6015,WH-06015,Detroit,Michigan,Distribution Center,55808,INT-U0GU5D7
6016,WH-06016,Boston,Massachusetts,Distribution Center,41186,INT-ZINAL7Q
6017,WH-06017,Dallas,Texas,Cross Dock,5129,INT-YHIQOSE
6018,WH-06018,Detroit,Michigan,Regional DC,43923,INT-77UT372
6019,WH-06019,Chicago,Illinois,Distribution Center,61815,INT-M1R153D
6020,WH-06020,Detroit,Michigan,Regional DC,68152,INT-OJJSXKR
6021,WH-06021,Phoenix,Arizona,Distribution Center,9999999,INT-XTHR5XI
6022,WH-06022,Detroit,Michigan,Fulfillment Center,5,INT-6BFJ7Y8
6023,WH-06023,Denver,Colorado,Fulfillment Center,74414,INT-Z3TSQIK
6024,WH-06024,Atlanta,Georgia,Fulfillment Center,85675,INT-XRNV3Y2
6025,WH-06025,Phoenix,Arizona,Regional DC,67683,INT-VTLE3KG
6026,WH-06026,Miami,Florida,Distribution Center,78815,INT-Z04V05R
6027,WH-06027,Seattle,Washington,Cross Dock,77135,INT-I9G26Z4
6028,WH-06028,Portland,Oregon,Cross Dock,89673,INT-X3712OS
6029,WH-06029,Dallas,Texas,Fulfillment Center,83631,INT-GVLAH6G
6030,WH-06030,Los Angeles,California,Regional DC,16113,INT-ZT6I7YB
6031,WH-06031,Seattle,Washington,Distribution Center,84980,INT-H6JH8OC
6032,WH-06032,Phoenix,Arizona,Fulfillment Center,75836,INT-82W1BQO
6033,WH-06033,Atlanta,Georgia,Regional DC,31525,INT-ZT1VV9C
6034,WH-06034,Austin,Texas,Distribution Center,55793,INT-2I1J4FP
6035,WH-06035,Detroit,Michigan,Regional DC,61406,INT-HCEVSC9
6036,WH-06036,Charlotte,North Carolina,Distribution Center,61785,INT-7JLRNVR
6037,WH-06037,Phoenix,Arizona,Fulfillment Center,61882,INT-6DICKY3
6038,WH-06038,Houston,Texas,Distribution Center,91481,INT-YUYO46O
6039,WH-06039,Denver,Colorado,Cross Dock,41216,INT-F49DWWL
6040,WH-06040,Austin,Texas,Distribution Center,13166,INT-H1E1Y44
6041,WH-06041,Portland,Oregon,Regional DC,78617,INT-RTP0CHO
6042,WH-06042,Los Angeles,California,Cross Dock,32738,INT-SE7TWHS
6043,WH-06043,Seattle,Washington,Regional DC,34688,INT-X6ZGFTR
6044,WH-06044,Miami,Florida,Cross Dock,79866,INT-KE0CQYI
6045,WH-06045,Dallas,Texas,Cross Dock,9999999,INT-55F7AJ1
6046,WH-06046,Austin,Texas,Regional DC,22657,INT-0A7OX4H
6047,WH-06047,Atlanta,Georgia,Regional DC,32131,INT-SWB6UH1
6048,WH-06048,Detroit,Michigan,Fulfillment Center,49160,INT-N8TM5RX
6049,WH-06049,Chicago,Illinois,Distribution Center,77168,INT-IYHNGVV
6050,WH-06050,Denver,Colorado,Cross Dock,60175,INT-JP5N1BM
6051,WH-06051,Atlanta,Georgia,Cross Dock,85913,INT-HGPB94V
6052,WH-06052,Denver,Colorado,Cross Dock,53448,INT-Z08U7KO
6053,WH-06053,Charlotte,North Carolina,Distribution Center,39333,INT-8V0T4JW
6054,WH-06054,Seattle,Washington,Distribution Center,22986,INT-HINIWP1
6055,WH-06055,Austin,Texas,Cross Dock,42232,INT-EU6CE8T
6056,WH-06056,Los Angeles,California,Regional DC,59578,INT-YCPLF49
6057,WH-06057,Miami,Florida,Fulfillment Center,86298,INT-65I5CS7
6058,WH-06058,Boston,Massachusetts,Fulfillment Center,33431,INT-4R4V4HY
6059,WH-06059,Dallas,Texas,Cross Dock,49797,INT-J7J5VEC
6060,WH-06060,Austin,Texas,Cross Dock,52237,INT-ETK20MZ
6061,WH-06061,Miami,Florida,Cross Dock,42411,INT-S05OZ3Y
6062,WH-06062,Phoenix,Arizona,Cross Dock,47172,INT-2WD7ONC
6063,WH-06063,Denver,Colorado,Regional DC,88475,INT-XZNUNJJ
6064,WH-06064,Miami,Florida,Cross Dock,24971,INT-0CBZKMQ
6065,WH-06065,Phoenix,Arizona,Distribution Center,79210,INT-RT9APWL
6066,WH-06066,Atlanta,Georgia,Regional DC,6436,INT-V0UNN87
6067,WH-06067,Seattle,Washington,Distribution Center,81981,INT-G7H93OS
6068,WH-06068,Denver,Colorado,Cross Dock,34517,INT-6TTDE72
6069,WH-06069,Portland,Oregon,Cross Dock,70001,INT-8OKC9RJ
6070,WH-06070,Portland,Oregon,Fulfillment Center,11487,INT-AVARL3I
6071,WH-06071,Charlotte,North Carolina,Fulfillment Center,74585,INT-TKB6W6R
6072,WH-06072,Chicago,Illinois,Cross Dock,17492,INT-8UIXHOA
6073,WH-06073,Portland,Oregon,Cross Dock,19064,INT-XWZMLCC
6074,WH-06074,Dallas,Texas,Regional DC,27672,INT-7E1VHCM
6075,WH-06075,Charlotte,North Carolina,Fulfillment Center,77703,INT-UAOUQGV
6076,WH-06076,New York,New York,Regional DC,78552,INT-D9FOBAC
6077,WH-06077,Seattle,Washington,Regional DC,73256,INT-9NPYMXL
6078,WH-06078,Charlotte,North Carolina,Fulfillment Center,56059,INT-945MQC4
6079,WH-06079,Houston,Texas,Fulfillment Center,26117,INT-H1KSGA8
6080,WH-06080,Miami,Florida,Distribution Center,38208,INT-HXSTQEH
6081,WH-06081,New York,New York,Regional DC,6212,INT-6UK1KRM
6082,WH-06082,Chicago,Illinois,Distribution Center,15075,INT-5LRY89P
6083,WH-06083,Houston,Texas,Cross Dock,63701,INT-8KVYTXB
6084,WH-06084,Detroit,Michigan,Cross Dock,5449,INT-NTJCZF0
6085,WH-06085,Phoenix,Arizona,Fulfillment Center,89308,INT-P0UJPM5
6086,WH-06086,Denver,Colorado,Fulfillment Center,28991,INT-YF5ECZ6
6087,WH-06087,Atlanta,Georgia,Regional DC,76792,INT-2O7GV7I
6088,WH-06088,Denver,Colorado,Distribution Center,28556,INT-MR2RU84
6089,WH-06089,Houston,Texas,Distribution Center,30154,INT-RGQ2AJ3
6090,WH-06090,Phoenix,Arizona,Fulfillment Center,5,INT-DQFK81T
6091,WH-06091,Boston,Massachusetts,Distribution Center,53617,INT-UMNKYR5
6092,WH-06092,Denver,Colorado,Distribution Center,83379,INT-2ZP2JLT
6093,WH-06093,Houston,Texas,Distribution Center,44974,INT-IHCECLO
6094,WH-06094,Dallas,Texas,Cross Dock,51733,INT-8Q80E6I
6095,WH-06095,Portland,Oregon,Fulfillment Center,68476,INT-STU75SM
6096,WH-06096,Phoenix,Arizona,Distribution Center,26742,INT-ULOCJQU
6097,WH-06097,Atlanta,Georgia,Cross Dock,58210,INT-CPBL3D8
6098,WH-06098,Atlanta,Georgia,Cross Dock,17950,INT-GVOCALO
6099,WH-06099,Seattle,Washington,Cross Dock,66344,INT-LOOIZTR
6100,WH-06100,Charlotte,North Carolina,Fulfillment Center,91997,INT-Z95CFWV
6101,WH-06101,Portland,Oregon,Fulfillment Center,84950,INT-TF9S5AR
6102,WH-06102,Austin,Texas,Fulfillment Center,84512,INT-FOLFC8O
6103,WH-06103,Houston,Texas,Distribution Center,85770,INT-AWUPGBF
6104,WH-06104,New York,New York,Fulfillment Center,72604,INT-Q0SA52D
6105,WH-06105,Portland,Oregon,Cross Dock,11265,INT-J6GWAAH
6106,WH-06106,Austin,Texas,Distribution Center,94720,INT-5WP3GWD
6107,WH-06107,Atlanta,Georgia,Cross Dock,82524,INT-FU056SQ
6108,WH-06108,Dallas,Texas,Distribution Center,36104,INT-7WDO4D0
6109,WH-06109,Charlotte,North Carolina,Distribution Center,37121,INT-SL027RH
6110,WH-06110,Portland,Oregon,Cross Dock,68257,INT-PCTWP64
6111,WH-06111,Dallas,Texas,Regional DC,49907,INT-RLJAQK5
6112,WH-06112,Houston,Texas,Fulfillment Center,71264,INT-OH3XVNU
6113,WH-06113,Detroit,Michigan,Regional DC,90069,INT-2NLY3YH
6114,WH-06114,Houston,Texas,Fulfillment Center,24379,INT-D2KZBGI
6115,WH-06115,Detroit,Michigan,Regional DC,39638,INT-E8T0QF0
6116,WH-06116,New York,New York,Fulfillment Center,63513,INT-P99ETQ7
6117,WH-06117,Austin,Texas,Fulfillment Center,14674,INT-BRIM96T
6118,WH-06118,Detroit,Michigan,Regional DC,64383,INT-3PMI6OY
6119,WH-06119,Denver,Colorado,Distribution Center,65014,INT-9WN8H5K
6120,WH-06120,Denver,Colorado,Regional DC,85430,INT-Y785XUQ
6121,WH-06121,Detroit,Michigan,Regional DC,86098,INT-YL6FX2P
6122,WH-06122,New York,New York,Distribution Center,56575,INT-6B5D2P6
6123,WH-06123,Houston,Texas,Cross Dock,40381,INT-Z9R75JN
6124,WH-06124,Austin,Texas,Cross Dock,37669,INT-U6CHXSP
6125,WH-06125,Seattle,Washington,Distribution Center,5,INT-U6QDLQ2
6126,WH-06126,Los Angeles,California,Fulfillment Center,12728,INT-1F6SSOO
6127,WH-06127,Los Angeles,California,Fulfillment Center,25373,INT-VOUG64U
6128,WH-06128,Los Angeles,California,Cross Dock,95545,INT-22SKPUT
6129,WH-06129,Portland,Oregon,Distribution Center,86941,INT-CKDYHEI
6130,WH-06130,Detroit,Michigan,Regional DC,44130,INT-GDYKU0R
6131,WH-06131,Detroit,Michigan,Regional DC,21011,INT-WSZPHTY
6132,WH-06132,Chicago,Illinois,Fulfillment Center,55989,INT-YUA52DT
6133,WH-06133,Charlotte,North Carolina,Distribution Center,17394,INT-KRSC8IQ
6134,WH-06134,Los Angeles,California,Regional DC,13778,INT-SMNI0VM
6135,WH-06135,Seattle,Washington,Cross Dock,71236,INT-HUI7SCH
6136,WH-06136,Phoenix,Arizona,Cross Dock,55517,INT-ZJHMHBG
6137,WH-06137,New York,New York,Fulfillment Center,20890,INT-K2YVNR6
6138,WH-06138,Austin,Texas,Regional DC,57444,INT-8YN9I8T
6139,WH-06139,Dallas,Texas,Distribution Center,33016,INT-MB1RU0I
6140,WH-06140,Boston,Massachusetts,Fulfillment Center,82612,INT-6VF8TAU
6141,WH-06141,Charlotte,North Carolina,Regional DC,74880,INT-R9HWY6P
6142,WH-06142,Detroit,Michigan,Distribution Center,63781,INT-GDM1S00
6143,WH-06143,Detroit,Michigan,Distribution Center,38599,INT-ZAD7EAK
6144,WH-06144,Detroit,Michigan,Regional DC,96514,INT-KOI9T0M
6145,WH-06145,New York,New York,Fulfillment Center,35966,INT-GERUEH0
6146,WH-06146,Boston,Massachusetts,Regional DC,31762,INT-1L200IK
6147,WH-06147,Los Angeles,California,Fulfillment Center,32725,INT-7ZYFAVA
6148,WH-06148,Boston,Massachusetts,Regional DC,8369,INT-BUXT8D4
6149,WH-06149,Seattle,Washington,Cross Dock,66430,INT-RKHYQKK
6150,WH-06150,Chicago,Illinois,Fulfillment Center,27514,INT-YM5G26C
6151,WH-06151,Portland,Oregon,Distribution Center,78806,INT-7F118XA
6152,WH-06152,Dallas,Texas,Fulfillment Center,37683,INT-WU9XT8J
6153,WH-06153,Boston,Massachusetts,Cross Dock,51550,INT-R4G6LEE
6154,WH-06154,Detroit,Michigan,Regional DC,45626,INT-9UWBU77
6155,WH-06155,New York,New York,Regional DC,93103,INT-374LLE6
6156,WH-06156,Miami,Florida,Fulfillment Center,75216,INT-SDBZ5WJ
6157,WH-06157,Seattle,Washington,Distribution Center,52169,INT-OJYHULR
6158,WH-06158,Charlotte,North Carolina,Fulfillment Center,65792,INT-4E2P7N7
6159,WH-06159,Phoenix,Arizona,Cross Dock,50320,INT-DTJQAER
6160,WH-06160,Dallas,Texas,Cross Dock,56805,INT-PIU0CVU
6161,WH-06161,Detroit,Michigan,Distribution Center,38732,INT-G7IQDTC
6162,WH-06162,Denver,Colorado,Regional DC,95270,INT-OG9XOG8
6163,WH-06163,Seattle,Washington,Distribution Center,89641,INT-CKA024W
6164,WH-06164,Austin,Texas,Fulfillment Center,43373,INT-5IBIMZL
6165,WH-06165,,Unknown,Cross Dock,25348,INT-8LC5QE2
6166,WH-06166,Austin,Texas,Fulfillment Center,91961,INT-GHINDI2
6167,WH-06167,Miami,Florida,Fulfillment Center,50301,INT-31TBYJO
6168,WH-06168,Phoenix,Arizona,Fulfillment Center,99948,INT-VQ9KG67
6169,WH-06169,Houston,Texas,Regional DC,17810,INT-USA6AD7
6170,WH-06170,Seattle,Washington,Distribution Center,21108,INT-AY3D12A
6171,WH-06171,Houston,Texas,Regional DC,96544,INT-00N7OMV
6172,WH-06172,Denver,Colorado,Regional DC,60198,INT-7R8HC6V
6173,WH-06173,Miami,Florida,Cross Dock,31968,INT-3DY5OL0
6174,WH-06174,Chicago,Illinois,Distribution Center,97987,INT-IYY773E
6175,WH-06175,Miami,Florida,Fulfillment Center,48686,INT-UMCWRJ8
6176,WH-06176,Denver,Colorado,Fulfillment Center,6617,INT-B3AZOMK
6177,WH-06177,Portland,Oregon,Fulfillment Center,51069,INT-T42QJKS
6178,WH-06178,New York,New York,Fulfillment Center,58394,INT-3T6G5UO
6179,WH-06179,Austin,Texas,Fulfillment Center,39819,INT-JQ7B2XJ
6180,WH-06180,Denver,Colorado,Cross Dock,97006,INT-BSLOC5S
6181,WH-06181,Phoenix,Arizona,Distribution Center,64179,INT-S3AKJCU
6182,WH-06182,Dallas,Texas,Cross Dock,39666,INT-UVURELP
6183,WH-06183,Chicago,Illinois,Cross Dock,12842,INT-YFRQ8PS
6184,WH-06184,Boston,Massachusetts,Regional DC,86988,INT-O8NGEBC
6185,WH-06185,New York,New York,Distribution Center,82704,INT-77EXCU5
6186,WH-06186,Atlanta,Georgia,Cross Dock,13304,INT-25A889G
6187,WH-06187,Detroit,Michigan,Cross Dock,72798,INT-IKZCHJ0
6188,WH-06188,Miami,Florida,Fulfillment Center,53015,INT-E84IM3L
6189,WH-06189,Detroit,Michigan,Cross Dock,44097,INT-3EIMHHI
6190,WH-06190,Chicago,Illinois,Cross Dock,39636,INT-L0YCHYN
6191,WH-06191,Austin,Texas,Regional DC,66878,INT-BUKF064
6192,WH-06192,Los Angeles,California,Distribution Center,57075,INT-227H27J
6193,WH-06193,Los Angeles,California,Fulfillment Center,7881,INT-R0HU53T
6194,WH-06194,Charlotte,North Carolina,Cross Dock,11696,INT-Y8LCX88
6195,WH-06195,Dallas,Texas,Fulfillment Center,78451,INT-EC201FL
6196,WH-06196,Charlotte,North Carolina,Fulfillment Center,59491,INT-424G9IU
6197,WH-06197,Denver,Colorado,Distribution Center,91379,INT-3XFDQ17
6198,WH-06198,Detroit,Michigan,Distribution Center,53744,INT-LID8BD9
6199,WH-06199,Portland,Oregon,Fulfillment Center,18127,INT-C5IUJNM
6200,WH-06200,Seattle,Washington,Distribution Center,52223,INT-VAZP47L
6201,WH-06201,Austin,Texas,Regional DC,60206,INT-5WHBAMT
6202,WH-06202,Houston,Texas,Regional DC,8000,INT-KT43CNJ
6203,WH-06203,Portland,Oregon,Cross Dock,76182,INT-1FQYALK
6204,WH-06204,Seattle,Washington,Fulfillment Center,54331,INT-XS1HTAO
6205,WH-06205,Dallas,Texas,Fulfillment Center,67972,INT-5ELM2T1
6206,WH-06206,Miami,Florida,Cross Dock,53138,INT-T88TKMT
6207,WH-06207,Denver,Colorado,Distribution Center,59865,INT-LBY4WLT
6208,WH-06208,Austin,Texas,Distribution Center,61269,INT-PH52STR
6209,WH-06209,Houston,Texas,Regional DC,65518,INT-RPXWI3W
6210,WH-06210,Charlotte,North Carolina,Distribution Center,58545,INT-JAA2GKF
6211,WH-06211,Detroit,Michigan,Regional DC,53047,INT-KQ4VM27
6212,WH-06212,Denver,Colorado,Distribution Center,16540,INT-VJFCWR7
6213,WH-06213,Miami,Florida,Fulfillment Center,59009,INT-4SK88N6
6214,WH-06214,Phoenix,Arizona,Fulfillment Center,27656,INT-4M1I2O2
6215,WH-06215,Detroit,Michigan,Cross Dock,25465,INT-XKOMOM8
6216,WH-06216,Dallas,Texas,Cross Dock,29086,INT-M8YYOQM
6217,WH-06217,Seattle,Washington,Fulfillment Center,6620,INT-K9VBX9Y
6218,WH-06218,Miami,Florida,Cross Dock,31499,INT-HAP1L94
6219,WH-06219,Los Angeles,California,Distribution Center,70373,INT-R0BKBWB
6220,WH-06220,Chicago,Illinois,Regional DC,71580,INT-N405IX7
6221,WH-06221,Dallas,Texas,Regional DC,23540,INT-KSZABZ7
6222,WH-06222,,Unknown,Cross Dock,83850,INT-2F2PFN4
6223,WH-06223,Phoenix,Arizona,Cross Dock,50344,INT-BUBKZJE
6224,WH-06224,Miami,Florida,Fulfillment Center,20416,INT-3NBU008
6225,WH-06225,Charlotte,North Carolina,Fulfillment Center,45426,INT-9AU7MWE
6226,WH-06226,Austin,Texas,Regional DC,96001,INT-1YF9V1W
6227,WH-06227,Dallas,Texas,Fulfillment Center,18929,INT-J17BFT8
6228,WH-06228,Chicago,Illinois,Regional DC,33465,INT-77O7S4V
6229,WH-06229,Austin,Texas,Fulfillment Center,74351,INT-H7KJ33H
6230,WH-06230,Dallas,Texas,Fulfillment Center,51840,INT-FF4NFUY
6231,WH-06231,Los Angeles,California,Cross Dock,33351,INT-5USMXG4
6232,WH-06232,Miami,Florida,Regional DC,27005,INT-MCISUX9
6233,WH-06233,Phoenix,Arizona,Fulfillment Center,21076,INT-W3IN55I
6234,WH-06234,Phoenix,Arizona,Regional DC,48635,INT-KPTT13O
6235,WH-06235,Houston,Texas,Regional DC,77363,INT-MDAEP48
6236,WH-06236,Charlotte,North Carolina,Distribution Center,5762,INT-0GA7I0I
6237,WH-06237,Atlanta,Georgia,Fulfillment Center,38804,INT-U3RJYO0
6238,WH-06238,Denver,Colorado,Distribution Center,54755,INT-46S1MOZ
6239,WH-06239,New York,New York,Fulfillment Center,39220,INT-ZGIXX95
6240,WH-06240,Charlotte,North Carolina,Regional DC,95982,INT-8EMGH2D
6241,WH-06241,Chicago,Illinois,Regional DC,82122,INT-3R7NXW7
6242,WH-06242,Phoenix,Arizona,Distribution Center,71809,INT-WUTIUGB
6243,WH-06243,Miami,Florida,Regional DC,54106,INT-THPXZQ9
6244,WH-06244,Denver,Colorado,Fulfillment Center,45774,INT-D8HBSQQ
6245,WH-06245,Seattle,Washington,Cross Dock,72228,INT-LKEQ2CN
6246,WH-06246,Charlotte,North Carolina,Cross Dock,27079,INT-91X6Z0H
6247,WH-06247,Charlotte,North Carolina,Distribution Center,41611,INT-IPSGPHC
6248,WH-06248,Dallas,Texas,Fulfillment Center,18398,INT-3L8I4VJ
6249,WH-06249,Boston,Massachusetts,Distribution Center,37193,INT-KDYTQHS
6250,WH-06250,Houston,Texas,Fulfillment Center,31295,INT-V0GINC7
6251,WH-06251,Miami,Florida,Regional DC,24265,INT-FR07UIS
6252,WH-06252,Phoenix,Arizona,Cross Dock,81201,INT-9CB33E4
6253,WH-06253,Phoenix,Arizona,Regional DC,14590,INT-8BPOU1L
6254,WH-06254,Charlotte,North Carolina,Regional DC,53892,INT-T40SHPA
6255,WH-06255,Charlotte,North Carolina,Regional DC,79808,INT-KJ6MOYL
6256,WH-06256,Charlotte,North Carolina,Fulfillment Center,22632,INT-WAZEXWY
6257,WH-06257,Detroit,Michigan,Distribution Center,14270,INT-50IOY7G
6258,WH-06258,Detroit,Michigan,Cross Dock,34663,INT-OYFGD97
6259,WH-06259,Denver,Colorado,Fulfillment Center,29707,INT-KB0Q13G
6260,WH-06260,Portland,Oregon,Cross Dock,16797,INT-ZC3QH1N
6261,WH-06261,Chicago,Illinois,Cross Dock,7693,INT-CKDK0GW
6262,WH-06262,Atlanta,Georgia,Regional DC,63089,INT-B8IR4FB
6263,WH-06263,New York,New York,Distribution Center,29425,INT-S4XEOE0
6264,WH-06264,Miami,Florida,Distribution Center,18479,INT-ON2O2SJ
6265,WH-06265,Dallas,Texas,Regional DC,95741,INT-27P4BW5
6266,WH-06266,Charlotte,North Carolina,Regional DC,57662,INT-TWG1NGD
6267,WH-06267,New York,New York,Distribution Center,29986,INT-TDY9D53
6268,WH-06268,Detroit,Michigan,Distribution Center,64021,INT-CL1NSVL
6269,WH-06269,Charlotte,North Carolina,Regional DC,66712,INT-NDP6FPG
6270,WH-06270,Miami,Florida,Cross Dock,66043,INT-CAO6XU5
6271,WH-06271,Chicago,Illinois,Regional DC,82367,INT-BX2SBKJ
6272,WH-06272,Portland,Oregon,Regional DC,42546,INT-YXI9B05
6273,WH-06273,Denver,Colorado,Fulfillment Center,77733,INT-IGVKYO7
6274,WH-06274,Charlotte,North Carolina,Fulfillment Center,57103,INT-KEK1PA9
6275,WH-06275,Miami,Florida,Distribution Center,7838,INT-IKQGJFC
6276,WH-06276,Austin,Texas,Cross Dock,50521,INT-FZAS0VM
6277,WH-06277,Portland,Oregon,Cross Dock,9903,INT-MRGNT09
6278,WH-06278,Dallas,Texas,Cross Dock,82122,INT-2JMZB9K
6279,WH-06279,Chicago,Illinois,Distribution Center,77307,INT-LIQ71TC
6280,WH-06280,Boston,Massachusetts,Fulfillment Center,13998,INT-AE6ANJU
6281,WH-06281,Phoenix,Arizona,Cross Dock,71604,INT-6AUCC2P
6282,WH-06282,Detroit,Michigan,Distribution Center,24542,INT-7UNA6NK
6283,WH-06283,Charlotte,North Carolina,Regional DC,26220,INT-TBVF6UV
6284,WH-06284,Atlanta,Georgia,Fulfillment Center,9325,INT-VTWSVJ1
6285,WH-06285,Los Angeles,California,Distribution Center,49714,INT-KS7SR9R
6286,WH-06286,Houston,Texas,Cross Dock,36040,INT-AYODA43
6287,WH-06287,Houston,Texas,Cross Dock,87056,INT-FJ5U8WA
6288,WH-06288,Atlanta,Georgia,Fulfillment Center,52669,INT-B1PTJA4
6289,WH-06289,Los Angeles,California,Regional DC,60053,INT-8ETERJL
6290,WH-06290,Miami,Florida,Cross Dock,92883,INT-P5Z4JZV
6291,WH-06291,Houston,Texas,Fulfillment Center,77591,INT-26X4Z5I
6292,WH-06292,Miami,Florida,Distribution Center,99034,INT-3MXPAWZ
6293,WH-06293,Boston,Massachusetts,Distribution Center,67348,INT-ODFUSQ7
6294,WH-06294,Boston,Massachusetts,Distribution Center,22215,INT-YQPF466
6295,WH-06295,Los Angeles,California,Cross Dock,50328,INT-JDHHKPW
6296,WH-06296,Miami,Florida,Regional DC,59473,INT-Y40AX0L
6297,WH-06297,Los Angeles,California,Distribution Center,73093,INT-EBBN8E8
6298,WH-06298,Atlanta,Georgia,Cross Dock,91338,INT-XEEPSHS
6299,WH-06299,Phoenix,Arizona,Fulfillment Center,72092,INT-ID7RQBM
6300,WH-06300,Houston,Texas,Cross Dock,50192,INT-0YOC1UY
6301,WH-06301,Houston,Texas,Cross Dock,12980,INT-0N3AZE3
6302,WH-06302,Miami,Florida,Cross Dock,18690,INT-65IK25W
6303,WH-06303,Phoenix,Arizona,Cross Dock,90361,INT-WBQCO9K
6304,WH-06304,New York,New York,Fulfillment Center,48019,INT-DSMFGG8
6305,WH-06305,Portland,Oregon,Cross Dock,55356,INT-RRYYDKO
6306,WH-06306,Miami,Florida,Regional DC,15041,INT-1Y90K0F
6307,WH-06307,Los Angeles,California,Regional DC,25355,INT-RZBGJ5X
6308,WH-06308,Denver,Colorado,Distribution Center,68074,INT-V3AFXAV
6309,WH-06309,Miami,Florida,Distribution Center,49039,INT-OFUS18B
6310,WH-06310,Seattle,Washington,Distribution Center,99806,INT-E97SFA8
6311,WH-06311,Charlotte,North Carolina,Regional DC,60531,INT-8E73LI6
6312,WH-06312,Boston,Massachusetts,Regional DC,81885,INT-KE6G6XJ
6313,WH-06313,Los Angeles,California,Cross Dock,55718,INT-PDQ4VK5
6314,WH-06314,Detroit,Michigan,Cross Dock,16209,INT-KWTTH48
6315,WH-06315,Boston,Massachusetts,Cross Dock,81924,INT-GRGV6LM
6316,WH-06316,Atlanta,Georgia,Fulfillment Center,76115,INT-KSX6Q53
6317,WH-06317,Portland,Oregon,Cross Dock,51814,INT-VI512WT
6318,WH-06318,Miami,Florida,Regional DC,33605,INT-9BBDEUR
6319,WH-06319,Boston,Massachusetts,Regional DC,45258,INT-M6P143V
6320,WH-06320,Denver,Colorado,Cross Dock,13220,INT-Q0JCZ57
6321,WH-06321,Seattle,Washington,Distribution Center,95172,INT-LFAV7OT
6322,WH-06322,New York,New York,Cross Dock,25397,INT-2DWG9WI
6323,WH-06323,Austin,Texas,Cross Dock,92434,INT-UAXIBEZ
6324,WH-06324,Portland,Oregon,Cross Dock,50995,INT-ZYQUJRV
6325,WH-06325,Denver,Colorado,Regional DC,6065,INT-MD81O1A
6326,WH-06326,Atlanta,Georgia,Cross Dock,8468,INT-O40Q4Q0
6327,WH-06327,Phoenix,Arizona,Fulfillment Center,83562,INT-DLCGL9I
6328,WH-06328,Boston,Massachusetts,Cross Dock,30983,INT-YSZW46L
6329,WH-06329,Los Angeles,California,Distribution Center,8771,INT-8QYDMAB
6330,WH-06330,Los Angeles,California,Distribution Center,88314,INT-J0L9UB6
6331,WH-06331,Detroit,Michigan,Cross Dock,30259,INT-JCWYH67
6332,WH-06332,New York,New York,Regional DC,8346,INT-FKBE9BC
6333,WH-06333,Miami,Florida,Regional DC,67732,INT-L3R5EK9
6334,WH-06334,Dallas,Texas,Regional DC,65754,INT-0NK3J3E
6335,WH-06335,Phoenix,Arizona,Distribution Center,15040,INT-2OYPV9A
6336,WH-06336,Dallas,Texas,Distribution Center,94607,INT-28H1AZ4
6337,WH-06337,Atlanta,Georgia,Regional DC,13631,INT-MCLGO1Z
6338,WH-06338,Denver,Colorado,Distribution Center,83252,INT-0QFEE2W
6339,WH-06339,New York,New York,Cross Dock,14517,INT-Z8ROIJ7
6340,WH-06340,Seattle,Washington,Fulfillment Center,5282,INT-95DBU5Q
6341,WH-06341,Austin,Texas,Cross Dock,47942,INT-Y3BCT3Y
6342,WH-06342,Charlotte,North Carolina,Fulfillment Center,30094,INT-DPHKTBH
6343,WH-06343,Austin,Texas,Fulfillment Center,51355,INT-B8B8VC0
6344,WH-06344,Miami,Florida,Regional DC,45089,INT-J5EGHCB
6345,WH-06345,Seattle,Washington,Regional DC,38656,INT-YXVCVAW
6346,WH-06346,Boston,Massachusetts,Cross Dock,53032,INT-8LVANFE
6347,WH-06347,Atlanta,Georgia,Fulfillment Center,92558,INT-47SF7ES
6348,WH-06348,Atlanta,Georgia,Cross Dock,56080,INT-YIHXXQN
6349,WH-06349,Houston,Texas,Cross Dock,92142,INT-H0CFIXD
6350,WH-06350,Chicago,Illinois,Distribution Center,24773,INT-8BNHW74
6351,WH-06351,New York,New York,Distribution Center,33293,INT-QEKX1MZ
6352,WH-06352,Charlotte,North Carolina,Fulfillment Center,23492,INT-OASB2UY
6353,WH-06353,Phoenix,Arizona,Regional DC,55449,INT-H6HW02O
6354,WH-06354,Chicago,Illinois,Fulfillment Center,72372,INT-DXVSJZT
6355,WH-06355,Los Angeles,California,Regional DC,79637,INT-7XABMBY
6356,WH-06356,Seattle,Washington,Regional DC,7256,INT-3HK1QPG
6357,WH-06357,Houston,Texas,Distribution Center,38890,INT-C2RD22D
6358,WH-06358,Austin,Texas,Regional DC,44654,INT-GZGKLML
6359,WH-06359,Austin,Texas,Fulfillment Center,31612,INT-670TS90
6360,WH-06360,Miami,Florida,Cross Dock,5000000,INT-CBD7CIU
6361,WH-06361,Phoenix,Arizona,Fulfillment Center,84472,INT-PRUO5JH
6362,WH-06362,Denver,Colorado,Regional DC,85500,INT-64B2PH1
6363,WH-06363,Austin,Texas,Fulfillment Center,93508,INT-OE56WSY
6364,WH-06364,Boston,Massachusetts,Cross Dock,50502,INT-GUI2WLW
6365,WH-06365,Austin,Texas,Distribution Center,61652,INT-J1NTITF
6366,WH-06366,Charlotte,North Carolina,Cross Dock,69918,INT-NY9B08Z
6367,WH-06367,Miami,Florida,Distribution Center,99638,INT-9EC6NBJ
6368,WH-06368,Seattle,Washington,Cross Dock,8717,INT-44MJUD2
6369,WH-06369,Portland,Oregon,Fulfillment Center,59697,INT-99OLD6E
6370,WH-06370,New York,New York,Fulfillment Center,81937,INT-U7RWKTA
6371,WH-06371,New York,New York,Cross Dock,22834,INT-15VRD67
6372,WH-06372,Detroit,Michigan,Cross Dock,49592,INT-RK9O00P
6373,WH-06373,Houston,Texas,Cross Dock,52144,INT-CBPIOKD
6374,WH-06374,Austin,Texas,Distribution Center,43853,INT-5G6MOZP
6375,WH-06375,,Unknown,Fulfillment Center,52511,INT-CYRMDON
6376,WH-06376,Miami,Florida,Regional DC,59380,INT-DF10XZV
6377,WH-06377,Portland,Oregon,Fulfillment Center,54120,INT-6C336T7
6378,WH-06378,Atlanta,Georgia,Distribution Center,75788,INT-EW5KRQI
6379,WH-06379,Chicago,Illinois,Distribution Center,81799,INT-6WGIX7P
6380,WH-06380,Atlanta,Georgia,Regional DC,64631,INT-SFERVYC
6381,WH-06381,Denver,Colorado,Cross Dock,95949,INT-DR4NEQF
6382,WH-06382,Charlotte,North Carolina,Cross Dock,53789,INT-SA90Y8S
6383,WH-06383,Austin,Texas,Fulfillment Center,5426,INT-BXQ4CTF
6384,WH-06384,Portland,Oregon,Regional DC,39626,INT-9JMHUVF
6385,WH-06385,Atlanta,Georgia,Cross Dock,99485,INT-UKWR8IP
6386,WH-06386,Austin,Texas,Distribution Center,64120,INT-LBMCKQH
6387,WH-06387,,Unknown,Distribution Center,89786,INT-ZMZOUMN
6388,WH-06388,Dallas,Texas,Regional DC,93089,INT-HK04WOA
6389,WH-06389,Boston,Massachusetts,Fulfillment Center,69431,INT-UE0U3UN
6390,WH-06390,Houston,Texas,Regional DC,21531,INT-E8MDZ22
6391,WH-06391,Atlanta,Georgia,Distribution Center,98016,INT-57RPK7U
6392,WH-06392,Detroit,Michigan,Cross Dock,5437,INT-OEI9RTO
6393,WH-06393,Atlanta,Georgia,Distribution Center,51717,INT-L2R0QS0
6394,WH-06394,Miami,Florida,Fulfillment Center,5000000,INT-C7A8T2B
6395,WH-06395,Boston,Massachusetts,Fulfillment Center,89814,INT-I0J1XFV
6396,WH-06396,Chicago,Illinois,Distribution Center,39096,INT-VKXKVW0
6397,WH-06397,Seattle,Washington,Fulfillment Center,67959,INT-52YELH9
6398,WH-06398,Chicago,Illinois,Fulfillment Center,19727,INT-RZ7SDQX
6399,WH-06399,Boston,Massachusetts,Fulfillment Center,8270,INT-1R12TD3
6400,WH-06400,Los Angeles,California,Cross Dock,84751,INT-UWKOR15
6401,WH-06401,Dallas,Texas,Cross Dock,38535,INT-J6KKE0U
6402,WH-06402,Miami,Florida,Fulfillment Center,12174,INT-DTQWACV
6403,WH-06403,Dallas,Texas,Cross Dock,7491,INT-2IG2JIS
6404,WH-06404,New York,New York,Distribution Center,48251,INT-M0IRHSE
6405,WH-06405,Los Angeles,California,Distribution Center,19250,INT-NGBTIYK
6406,WH-06406,Houston,Texas,Fulfillment Center,84224,INT-4PN1CKO
6407,WH-06407,Denver,Colorado,Fulfillment Center,71615,INT-H7212II
6408,WH-06408,Seattle,Washington,Fulfillment Center,13525,INT-B06KC18
6409,WH-06409,Portland,Oregon,Cross Dock,28974,INT-L8G4XBG
6410,WH-06410,Charlotte,North Carolina,Cross Dock,54692,INT-6KGPDPX
6411,WH-06411,Los Angeles,California,Fulfillment Center,89605,INT-5JD3PMR
6412,WH-06412,Miami,Florida,Cross Dock,60548,INT-WPPAK06
6413,WH-06413,Houston,Texas,Fulfillment Center,27573,INT-EXHJGHU
6414,WH-06414,New York,New York,Fulfillment Center,54863,INT-YW9GDOP
6415,WH-06415,Charlotte,North Carolina,Cross Dock,67418,INT-OWUAZ6M
6416,WH-06416,Miami,Florida,Regional DC,22262,INT-IIHDR63
6417,WH-06417,Austin,Texas,Regional DC,66537,INT-23PTN1N
6418,WH-06418,New York,New York,Regional DC,74341,INT-BEFFJ88
6419,WH-06419,New York,New York,Cross Dock,56986,INT-OUKCCG5
6420,WH-06420,Detroit,Michigan,Cross Dock,22893,INT-0U6F5ND
6421,WH-06421,Charlotte,North Carolina,Cross Dock,18861,INT-DURKRCY
6422,WH-06422,Detroit,Michigan,Fulfillment Center,86588,INT-IEYCNCD
6423,WH-06423,Houston,Texas,Fulfillment Center,18766,INT-EOCYRHH
6424,WH-06424,Portland,Oregon,Cross Dock,86455,INT-846KF72
6425,WH-06425,Los Angeles,California,Regional DC,48806,INT-B821FXI
6426,WH-06426,Los Angeles,California,Regional DC,63036,INT-WCOOWV8
6427,WH-06427,Los Angeles,California,Distribution Center,66144,INT-K05IOC5
6428,WH-06428,Boston,Massachusetts,Cross Dock,61773,INT-0WYKTQV
6429,WH-06429,Charlotte,North Carolina,Fulfillment Center,85208,INT-1T7RFG9
6430,WH-06430,New York,New York,Distribution Center,53212,INT-J6PQNJZ
6431,WH-06431,Chicago,Illinois,Distribution Center,59687,INT-5GCBFMI
6432,WH-06432,Miami,Florida,Fulfillment Center,60556,INT-9QREGHQ
6433,WH-06433,Detroit,Michigan,Cross Dock,44229,INT-FTPYMNR
6434,WH-06434,Dallas,Texas,Cross Dock,85744,INT-M1UX0EA
6435,WH-06435,Dallas,Texas,Cross Dock,61411,INT-5IQOYDL
6436,WH-06436,New York,New York,Distribution Center,57631,INT-19F1GAI
6437,WH-06437,Chicago,Illinois,Cross Dock,54241,INT-PM03VZA
6438,WH-06438,Austin,Texas,Fulfillment Center,30954,INT-B5VF2UU
6439,WH-06439,Portland,Oregon,Distribution Center,81238,INT-8F3S8UL
6440,WH-06440,Detroit,Michigan,Regional DC,88937,INT-JVBL3ZU
6441,WH-06441,New York,New York,Fulfillment Center,57765,INT-ZCXB18W
6442,WH-06442,Atlanta,Georgia,Cross Dock,28895,INT-L120TTC
6443,WH-06443,Houston,Texas,Distribution Center,42103,INT-H54V7KS
6444,WH-06444,Miami,Florida,Regional DC,64143,INT-G861WI7
6445,WH-06445,Austin,Texas,Fulfillment Center,95013,INT-HDTQ1YU
6446,WH-06446,Chicago,Illinois,Cross Dock,18416,INT-D5DF0MQ
6447,WH-06447,New York,New York,Regional DC,94465,INT-OL4BAII
6448,WH-06448,Austin,Texas,Fulfillment Center,27469,INT-TJCAQBR
6449,WH-06449,Seattle,Washington,Regional DC,88809,INT-WSAC39X
6450,WH-06450,Chicago,Illinois,Cross Dock,22837,INT-AR0T4SH
6451,WH-06451,Denver,Colorado,Cross Dock,45558,INT-A9TGXZQ
6452,WH-06452,Seattle,Washington,Fulfillment Center,62008,INT-9FIFXXM
6453,WH-06453,Seattle,Washington,Fulfillment Center,47086,INT-DC6BUKM
6454,WH-06454,Seattle,Washington,Fulfillment Center,28867,INT-8XI53RI
6455,WH-06455,New York,New York,Cross Dock,21435,INT-8FFWQ0C
6456,WH-06456,Seattle,Washington,Distribution Center,13407,INT-2IQSEX8
6457,WH-06457,Portland,Oregon,Cross Dock,20136,INT-YLF9F5A
6458,WH-06458,Phoenix,Arizona,Regional DC,57996,INT-URD4U8A
6459,WH-06459,Dallas,Texas,Cross Dock,83872,INT-YL11S5X
6460,WH-06460,Atlanta,Georgia,Cross Dock,57974,INT-MVYZ89G
6461,WH-06461,Phoenix,Arizona,Fulfillment Center,35031,INT-10AHDKB
6462,WH-06462,Los Angeles,California,Cross Dock,65517,INT-UHH7JGN
6463,WH-06463,Austin,Texas,Cross Dock,61657,INT-7WFJG4M
6464,WH-06464,Atlanta,Georgia,Distribution Center,41512,INT-GOHTFJ3
6465,WH-06465,Detroit,Michigan,Fulfillment Center,88561,INT-LDJ9U0T
6466,WH-06466,Phoenix,Arizona,Cross Dock,61845,INT-1HJRB9S
6467,WH-06467,Seattle,Washington,Fulfillment Center,36122,INT-T4RST4P
6468,WH-06468,Houston,Texas,Regional DC,37228,INT-AML4KXY
6469,WH-06469,Phoenix,Arizona,Fulfillment Center,94452,INT-EBPLG8P
6470,WH-06470,Houston,Texas,Regional DC,90584,INT-6HWM3ZK
6471,WH-06471,Seattle,Washington,Fulfillment Center,81849,INT-Y09Z8RV
6472,WH-06472,Boston,Massachusetts,Cross Dock,56842,INT-2KJKFAL
6473,WH-06473,Houston,Texas,Distribution Center,38081,INT-T06MFEO
6474,WH-06474,Detroit,Michigan,Cross Dock,62958,INT-6M08DEO
6475,WH-06475,Seattle,Washington,Regional DC,88773,INT-UEYFD7R
6476,WH-06476,Detroit,Michigan,Fulfillment Center,9124,INT-E41XO8W
6477,WH-06477,Dallas,Texas,Fulfillment Center,41794,INT-BYMUCTL
6478,WH-06478,Charlotte,North Carolina,Fulfillment Center,12018,INT-CU8IK0E
6479,WH-06479,Portland,Oregon,Distribution Center,71806,INT-1DLZWLJ
6480,WH-06480,Portland,Oregon,Cross Dock,50981,INT-XGLH64G
6481,WH-06481,Dallas,Texas,Fulfillment Center,34097,INT-PDU4ANX
6482,WH-06482,Phoenix,Arizona,Cross Dock,22593,INT-3L9P9O8
6483,WH-06483,Seattle,Washington,Fulfillment Center,22142,INT-0VOOO4I
6484,WH-06484,Boston,Massachusetts,Distribution Center,20681,INT-NZU673J
6485,WH-06485,Austin,Texas,Distribution Center,74962,INT-KX5W5MT
6486,WH-06486,New York,New York,Distribution Center,10643,INT-H54QV3C
6487,WH-06487,Atlanta,Georgia,Distribution Center,29199,INT-EYIBEX0
6488,WH-06488,Denver,Colorado,Cross Dock,45794,INT-BQ1MGPZ
6489,WH-06489,New York,New York,Distribution Center,52963,INT-J75QFAU
6490,WH-06490,Seattle,Washington,Fulfillment Center,66628,INT-7T57X5D
6491,WH-06491,Charlotte,North Carolina,Cross Dock,67162,INT-ZJKPB0S
6492,WH-06492,Denver,Colorado,Fulfillment Center,7018,INT-3EH1SSD
6493,WH-06493,Phoenix,Arizona,Fulfillment Center,62551,INT-HUA74XK
6494,WH-06494,Seattle,Washington,Regional DC,61196,INT-6B33NQK
6495,WH-06495,Detroit,Michigan,Fulfillment Center,27886,INT-32WW0WQ
6496,WH-06496,Seattle,Washington,Cross Dock,11314,INT-63PWM0D
6497,WH-06497,Los Angeles,California,Cross Dock,70995,INT-K47YJTF
6498,WH-06498,Dallas,Texas,Fulfillment Center,94912,INT-JNVYGQ9
6499,WH-06499,Miami,Florida,Cross Dock,30441,INT-0M7VAYD
6500,WH-06500,Denver,Colorado,Fulfillment Center,74622,INT-SULADYH
6501,WH-06501,Chicago,Illinois,Cross Dock,99197,INT-VT9T45G
6502,WH-06502,Charlotte,North Carolina,Distribution Center,90857,INT-8BIVP6Y
6503,WH-06503,Seattle,Washington,Regional DC,24095,INT-T9TXGOD
6504,WH-06504,Denver,Colorado,Regional DC,66687,INT-PD7TK6T
6505,WH-06505,Phoenix,Arizona,Fulfillment Center,41898,INT-Z9B8IGK
6506,WH-06506,Seattle,Washington,Regional DC,62059,INT-4VL5MZN
6507,WH-06507,Seattle,Washington,Fulfillment Center,81291,INT-SIJQ567
6508,WH-06508,Phoenix,Arizona,Fulfillment Center,38594,INT-10YT2HS
6509,WH-06509,Houston,Texas,Fulfillment Center,29277,INT-QPJBZZQ
6510,WH-06510,Seattle,Washington,Distribution Center,48370,INT-Q89SNEA
6511,WH-06511,Los Angeles,California,Distribution Center,35227,INT-AGEV6WP
6512,WH-06512,Denver,Colorado,Fulfillment Center,42171,INT-82J4G0O
6513,WH-06513,Phoenix,Arizona,Regional DC,55754,INT-U0S9VVR
6514,WH-06514,chicago,Unknown,Distribution Center,50059,INT-B0XKM41
6515,WH-06515,,Unknown,Regional DC,88157,INT-YEPD1MF
6516,WH-06516,Houston,Texas,Regional DC,12372,INT-EXSAM8J
6517,WH-06517,Portland,Oregon,Fulfillment Center,24282,INT-0NJGPGK
6518,WH-06518,Detroit,Michigan,Cross Dock,51760,INT-B7C5IHN
6519,WH-06519,Charlotte,North Carolina,Fulfillment Center,75160,INT-TZ4K5GK
6520,WH-06520,Detroit,Michigan,Distribution Center,31890,INT-YWXT2NC
6521,WH-06521,Austin,Texas,Cross Dock,58168,INT-W8CY3L1
6522,WH-06522,Detroit,Michigan,Cross Dock,77545,INT-GXRA9EH
6523,WH-06523,Dallas,Texas,Distribution Center,57220,INT-8LSD11L
6524,WH-06524,Denver,Colorado,Regional DC,83350,INT-092O7VM
6525,WH-06525,Austin,Texas,Fulfillment Center,28390,INT-B6TBQUC
6526,WH-06526,New York,New York,Cross Dock,58416,INT-GPCN273
6527,WH-06527,Austin,Texas,Fulfillment Center,14528,INT-MAGWYRW
6528,WH-06528,Seattle,Washington,Cross Dock,24760,INT-Z2RGNF3
6529,WH-06529,Atlanta,Georgia,Distribution Center,7379,INT-QP7Y82Z
6530,WH-06530,,Unknown,Distribution Center,63905,INT-DO0F265
6531,WH-06531,Seattle,Washington,Distribution Center,41412,INT-7740NWE
6532,WH-06532,Denver,Colorado,Distribution Center,97150,INT-AJEQYR2
6533,WH-06533,Houston,Texas,Cross Dock,28891,INT-1GAMWRP
6534,WH-06534,Los Angeles,California,Regional DC,65989,INT-LPBEM8O
6535,WH-06535,Miami,Florida,Regional DC,11072,INT-49A14HI
6536,WH-06536,Charlotte,North Carolina,Cross Dock,92673,INT-O5AEEJ3
6537,WH-06537,New York,New York,Regional DC,27507,INT-NACWU2D
6538,WH-06538,Austin,Texas,Fulfillment Center,53718,INT-ZQKW0Z6
6539,WH-06539,Charlotte,North Carolina,Distribution Center,20126,INT-I0792G8
6540,WH-06540,Austin,Texas,Fulfillment Center,93373,INT-BGYB2AQ
6541,WH-06541,Seattle,Washington,Fulfillment Center,68343,INT-WZRUV71
6542,WH-06542,Seattle,Washington,Fulfillment Center,8426,INT-QB5E7OY
6543,WH-06543,Dallas,Texas,Fulfillment Center,87748,INT-YBXF7WP
6544,WH-06544,Seattle,Washington,Distribution Center,67413,INT-H6GD8PR
6545,WH-06545,Austin,Texas,Regional DC,21706,INT-G2JMXN5
6546,WH-06546,Houston,Texas,Regional DC,67526,INT-2KJID0Y
6547,WH-06547,Charlotte,North Carolina,Distribution Center,14924,INT-8XJKNG4
6548,WH-06548,Los Angeles,California,Distribution Center,51937,INT-I3LKQAK
6549,WH-06549,Boston,Massachusetts,Fulfillment Center,5276,INT-DN91KDQ
6550,WH-06550,Detroit,Michigan,Regional DC,10509,INT-OXSSKX8
6551,WH-06551,Seattle,Washington,Fulfillment Center,75918,INT-CJI1H8K
6552,WH-06552,Portland,Oregon,Distribution Center,68177,INT-UEQOTE2
6553,WH-06553,Atlanta,Georgia,Cross Dock,65048,INT-KVCH06K
6554,WH-06554,Dallas,Texas,Regional DC,40714,INT-FIP82M2
6555,WH-06555,Los Angeles,California,Fulfillment Center,92784,INT-L5ZS5F0
6556,WH-06556,New York,New York,Fulfillment Center,34682,INT-2V3NYYD
6557,WH-06557,Phoenix,Arizona,Fulfillment Center,72795,INT-T0NFG71
6558,WH-06558,Austin,Texas,Fulfillment Center,90915,INT-YBTI6TB
6559,WH-06559,Miami,Florida,Cross Dock,28119,INT-XPM3J01
6560,WH-06560,Portland,Oregon,Cross Dock,14248,INT-IIYCG2E
6561,WH-06561,Atlanta,Georgia,Fulfillment Center,67115,INT-VOJ7LWQ
6562,WH-06562,Phoenix,Arizona,Regional DC,21522,INT-IS41IB6
6563,WH-06563,Charlotte,North Carolina,Regional DC,82801,INT-LGU20L6
6564,WH-06564,Charlotte,North Carolina,Cross Dock,24268,INT-OXDB9NO
6565,WH-06565,Dallas,Texas,Fulfillment Center,34184,INT-6IQOZOW
6566,WH-06566,Houston,Texas,Fulfillment Center,36435,INT-BX4TXMZ
6567,WH-06567,Austin,Texas,Fulfillment Center,8711,INT-W1596XB
6568,WH-06568,Miami,Florida,Regional DC,65046,INT-2LBPK9S
6569,WH-06569,Dallas,Texas,Distribution Center,79575,INT-RM14GYH
6570,WH-06570,Atlanta,Georgia,Distribution Center,53413,INT-QRE5YKL
6571,WH-06571,Boston,Massachusetts,Cross Dock,74858,INT-INJSU1U
6572,WH-06572,Houston,Texas,Distribution Center,62403,INT-FMZR8FH
6573,WH-06573,Denver,Colorado,Distribution Center,77510,INT-HI6SY1H
6574,WH-06574,Houston,Texas,Regional DC,92921,INT-8LAMBBV
6575,WH-06575,New York,New York,Regional DC,40324,INT-OZWFCOG
6576,WH-06576,Dallas,Texas,Distribution Center,14999,INT-0AYIHTS
6577,WH-06577,Austin,Texas,Regional DC,79509,INT-AA8C7GS
6578,WH-06578,Portland,Oregon,Cross Dock,73659,INT-JHO83XL
6579,WH-06579,Portland,Oregon,Fulfillment Center,9253,INT-740WJLA
6580,WH-06580,Los Angeles,California,Fulfillment Center,45101,INT-1NAZN21
6581,WH-06581,Phoenix,Arizona,Cross Dock,88525,INT-PZ7BU41
6582,WH-06582,Boston,Massachusetts,Cross Dock,25761,INT-3V4BPRU
6583,WH-06583,Dallas,Texas,Fulfillment Center,54407,INT-MPROF8F
6584,WH-06584,Atlanta,Georgia,Distribution Center,46298,INT-A9LUO5U
6585,WH-06585,Dallas,Texas,Fulfillment Center,18416,INT-1XAMDQ1
6586,WH-06586,Charlotte,North Carolina,Cross Dock,15963,INT-FQZPOZL
6587,WH-06587,Dallas,Texas,Distribution Center,13074,INT-AC9OZH5
6588,WH-06588,Denver,Colorado,Distribution Center,74346,INT-GKEB9GX
6589,WH-06589,Dallas,Texas,Distribution Center,6780,INT-A0IS25K
6590,WH-06590,Denver,Colorado,Distribution Center,52845,INT-92ABLUW
6591,WH-06591,Houston,Texas,Fulfillment Center,64861,INT-J7NRROO
6592,WH-06592,Los Angeles,California,Fulfillment Center,74899,INT-WJRAQ06
6593,WH-06593,Dallas,Texas,Fulfillment Center,76545,INT-LJ6Y2XK
6594,WH-06594,Denver,Colorado,Cross Dock,11532,INT-G5SZ8MF
6595,WH-06595,Miami,Florida,Fulfillment Center,71703,INT-V4372J4
6596,WH-06596,Detroit,Michigan,Cross Dock,20685,INT-MX7IA5Q
6597,WH-06597,Detroit,Michigan,Fulfillment Center,45363,INT-VA786RE
6598,WH-06598,Chicago,Illinois,Fulfillment Center,32758,INT-MRVAO6M
6599,WH-06599,New York,New York,Fulfillment Center,21182,INT-1BPTIPK
6600,WH-06600,Houston,Texas,Distribution Center,26640,INT-TBXO5B6
6601,WH-06601,Denver,Colorado,Regional DC,76728,INT-1BJE5JW
6602,WH-06602,Houston,Texas,Cross Dock,27520,INT-AOA38ER
6603,WH-06603,Seattle,Washington,Distribution Center,32364,INT-JFK2TUG
6604,WH-06604,Phoenix,Arizona,Regional DC,61955,INT-7CP2MFK
6605,WH-06605,New York,New York,Distribution Center,80049,INT-RU8AQYT
6606,WH-06606,Houston,Texas,Cross Dock,14662,INT-E33ZWIK
6607,WH-06607,Miami,Florida,Fulfillment Center,49023,INT-AVIMHTG
6608,WH-06608,Houston,Texas,Distribution Center,31038,INT-JEUI2B7
6609,WH-06609,Los Angeles,California,Cross Dock,58824,INT-U39FZ24
6610,WH-06610,Los Angeles,California,Cross Dock,8083,INT-YATO1GD
6611,WH-06611,Charlotte,North Carolina,Cross Dock,27977,INT-NAMN5B0
6612,WH-06612,Detroit,Michigan,Fulfillment Center,16354,INT-6F3Y9JR
6613,WH-06613,Austin,Texas,Fulfillment Center,62651,INT-QHD1OPT
6614,WH-06614,Los Angeles,California,Regional DC,85996,INT-UH6YCBH
6615,WH-06615,Miami,Florida,Distribution Center,43357,INT-LSXA8C4
6616,WH-06616,Los Angeles,California,Distribution Center,61109,INT-IBPPXKN
6617,WH-06617,Dallas,Texas,Cross Dock,36474,INT-BBKNM37
6618,WH-06618,Seattle,Washington,Cross Dock,53271,INT-9ASIB31
6619,WH-06619,Austin,Texas,Cross Dock,98239,INT-MECIDZ1
6620,WH-06620,Houston,Texas,Distribution Center,39108,INT-D3UP5R2
6621,WH-06621,New York,New York,Cross Dock,11465,INT-U3VNH4X
6622,WH-06622,Phoenix,Arizona,Cross Dock,96024,INT-JVX2NEB
6623,WH-06623,Chicago,Illinois,Cross Dock,30326,INT-EZM72BM
6624,WH-06624,Detroit,Michigan,Regional DC,14946,INT-VEH5TXC
6625,WH-06625,Dallas,Texas,Regional DC,59279,INT-EPV5QDY
6626,WH-06626,Austin,Texas,Distribution Center,44941,INT-R72E5JH
6627,WH-06627,Boston,Massachusetts,Fulfillment Center,19479,INT-07DGH30
6628,WH-06628,Chicago,Illinois,Cross Dock,50647,INT-K45K0TD
6629,WH-06629,Austin,Texas,Distribution Center,89366,INT-XD5KHOQ
6630,WH-06630,Detroit,Michigan,Distribution Center,17460,INT-NF7PFL2
6631,WH-06631,Dallas,Texas,Cross Dock,82089,INT-M1GBB1I
6632,WH-06632,Detroit,Michigan,Cross Dock,12240,INT-MVPPP5F
6633,WH-06633,Detroit,Michigan,Regional DC,70395,INT-DHLXTAT
6634,WH-06634,Chicago,Illinois,Cross Dock,92378,INT-FN1CGFO
6635,WH-06635,Seattle,Washington,Fulfillment Center,68480,INT-W2Z9YIZ
6636,WH-06636,Atlanta,Georgia,Regional DC,16579,INT-AWNHSBX
6637,WH-06637,Boston,Massachusetts,Fulfillment Center,35576,INT-QE772IT
6638,WH-06638,Charlotte,North Carolina,Fulfillment Center,81174,INT-UFENE6U
6639,WH-06639,Dallas,Texas,Regional DC,37129,INT-E2P93DN
6640,WH-06640,Los Angeles,California,Fulfillment Center,46762,INT-A23KTMO
6641,WH-06641,Los Angeles,California,Cross Dock,45736,INT-JPMQVEJ
6642,WH-06642,Houston,Texas,Fulfillment Center,78191,INT-7H172VO
6643,WH-06643,Phoenix,Arizona,Regional DC,73275,INT-J33VBW0
6644,WH-06644,Phoenix,Arizona,Regional DC,10968,INT-Y4H4XVL
6645,WH-06645,Miami,Florida,Regional DC,50355,INT-RE62IH5
6646,WH-06646,Detroit,Michigan,Regional DC,73750,INT-DFXO8SS
6647,WH-06647,Detroit,Michigan,Distribution Center,84982,INT-W37VFTK
6648,WH-06648,Phoenix,Arizona,Distribution Center,87482,INT-WLN9R3Q
6649,WH-06649,Miami,Florida,Cross Dock,82613,INT-2P14BW9
6650,WH-06650,Atlanta,Georgia,Fulfillment Center,47241,INT-556PY53
6651,WH-06651,Houston,Texas,Fulfillment Center,16515,INT-X7EC8XL
6652,WH-06652,Chicago,Illinois,Cross Dock,70644,INT-2TIHZJ2
6653,WH-06653,Phoenix,Arizona,Distribution Center,32188,INT-5KX0VFF
6654,WH-06654,Phoenix,Arizona,Fulfillment Center,91662,INT-FIAMNWH
6655,WH-06655,Atlanta,Georgia,Distribution Center,19017,INT-A7SURKT
6656,WH-06656,Detroit,Michigan,Fulfillment Center,29857,INT-2HNF8LF
6657,WH-06657,Seattle,Washington,Cross Dock,61425,INT-NE3VVH7
6658,WH-06658,Phoenix,Arizona,Distribution Center,96826,INT-U7OXK9K
6659,WH-06659,Boston,Massachusetts,Distribution Center,90585,INT-XNL6W8R
6660,WH-06660,Charlotte,North Carolina,Cross Dock,97374,INT-SF80ITY
6661,WH-06661,Houston,Texas,Distribution Center,82735,INT-F0J79IB
6662,WH-06662,Chicago,Illinois,Fulfillment Center,69140,INT-LNU7MX3
6663,WH-06663,Charlotte,North Carolina,Cross Dock,30432,INT-GIGCZAJ
6664,WH-06664,Portland,Oregon,Distribution Center,54649,INT-JDS6FXQ
6665,WH-06665,NEW YORK,Unknown,Cross Dock,66239,INT-E5KBBRS
6666,WH-06666,Portland,Oregon,Regional DC,25009,INT-KDO53VE
6667,WH-06667,Charlotte,North Carolina,Regional DC,42265,INT-51ML20X
6668,WH-06668,HOUSTON,Unknown,Regional DC,62825,INT-2M620ND
6669,WH-06669,Houston,Texas,Regional DC,66588,INT-I9H7691
6670,WH-06670,Atlanta,Georgia,Fulfillment Center,83216,INT-T5ACDJV
6671,WH-06671,New York,New York,Distribution Center,35973,INT-GDUQV4A
6672,WH-06672,Boston,Massachusetts,Distribution Center,21681,INT-901IR1Q
6673,WH-06673,Seattle,Washington,Regional DC,8835,INT-JPYOC9G
6674,WH-06674,Detroit,Michigan,Cross Dock,73391,INT-8PO8LNU
6675,WH-06675,Houston,Texas,Cross Dock,71656,INT-CF6DLKN
6676,WH-06676,Phoenix,Arizona,Cross Dock,78967,INT-606M4M3
6677,WH-06677,Boston,Massachusetts,Cross Dock,38712,INT-ZVR1LME
6678,WH-06678,Charlotte,North Carolina,Regional DC,69079,INT-Z5V3GBF
6679,WH-06679,Miami,Florida,Regional DC,47564,INT-RGRUEKO
6680,WH-06680,Detroit,Michigan,Regional DC,84175,INT-WX93Q68
6681,WH-06681,Houston,Texas,Cross Dock,73573,INT-ULBH237
6682,WH-06682,,Unknown,Distribution Center,48578,INT-3EIZR6W
6683,WH-06683,Atlanta,Georgia,Cross Dock,19931,INT-FER23JX
6684,WH-06684,Atlanta,Georgia,Fulfillment Center,27423,INT-OV8JFEH
6685,WH-06685,,Unknown,Regional DC,13368,INT-Z5MQKUP
6686,WH-06686,Los Angeles,California,Distribution Center,73249,INT-0IGGPNI
6687,WH-06687,Boston,Massachusetts,Cross Dock,97156,INT-IX1IIO1
6688,WH-06688,Seattle,Washington,Distribution Center,84483,INT-S9EKAXB
6689,WH-06689,Phoenix,Arizona,Distribution Center,67156,INT-RZMV5MB
6690,WH-06690,Miami,Florida,Regional DC,52840,INT-TELMYSE
6691,WH-06691,Denver,Colorado,Regional DC,88941,INT-YIUQF1H
6692,WH-06692,Los Angeles,California,Distribution Center,22131,INT-KXNWKAA
6693,WH-06693,Houston,Texas,Cross Dock,8778,INT-FSE0BTC
6694,WH-06694,Houston,Texas,Cross Dock,57893,INT-P3KMA14
6695,WH-06695,Dallas,Texas,Fulfillment Center,64152,INT-UNDKTPO
6696,WH-06696,Chicago,Illinois,Regional DC,92365,INT-J96LPA6
6697,WH-06697,Austin,Texas,Cross Dock,13881,INT-ZXLIJS4
6698,WH-06698,Boston,Massachusetts,Fulfillment Center,8422,INT-N89R85L
6699,WH-06699,Chicago,Illinois,Distribution Center,69184,INT-03ESHVX
6700,WH-06700,Charlotte,North Carolina,Fulfillment Center,37154,INT-H71RAZG
6701,WH-06701,Los Angeles,California,Distribution Center,15181,INT-01E68CC
6702,WH-06702,Atlanta,Georgia,Regional DC,73487,INT-9B3KFNZ
6703,WH-06703,Houston,Texas,Fulfillment Center,55629,INT-HHEMLYF
6704,WH-06704,Seattle,Washington,Regional DC,70227,INT-H44T7RL
6705,WH-06705,Boston,Massachusetts,Cross Dock,35106,INT-H2Z8QJ3
6706,WH-06706,Los Angeles,California,Fulfillment Center,45535,INT-ZZTO31K
6707,WH-06707,New York,New York,Regional DC,48411,INT-ZE8QU0V
6708,WH-06708,Austin,Texas,Distribution Center,47524,INT-Z363WH7
6709,WH-06709,Atlanta,Georgia,Distribution Center,22307,INT-P95XRDQ
6710,WH-06710,Portland,Oregon,Distribution Center,34448,INT-HQSQC06
6711,WH-06711,Denver,Colorado,Distribution Center,69050,INT-ARD71V4
6712,WH-06712,Charlotte,North Carolina,Distribution Center,76231,INT-1HIPZNY
6713,WH-06713,Los Angeles,California,Cross Dock,82531,INT-P8N1B0B
6714,WH-06714,Portland,Oregon,Cross Dock,48915,INT-5J65J5G
6715,WH-06715,Miami,Florida,Fulfillment Center,45212,INT-XFL8T8R
6716,WH-06716,Boston,Massachusetts,Fulfillment Center,52311,INT-7WQEKLF
6717,WH-06717,Phoenix,Arizona,Fulfillment Center,93598,INT-HC6P5W8
6718,WH-06718,Miami,Florida,Cross Dock,96823,INT-SW5E0W2
6719,WH-06719,Phoenix,Arizona,Distribution Center,21896,INT-0WXI0NL
6720,WH-06720,New York,New York,Fulfillment Center,44229,INT-J4GMM43
6721,WH-06721,Atlanta,Georgia,Cross Dock,89057,INT-GCA7C2U
6722,WH-06722,Denver,Colorado,Cross Dock,90666,INT-0MESCUT
6723,WH-06723,New York,New York,Cross Dock,44970,INT-XPA6SUK
6724,WH-06724,Portland,Oregon,Regional DC,6621,INT-2SRQY9L
6725,WH-06725,Portland,Oregon,Fulfillment Center,97162,INT-D9IYGI1
6726,WH-06726,Dallas,Texas,Fulfillment Center,43422,INT-RUJPWMS
6727,WH-06727,Austin,Texas,Cross Dock,6453,INT-PUJZEB6
6728,WH-06728,Miami,Florida,Cross Dock,41846,INT-4JR2QXZ
6729,WH-06729,Los angeles,Unknown,Fulfillment Center,47036,INT-8F99IAZ
6730,WH-06730,Dallas,Texas,Fulfillment Center,51183,INT-SI9DX9U
6731,WH-06731,Detroit,Michigan,Regional DC,53940,INT-SJXVYMZ
6732,WH-06732,Charlotte,North Carolina,Cross Dock,67595,INT-OQZR6EQ
6733,WH-06733,Miami,Florida,Cross Dock,58580,INT-QGLAMXD
6734,WH-06734,Chicago,Illinois,Distribution Center,72838,INT-IZ0TXWX
6735,WH-06735,New York,New York,Distribution Center,9888,INT-8ORKLJ9
6736,WH-06736,Denver,Colorado,Distribution Center,78127,INT-00P35LW
6737,WH-06737,Boston,Massachusetts,Cross Dock,33748,INT-RENNJ1Q
6738,WH-06738,Dallas,Texas,Distribution Center,7899,INT-MP84DSK
6739,WH-06739,Chicago,Illinois,Regional DC,28090,INT-CE2SRAN
6740,WH-06740,Dallas,Texas,Regional DC,36746,INT-SGE2H8T
6741,WH-06741,Phoenix,Arizona,Regional DC,54222,INT-4FI6QPF
6742,WH-06742,Atlanta,Georgia,Cross Dock,81570,INT-8L0F5ZE
6743,WH-06743,Los Angeles,California,Fulfillment Center,91439,INT-DH68LAQ
6744,WH-06744,Atlanta,Georgia,Cross Dock,34776,INT-FGXFU33
6745,WH-06745,New York,New York,Cross Dock,51175,INT-CL8XCJR
6746,WH-06746,Phoenix,Arizona,Cross Dock,69220,INT-GBK7B1P
6747,WH-06747,Boston,Massachusetts,Distribution Center,37504,INT-F3FUXU0
6748,WH-06748,Dallas,Texas,Fulfillment Center,34113,INT-L94AV9B
6749,WH-06749,Los Angeles,California,Distribution Center,49667,INT-BRG3WRR
6750,WH-06750,Seattle,Washington,Distribution Center,9360,INT-U1TU1FO
6751,WH-06751,Boston,Massachusetts,Cross Dock,69502,INT-Z4PYYJF
6752,WH-06752,Los Angeles,California,Fulfillment Center,88552,INT-X63V1CJ
6753,WH-06753,Charlotte,North Carolina,Distribution Center,18142,INT-SF9BPGH
6754,WH-06754,Los Angeles,California,Regional DC,66575,INT-2RQN8ZH
6755,WH-06755,Atlanta,Georgia,Fulfillment Center,92377,INT-1JR1HCT
6756,WH-06756,Houston,Texas,Fulfillment Center,96228,INT-D44M1WG
6757,WH-06757,Charlotte,North Carolina,Regional DC,95345,INT-T8QKK7G
6758,WH-06758,Houston,Texas,Cross Dock,91403,INT-0JY3CUN
6759,WH-06759,,Unknown,Cross Dock,19708,INT-CZ6GNAC
6760,WH-06760,Portland,Oregon,Fulfillment Center,75261,INT-G8ZILW9
6761,WH-06761,Austin,Texas,Fulfillment Center,72845,INT-YJWWIGZ
6762,WH-06762,Houston,Texas,Regional DC,32419,INT-BTHCGA2
6763,WH-06763,New York,New York,Regional DC,61501,INT-MYRPMDN
6764,WH-06764,Phoenix,Arizona,Regional DC,65427,INT-M63F92U
6765,WH-06765,Denver,Colorado,Distribution Center,7350,INT-MBJAYY4
6766,WH-06766,New York,New York,Distribution Center,75176,INT-PTQKEV6
6767,WH-06767,Boston,Massachusetts,Cross Dock,76319,INT-LHBG0IO
6768,WH-06768,Charlotte,North Carolina,Distribution Center,93419,INT-NVTGMWI
6769,WH-06769,Houston,Texas,Fulfillment Center,98265,INT-YSDURV9
6770,WH-06770, Los Angeles,California,Cross Dock,66099,INT-7Y4DC7B
6771,WH-06771,Detroit,Michigan,Regional DC,83227,INT-ECOU79I
6772,WH-06772,Houston,Texas,Regional DC,55239,INT-GXWB9Z5
6773,WH-06773,Los Angeles,California,Regional DC,18857,INT-ANPNCW4
6774,WH-06774,Chicago ,Illinois,Cross Dock,86409,INT-JXPDKQK
6775,WH-06775,Dallas,Texas,Regional DC,21735,INT-MT45GQ2
6776,WH-06776,Seattle,Washington,Regional DC,85702,INT-852BOQX
6777,WH-06777,Los Angeles,California,Regional DC,69238,INT-K71X5DJ
6778,WH-06778,Phoenix,Arizona,Distribution Center,42673,INT-2MYH1FW
6779,WH-06779,Los Angeles,California,Regional DC,8278,INT-8197M2W
6780,WH-06780,Denver,Colorado,Fulfillment Center,79531,INT-XFIKMC0
6781,WH-06781,Los Angeles,California,Fulfillment Center,50526,INT-X3PUHN1
6782,WH-06782,Charlotte,North Carolina,Regional DC,72051,INT-R1P9M85
6783,WH-06783,New York,New York,Regional DC,27779,INT-2GT3JQD
6784,WH-06784,Denver,Colorado,Cross Dock,27543,INT-8PF7A1E
6785,WH-06785,Dallas,Texas,Distribution Center,58398,INT-S47DECU
6786,WH-06786,Detroit,Michigan,Cross Dock,34204,INT-LF6X56M
6787,WH-06787,Austin,Texas,Cross Dock,46482,INT-6T53OO4
6788,WH-06788,New York,New York,Fulfillment Center,94427,INT-ORW5HMN
6789,WH-06789,Seattle,Washington,Distribution Center,17393,INT-ZNRKUB6
6790,WH-06790,Portland,Oregon,Fulfillment Center,34187,INT-W554QO9
6791,WH-06791,Dallas,Texas,Regional DC,82385,INT-30RXXQE
6792,WH-06792,Miami,Florida,Regional DC,23862,INT-J49XS3T
6793,WH-06793,Austin,Texas,Distribution Center,86426,INT-OA7BC1B
6794,WH-06794,Seattle,Washington,Distribution Center,42291,INT-254ISTU
6795,WH-06795,Houston,Texas,Fulfillment Center,50037,INT-REAXWUG
6796,WH-06796,Seattle,Washington,Fulfillment Center,9999999,INT-TS07V9R
6797,WH-06797,New York,New York,Distribution Center,42661,INT-I1IGL0X
6798,WH-06798,Detroit,Michigan,Fulfillment Center,64662,INT-635QZR9
6799,WH-06799,Los Angeles,California,Fulfillment Center,96504,INT-FTA959G
6800,WH-06800,Dallas,Texas,Cross Dock,50547,INT-0H0OB44
6801,WH-06801,Los Angeles,California,Fulfillment Center,59982,INT-GADWAF1
6802,WH-06802,Atlanta,Georgia,Cross Dock,25888,INT-VK45BXQ
6803,WH-06803,Boston,Massachusetts,Fulfillment Center,57895,INT-UZ2HHY1
6804,WH-06804,Atlanta,Georgia,Distribution Center,38623,INT-DC09CR9
6805,WH-06805,Seattle,Washington,Regional DC,13698,INT-BHD9S6X
6806,WH-06806,Miami,Florida,Distribution Center,56528,INT-RK0VKBX
6807,WH-06807,Dallas,Texas,Regional DC,49400,INT-WNCD0VL
6808,WH-06808,Charlotte,North Carolina,Distribution Center,11484,INT-H5QL44O
6809,WH-06809,Detroit,Michigan,Fulfillment Center,72640,INT-IVCA0PI
6810,WH-06810,New York,New York,Regional DC,27963,INT-ZVDUX45
6811,WH-06811, New York,New York,Regional DC,40226,INT-QUKYPL6
6812,WH-06812,Miami,Florida,Cross Dock,96541,INT-PEII82M
6813,WH-06813,Portland,Oregon,Regional DC,39696,INT-WZEHV95
6814,WH-06814,Portland,Oregon,Distribution Center,15259,INT-P0TDFU5
6815,WH-06815,Atlanta,Georgia,Regional DC,6719,INT-ZWJVGZN
6816,WH-06816,Detroit,Michigan,Regional DC,52893,INT-ZWQN2JP
6817,WH-06817,Charlotte,North Carolina,Distribution Center,58899,INT-157R55R
6818,WH-06818,New York,New York,Fulfillment Center,22287,INT-KU9E6Y0
6819,WH-06819,Denver,Colorado,Cross Dock,66061,INT-35TKBG2
6820,WH-06820,Detroit,Michigan,Fulfillment Center,76489,INT-HS8HLS6
6821,WH-06821,Denver,Colorado,Fulfillment Center,63560,INT-FTNV878
6822,WH-06822,Houston,Texas,Fulfillment Center,30404,INT-SH01UUV
6823,WH-06823,New York,New York,Cross Dock,11396,INT-Y3FCRVY
6824,WH-06824,Phoenix,Arizona,Distribution Center,37382,INT-D6NFNRL
6825,WH-06825,Portland,Oregon,Cross Dock,68322,INT-Z5LKQYH
6826,WH-06826,New York,New York,Cross Dock,7711,INT-S1ENQVN
6827,WH-06827,Miami,Florida,Distribution Center,63845,INT-KW1VT6L
6828,WH-06828,New York,New York,Distribution Center,43289,INT-L3OCIGC
6829,WH-06829,Seattle,Washington,Distribution Center,29984,INT-6O3A6JH
6830,WH-06830,New York,New York,Regional DC,72319,INT-NVDHVV0
6831,WH-06831,Los Angeles,California,Distribution Center,59327,INT-F8UV4EU
6832,WH-06832,Chicago,Illinois,Fulfillment Center,18582,INT-C7VFXVX
6833,WH-06833,Phoenix,Arizona,Cross Dock,43207,INT-9RR9LCJ
6834,WH-06834,Atlanta,Georgia,Distribution Center,74566,INT-PGCI619
6835,WH-06835,Seattle,Washington,Fulfillment Center,24665,INT-GASM30X
6836,WH-06836,,Unknown,Regional DC,64139,INT-0OE9BGU
6837,WH-06837,Seattle,Washington,Regional DC,80250,INT-OMKJHWQ
6838,WH-06838,Denver,Colorado,Regional DC,40135,INT-2AV6ZBF
6839,WH-06839,Dallas,Texas,Fulfillment Center,79603,INT-PTQRQ8O
6840,WH-06840, Los Angeles,California,Fulfillment Center,76980,INT-HCD9CP6
6841,WH-06841,Denver,Colorado,Fulfillment Center,35073,INT-HAC8583
6842,WH-06842,Detroit,Michigan,Distribution Center,21394,INT-290K5KH
6843,WH-06843,Dallas,Texas,Distribution Center,87486,INT-T7ROZJ7
6844,WH-06844,Miami,Florida,Fulfillment Center,29604,INT-REJJH2Z
6845,WH-06845,Los Angeles,California,Distribution Center,43242,INT-I1CNOBT
6846,WH-06846,Dallas,Texas,Regional DC,62157,INT-R8NLHFM
6847,WH-06847,Denver,Colorado,Fulfillment Center,49631,INT-SWL6KG1
6848,WH-06848,Boston,Massachusetts,Distribution Center,56993,INT-J54JBLA
6849,WH-06849,Phoenix,Arizona,Regional DC,45494,INT-TVRUBBM
6850,WH-06850,Boston,Massachusetts,Regional DC,24348,INT-SSFO4E9
6851,WH-06851,Dallas,Texas,Distribution Center,45453,INT-UCWGQ63
6852,WH-06852,,Unknown,Cross Dock,11257,INT-WY6MTFE
6853,WH-06853,Detroit,Michigan,Cross Dock,66412,INT-EE4DOJQ
6854,WH-06854,Austin,Texas,Cross Dock,62273,INT-9LJ8E4O
6855,WH-06855,Portland,Oregon,Fulfillment Center,24520,INT-EDMKXGD
6856,WH-06856,Charlotte,North Carolina,Distribution Center,99130,INT-FSM4NWM
6857,WH-06857,Portland,Oregon,Fulfillment Center,87473,INT-DH61087
6858,WH-06858,Dallas,Texas,Fulfillment Center,19796,INT-ITDG93V
6859,WH-06859,Denver,Colorado,Regional DC,91524,INT-34F2LP6
6860,WH-06860,Miami,Florida,Fulfillment Center,95918,INT-310FOY1
6861,WH-06861,Detroit,Michigan,Fulfillment Center,67240,INT-9E3DZG1
6862,WH-06862,Los Angeles,California,Regional DC,81303,INT-G93VNC0
6863,WH-06863,Denver,Colorado,Regional DC,25262,INT-UOEG9YF
6864,WH-06864,Los Angeles,California,Fulfillment Center,58768,INT-08QP1IQ
6865,WH-06865,Charlotte,North Carolina,Distribution Center,89429,INT-M1L471W
6866,WH-06866,Denver,Colorado,Fulfillment Center,43568,INT-I6G53Z3
6867,WH-06867,New york,Unknown,Cross Dock,12762,INT-B09UNK1
6868,WH-06868,Seattle,Washington,Fulfillment Center,45154,INT-1YFCTLU
6869,WH-06869,Detroit,Michigan,Distribution Center,25069,INT-NVXFWRX
6870,WH-06870,Charlotte,North Carolina,Distribution Center,7333,INT-4RPJMGW
6871,WH-06871,New York,New York,Regional DC,64486,INT-GR2V2UT
6872,WH-06872,Atlanta,Georgia,Cross Dock,29252,INT-4SYG2YJ
6873,WH-06873,Phoenix,Arizona,Regional DC,79543,INT-0VPYFJ3
6874,WH-06874,New York,New York,Fulfillment Center,75937,INT-SBBBCVQ
6875,WH-06875,Denver,Colorado,Cross Dock,6938,INT-L8P40MJ
6876,WH-06876,Austin,Texas,Distribution Center,12859,INT-CEYVQCN
6877,WH-06877,Detroit,Michigan,Regional DC,50491,INT-AWI1GDI
6878,WH-06878,Charlotte,North Carolina,Distribution Center,48307,INT-CGN7Q5E
6879,WH-06879,Austin,Texas,Fulfillment Center,31724,INT-W2HAMAA
6880,WH-06880,Dallas,Texas,Fulfillment Center,75009,INT-MJPNX98
6881,WH-06881,Phoenix,Arizona,Fulfillment Center,74401,INT-10JX9LM
6882,WH-06882,Austin,Texas,Fulfillment Center,61255,INT-NX04WZ8
6883,WH-06883,Detroit,Michigan,Fulfillment Center,6868,INT-IC73WJB
6884,WH-06884,Denver,Colorado,Distribution Center,74857,INT-71E83GV
6885,WH-06885,Austin,Texas,Cross Dock,45834,INT-ADMBMNA
6886,WH-06886,Chicago,Illinois,Fulfillment Center,32013,INT-PC62M8X
6887,WH-06887,Los Angeles,California,Fulfillment Center,98077,INT-M7SO7K5
6888,WH-06888,Austin,Texas,Distribution Center,67949,INT-PBC23FC
6889,WH-06889,Los Angeles,California,Distribution Center,96785,INT-RWLN341
6890,WH-06890,Chicago,Illinois,Fulfillment Center,26829,INT-J01IG28
6891,WH-06891,Austin,Texas,Cross Dock,42263,INT-JY4TD5F
6892,WH-06892,Miami,Florida,Fulfillment Center,92248,INT-OQY504Z
6893,WH-06893,Atlanta,Georgia,Distribution Center,87326,INT-Y2GKR3D
6894,WH-06894,Detroit,Michigan,Regional DC,14744,INT-ADDAYV6
6895,WH-06895,Portland,Oregon,Distribution Center,91026,INT-0ZWYBEC
6896,WH-06896,Seattle,Washington,Fulfillment Center,82574,INT-V9KDA4Z
6897,WH-06897,Portland,Oregon,Fulfillment Center,45978,INT-8W3LELT
6898,WH-06898,Phoenix,Arizona,Regional DC,95110,INT-H3XXR9G
6899,WH-06899,Los Angeles,California,Regional DC,49663,INT-5CCVPGS
6900,WH-06900,Portland,Oregon,Distribution Center,9999999,INT-RCTJBAO
6901,WH-06901,Denver,Colorado,Regional DC,69665,INT-XVM72R9
6902,WH-06902,Chicago,Illinois,Fulfillment Center,34122,INT-W8J0FYV
6903,WH-06903,Houston,Texas,Distribution Center,81463,INT-9Y9MQ6N
6904,WH-06904,New York,New York,Distribution Center,61114,INT-XQGE1F4
6905,WH-06905,New York,New York,Regional DC,84652,INT-X8H2SM5
6906,WH-06906,Houston,Texas,Fulfillment Center,70191,INT-G4JKO9S
6907,WH-06907,Seattle,Washington,Cross Dock,58338,INT-H6PIUK2
6908,WH-06908,Seattle,Washington,Fulfillment Center,86638,INT-3P3Z6G7
6909,WH-06909,Portland,Oregon,Distribution Center,90616,INT-2D2OIAN
6910,WH-06910,Charlotte,North Carolina,Regional DC,11838,INT-B1OX1MG
6911,WH-06911,Houston,Texas,Regional DC,10600,INT-D2OQ2R5
6912,WH-06912,Detroit,Michigan,Cross Dock,20873,INT-55M36FB
6913,WH-06913,Chicago,Illinois,Fulfillment Center,23340,INT-RTXM1Z0
6914,WH-06914,Boston,Massachusetts,Fulfillment Center,25464,INT-MGBVFRP
6915,WH-06915,Denver,Colorado,Fulfillment Center,24221,INT-PJM6T61
6916,WH-06916,Los Angeles,California,Distribution Center,75247,INT-45HMP06
6917,WH-06917,Atlanta,Georgia,Cross Dock,63377,INT-ZYSU9G9
6918,WH-06918,Houston,Texas,Cross Dock,25677,INT-E0SZ5L5
6919,WH-06919,Denver,Colorado,Cross Dock,54449,INT-ASWHNT0
6920,WH-06920,Dallas,Texas,Cross Dock,30314,INT-21AWXXQ
6921,WH-06921,Dallas,Texas,Cross Dock,99726,INT-V9HGI10
6922,WH-06922,Charlotte,North Carolina,Cross Dock,76691,INT-9JS34I5
6923,WH-06923,Detroit,Michigan,Regional DC,18154,INT-9C69XAK
6924,WH-06924,Charlotte,North Carolina,Cross Dock,80014,INT-HJ1GL02
6925,WH-06925,Los Angeles,California,Fulfillment Center,66421,INT-C1RREKP
6926,WH-06926,Los Angeles,California,Regional DC,5103,INT-XGGJ7AF
6927,WH-06927,Houston,Texas,Regional DC,32124,INT-3IGY76D
6928,WH-06928,Seattle,Washington,Fulfillment Center,93049,INT-HFFS9R5
6929,WH-06929,Austin,Texas,Cross Dock,35072,INT-NPKVUKY
6930,WH-06930,Austin,Texas,Distribution Center,73511,INT-H09MNTP
6931,WH-06931,Chicago,Illinois,Regional DC,60459,INT-SI4I09Z
6932,WH-06932,Denver,Colorado,Distribution Center,85387,INT-4O5O2OH
6933,WH-06933,Portland,Oregon,Regional DC,84530,INT-LC1CWDG
6934,WH-06934,Portland,Oregon,Fulfillment Center,30290,INT-KPD890Y
6935,WH-06935,Portland,Oregon,Fulfillment Center,11051,INT-QEKTGW0
6936,WH-06936,Austin,Texas,Regional DC,42792,INT-KWGHQBO
6937,WH-06937,Miami,Florida,Fulfillment Center,52789,INT-P5Q8Y90
6938,WH-06938,Los Angeles,California,Regional DC,84420,INT-7BSPVS5
6939,WH-06939,Detroit,Michigan,Regional DC,24048,INT-YPOI02Z
6940,WH-06940,Charlotte,North Carolina,Regional DC,94974,INT-V9UIQOJ
6941,WH-06941,Boston,Massachusetts,Fulfillment Center,12907,INT-FZ9BGQT
6942,WH-06942,Austin,Texas,Fulfillment Center,36029,INT-DCKOND8
6943,WH-06943,Denver,Colorado,Regional DC,48585,INT-CD8G0X9
6944,WH-06944,Atlanta,Georgia,Fulfillment Center,74391,INT-TD0YEHI
6945,WH-06945,New York,New York,Distribution Center,90084,INT-UL5XEPE
6946,WH-06946,,Unknown,Distribution Center,78042,INT-2CBYX7J
6947,WH-06947,,Unknown,Fulfillment Center,30403,INT-GYZJWM4
6948,WH-06948,Phoenix,Arizona,Regional DC,8269,INT-HTMH80R
6949,WH-06949,Detroit,Michigan,Cross Dock,49677,INT-Z6VQVKN
6950,WH-06950,Chicago,Illinois,Regional DC,91910,INT-POKMTUE
6951,WH-06951,Seattle,Washington,Regional DC,88634,INT-41EGTSH
6952,WH-06952,Phoenix,Arizona,Regional DC,11702,INT-IQY1B5K
6953,WH-06953,Seattle,Washington,Fulfillment Center,16674,INT-GYM6EWS
6954,WH-06954,Phoenix,Arizona,Cross Dock,96715,INT-YHM28ND
6955,WH-06955,Dallas,Texas,Regional DC,77011,INT-4UDZ4SN
6956,WH-06956,Charlotte,North Carolina,Cross Dock,97320,INT-1ZKA35P
6957,WH-06957,Phoenix,Arizona,Cross Dock,86172,INT-3UB2QY7
6958,WH-06958,Houston,Texas,Distribution Center,76191,INT-0C1U4K3
6959,WH-06959,Austin,Texas,Regional DC,61926,INT-6ZN49PS
6960,WH-06960,Houston,Texas,Regional DC,6411,INT-EH06JGV
6961,WH-06961,Detroit,Michigan,Regional DC,67216,INT-DDCCZYO
6962,WH-06962,New York,New York,Cross Dock,46791,INT-JBXVGCY
6963,WH-06963,Houston,Texas,Cross Dock,85893,INT-Y5KJZXV
6964,WH-06964,Houston,Texas,Regional DC,90301,INT-FCF351O
6965,WH-06965,Houston,Texas,Fulfillment Center,5,INT-8OH5904
6966,WH-06966,Seattle,Washington,Distribution Center,70922,INT-HO4DXET
6967,WH-06967,Detroit,Michigan,Cross Dock,98945,INT-190B2MQ
6968,WH-06968,Boston,Massachusetts,Cross Dock,17970,INT-XTPN2GF
6969,WH-06969,Seattle,Washington,Regional DC,70743,INT-33NY4HA
6970,WH-06970,Detroit,Michigan,Cross Dock,87980,INT-CLQT590
6971,WH-06971,Atlanta,Georgia,Distribution Center,41509,INT-866VM5E
6972,WH-06972,Detroit,Michigan,Cross Dock,96820,INT-8HYRDW3
6973,WH-06973,Atlanta,Georgia,Cross Dock,20696,INT-GC3NVHT
6974,WH-06974,Chicago,Illinois,Distribution Center,6285,INT-CRBZ7RJ
6975,WH-06975,Denver,Colorado,Distribution Center,17752,INT-B66VSUN
6976,WH-06976,Chicago,Illinois,Cross Dock,95610,INT-0Z50CXZ
6977,WH-06977,Houston,Texas,Regional DC,48356,INT-NC74X9B
6978,WH-06978,Phoenix,Arizona,Distribution Center,67159,INT-3EIE2Y7
6979,WH-06979,New York,New York,Fulfillment Center,34253,INT-IWU54ZY
6980,WH-06980,Los Angeles,California,Distribution Center,52557,INT-HNDLG6F
6981,WH-06981,Atlanta,Georgia,Cross Dock,78332,INT-9UTQ391
6982,WH-06982,Dallas,Texas,Cross Dock,23796,INT-5CN1A1S
6983,WH-06983,Houston,Texas,Regional DC,37650,INT-RKWNK32
6984,WH-06984,New York,New York,Cross Dock,77567,INT-AR33L8M
6985,WH-06985,,Unknown,Cross Dock,94979,INT-EGDZ9OR
6986,WH-06986,Houston,Texas,Fulfillment Center,62733,INT-1AGWIH7
6987,WH-06987,Dallas,Texas,Distribution Center,73846,INT-N110J80
6988,WH-06988,Austin,Texas,Regional DC,51586,INT-XN04VQL
6989,WH-06989,Houston,Texas,Fulfillment Center,67865,INT-BFAC6OA
6990,WH-06990,Portland,Oregon,Cross Dock,72746,INT-53T41EL
6991,WH-06991,Houston,Texas,Cross Dock,82190,INT-3MOSXW5
6992,WH-06992,Los Angeles,California,Regional DC,77877,INT-7VUIEQO
6993,WH-06993,,Unknown,Cross Dock,30523,INT-00ZFWDC
6994,WH-06994,Boston,Massachusetts,Distribution Center,61676,INT-RU87JO4
6995,WH-06995,Miami,Florida,Regional DC,56180,INT-IX2WQVM
6996,WH-06996,Houston,Texas,Distribution Center,5,INT-F2884FF
6997,WH-06997,Chicago,Illinois,Regional DC,87556,INT-BA0N2T3
6998,WH-06998,Houston,Texas,Fulfillment Center,54283,INT-E7NGS0N
6999,WH-06999,Portland,Oregon,Regional DC,54493,INT-W243D4Q
7000,WH-07000,Denver,Colorado,Cross Dock,24724,INT-OQRV3BW
7001,WH-07001,Phoenix,Arizona,Fulfillment Center,15493,INT-QKYWC3R
7002,WH-07002,Charlotte,North Carolina,Distribution Center,12043,INT-6T6QYLP
7003,WH-07003,Denver,Colorado,Regional DC,33888,INT-GYT4PPQ
7004,WH-07004,Denver,Colorado,Cross Dock,33351,INT-1LFOLLU
7005,WH-07005,Charlotte,North Carolina,Distribution Center,34700,INT-FJCQ5UY
7006,WH-07006,Boston,Massachusetts,Regional DC,11086,INT-IR3SLKX
7007,WH-07007,Houston,Texas,Distribution Center,58653,INT-XQLV94T
7008,WH-07008,Miami,Florida,Distribution Center,57191,INT-592UTKG
7009,WH-07009,New York,New York,Cross Dock,87143,INT-1YDM4CI
7010,WH-07010,Portland,Oregon,Distribution Center,91421,INT-NTCM44O
7011,WH-07011,Charlotte,North Carolina,Cross Dock,59813,INT-88MB6EP
7012,WH-07012,Seattle,Washington,Regional DC,38117,INT-D4UHDQE
7013,WH-07013,Austin,Texas,Distribution Center,51987,INT-7JRJZED
7014,WH-07014,Seattle,Washington,Fulfillment Center,9458,INT-AKDNH6Y
7015,WH-07015,Dallas,Texas,Distribution Center,80682,INT-TFTLGAO
7016,WH-07016,Detroit,Michigan,Distribution Center,44352,INT-3P8IP40
7017,WH-07017,Portland,Oregon,Cross Dock,6979,INT-1J3CFEP
7018,WH-07018,Los Angeles,California,Fulfillment Center,78949,INT-I9TQ0W9
7019,WH-07019,Denver,Colorado,Cross Dock,40265,INT-X1J0QB9
7020,WH-07020,Phoenix,Arizona,Regional DC,33266,INT-YM1VGJ8
7021,WH-07021,Miami,Florida,Regional DC,15170,INT-P3FIMGD
7022,WH-07022,Atlanta,Georgia,Regional DC,41528,INT-Y7T11E8
7023,WH-07023,Miami,Florida,Distribution Center,38495,INT-F7NYXLN
7024,WH-07024,Austin,Texas,Fulfillment Center,31443,INT-OI2T71E
7025,WH-07025,Houston,Texas,Cross Dock,67096,INT-BMR3HE9
7026,WH-07026,Austin,Texas,Regional DC,38541,INT-1BN3OCU
7027,WH-07027,Dallas,Texas,Regional DC,48863,INT-24811ZN
7028,WH-07028,Charlotte,North Carolina,Cross Dock,51962,INT-YJYGBL7
7029,WH-07029,Seattle,Washington,Regional DC,6184,INT-LFYOHJT
7030,WH-07030,Chicago,Illinois,Fulfillment Center,73218,INT-QJHKBK5
7031,WH-07031,Seattle,Washington,Cross Dock,70313,INT-VC9XR6V
7032,WH-07032,Phoenix,Arizona,Fulfillment Center,9844,INT-N8LBSCW
7033,WH-07033,Denver,Colorado,Cross Dock,83605,INT-5X19RWH
7034,WH-07034,Charlotte,North Carolina,Fulfillment Center,27455,INT-ONLE0ST
7035,WH-07035,Denver,Colorado,Cross Dock,79101,INT-PVCKJV9
7036,WH-07036,Houston,Texas,Cross Dock,60286,INT-YBAUFJ8
7037,WH-07037,Boston,Massachusetts,Cross Dock,19070,INT-QEPIB8V
7038,WH-07038,Houston,Texas,Regional DC,76120,INT-2BTA9CF
7039,WH-07039,,Unknown,Distribution Center,49459,INT-X4SLXTK
7040,WH-07040,,Unknown,Cross Dock,33199,INT-KM3FIOL
7041,WH-07041,Detroit,Michigan,Cross Dock,63841,INT-RQX6LMD
7042,WH-07042,Seattle,Washington,Distribution Center,93019,INT-XNJVXJO
7043,WH-07043,Denver,Colorado,Distribution Center,60768,INT-VZFN5G8
7044,WH-07044,Atlanta,Georgia,Distribution Center,75618,INT-OICEY4Q
7045,WH-07045,Atlanta,Georgia,Distribution Center,15702,INT-IP06Z6C
7046,WH-07046,Austin,Texas,Distribution Center,31747,INT-4JJNI0R
7047,WH-07047,Chicago,Illinois,Distribution Center,52453,INT-83TUAV8
7048,WH-07048,chicago,Unknown,Fulfillment Center,59129,INT-2WUXOB7
7049,WH-07049,Los Angeles,California,Fulfillment Center,28751,INT-52Z20EZ
7050,WH-07050,Phoenix,Arizona,Cross Dock,22689,INT-KQG1X19
7051,WH-07051,Los Angeles,California,Fulfillment Center,29719,INT-MVK0KWH
7052,WH-07052,Atlanta,Georgia,Regional DC,85350,INT-TI9HMVH
7053,WH-07053,Phoenix,Arizona,Distribution Center,83127,INT-5N8KO5K
7054,WH-07054,New York,New York,Distribution Center,7414,INT-E5XVDFB
7055,WH-07055,Boston,Massachusetts,Cross Dock,21513,INT-4CIMDYY
7056,WH-07056,LOS ANGELES,Unknown,Fulfillment Center,80704,INT-J41C35E
7057,WH-07057,Seattle,Washington,Cross Dock,51621,INT-XHCSK3W
7058,WH-07058,Portland,Oregon,Fulfillment Center,66603,INT-LY7D4TZ
7059,WH-07059,Phoenix,Arizona,Cross Dock,69522,INT-STZYNRI
7060,WH-07060,Dallas,Texas,Distribution Center,11067,INT-65WGXW3
7061,WH-07061,Charlotte,North Carolina,Fulfillment Center,16285,INT-1OFL6UU
7062,WH-07062,Phoenix,Arizona,Distribution Center,11655,INT-CYMLR2V
7063,WH-07063,Houston,Texas,Regional DC,97466,INT-TRKEO1F
7064,WH-07064,Atlanta,Georgia,Fulfillment Center,31984,INT-7C21IHC
7065,WH-07065,Houston,Texas,Distribution Center,7913,INT-39XJDSB
7066,WH-07066,Seattle,Washington,Distribution Center,72366,INT-IZUTDAM
7067,WH-07067,Miami,Florida,Fulfillment Center,56965,INT-QK83ECV
7068,WH-07068,Houston,Texas,Fulfillment Center,59341,INT-7A46GYQ
7069,WH-07069,New York,New York,Cross Dock,91894,INT-6SPNRM0
7070,WH-07070,Denver,Colorado,Fulfillment Center,36504,INT-9X5X5WU
7071,WH-07071,Atlanta,Georgia,Fulfillment Center,48118,INT-6R68X66
7072,WH-07072,Phoenix,Arizona,Cross Dock,90679,INT-NBOKN1Q
7073,WH-07073,Denver,Colorado,Cross Dock,47344,INT-3S7VBQP
7074,WH-07074,Miami,Florida,Distribution Center,45781,INT-3QIQICC
7075,WH-07075,Boston,Massachusetts,Regional DC,40025,INT-RX3FYY5
7076,WH-07076,New York,New York,Fulfillment Center,11173,INT-UPY7HHX
7077,WH-07077,Charlotte,North Carolina,Fulfillment Center,62892,INT-PPIHJK8
7078,WH-07078,Chicago,Illinois,Fulfillment Center,91038,INT-EA87O23
7079,WH-07079,Boston,Massachusetts,Regional DC,76949,INT-A9T1J8C
7080,WH-07080,Portland,Oregon,Regional DC,59834,INT-MB70UGU
7081,WH-07081,Charlotte,North Carolina,Fulfillment Center,28746,INT-J4TBPKZ
7082,WH-07082,Los Angeles,California,Distribution Center,70686,INT-FT0Y04A
7083,WH-07083,Atlanta,Georgia,Distribution Center,84344,INT-6I4LG4N
7084,WH-07084,Miami,Florida,Regional DC,88975,INT-SHNMSW3
7085,WH-07085,Boston,Massachusetts,Regional DC,61989,INT-ZF1USN1
7086,WH-07086,Portland,Oregon,Regional DC,48342,INT-BDY85PG
7087,WH-07087,Boston,Massachusetts,Fulfillment Center,59006,INT-6S9WYUD
7088,WH-07088,New York,New York,Fulfillment Center,73839,INT-F0Z2NBH
7089,WH-07089,Dallas,Texas,Cross Dock,41103,INT-AJG49GP
7090,WH-07090,Los Angeles,California,Fulfillment Center,70552,INT-27GBM3N
7091,WH-07091,Atlanta,Georgia,Distribution Center,50887,INT-EB5N6GJ
7092,WH-07092,Portland,Oregon,Cross Dock,94087,INT-DOE3ODN
7093,WH-07093,New York,New York,Regional DC,53142,INT-5M63S19
7094,WH-07094,,Unknown,Cross Dock,28883,INT-DKBUN5L
7095,WH-07095,Phoenix,Arizona,Cross Dock,6565,INT-Q9FG78L
7096,WH-07096,Boston,Massachusetts,Regional DC,96385,INT-V3YGJP5
7097,WH-07097,Miami,Florida,Cross Dock,68006,INT-AIY245A
7098,WH-07098,Phoenix,Arizona,Regional DC,82925,INT-KHJDF2V
7099,WH-07099,Chicago,Illinois,Fulfillment Center,35237,INT-S01OXST
7100,WH-07100,Los Angeles,California,Cross Dock,11216,INT-6WRT40T
7101,WH-07101,Seattle,Washington,Cross Dock,42885,INT-G99EXKB
7102,WH-07102,Phoenix,Arizona,Regional DC,46515,INT-6E9T0PY
7103,WH-07103,Detroit,Michigan,Fulfillment Center,92857,INT-93DGK7U
7104,WH-07104,Atlanta,Georgia,Distribution Center,77276,INT-ORG5Q28
7105,WH-07105,Portland,Oregon,Distribution Center,14911,INT-8P8XXBB
7106,WH-07106,Austin,Texas,Regional DC,61002,INT-TK6YXLM
7107,WH-07107,New York,New York,Distribution Center,95427,INT-7H47VIH
7108,WH-07108,Boston,Massachusetts,Cross Dock,50573,INT-QF3OFKU
7109,WH-07109,Miami,Florida,Fulfillment Center,91310,INT-LXFWQQ2
7110,WH-07110,Seattle,Washington,Fulfillment Center,28077,INT-JNC7L82
7111,WH-07111,Phoenix,Arizona,Cross Dock,26945,INT-2CSULP3
7112,WH-07112,Miami,Florida,Distribution Center,81854,INT-AFJPJSI
7113,WH-07113,Portland,Oregon,Fulfillment Center,99199,INT-R52LFTD
7114,WH-07114,Charlotte,North Carolina,Cross Dock,96628,INT-80HGEIO
7115,WH-07115,Detroit,Michigan,Fulfillment Center,69601,INT-6V5HOPW
7116,WH-07116,Miami,Florida,Fulfillment Center,93266,INT-3IB7WRR
7117,WH-07117,New York,New York,Fulfillment Center,72428,INT-9715CKQ
7118,WH-07118,,Unknown,Distribution Center,47582,INT-OP81XK9
7119,WH-07119,Miami,Florida,Cross Dock,38406,INT-EVBLT6K
7120,WH-07120,Seattle,Washington,Fulfillment Center,22196,INT-0RBV9TE
7121,WH-07121,Dallas,Texas,Cross Dock,51842,INT-9HTIOVR
7122,WH-07122,Miami,Florida,Regional DC,86932,INT-ZTSH0IT
7123,WH-07123,Chicago,Illinois,Distribution Center,36312,INT-DKCT3P1
7124,WH-07124,Chicago,Illinois,Regional DC,72737,INT-GQ7XG2I
7125,WH-07125,Seattle,Washington,Fulfillment Center,47816,INT-70L7TUR
7126,WH-07126,Miami,Florida,Cross Dock,42402,INT-Z1EG5YI
7127,WH-07127,Portland,Oregon,Regional DC,95535,INT-HEBUBUY
7128,WH-07128,Atlanta,Georgia,Regional DC,43469,INT-ZSTQQGM
7129,WH-07129,Austin,Texas,Distribution Center,97782,INT-35YVQL2
7130,WH-07130,Austin,Texas,Distribution Center,69420,INT-L5LIKE1
7131,WH-07131,Dallas,Texas,Fulfillment Center,66124,INT-YIQW5Y5
7132,WH-07132,Charlotte,North Carolina,Fulfillment Center,28000,INT-PUGH6QL
7133,WH-07133,Los Angeles,California,Cross Dock,17098,INT-BFS5UN6
7134,WH-07134,HOUSTON,Unknown,Fulfillment Center,23853,INT-WD07C0C
7135,WH-07135,Portland,Oregon,Distribution Center,38314,INT-S5NAT88
7136,WH-07136,New York,New York,Fulfillment Center,42024,INT-XNR60Z5
7137,WH-07137,Miami,Florida,Fulfillment Center,98488,INT-SA44CT5
7138,WH-07138,Charlotte,North Carolina,Distribution Center,65604,INT-S6LFE9Q
7139,WH-07139,Charlotte,North Carolina,Fulfillment Center,70981,INT-N23X7AQ
7140,WH-07140,Detroit,Michigan,Regional DC,55619,INT-C1L6PCR
7141,WH-07141,Los Angeles,California,Distribution Center,15433,INT-BF6BJDY
7142,WH-07142,New York,New York,Fulfillment Center,81809,INT-OUX2SZ2
7143,WH-07143,New York,New York,Distribution Center,8291,INT-EDB19LV
7144,WH-07144,Dallas,Texas,Regional DC,84172,INT-LLPY8ZX
7145,WH-07145,Boston,Massachusetts,Regional DC,9999999,INT-92LB8YF
7146,WH-07146,Charlotte,North Carolina,Cross Dock,16645,INT-L6GUGNX
7147,WH-07147,Detroit,Michigan,Distribution Center,28902,INT-TU3UVMA
7148,WH-07148,Miami,Florida,Fulfillment Center,52613,INT-WHJRPA9
7149,WH-07149,Los Angeles,California,Regional DC,91421,INT-EGV7BU4
7150,WH-07150,Houston,Texas,Fulfillment Center,90331,INT-Y34MNLU
7151,WH-07151,Austin,Texas,Fulfillment Center,62213,INT-7FF1QKR
7152,WH-07152,Miami,Florida,Fulfillment Center,32416,INT-9AXYMIF
7153,WH-07153,Chicago,Illinois,Cross Dock,92954,INT-QWDFM8E
7154,WH-07154,Detroit,Michigan,Regional DC,40303,INT-4F4QUS6
7155,WH-07155,Portland,Oregon,Distribution Center,70805,INT-EFCS06L
7156,WH-07156,Boston,Massachusetts,Distribution Center,25061,INT-JCYXXP3
7157,WH-07157,Seattle,Washington,Distribution Center,5669,INT-XSZ3XQY
7158,WH-07158,Detroit,Michigan,Cross Dock,80740,INT-5RM6MMP
7159,WH-07159,Boston,Massachusetts,Cross Dock,14534,INT-W0H976Y
7160,WH-07160,Charlotte,North Carolina,Fulfillment Center,69374,INT-F65FUIP
7161,WH-07161,Boston,Massachusetts,Cross Dock,28160,INT-B7OKN7V
7162,WH-07162,Houston,Texas,Distribution Center,96260,INT-SZFJHH5
7163,WH-07163,Austin,Texas,Distribution Center,46625,INT-4D3KJHD
7164,WH-07164,Boston,Massachusetts,Regional DC,72571,INT-AAZAUWD
7165,WH-07165,Charlotte,North Carolina,Distribution Center,5214,INT-E2SWFJQ
7166,WH-07166,Austin,Texas,Regional DC,90369,INT-XF13ZNV
7167,WH-07167,Phoenix,Arizona,Distribution Center,88750,INT-QZT053S
7168,WH-07168,Dallas,Texas,Distribution Center,19180,INT-LKS2VDK
7169,WH-07169,Denver,Colorado,Regional DC,32998,INT-ZM2HZZ0
7170,WH-07170,Los Angeles,California,Cross Dock,26825,INT-WRMCTB0
7171,WH-07171,Portland,Oregon,Regional DC,15921,INT-V6EZAO5
7172,WH-07172,Dallas,Texas,Regional DC,58848,INT-4R7Y9FH
7173,WH-07173,Boston,Massachusetts,Fulfillment Center,79099,INT-3IPC8GX
7174,WH-07174,Boston,Massachusetts,Distribution Center,46282,INT-EW221HV
7175,WH-07175,Boston,Massachusetts,Fulfillment Center,75653,INT-MW5OD6C
7176,WH-07176,Austin,Texas,Distribution Center,82447,INT-HWZRGY3
7177,WH-07177,Seattle,Washington,Distribution Center,5726,INT-R5GMQHJ
7178,WH-07178,New York,New York,Distribution Center,21902,INT-ZT6R202
7179,WH-07179,Atlanta,Georgia,Fulfillment Center,62935,INT-EJEOD1F
7180,WH-07180,New York,New York,Cross Dock,71357,INT-JEA361E
7181,WH-07181,Charlotte,North Carolina,Regional DC,45619,INT-65ZQE9Z
7182,WH-07182,Chicago,Illinois,Fulfillment Center,49376,INT-W93NSC5
7183,WH-07183,Houston,Texas,Distribution Center,52589,INT-4EA4P2H
7184,WH-07184,New York,New York,Distribution Center,39319,INT-8NJ0PR0
7185,WH-07185,Dallas,Texas,Cross Dock,88702,INT-BQU6V9M
7186,WH-07186,Boston,Massachusetts,Distribution Center,69157,INT-8S7A3EJ
7187,WH-07187,Austin,Texas,Distribution Center,40977,INT-P89PGRB
7188,WH-07188,Charlotte,North Carolina,Regional DC,8287,INT-6WUYQO5
7189,WH-07189,Detroit,Michigan,Distribution Center,6224,INT-83416X7
7190,WH-07190,Austin,Texas,Fulfillment Center,22339,INT-AS373SB
7191,WH-07191,Houston,Texas,Regional DC,13981,INT-GQ8D1HB
7192,WH-07192,Houston,Texas,Cross Dock,61086,INT-3TMCRY7
7193,WH-07193,Phoenix,Arizona,Distribution Center,88671,INT-1VJI4A0
7194,WH-07194,Austin,Texas,Fulfillment Center,29085,INT-WI5J6O1
7195,WH-07195,Miami,Florida,Regional DC,23301,INT-U3RIUA8
7196,WH-07196,New York,New York,Fulfillment Center,44664,INT-PNEHP59
7197,WH-07197,Chicago,Illinois,Regional DC,90986,INT-55RGKPR
7198,WH-07198,Boston,Massachusetts,Distribution Center,64458,INT-L8TDUT6
7199,WH-07199,Houston,Texas,Cross Dock,91123,INT-31437R0
7200,WH-07200,Houston,Texas,Fulfillment Center,46621,INT-YAIP2UW
7201,WH-07201,Austin,Texas,Cross Dock,59883,INT-1EDCB35
7202,WH-07202,Atlanta,Georgia,Cross Dock,31669,INT-1SW91YI
7203,WH-07203,Atlanta,Georgia,Fulfillment Center,14094,INT-I30ZW2O
7204,WH-07204,Phoenix,Arizona,Fulfillment Center,7967,INT-7H99SGV
7205,WH-07205,Miami,Florida,Regional DC,66942,INT-MANAB5G
7206,WH-07206,Chicago,Illinois,Regional DC,45224,INT-UCE05CG
7207,WH-07207, New York,New York,Regional DC,32989,INT-W2FLLQK
7208,WH-07208,Charlotte,North Carolina,Cross Dock,44334,INT-JAQKYX7
7209,WH-07209,Portland,Oregon,Distribution Center,85232,INT-SYIFE4A
7210,WH-07210,Detroit,Michigan,Regional DC,5669,INT-LDLA3PT
7211,WH-07211,Miami,Florida,Fulfillment Center,7108,INT-OJUAGF6
7212,WH-07212,Seattle,Washington,Cross Dock,69279,INT-VWPIBLF
7213,WH-07213,Chicago,Illinois,Fulfillment Center,84027,INT-8O7RMMC
7214,WH-07214,Chicago,Illinois,Regional DC,5,INT-EBB3ODF
7215,WH-07215,,Unknown,Fulfillment Center,78469,INT-LCTEULM
7216,WH-07216,Boston,Massachusetts,Distribution Center,26951,INT-WVD2S2L
7217,WH-07217,Chicago,Illinois,Cross Dock,70064,INT-37KU7P0
7218,WH-07218,Atlanta,Georgia,Regional DC,74018,INT-WX77BIU
7219,WH-07219,Phoenix,Arizona,Distribution Center,40005,INT-18H9VPE
7220,WH-07220,Portland,Oregon,Cross Dock,21479,INT-RXDRNYW
7221,WH-07221,Chicago,Illinois,Distribution Center,17198,INT-5H9VRRT
7222,WH-07222,Phoenix,Arizona,Fulfillment Center,16718,INT-GNOMYNB
7223,WH-07223,Charlotte,North Carolina,Distribution Center,31497,INT-TSUMK5V
7224,WH-07224,Portland,Oregon,Regional DC,64620,INT-WGXN4R1
7225,WH-07225,Houston,Texas,Cross Dock,62419,INT-KGVF0CZ
7226,WH-07226,Miami,Florida,Distribution Center,46458,INT-5XPRPF8
7227,WH-07227,Austin,Texas,Cross Dock,72830,INT-Y5Q2ZHI
7228,WH-07228,Phoenix,Arizona,Fulfillment Center,55641,INT-P9T0BM0
7229,WH-07229,Portland,Oregon,Cross Dock,50410,INT-A1HMP2B
7230,WH-07230,Seattle,Washington,Regional DC,34532,INT-1HEU92W
7231,WH-07231,Los Angeles,California,Distribution Center,57003,INT-USUZOS3
7232,WH-07232,Austin,Texas,Regional DC,14988,INT-H8NPSVJ
7233,WH-07233,Austin,Texas,Cross Dock,38567,INT-IRYSPZD
7234,WH-07234,Charlotte,North Carolina,Distribution Center,77649,INT-RYAAJ7Z
7235,WH-07235,Miami,Florida,Cross Dock,26660,INT-TC84INY
7236,WH-07236,Los Angeles,California,Cross Dock,32463,INT-HAO93DU
7237,WH-07237,Charlotte,North Carolina,Regional DC,14035,INT-BOQF63V
7238,WH-07238,New York,New York,Regional DC,72105,INT-Z5AFEOI
7239,WH-07239,Charlotte,North Carolina,Regional DC,39912,INT-6YBK0XD
7240,WH-07240,Phoenix,Arizona,Fulfillment Center,52421,INT-WO609T0
7241,WH-07241,Austin,Texas,Cross Dock,34539,INT-VDKHWPH
7242,WH-07242,Portland,Oregon,Distribution Center,41754,INT-OVRLWLS
7243,WH-07243,Austin,Texas,Distribution Center,75882,INT-3XXXNH2
7244,WH-07244,New York,New York,Regional DC,67082,INT-EM0HDVO
7245,WH-07245,Atlanta,Georgia,Cross Dock,31887,INT-K8PD84C
7246,WH-07246,Portland,Oregon,Cross Dock,76316,INT-KSO1T4R
7247,WH-07247,Austin,Texas,Fulfillment Center,53796,INT-HBCNK2S
7248,WH-07248,Atlanta,Georgia,Fulfillment Center,58582,INT-GT5KHOJ
7249,WH-07249,Dallas,Texas,Fulfillment Center,35988,INT-VONPJ39
7250,WH-07250,Austin,Texas,Regional DC,93549,INT-NWRG3DT
7251,WH-07251,Houston,Texas,Cross Dock,92078,INT-AO9323J
7252,WH-07252,Chicago,Illinois,Regional DC,7290,INT-M44TT83
7253,WH-07253,Seattle,Washington,Distribution Center,22164,INT-K5IHLV3
7254,WH-07254,Detroit,Michigan,Distribution Center,17238,INT-F5UDEUG
7255,WH-07255,Chicago,Illinois,Cross Dock,40859,INT-1JMFSE2
7256,WH-07256,Miami,Florida,Regional DC,5749,INT-GK0DGDP
7257,WH-07257,Boston,Massachusetts,Fulfillment Center,14431,INT-QJPXQYW
7258,WH-07258,Austin,Texas,Distribution Center,80388,INT-2W78L6N
7259,WH-07259,Phoenix,Arizona,Regional DC,8850,INT-2PZIM5T
7260,WH-07260,Houston,Texas,Regional DC,31412,INT-ILH2B7I
7261,WH-07261,Phoenix,Arizona,Fulfillment Center,32927,INT-YASA0D8
7262,WH-07262,Boston,Massachusetts,Fulfillment Center,14796,INT-36XMPUA
7263,WH-07263,Boston,Massachusetts,Distribution Center,82024,INT-8SRENAH
7264,WH-07264,Phoenix,Arizona,Cross Dock,96913,INT-I29HDUU
7265,WH-07265,Boston,Massachusetts,Regional DC,84844,INT-J3C9ROJ
7266,WH-07266,Charlotte,North Carolina,Cross Dock,58203,INT-2AEYXJY
7267,WH-07267,Boston,Massachusetts,Regional DC,58650,INT-3M5FQMN
7268,WH-07268,Phoenix,Arizona,Cross Dock,53176,INT-KK9HFQ2
7269,WH-07269,Boston,Massachusetts,Cross Dock,33355,INT-FYIPPL5
7270,WH-07270,,Unknown,Fulfillment Center,20898,INT-QF5U1TT
7271,WH-07271,Los Angeles,California,Regional DC,97155,INT-VULHETM
7272,WH-07272,Phoenix,Arizona,Fulfillment Center,84683,INT-0V4PEJP
7273,WH-07273,Dallas,Texas,Distribution Center,22607,INT-U48GCWN
7274,WH-07274,Charlotte,North Carolina,Cross Dock,74838,INT-OAH8OQP
7275,WH-07275,Chicago,Illinois,Cross Dock,66988,INT-RG4S37O
7276,WH-07276,Houston,Texas,Distribution Center,66448,INT-CGSAY7B
7277,WH-07277,Chicago,Illinois,Cross Dock,41884,INT-QTZGZ1T
7278,WH-07278,Detroit,Michigan,Cross Dock,65714,INT-7IBYFHA
7279,WH-07279,Boston,Massachusetts,Distribution Center,35071,INT-EBOQ4LZ
7280,WH-07280,Charlotte,North Carolina,Cross Dock,19390,INT-EO22L1M
7281,WH-07281,Boston,Massachusetts,Regional DC,18115,INT-FKSCPO5
7282,WH-07282,Detroit,Michigan,Cross Dock,28962,INT-O8HUY6G
7283,WH-07283,Charlotte,North Carolina,Cross Dock,77482,INT-AC5EB9E
7284,WH-07284,Los Angeles,California,Regional DC,30676,INT-9GOVRU6
7285,WH-07285,Phoenix,Arizona,Cross Dock,28230,INT-D710JID
7286,WH-07286,Charlotte,North Carolina,Regional DC,42113,INT-EFT8NKD
7287,WH-07287,Denver,Colorado,Regional DC,16725,INT-M0J6PUI
7288,WH-07288,Denver,Colorado,Fulfillment Center,72752,INT-X5VWU81
7289,WH-07289,Los Angeles,California,Cross Dock,38920,INT-BDNCA7R
7290,WH-07290,Charlotte,North Carolina,Fulfillment Center,38326,INT-RM1AREE
7291,WH-07291,Atlanta,Georgia,Distribution Center,98739,INT-U3C0JOD
7292,WH-07292,Dallas,Texas,Fulfillment Center,75950,INT-KDHDKBO
7293,WH-07293,Seattle,Washington,Distribution Center,68185,INT-7W7T42E
7294,WH-07294,Boston,Massachusetts,Cross Dock,99263,INT-UCOV8JB
7295,WH-07295,Chicago,Illinois,Cross Dock,6729,INT-VZMEWXM
7296,WH-07296,Detroit,Michigan,Regional DC,25788,INT-UGGX25D
7297,WH-07297,Boston,Massachusetts,Cross Dock,15262,INT-TRGM5RL
7298,WH-07298,New York,New York,Distribution Center,82498,INT-NBS64CQ
7299,WH-07299,Detroit,Michigan,Regional DC,94872,INT-0CHYMR1
7300,WH-07300,Phoenix,Arizona,Distribution Center,5087,INT-WF0A86W
7301,WH-07301,Los Angeles,California,Cross Dock,14534,INT-KL8PUCG
7302,WH-07302,Boston,Massachusetts,Distribution Center,53939,INT-FPE6E4R
7303,WH-07303,Seattle,Washington,Distribution Center,66249,INT-JHZQH13
7304,WH-07304,Miami,Florida,Fulfillment Center,49585,INT-0NU2JEI
7305,WH-07305,Miami,Florida,Fulfillment Center,95565,INT-B46R3AL
7306,WH-07306,Boston,Massachusetts,Regional DC,34538,INT-SUL6OS6
7307,WH-07307,New York,New York,Cross Dock,87730,INT-KOR2EYT
7308,WH-07308,Charlotte,North Carolina,Cross Dock,63107,INT-SUD83P3
7309,WH-07309,Dallas,Texas,Distribution Center,64838,INT-VQPY6I5
7310,WH-07310,New York,New York,Regional DC,99095,INT-0BNADQV
7311,WH-07311,Portland,Oregon,Fulfillment Center,66040,INT-VQEWO7A
7312,WH-07312,Boston,Massachusetts,Cross Dock,73891,INT-P6ALQ8K
7313,WH-07313,Austin,Texas,Distribution Center,49249,INT-1OF9EL6
7314,WH-07314,Detroit,Michigan,Cross Dock,23522,INT-PU2V8AZ
7315,WH-07315,Houston,Texas,Regional DC,49027,INT-JU4YXIB
7316,WH-07316,Charlotte,North Carolina,Fulfillment Center,47781,INT-PWGJIAH
7317,WH-07317,Houston,Texas,Fulfillment Center,48645,INT-WJH96FZ
7318,WH-07318,Boston,Massachusetts,Fulfillment Center,74622,INT-QS5IRV5
7319,WH-07319,New York,New York,Fulfillment Center,52427,INT-MZ9KI1J
7320,WH-07320,Los Angeles,California,Cross Dock,6677,INT-H6LVKAE
7321,WH-07321,Portland,Oregon,Cross Dock,61223,INT-I5DB1GK
7322,WH-07322,New York,New York,Distribution Center,52479,INT-NTK77IK
7323,WH-07323,Los Angeles,California,Regional DC,30174,INT-JEV2EN0
7324,WH-07324,Denver,Colorado,Cross Dock,97739,INT-VFTOX2D
7325,WH-07325,Phoenix,Arizona,Regional DC,12112,INT-77PXUSC
7326,WH-07326,Detroit,Michigan,Fulfillment Center,33923,INT-27R92GY
7327,WH-07327,Houston,Texas,Regional DC,28714,INT-Z0WVEEF
7328,WH-07328,Detroit,Michigan,Regional DC,14154,INT-VIAZ0IA
7329,WH-07329,Denver,Colorado,Cross Dock,6313,INT-3LKKVIR
7330,WH-07330,Denver,Colorado,Regional DC,72087,INT-6HMZ85G
7331,WH-07331,Atlanta,Georgia,Fulfillment Center,52233,INT-76V38XI
7332,WH-07332,Boston,Massachusetts,Fulfillment Center,90740,INT-3ATMY5U
7333,WH-07333,Chicago,Illinois,Regional DC,84347,INT-747BWAT
7334,WH-07334,Detroit,Michigan,Cross Dock,5541,INT-P4KMJQO
7335,WH-07335,Los Angeles,California,Fulfillment Center,20964,INT-XJ0VB11
7336,WH-07336,Seattle,Washington,Fulfillment Center,47555,INT-LYWXLZ1
7337,WH-07337,Dallas,Texas,Fulfillment Center,69566,INT-4OQG692
7338,WH-07338,Boston,Massachusetts,Distribution Center,33134,INT-MG8UWKK
7339,WH-07339,Dallas,Texas,Cross Dock,64577,INT-UDRZ7W9
7340,WH-07340,Chicago,Illinois,Cross Dock,59136,INT-RUVT5TE
7341,WH-07341,Dallas,Texas,Regional DC,94944,INT-UUSON2R
7342,WH-07342,Boston,Massachusetts,Fulfillment Center,56582,INT-937BZO1
7343,WH-07343,Boston,Massachusetts,Distribution Center,76830,INT-2M2ICW1
7344,WH-07344,Austin,Texas,Fulfillment Center,21765,INT-T9IKCG6
7345,WH-07345,Charlotte,North Carolina,Fulfillment Center,31373,INT-GU1X6KX
7346,WH-07346,Portland,Oregon,Regional DC,25925,INT-6LMSMWJ
7347,WH-07347,Atlanta,Georgia,Fulfillment Center,60597,INT-NN2OQY5
7348,WH-07348,Houston,Texas,Fulfillment Center,25417,INT-WKQYRBW
7349,WH-07349,Chicago,Illinois,Distribution Center,38181,INT-Y72SWW1
7350,WH-07350,Seattle,Washington,Regional DC,41533,INT-8FMC228
7351,WH-07351,Phoenix,Arizona,Distribution Center,36962,INT-FXDFXOF
7352,WH-07352,Boston,Massachusetts,Regional DC,5,INT-NVWHQDV
7353,WH-07353,,Unknown,Distribution Center,10043,INT-XV2OVPD
7354,WH-07354,Houston,Texas,Regional DC,87708,INT-UXRC7JE
7355,WH-07355,Denver,Colorado,Cross Dock,60463,INT-QMVSUU0
7356,WH-07356,Portland,Oregon,Fulfillment Center,34174,INT-9TAHWBG
7357,WH-07357,Houston,Texas,Fulfillment Center,41223,INT-W2IGP8S
7358,WH-07358,Detroit,Michigan,Fulfillment Center,92846,INT-ECMCDBB
7359,WH-07359,Detroit,Michigan,Distribution Center,57579,INT-950TPVA
7360,WH-07360,Charlotte,North Carolina,Cross Dock,76752,INT-KPHB5Z5
7361,WH-07361,Austin,Texas,Distribution Center,98467,INT-ECJB4PO
7362,WH-07362,,Unknown,Distribution Center,13454,INT-S3TBR7F
7363,WH-07363,Seattle,Washington,Regional DC,56038,INT-KTBG6GL
7364,WH-07364,Portland,Oregon,Fulfillment Center,67589,INT-NP2VDHR
7365,WH-07365,Chicago,Illinois,Regional DC,61926,INT-EYL5UUC
7366,WH-07366,Boston,Massachusetts,Fulfillment Center,24720,INT-5H7SD68
7367,WH-07367,Boston,Massachusetts,Fulfillment Center,29423,INT-UXV32BU
7368,WH-07368,Atlanta,Georgia,Distribution Center,13144,INT-2N6IVRM
7369,WH-07369,Phoenix,Arizona,Regional DC,50691,INT-1T646KR
7370,WH-07370,Boston,Massachusetts,Distribution Center,80116,INT-KJL9DNI
7371,WH-07371,New York,New York,Fulfillment Center,15591,INT-4YQRG0I
7372,WH-07372,Miami,Florida,Cross Dock,22924,INT-L2WT0IN
7373,WH-07373,Detroit,Michigan,Cross Dock,34087,INT-UWW1RQO
7374,WH-07374,,Unknown,Distribution Center,5,INT-DBGVJ3X
7375,WH-07375,Atlanta,Georgia,Fulfillment Center,29609,INT-IG8UXUM
7376,WH-07376,Phoenix,Arizona,Fulfillment Center,26825,INT-2679FTR
7377,WH-07377,Seattle,Washington,Fulfillment Center,62456,INT-ZS5FCY2
7378,WH-07378,Los Angeles,California,Distribution Center,55187,INT-N1ST9OY
7379,WH-07379,Houston,Texas,Fulfillment Center,96583,INT-W1CHL30
7380,WH-07380,Portland,Oregon,Distribution Center,14330,INT-DDD94PO
7381,WH-07381,Charlotte,North Carolina,Cross Dock,15411,INT-W8IPAKP
7382,WH-07382,Phoenix,Arizona,Fulfillment Center,27998,INT-8JFT5A8
7383,WH-07383,,Unknown,Cross Dock,34723,INT-JSL0ZBV
7384,WH-07384,Boston,Massachusetts,Fulfillment Center,87038,INT-4DIWITY
7385,WH-07385,New York,New York,Regional DC,37034,INT-H1D78N9
7386,WH-07386,Charlotte,North Carolina,Cross Dock,23594,INT-YZCCYTD
7387,WH-07387,Charlotte,North Carolina,Cross Dock,62446,INT-H9N74B7
7388,WH-07388,Atlanta,Georgia,Distribution Center,26677,INT-KXQMTUZ
7389,WH-07389,Los Angeles,California,Fulfillment Center,17963,INT-MA85QR4
7390,WH-07390,Detroit,Michigan,Fulfillment Center,62928,INT-BIW97SD
7391,WH-07391,Chicago,Illinois,Distribution Center,54292,INT-2BLOTV3
7392,WH-07392,Miami,Florida,Distribution Center,37836,INT-ZH5N86L
7393,WH-07393,Austin,Texas,Fulfillment Center,62081,INT-LWRELTD
7394,WH-07394,Atlanta,Georgia,Regional DC,59653,INT-J6V71D6
7395,WH-07395,Denver,Colorado,Fulfillment Center,62501,INT-9U42TRM
7396,WH-07396,Detroit,Michigan,Distribution Center,37606,INT-11W6ZOW
7397,WH-07397,Charlotte,North Carolina,Cross Dock,10868,INT-806VVE7
7398,WH-07398,Atlanta,Georgia,Fulfillment Center,36939,INT-P0V1B9T
7399,WH-07399,Denver,Colorado,Cross Dock,35192,INT-94NT4C5
7400,WH-07400,Houston,Texas,Cross Dock,31835,INT-KGKT5ZL
7401,WH-07401,HOUSTON,Unknown,Distribution Center,6401,INT-ADIWMMK
7402,WH-07402,Dallas,Texas,Cross Dock,35979,INT-Z90HBPP
7403,WH-07403,Detroit,Michigan,Fulfillment Center,87782,INT-VRJTE8F
7404,WH-07404,Miami,Florida,Fulfillment Center,64670,INT-Q09NNCE
7405,WH-07405,Charlotte,North Carolina,Cross Dock,10030,INT-QG95CA7
7406,WH-07406,New York,New York,Regional DC,91738,INT-ZMAN8FA
7407,WH-07407,Charlotte,North Carolina,Regional DC,25526,INT-3Z7D6T3
7408,WH-07408,Detroit,Michigan,Distribution Center,37245,INT-ESQ8K9K
7409,WH-07409,New York,New York,Regional DC,15657,INT-VOK95M4
7410,WH-07410,Miami,Florida,Fulfillment Center,19339,INT-14LJGAK
7411,WH-07411,Denver,Colorado,Distribution Center,54544,INT-AZDG2FE
7412,WH-07412,Charlotte,North Carolina,Distribution Center,47030,INT-7EJ1HFT
7413,WH-07413,Denver,Colorado,Regional DC,93011,INT-WMM0PIX
7414,WH-07414,Seattle,Washington,Distribution Center,38281,INT-SC45JL7
7415,WH-07415,New York,New York,Distribution Center,68761,INT-GDRCGND
7416,WH-07416,Austin,Texas,Regional DC,73809,INT-733GMG1
7417,WH-07417,Phoenix,Arizona,Fulfillment Center,36572,INT-J8O49DK
7418,WH-07418,Phoenix,Arizona,Cross Dock,39071,INT-GLUP8MI
7419,WH-07419,Phoenix,Arizona,Fulfillment Center,16346,INT-133UL37
7420,WH-07420,Portland,Oregon,Regional DC,58614,INT-MZ4YL9L
7421,WH-07421,Austin,Texas,Fulfillment Center,54882,INT-9IDLEH3
7422,WH-07422,Houston,Texas,Distribution Center,24202,INT-AIG9QDS
7423,WH-07423,Houston,Texas,Cross Dock,29244,INT-VP13FS4
7424,WH-07424,Charlotte,North Carolina,Distribution Center,68897,INT-8Q1HXOW
7425,WH-07425,Charlotte,North Carolina,Cross Dock,74284,INT-KRGHHGM
7426,WH-07426,Boston,Massachusetts,Distribution Center,92230,INT-XD2NVNV
7427,WH-07427,Portland,Oregon,Regional DC,30226,INT-N0PDOSF
7428,WH-07428,Boston,Massachusetts,Fulfillment Center,47865,INT-B4SK22T
7429,WH-07429,Boston,Massachusetts,Regional DC,52983,INT-X6IK58F
7430,WH-07430,,Unknown,Fulfillment Center,25891,INT-78ZHXCH
7431,WH-07431,Dallas,Texas,Regional DC,56875,INT-DM3BYAI
7432,WH-07432,Houston,Texas,Regional DC,37648,INT-HX1UQWA
7433,WH-07433,Austin,Texas,Cross Dock,90438,INT-2QMB1EH
7434,WH-07434,Los Angeles,California,Fulfillment Center,61038,INT-XR197V0
7435,WH-07435,Dallas,Texas,Fulfillment Center,71509,INT-T2I4J85
7436,WH-07436,Detroit,Michigan,Fulfillment Center,46867,INT-B1N1OHF
7437,WH-07437,Miami,Florida,Cross Dock,87385,INT-Z2Z45C0
7438,WH-07438,Charlotte,North Carolina,Cross Dock,96650,INT-ILS9I9M
7439,WH-07439,Denver,Colorado,Cross Dock,60729,INT-LLUAV8V
7440,WH-07440,Phoenix,Arizona,Distribution Center,15675,INT-DOXPERZ
7441,WH-07441,Charlotte,North Carolina,Cross Dock,81496,INT-Z3M2MTP
7442,WH-07442,Houston,Texas,Cross Dock,24772,INT-7A498CD
7443,WH-07443,Houston,Texas,Distribution Center,72957,INT-3PFEX1N
7444,WH-07444,Detroit,Michigan,Distribution Center,5818,INT-RUBJGS8
7445,WH-07445,Los Angeles,California,Fulfillment Center,30843,INT-3HL5B8X
7446,WH-07446,Portland,Oregon,Fulfillment Center,74672,INT-PXKHKLF
7447,WH-07447,Atlanta,Georgia,Distribution Center,57129,INT-IHYTAE6
7448,WH-07448,Phoenix,Arizona,Regional DC,56518,INT-0F56G00
7449,WH-07449,Houston,Texas,Cross Dock,54957,INT-7J2MQZH
7450,WH-07450,Phoenix,Arizona,Distribution Center,26218,INT-Z6IR9JR
7451,WH-07451,Portland,Oregon,Distribution Center,84848,INT-9ZVOF8S
7452,WH-07452,Phoenix,Arizona,Regional DC,42933,INT-8UGX1M9
7453,WH-07453,Austin,Texas,Distribution Center,78220,INT-UZ0BU8R
7454,WH-07454,Chicago,Illinois,Distribution Center,32815,INT-FXNK8L4
7455,WH-07455,Phoenix,Arizona,Regional DC,10951,INT-VW0H0XO
7456,WH-07456,New York,New York,Regional DC,80411,INT-UHO6JZA
7457,WH-07457,Los Angeles,California,Fulfillment Center,8835,INT-SOPK6JK
7458,WH-07458,Seattle,Washington,Cross Dock,71581,INT-ZV25ZMG
7459,WH-07459,Chicago,Illinois,Distribution Center,89311,INT-SZDV9XJ
7460,WH-07460,Houston,Texas,Regional DC,21880,INT-OMP6CEL
7461,WH-07461,Phoenix,Arizona,Cross Dock,91731,INT-NZGB4GK
7462,WH-07462,Seattle,Washington,Distribution Center,20586,INT-N54PYG4
7463,WH-07463,Boston,Massachusetts,Distribution Center,33467,INT-MQRY5Y9
7464,WH-07464,Denver,Colorado,Regional DC,88052,INT-FIC839T
7465,WH-07465,Miami,Florida,Cross Dock,91227,INT-1DTZBYC
7466,WH-07466,Boston,Massachusetts,Cross Dock,91015,INT-WAROHH3
7467,WH-07467,Houston,Texas,Distribution Center,96716,INT-O78O15Y
7468,WH-07468,Portland,Oregon,Distribution Center,36705,INT-E01MEM6
7469,WH-07469,Houston,Texas,Cross Dock,39430,INT-MXF6OCP
7470,WH-07470,Los Angeles,California,Regional DC,32117,INT-M1MIO4P
7471,WH-07471,Detroit,Michigan,Regional DC,16531,INT-ZMUWEI8
7472,WH-07472,Portland,Oregon,Cross Dock,12582,INT-93XVANW
7473,WH-07473,Austin,Texas,Regional DC,18699,INT-GIIYZUM
7474,WH-07474,Seattle,Washington,Regional DC,61958,INT-GJOKLSA
7475,WH-07475,Detroit,Michigan,Fulfillment Center,46915,INT-8L6CLJ5
7476,WH-07476,Phoenix,Arizona,Cross Dock,57151,INT-MFSDWOP
7477,WH-07477,Denver,Colorado,Cross Dock,28817,INT-YTYG2K8
7478,WH-07478,Charlotte,North Carolina,Regional DC,20803,INT-1EL9BDT
7479,WH-07479,Boston,Massachusetts,Cross Dock,70285,INT-11QEI87
7480,WH-07480,Atlanta,Georgia,Regional DC,58477,INT-2HLVLDJ
7481,WH-07481,Los Angeles,California,Cross Dock,59056,INT-PUYIHKR
7482,WH-07482,Houston,Texas,Distribution Center,88036,INT-Y6VBLQL
7483,WH-07483,Los Angeles,California,Fulfillment Center,9470,INT-Y0EKUAO
7484,WH-07484,Portland,Oregon,Cross Dock,98345,INT-20OLJNJ
7485,WH-07485,Austin,Texas,Regional DC,79451,INT-TNZZ6LZ
7486,WH-07486,Phoenix,Arizona,Distribution Center,89271,INT-DFQDEAQ
7487,WH-07487,Boston,Massachusetts,Fulfillment Center,8896,INT-4INDYE2
7488,WH-07488,Detroit,Michigan,Fulfillment Center,79880,INT-5LZTI1H
7489,WH-07489,Los Angeles,California,Distribution Center,94580,INT-16OZMFD
7490,WH-07490,Chicago,Illinois,Cross Dock,5293,INT-7Z2WDSR
7491,WH-07491,Austin,Texas,Distribution Center,66460,INT-V9LWKGY
7492,WH-07492,Boston,Massachusetts,Distribution Center,5000000,INT-FWUSFRX
7493,WH-07493,Miami,Florida,Regional DC,88980,INT-XRN93JA
7494,WH-07494,Dallas,Texas,Fulfillment Center,42613,INT-BQPYDS3
7495,WH-07495,Detroit,Michigan,Cross Dock,25589,INT-U06YVFI
7496,WH-07496,Chicago,Illinois,Cross Dock,28666,INT-95F7QS7
7497,WH-07497,Phoenix,Arizona,Cross Dock,59273,INT-JSIHG31
7498,WH-07498,Chicago,Illinois,Cross Dock,69324,INT-LFN58JT
7499,WH-07499,Houston,Texas,Regional DC,98258,INT-K66K1K2
7500,WH-07500,Phoenix,Arizona,Fulfillment Center,19797,INT-G0FCZNN
7501,WH-07501,Detroit,Michigan,Cross Dock,23244,INT-T7Q5ZHR
7502,WH-07502,New York,New York,Regional DC,28170,INT-EA8H45Y
7503,WH-07503,New York,New York,Fulfillment Center,53484,INT-L66ROP0
7504,WH-07504,Boston,Massachusetts,Cross Dock,46830,INT-JMTXA0X
7505,WH-07505,Atlanta,Georgia,Distribution Center,75725,INT-3YQ9C0L
7506,WH-07506,Austin,Texas,Fulfillment Center,69991,INT-7PEOGD3
7507,WH-07507,Miami,Florida,Regional DC,94784,INT-UGSVANZ
7508,WH-07508,Charlotte,North Carolina,Regional DC,77610,INT-81SHCYM
7509,WH-07509,Houston,Texas,Fulfillment Center,75924,INT-O90V8GE
7510,WH-07510,Miami,Florida,Cross Dock,55786,INT-VQHZVHM
7511,WH-07511,Miami,Florida,Fulfillment Center,77120,INT-6NM5SGN
7512,WH-07512,Atlanta,Georgia,Fulfillment Center,8929,INT-D0CYPSC
7513,WH-07513,Detroit,Michigan,Fulfillment Center,14082,INT-VXRSQYI
7514,WH-07514,Seattle,Washington,Fulfillment Center,56093,INT-621S27T
7515,WH-07515,Austin,Texas,Distribution Center,77943,INT-RQT4DPJ
7516,WH-07516,Boston,Massachusetts,Fulfillment Center,36957,INT-BPPPW6P
7517,WH-07517,Atlanta,Georgia,Regional DC,53771,INT-TSQDS5G
7518,WH-07518,Phoenix,Arizona,Cross Dock,35137,INT-LGRWPK5
7519,WH-07519,Dallas,Texas,Cross Dock,89770,INT-URKCTTE
7520,WH-07520,Miami,Florida,Fulfillment Center,82431,INT-9MMAEE7
7521,WH-07521,Dallas,Texas,Fulfillment Center,29817,INT-QLVBBC5
7522,WH-07522,Atlanta,Georgia,Fulfillment Center,6904,INT-Z8SIWQU
7523,WH-07523,Miami,Florida,Cross Dock,45203,INT-Y7G76S3
7524,WH-07524,Detroit,Michigan,Regional DC,72566,INT-AFRRBNB
7525,WH-07525,Los Angeles,California,Regional DC,97323,INT-OMW08KF
7526,WH-07526,Chicago,Illinois,Fulfillment Center,47011,INT-YOZKUC6
7527,WH-07527,Denver,Colorado,Distribution Center,28235,INT-6HQXZ81
7528,WH-07528,Phoenix,Arizona,Cross Dock,38656,INT-1FMGKA2
7529,WH-07529,New York,New York,Cross Dock,6603,INT-1VNNCQF
7530,WH-07530,Phoenix,Arizona,Fulfillment Center,20312,INT-JK9G9HR
7531,WH-07531,Boston,Massachusetts,Regional DC,35526,INT-HEBOS1V
7532,WH-07532,Portland,Oregon,Distribution Center,87115,INT-AS7L98T
7533,WH-07533,Portland,Oregon,Fulfillment Center,96610,INT-X6DD3FR
7534,WH-07534,Denver,Colorado,Fulfillment Center,45400,INT-D2OU4P9
7535,WH-07535,Seattle,Washington,Distribution Center,65472,INT-UWP9DVN
7536,WH-07536,Austin,Texas,Fulfillment Center,39962,INT-TOH830T
7537,WH-07537,Los Angeles,California,Cross Dock,90247,INT-WB8PYFG
7538,WH-07538,Detroit,Michigan,Cross Dock,56196,INT-XVV096T
7539,WH-07539,Houston,Texas,Cross Dock,52557,INT-1L69XLM
7540,WH-07540,Denver,Colorado,Regional DC,27033,INT-SMDR6M4
7541,WH-07541,Boston,Massachusetts,Distribution Center,40379,INT-206HP30
7542,WH-07542,Portland,Oregon,Fulfillment Center,25541,INT-IZTLTMI
7543,WH-07543,Boston,Massachusetts,Distribution Center,34883,INT-FLBX2W9
7544,WH-07544,Boston,Massachusetts,Cross Dock,42315,INT-36DGAZ2
7545,WH-07545,Portland,Oregon,Regional DC,77357,INT-7XZCKXP
7546,WH-07546,Boston,Massachusetts,Cross Dock,60795,INT-ZZTA5CU
7547,WH-07547,,Unknown,Fulfillment Center,78852,INT-5CJI5WF
7548,WH-07548,New York,New York,Distribution Center,13602,INT-NOOHMET
7549,WH-07549,Dallas,Texas,Regional DC,63044,INT-P9RR4BP
7550,WH-07550,Houston,Texas,Regional DC,38070,INT-7EGLCU8
7551,WH-07551,Chicago,Illinois,Fulfillment Center,5858,INT-TKQ17FY
7552,WH-07552,Chicago,Illinois,Fulfillment Center,80597,INT-DND45KD
7553,WH-07553,Austin,Texas,Regional DC,45335,INT-P4YJTMW
7554,WH-07554,Austin,Texas,Fulfillment Center,65501,INT-KZNJKFO
7555,WH-07555,Charlotte,North Carolina,Regional DC,99471,INT-8YS202A
7556,WH-07556,Los Angeles,California,Cross Dock,76431,INT-6WLAE45
7557,WH-07557,Chicago,Illinois,Regional DC,98858,INT-52RINUF
7558,WH-07558,Dallas,Texas,Distribution Center,59547,INT-94TACHN
7559,WH-07559,Seattle,Washington,Distribution Center,56180,INT-XT1480J
7560,WH-07560,Detroit,Michigan,Cross Dock,79684,INT-ZE7CHJ3
7561,WH-07561,Atlanta,Georgia,Distribution Center,89344,INT-ZOTU7SJ
7562,WH-07562,Atlanta,Georgia,Regional DC,77461,INT-JPS39SD
7563,WH-07563,Phoenix,Arizona,Cross Dock,60375,INT-JJ1Q2CE
7564,WH-07564,Miami,Florida,Fulfillment Center,93838,INT-BL23XHR
7565,WH-07565,Seattle,Washington,Cross Dock,35146,INT-LKVDZMY
7566,WH-07566,Los Angeles,California,Distribution Center,57361,INT-YR7P0NA
7567,WH-07567,Charlotte,North Carolina,Regional DC,33302,INT-9KWF6MN
7568,WH-07568,Miami,Florida,Distribution Center,28614,INT-H783CVH
7569,WH-07569,Seattle,Washington,Distribution Center,63272,INT-L8LLE9Z
7570,WH-07570,New York,New York,Fulfillment Center,94968,INT-SV94CW9
7571,WH-07571,Detroit,Michigan,Cross Dock,55041,INT-5NX4T4O
7572,WH-07572,Atlanta,Georgia,Fulfillment Center,40989,INT-BBZ244Z
7573,WH-07573,Austin,Texas,Distribution Center,82518,INT-MATGTNN
7574,WH-07574,Chicago,Illinois,Regional DC,31121,INT-55QX7ZG
7575,WH-07575,Houston,Texas,Distribution Center,59429,INT-1QVJ5CR
7576,WH-07576,Boston,Massachusetts,Fulfillment Center,40902,INT-1VQMSJS
7577,WH-07577,Chicago,Illinois,Cross Dock,56509,INT-YI109D2
7578,WH-07578,Portland,Oregon,Distribution Center,12915,INT-9BPHWDQ
7579,WH-07579,Phoenix,Arizona,Cross Dock,10518,INT-LFUZ52F
7580,WH-07580,Charlotte,North Carolina,Fulfillment Center,34400,INT-RCACV1T
7581,WH-07581,Atlanta,Georgia,Cross Dock,92779,INT-3MBHMLL
7582,WH-07582,New York,New York,Distribution Center,21782,INT-6DFMNQJ
7583,WH-07583,Chicago,Illinois,Regional DC,13283,INT-30ODFP5
7584,WH-07584,Phoenix,Arizona,Regional DC,48302,INT-EFP96E6
7585,WH-07585,Austin,Texas,Fulfillment Center,79469,INT-8U9G0G4
7586,WH-07586,Atlanta,Georgia,Regional DC,56657,INT-SOZ6KPN
7587,WH-07587,Atlanta,Georgia,Cross Dock,16613,INT-6SVCDDR
7588,WH-07588,Seattle,Washington,Regional DC,80830,INT-XTS46X4
7589,WH-07589,Portland,Oregon,Fulfillment Center,84830,INT-T3CCW52
7590,WH-07590,Charlotte,North Carolina,Cross Dock,49628,INT-BETHV7A
7591,WH-07591,Atlanta,Georgia,Cross Dock,20476,INT-EKG9J5X
7592,WH-07592,Charlotte,North Carolina,Distribution Center,79540,INT-7KTV2KK
7593,WH-07593,Denver,Colorado,Cross Dock,69678,INT-TFCNZWA
7594,WH-07594,Denver,Colorado,Regional DC,64869,INT-EABKVEC
7595,WH-07595,New york,Unknown,Distribution Center,5,INT-8WMHPGH
7596,WH-07596,Seattle,Washington,Regional DC,90314,INT-9KSFJ86
7597,WH-07597,Miami,Florida,Cross Dock,26302,INT-YMS1N8B
7598,WH-07598,Atlanta,Georgia,Cross Dock,40034,INT-IVP7C72
7599,WH-07599,Denver,Colorado,Regional DC,47696,INT-T0GQKJZ
7600,WH-07600,Dallas,Texas,Cross Dock,54377,INT-PEFR6OW
7601,WH-07601,Austin,Texas,Distribution Center,84714,INT-B76XWR9
7602,WH-07602,Charlotte,North Carolina,Distribution Center,77723,INT-VWHE0XZ
7603,WH-07603,Houston,Texas,Regional DC,55322,INT-R135YRG
7604,WH-07604,New York,New York,Distribution Center,24648,INT-HN5JVCH
7605,WH-07605,Houston,Texas,Regional DC,44657,INT-TT9F2JI
7606,WH-07606,Phoenix,Arizona,Fulfillment Center,36407,INT-MKQI623
7607,WH-07607,Los Angeles,California,Distribution Center,19060,INT-V2NVN5W
7608,WH-07608,Miami,Florida,Cross Dock,96254,INT-B32CR4S
7609,WH-07609,Detroit,Michigan,Regional DC,48239,INT-8ONGJ1T
7610,WH-07610,Detroit,Michigan,Regional DC,6847,INT-MFN57HQ
7611,WH-07611,Boston,Massachusetts,Regional DC,8188,INT-Z5ZPFZR
7612,WH-07612,Chicago,Illinois,Distribution Center,41511,INT-OTXZC5M
7613,WH-07613,Seattle,Washington,Distribution Center,28185,INT-OBY68BB
7614,WH-07614,Dallas,Texas,Distribution Center,29973,INT-SPCLEFA
7615,WH-07615,Atlanta,Georgia,Fulfillment Center,58675,INT-IHLTWMP
7616,WH-07616,Charlotte,North Carolina,Cross Dock,21577,INT-A9PVXHW
7617,WH-07617,New York,New York,Fulfillment Center,23514,INT-3KW5K4E
7618,WH-07618,Denver,Colorado,Fulfillment Center,79437,INT-C5BRYBS
7619,WH-07619,Chicago,Illinois,Regional DC,31230,INT-HRAAYE2
7620,WH-07620,Chicago ,Illinois,Fulfillment Center,41452,INT-H10J507
7621,WH-07621,New York,New York,Fulfillment Center,10901,INT-IKXZAU7
7622,WH-07622,Los Angeles,California,Fulfillment Center,74791,INT-QEFBU1O
7623,WH-07623,Miami,Florida,Regional DC,37210,INT-W7HOTV9
7624,WH-07624,Boston,Massachusetts,Cross Dock,74821,INT-W4Z7FQZ
7625,WH-07625,Boston,Massachusetts,Cross Dock,92514,INT-T6ZYW95
7626,WH-07626,Houston,Texas,Cross Dock,83067,INT-3DX4U8E
7627,WH-07627,Miami,Florida,Fulfillment Center,15324,INT-O5LPCKU
7628,WH-07628,Charlotte,North Carolina,Cross Dock,63731,INT-JFTXU8T
7629,WH-07629,Charlotte,North Carolina,Cross Dock,87646,INT-54RE9L0
7630,WH-07630,Miami,Florida,Cross Dock,99262,INT-0EOQ84A
7631,WH-07631,Miami,Florida,Fulfillment Center,67051,INT-LI92RLE
7632,WH-07632,Portland,Oregon,Distribution Center,94950,INT-V643D1V
7633,WH-07633,Portland,Oregon,Distribution Center,9999999,INT-KODMYYU
7634,WH-07634,Denver,Colorado,Distribution Center,38928,INT-OOWABII
7635,WH-07635,Boston,Massachusetts,Regional DC,18094,INT-6O65RHT
7636,WH-07636,Miami,Florida,Cross Dock,93948,INT-GBUN6PU
7637,WH-07637,Phoenix,Arizona,Fulfillment Center,5503,INT-TNTPIHK
7638,WH-07638,Seattle,Washington,Regional DC,73923,INT-XXWNSFM
7639,WH-07639,Austin,Texas,Regional DC,47678,INT-MOPOKQD
7640,WH-07640,Charlotte,North Carolina,Cross Dock,71548,INT-G4GHYM1
7641,WH-07641,Portland,Oregon,Regional DC,48704,INT-9AA6H9L
7642,WH-07642,,Unknown,Regional DC,15246,INT-26J1GH9
7643,WH-07643,Los Angeles,California,Distribution Center,39106,INT-0BDI8CG
7644,WH-07644,Dallas,Texas,Regional DC,96118,INT-1Z0WGTJ
7645,WH-07645,Denver,Colorado,Cross Dock,39221,INT-0ZARFLS
7646,WH-07646,Portland,Oregon,Fulfillment Center,21454,INT-52GOTYJ
7647,WH-07647,Portland,Oregon,Cross Dock,99458,INT-UCCG30T
7648,WH-07648,Atlanta,Georgia,Distribution Center,24884,INT-MJN4U0P
7649,WH-07649,Charlotte,North Carolina,Regional DC,47668,INT-OL6FR93
7650,WH-07650,Denver,Colorado,Fulfillment Center,54547,INT-P23WW25
7651,WH-07651,Denver,Colorado,Regional DC,30356,INT-V0YXU62
7652,WH-07652,Austin,Texas,Distribution Center,52889,INT-CRHMYVT
7653,WH-07653,Houston,Texas,Fulfillment Center,24150,INT-UZS6MO5
7654,WH-07654,Detroit,Michigan,Distribution Center,34370,INT-GGP4RF5
7655,WH-07655,Portland,Oregon,Distribution Center,97750,INT-YXQPZPU
7656,WH-07656,Detroit,Michigan,Fulfillment Center,59335,INT-ORYY37T
7657,WH-07657,Detroit,Michigan,Regional DC,95727,INT-UF0M8B8
7658,WH-07658,Boston,Massachusetts,Cross Dock,82594,INT-EY7JSRY
7659,WH-07659,Austin,Texas,Regional DC,77652,INT-8F2DHGM
7660,WH-07660,Chicago,Illinois,Regional DC,72962,INT-MN892KK
7661,WH-07661,Portland,Oregon,Regional DC,10029,INT-AQAIST9
7662,WH-07662,Austin,Texas,Regional DC,87509,INT-CHNB1PU
7663,WH-07663,,Unknown,Regional DC,25929,INT-DLR97UD
7664,WH-07664,Los Angeles,California,Fulfillment Center,38760,INT-DLBSGT4
7665,WH-07665,Portland,Oregon,Distribution Center,73030,INT-D54SWZV
7666,WH-07666,New York,New York,Regional DC,9999999,INT-OPOL56Q
7667,WH-07667,Charlotte,North Carolina,Regional DC,40866,INT-ZQY8JFA
7668,WH-07668,Seattle,Washington,Cross Dock,16314,INT-AI7N3G6
7669,WH-07669,Boston,Massachusetts,Regional DC,49896,INT-PDQNPMQ
7670,WH-07670,Charlotte,North Carolina,Regional DC,43556,INT-ONKAW5W
7671,WH-07671,Austin,Texas,Distribution Center,20201,INT-X4FUAN4
7672,WH-07672,Houston,Texas,Regional DC,98439,INT-15YJ6FA
7673,WH-07673,Detroit,Michigan,Cross Dock,28319,INT-IVX5P8W
7674,WH-07674,Boston,Massachusetts,Distribution Center,75423,INT-PQOT8D0
7675,WH-07675,New York,New York,Regional DC,83952,INT-1Y4GHJJ
7676,WH-07676,Houston,Texas,Distribution Center,16297,INT-MMZ6PSR
7677,WH-07677,Seattle,Washington,Regional DC,56250,INT-SFDG509
7678,WH-07678,Detroit,Michigan,Fulfillment Center,78834,INT-BW9LH5Z
7679,WH-07679,Miami,Florida,Fulfillment Center,15651,INT-MO9HURQ
7680,WH-07680,Detroit,Michigan,Regional DC,74048,INT-KVW6GMQ
7681,WH-07681,Phoenix,Arizona,Regional DC,24998,INT-ACXNMB8
7682,WH-07682,Seattle,Washington,Distribution Center,71338,INT-G7RHHUH
7683,WH-07683,Boston,Massachusetts,Regional DC,13684,INT-2BM1JDD
7684,WH-07684,Atlanta,Georgia,Fulfillment Center,85705,INT-X0ES7P1
7685,WH-07685,Detroit,Michigan,Cross Dock,62133,INT-NGMGB7Q
7686,WH-07686,Denver,Colorado,Regional DC,72171,INT-B3VAZ7N
7687,WH-07687,Houston,Texas,Regional DC,34364,INT-NUTUBL8
7688,WH-07688,Charlotte,North Carolina,Cross Dock,74958,INT-73PIOQR
7689,WH-07689,Austin,Texas,Fulfillment Center,49776,INT-OKAOQV7
7690,WH-07690,Seattle,Washington,Fulfillment Center,70020,INT-VVTAMF9
7691,WH-07691,Detroit,Michigan,Regional DC,51849,INT-5U7X4WZ
7692,WH-07692,Houston,Texas,Regional DC,30799,INT-W2BUFJO
7693,WH-07693,Phoenix,Arizona,Regional DC,70805,INT-VEPJFJT
7694,WH-07694,Denver,Colorado,Fulfillment Center,67845,INT-OSJ89YI
7695,WH-07695,Charlotte,North Carolina,Regional DC,21803,INT-WPLBSL6
7696,WH-07696,Boston,Massachusetts,Fulfillment Center,80033,INT-ABAFFKB
7697,WH-07697,Phoenix,Arizona,Distribution Center,86570,INT-I087WM9
7698,WH-07698,Miami,Florida,Regional DC,96530,INT-8NCZW0W
7699,WH-07699,Detroit,Michigan,Fulfillment Center,62321,INT-3QR3I12
7700,WH-07700,Los Angeles,California,Regional DC,47055,INT-NEAZ19G
7701,WH-07701,Seattle,Washington,Fulfillment Center,7411,INT-IWF5VRV
7702,WH-07702,Phoenix,Arizona,Distribution Center,72652,INT-PXZEDJ3
7703,WH-07703,Los Angeles,California,Distribution Center,97333,INT-T7TRGVO
7704,WH-07704,,Unknown,Regional DC,12102,INT-UYQ0FI1
7705,WH-07705,Seattle,Washington,Fulfillment Center,78791,INT-POFZ68K
7706,WH-07706,Austin,Texas,Distribution Center,34984,INT-SWXNCNY
7707,WH-07707,Detroit,Michigan,Fulfillment Center,91119,INT-GD7WQ0C
7708,WH-07708,Boston,Massachusetts,Cross Dock,89373,INT-MAJJQF6
7709,WH-07709,Detroit,Michigan,Regional DC,37380,INT-1UTFEUY
7710,WH-07710,Boston,Massachusetts,Cross Dock,44804,INT-O798IDY
7711,WH-07711,Dallas,Texas,Distribution Center,97255,INT-SXAYJLN
7712,WH-07712,Miami,Florida,Cross Dock,12825,INT-81Q6LZM
7713,WH-07713,Seattle,Washington,Regional DC,22700,INT-K7DO85L
7714,WH-07714,Boston,Massachusetts,Fulfillment Center,25051,INT-QFUEE9E
7715,WH-07715,Portland,Oregon,Fulfillment Center,86141,INT-BX9U8EX
7716,WH-07716,,Unknown,Regional DC,65764,INT-6Q0XOHC
7717,WH-07717,New York,New York,Distribution Center,38512,INT-Z6VANUC
7718,WH-07718,Los Angeles,California,Cross Dock,92480,INT-CJU4BS3
7719,WH-07719,Dallas,Texas,Distribution Center,80202,INT-OIO9GVD
7720,WH-07720,Los Angeles,California,Distribution Center,41557,INT-VCYHBBS
7721,WH-07721,,Unknown,Distribution Center,21650,INT-BDJE27L
7722,WH-07722,Houston,Texas,Distribution Center,12475,INT-P5BEV09
7723,WH-07723,Chicago,Illinois,Cross Dock,25768,INT-KE0H3QZ
7724,WH-07724,Charlotte,North Carolina,Cross Dock,72750,INT-AGMNFO9
7725,WH-07725,Atlanta,Georgia,Fulfillment Center,68363,INT-2ZJV7ZC
7726,WH-07726,Denver,Colorado,Cross Dock,82007,INT-K9YF451
7727,WH-07727,Charlotte,North Carolina,Cross Dock,19567,INT-TI81LM9
7728,WH-07728,Boston,Massachusetts,Cross Dock,18736,INT-54QQORM
7729,WH-07729,Los Angeles,California,Distribution Center,6399,INT-EUMPE8N
7730,WH-07730,Detroit,Michigan,Cross Dock,68928,INT-M9ZROI2
7731,WH-07731,Portland,Oregon,Regional DC,76908,INT-USE7AHQ
7732,WH-07732,Houston,Texas,Cross Dock,27833,INT-4S973TW
7733,WH-07733,Charlotte,North Carolina,Cross Dock,70507,INT-GJ18UID
7734,WH-07734,Austin,Texas,Cross Dock,75931,INT-1J10VT7
7735,WH-07735,New York,New York,Fulfillment Center,55051,INT-CNK9I3X
7736,WH-07736,Charlotte,North Carolina,Distribution Center,30432,INT-YU12CGN
7737,WH-07737,Detroit,Michigan,Regional DC,17567,INT-1YSUVHI
7738,WH-07738,Atlanta,Georgia,Regional DC,55476,INT-JBTMEFV
7739,WH-07739,Boston,Massachusetts,Fulfillment Center,79247,INT-3E503HK
7740,WH-07740,Charlotte,North Carolina,Fulfillment Center,40128,INT-C11D47J
7741,WH-07741,Portland,Oregon,Regional DC,12483,INT-QUYGDN0
7742,WH-07742,Los Angeles,California,Cross Dock,59451,INT-G7R3WZK
7743,WH-07743,Miami,Florida,Regional DC,19856,INT-0B2LUD3
7744,WH-07744,Charlotte,North Carolina,Distribution Center,86123,INT-G98CKGU
7745,WH-07745,Boston,Massachusetts,Distribution Center,5249,INT-LEPMOLS
7746,WH-07746,Denver,Colorado,Regional DC,64332,INT-6Q5TQ32
7747,WH-07747,Seattle,Washington,Fulfillment Center,10895,INT-9VYFE5D
7748,WH-07748,Denver,Colorado,Distribution Center,22545,INT-6T27ODZ
7749,WH-07749,Los Angeles,California,Fulfillment Center,46053,INT-2MVN2A8
7750,WH-07750,Boston,Massachusetts,Regional DC,33708,INT-M4CWY51
7751,WH-07751,Detroit,Michigan,Cross Dock,14377,INT-V603R90
7752,WH-07752,Los Angeles,California,Distribution Center,17789,INT-80MYN2M
7753,WH-07753,Miami,Florida,Fulfillment Center,66605,INT-QLUVAAZ
7754,WH-07754,Dallas,Texas,Distribution Center,68169,INT-UZ89L69
7755,WH-07755,Denver,Colorado,Distribution Center,78574,INT-7NWZZNT
7756,WH-07756,Dallas,Texas,Fulfillment Center,87868,INT-4R713NF
7757,WH-07757,Phoenix,Arizona,Distribution Center,82796,INT-5KG8ZHB
7758,WH-07758,Chicago,Illinois,Cross Dock,56545,INT-Q5UNZNK
7759,WH-07759,Chicago,Illinois,Distribution Center,24920,INT-VDGEQ6R
7760,WH-07760,Miami,Florida,Distribution Center,63015,INT-HAJYCBT
7761,WH-07761,Houston,Texas,Distribution Center,53887,INT-XR461ZU
7762,WH-07762,Boston,Massachusetts,Cross Dock,54200,INT-6EMJH8N
7763,WH-07763,Los Angeles,California,Cross Dock,74570,INT-VGP7AMM
7764,WH-07764,Phoenix,Arizona,Fulfillment Center,10244,INT-YG0HGY2
7765,WH-07765,Phoenix,Arizona,Fulfillment Center,12543,INT-9LACOA7
7766,WH-07766,Atlanta,Georgia,Fulfillment Center,23045,INT-LP26HYC
7767,WH-07767,Boston,Massachusetts,Regional DC,25854,INT-NG9UDI5
7768,WH-07768,Denver,Colorado,Distribution Center,57946,INT-2X4C9R8
7769,WH-07769,Houston,Texas,Fulfillment Center,34626,INT-KOG6ZCI
7770,WH-07770,Charlotte,North Carolina,Fulfillment Center,6849,INT-537BJOU
7771,WH-07771,Houston,Texas,Distribution Center,29877,INT-PUM3RE0
7772,WH-07772,Portland,Oregon,Fulfillment Center,68066,INT-BK6TFPY
7773,WH-07773,Denver,Colorado,Regional DC,30912,INT-MGCW3H0
7774,WH-07774,Detroit,Michigan,Distribution Center,85978,INT-QD3FOH6
7775,WH-07775,Seattle,Washington,Distribution Center,79058,INT-XQRK8GV
7776,WH-07776,Phoenix,Arizona,Distribution Center,70429,INT-RFLVG3R
7777,WH-07777,,Unknown,Fulfillment Center,97020,INT-91U71L3
7778,WH-07778,Detroit,Michigan,Cross Dock,99163,INT-BJTH2GY
7779,WH-07779,Atlanta,Georgia,Fulfillment Center,94669,INT-AA1R7Z8
7780,WH-07780,Houston,Texas,Cross Dock,46956,INT-GCXJ1F2
7781,WH-07781,Phoenix,Arizona,Regional DC,5000000,INT-5D6PU99
7782,WH-07782,Portland,Oregon,Fulfillment Center,57016,INT-3FVPT2R
7783,WH-07783,Austin,Texas,Fulfillment Center,59398,INT-NUT79DR
7784,WH-07784,Los Angeles,California,Cross Dock,38049,INT-A04OT68
7785,WH-07785,Boston,Massachusetts,Fulfillment Center,96699,INT-IWD63JB
7786,WH-07786,Phoenix,Arizona,Fulfillment Center,68791,INT-OZANV35
7787,WH-07787,Charlotte,North Carolina,Cross Dock,39890,INT-M38DG0P
7788,WH-07788,Los Angeles,California,Regional DC,36631,INT-7HPNOWV
7789,WH-07789,New York,New York,Fulfillment Center,6465,INT-WCM5CGF
7790,WH-07790,Atlanta,Georgia,Cross Dock,34152,INT-KC9ZCA8
7791,WH-07791,New York,New York,Cross Dock,45619,INT-3AKYROY
7792,WH-07792,Denver,Colorado,Distribution Center,63877,INT-N3HCYZC
7793,WH-07793,Chicago,Illinois,Regional DC,84467,INT-TKUX7P6
7794,WH-07794,Charlotte,North Carolina,Regional DC,88218,INT-FV17AIY
7795,WH-07795,Los Angeles,California,Cross Dock,92769,INT-J5EQB19
7796,WH-07796,Chicago,Illinois,Fulfillment Center,75124,INT-9ID4IUL
7797,WH-07797,Detroit,Michigan,Regional DC,64571,INT-KTT0NCC
7798,WH-07798,Detroit,Michigan,Distribution Center,91601,INT-DKXZZKM
7799,WH-07799,Los Angeles,California,Regional DC,65825,INT-M0NGZEJ
7800,WH-07800,Detroit,Michigan,Cross Dock,19730,INT-VYIM09D
7801,WH-07801,Austin,Texas,Distribution Center,29195,INT-JGXF3FB
7802,WH-07802,Charlotte,North Carolina,Cross Dock,60312,INT-X1GISWE
7803,WH-07803,Seattle,Washington,Distribution Center,27170,INT-4CHE5BC
7804,WH-07804,Austin,Texas,Regional DC,93625,INT-T2GRQ60
7805,WH-07805,Detroit,Michigan,Distribution Center,33915,INT-7IPCKK2
7806,WH-07806,Miami,Florida,Distribution Center,40926,INT-GDPFCTV
7807,WH-07807,Phoenix,Arizona,Fulfillment Center,85601,INT-QAAHAGB
7808,WH-07808,,Unknown,Regional DC,75504,INT-DNBSMOY
7809,WH-07809,Los Angeles,California,Distribution Center,38863,INT-YQA5HEZ
7810,WH-07810,Atlanta,Georgia,Regional DC,34956,INT-A40F1Y9
7811,WH-07811,Miami,Florida,Distribution Center,24361,INT-3MPPY6N
7812,WH-07812,New York,New York,Fulfillment Center,6669,INT-71KZ3G0
7813,WH-07813,Austin,Texas,Distribution Center,85770,INT-KURO3F1
7814,WH-07814,Boston,Massachusetts,Cross Dock,92860,INT-1LFR4CA
7815,WH-07815,Denver,Colorado,Distribution Center,40549,INT-IZZSB7B
7816,WH-07816,Dallas,Texas,Regional DC,33032,INT-2O2N6PI
7817,WH-07817,Chicago,Illinois,Regional DC,30748,INT-KRIYG9B
7818,WH-07818,Atlanta,Georgia,Cross Dock,5523,INT-L4I98Q4
7819,WH-07819,Denver,Colorado,Distribution Center,65442,INT-5ZHWUXO
7820,WH-07820,Austin,Texas,Regional DC,88944,INT-WQ0A46J
7821,WH-07821,New York,New York,Distribution Center,38016,INT-YR9VU13
7822,WH-07822,Portland,Oregon,Regional DC,99145,INT-VBRXASX
7823,WH-07823,Miami,Florida,Regional DC,8852,INT-PH4RLVV
7824,WH-07824,Phoenix,Arizona,Fulfillment Center,13992,INT-8IEWUR6
7825,WH-07825,Chicago,Illinois,Cross Dock,17327,INT-R1OZK46
7826,WH-07826,Seattle,Washington,Regional DC,13543,INT-UOFK373
7827,WH-07827,Boston,Massachusetts,Cross Dock,56256,INT-LAWBN3Y
7828,WH-07828,Houston,Texas,Regional DC,41168,INT-5EYKQFO
7829,WH-07829,Austin,Texas,Fulfillment Center,53612,INT-H1PXCV7
7830,WH-07830,Detroit,Michigan,Regional DC,83368,INT-GD5HOBF
7831,WH-07831,Boston,Massachusetts,Distribution Center,61456,INT-0YKHT7X
7832,WH-07832,Boston,Massachusetts,Regional DC,25866,INT-FIBHNZW
7833,WH-07833,Miami,Florida,Cross Dock,46340,INT-0BR8FSM
7834,WH-07834,New York,New York,Distribution Center,6285,INT-TNOBP6R
7835,WH-07835,New york,Unknown,Fulfillment Center,64719,INT-52H5U9H
7836,WH-07836,Austin,Texas,Regional DC,35518,INT-B49M1KA
7837,WH-07837,Boston,Massachusetts,Fulfillment Center,32801,INT-QH9PVZE
7838,WH-07838,Denver,Colorado,Cross Dock,90529,INT-HV5FAJT
7839,WH-07839,Dallas,Texas,Regional DC,73161,INT-X3OI85F
7840,WH-07840,Houston,Texas,Regional DC,93766,INT-6PQWUBX
7841,WH-07841,Seattle,Washington,Cross Dock,51351,INT-SSTYA1N
7842,WH-07842,Portland,Oregon,Regional DC,55771,INT-V4FZV22
7843,WH-07843,Atlanta,Georgia,Distribution Center,18437,INT-XY3N9PJ
7844,WH-07844,Miami,Florida,Regional DC,13521,INT-MLMEJHN
7845,WH-07845,Boston,Massachusetts,Regional DC,76696,INT-W0XNKSX
7846,WH-07846,,Unknown,Distribution Center,63538,INT-0AOWMX9
7847,WH-07847,Houston,Texas,Regional DC,40724,INT-B4D5JIT
7848,WH-07848,Chicago,Illinois,Cross Dock,86596,INT-FNYKFNB
7849,WH-07849,Detroit,Michigan,Fulfillment Center,29333,INT-ZU1T75Z
7850,WH-07850,Chicago,Illinois,Regional DC,82738,INT-CNNETH3
7851,WH-07851,Charlotte,North Carolina,Fulfillment Center,19132,INT-N3WJOOI
7852,WH-07852,Phoenix,Arizona,Cross Dock,95580,INT-WT79DD4
7853,WH-07853,,Unknown,Distribution Center,36080,INT-8QI4S9R
7854,WH-07854,Dallas,Texas,Fulfillment Center,61646,INT-D3BCDID
7855,WH-07855,Dallas,Texas,Fulfillment Center,62740,INT-U92ZJWX
7856,WH-07856,Houston,Texas,Distribution Center,16587,INT-H1HZ7UM
7857,WH-07857,Chicago,Illinois,Regional DC,29020,INT-8AH4UPU
7858,WH-07858,Atlanta,Georgia,Fulfillment Center,74670,INT-1EHNU6H
7859,WH-07859,Austin,Texas,Regional DC,91338,INT-0KB82QB
7860,WH-07860,Austin,Texas,Fulfillment Center,19177,INT-WFHW7NM
7861,WH-07861,Atlanta,Georgia,Cross Dock,8894,INT-0W9549N
7862,WH-07862,Seattle,Washington,Regional DC,78397,INT-6M63UZN
7863,WH-07863,Los Angeles,California,Cross Dock,96468,INT-HOVI9FS
7864,WH-07864,Seattle,Washington,Fulfillment Center,78002,INT-UDA2J2D
7865,WH-07865,,Unknown,Cross Dock,47135,INT-XVXT4I7
7866,WH-07866,Austin,Texas,Distribution Center,89576,INT-RE9BBBK
7867,WH-07867,Denver,Colorado,Fulfillment Center,21698,INT-TH5TXJU
7868,WH-07868,Phoenix,Arizona,Regional DC,65792,INT-AMYH0WA
7869,WH-07869,New York,New York,Regional DC,63383,INT-HUCFKZ3
7870,WH-07870,Denver,Colorado,Distribution Center,51671,INT-LLYP1EE
7871,WH-07871,Atlanta,Georgia,Fulfillment Center,24519,INT-BXNXXY6
7872,WH-07872,Austin,Texas,Distribution Center,56909,INT-RQ98NSK
7873,WH-07873,New York,New York,Cross Dock,7919,INT-2XHTZO0
7874,WH-07874,Detroit,Michigan,Distribution Center,27991,INT-EWUSYJU
7875,WH-07875,Charlotte,North Carolina,Cross Dock,71018,INT-XTJFEXL
7876,WH-07876,Seattle,Washington,Cross Dock,27728,INT-Z31ANDY
7877,WH-07877,Dallas,Texas,Cross Dock,31505,INT-342ACWE
7878,WH-07878,Austin,Texas,Cross Dock,15862,INT-LCLYZJI
7879,WH-07879,Houston,Texas,Distribution Center,92911,INT-SYG6TD7
7880,WH-07880,Austin,Texas,Regional DC,41427,INT-A3YB54S
7881,WH-07881,Detroit,Michigan,Cross Dock,34281,INT-2MEMC4I
7882,WH-07882,Seattle,Washington,Fulfillment Center,31112,INT-HDAX7SK
7883,WH-07883,Detroit,Michigan,Regional DC,66857,INT-BNL9WQQ
7884,WH-07884,Atlanta,Georgia,Regional DC,49062,INT-547K691
7885,WH-07885,Phoenix,Arizona,Regional DC,53422,INT-4B24G3N
7886,WH-07886,Austin,Texas,Cross Dock,30704,INT-JO5EWA1
7887,WH-07887,Dallas,Texas,Regional DC,40387,INT-LL21G7R
7888,WH-07888,Phoenix,Arizona,Cross Dock,35019,INT-6KNXQ6A
7889,WH-07889,Detroit,Michigan,Fulfillment Center,86814,INT-VR0SBA4
7890,WH-07890,Chicago,Illinois,Regional DC,26492,INT-HZBTMS3
7891,WH-07891,Boston,Massachusetts,Fulfillment Center,10643,INT-5XICB9R
7892,WH-07892,Denver,Colorado,Fulfillment Center,42934,INT-1BY8DWI
7893,WH-07893,Phoenix,Arizona,Distribution Center,22779,INT-J7G4E28
7894,WH-07894,Portland,Oregon,Cross Dock,20272,INT-1H81AEL
7895,WH-07895,Miami,Florida,Cross Dock,59573,INT-AF4B0L3
7896,WH-07896,Austin,Texas,Regional DC,78082,INT-F0DS6A3
7897,WH-07897,Los Angeles,California,Distribution Center,47796,INT-EICQG9L
7898,WH-07898,Portland,Oregon,Cross Dock,5569,INT-K4UTIF5
7899,WH-07899,Detroit,Michigan,Cross Dock,88365,INT-K3T4LZD
7900,WH-07900,Charlotte,North Carolina,Fulfillment Center,60747,INT-254YE9H
7901,WH-07901,Los Angeles,California,Regional DC,63370,INT-6N8N59R
7902,WH-07902,Austin,Texas,Regional DC,32337,INT-LF8Q5CX
7903,WH-07903,Dallas,Texas,Regional DC,97697,INT-4IW9U71
7904,WH-07904,Detroit,Michigan,Fulfillment Center,29396,INT-T4WYF2K
7905,WH-07905,Detroit,Michigan,Cross Dock,6269,INT-FJOBQ74
7906,WH-07906,Dallas,Texas,Fulfillment Center,40838,INT-0UXP3EM
7907,WH-07907,New york,Unknown,Cross Dock,70340,INT-ZWDWBVJ
7908,WH-07908,Los Angeles,California,Regional DC,10186,INT-NHM7VQV
7909,WH-07909,New York,New York,Fulfillment Center,24707,INT-E3L9BTW
7910,WH-07910,Chicago,Illinois,Regional DC,40971,INT-4PC1XKR
7911,WH-07911,Los Angeles,California,Regional DC,55572,INT-1Q05Q17
7912,WH-07912,Los Angeles,California,Fulfillment Center,33152,INT-44PD3YG
7913,WH-07913,Los Angeles,California,Cross Dock,23137,INT-502OETO
7914,WH-07914,Houston,Texas,Fulfillment Center,71608,INT-ZKT8IB1
7915,WH-07915,Chicago,Illinois,Fulfillment Center,32964,INT-GBS6XTA
7916,WH-07916,Austin,Texas,Cross Dock,43661,INT-SD01V7E
7917,WH-07917,Denver,Colorado,Regional DC,77833,INT-X5QAPYG
7918,WH-07918,Detroit,Michigan,Regional DC,81348,INT-R8MELGE
7919,WH-07919,New York,New York,Regional DC,89471,INT-G14OV5T
7920,WH-07920,Charlotte,North Carolina,Distribution Center,59014,INT-WFH0OIQ
7921,WH-07921,Portland,Oregon,Cross Dock,11119,INT-GQFMNA0
7922,WH-07922,Dallas,Texas,Distribution Center,8626,INT-74UD5P0
7923,WH-07923,Seattle,Washington,Cross Dock,12941,INT-JQUFUBS
7924,WH-07924,Seattle,Washington,Cross Dock,44809,INT-BGHWSLZ
7925,WH-07925,Phoenix,Arizona,Cross Dock,45864,INT-B81YYBO
7926,WH-07926,Portland,Oregon,Distribution Center,16860,INT-02SYJ58
7927,WH-07927,Denver,Colorado,Distribution Center,33085,INT-8D5AIMH
7928,WH-07928,Detroit,Michigan,Distribution Center,52209,INT-X12YPO9
7929,WH-07929,Detroit,Michigan,Distribution Center,74361,INT-HC8R820
7930,WH-07930,New York,New York,Regional DC,95220,INT-1XF8FNM
7931,WH-07931,Houston,Texas,Regional DC,32973,INT-7OHYIAS
7932,WH-07932,Detroit,Michigan,Fulfillment Center,33591,INT-VGM2BFF
7933,WH-07933,Houston,Texas,Distribution Center,6974,INT-5ET4CPS
7934,WH-07934,Seattle,Washington,Fulfillment Center,30062,INT-2G8M7B3
7935,WH-07935,Dallas,Texas,Regional DC,15951,INT-258W476
7936,WH-07936,Detroit,Michigan,Fulfillment Center,87215,INT-QCESP6I
7937,WH-07937,Phoenix,Arizona,Cross Dock,15431,INT-A8J6FPQ
7938,WH-07938,Denver,Colorado,Regional DC,71052,INT-SWK5H1W
7939,WH-07939,Boston,Massachusetts,Fulfillment Center,26360,INT-AML8FHB
7940,WH-07940,Chicago,Illinois,Cross Dock,14862,INT-BF3TFRV
7941,WH-07941,Los Angeles,California,Distribution Center,31549,INT-735SSAM
7942,WH-07942,Atlanta,Georgia,Cross Dock,47417,INT-GP1DGPY
7943,WH-07943,Houston,Texas,Cross Dock,20006,INT-UNC8XCO
7944,WH-07944,Detroit,Michigan,Cross Dock,65497,INT-4EQKIRQ
7945,WH-07945,Phoenix,Arizona,Regional DC,71278,INT-G0OMU32
7946,WH-07946,,Unknown,Fulfillment Center,34260,INT-LWYWNTI
7947,WH-07947,Dallas,Texas,Fulfillment Center,34382,INT-T8G21U4
7948,WH-07948,Atlanta,Georgia,Fulfillment Center,79841,INT-GHCKPR0
7949,WH-07949,Phoenix,Arizona,Regional DC,5899,INT-DGCRWXN
7950,WH-07950,Atlanta,Georgia,Cross Dock,54319,INT-XNNJT4A
7951,WH-07951,Portland,Oregon,Cross Dock,8701,INT-1XV3Z58
7952,WH-07952,Portland,Oregon,Fulfillment Center,78917,INT-T8QV406
7953,WH-07953,Chicago,Illinois,Cross Dock,36157,INT-B3Y1IHG
7954,WH-07954,Charlotte,North Carolina,Regional DC,51073,INT-U5DDDG9
7955,WH-07955,Phoenix,Arizona,Fulfillment Center,5785,INT-94YI32V
7956,WH-07956,Miami,Florida,Regional DC,54365,INT-BFQNAL1
7957,WH-07957,Boston,Massachusetts,Cross Dock,80518,INT-HHCJAKE
7958,WH-07958,Boston,Massachusetts,Fulfillment Center,36059,INT-UCQ9U4Y
7959,WH-07959,Boston,Massachusetts,Distribution Center,89392,INT-U4VLKEX
7960,WH-07960,Boston,Massachusetts,Regional DC,16754,INT-PUWHV13
7961,WH-07961,Denver,Colorado,Regional DC,61550,INT-2LW8E4Z
7962,WH-07962,Austin,Texas,Regional DC,31222,INT-7AGGPAX
7963,WH-07963,Denver,Colorado,Fulfillment Center,31078,INT-MFQDVYJ
7964,WH-07964,Portland,Oregon,Regional DC,19684,INT-RCOSZZM
7965,WH-07965,Boston,Massachusetts,Cross Dock,79910,INT-FKFBKBM
7966,WH-07966,Miami,Florida,Distribution Center,54227,INT-G7W1157
7967,WH-07967,Los Angeles,California,Distribution Center,55024,INT-TAXWGDD
7968,WH-07968,Chicago,Illinois,Distribution Center,80069,INT-N9KDWCQ
7969,WH-07969,Atlanta,Georgia,Cross Dock,24264,INT-7HSGTRD
7970,WH-07970,Austin,Texas,Fulfillment Center,15059,INT-8VH2R8K
7971,WH-07971,Miami,Florida,Cross Dock,7191,INT-E8WW4NG
7972,WH-07972,Chicago,Illinois,Distribution Center,90671,INT-3IK5W8A
7973,WH-07973,Phoenix,Arizona,Distribution Center,70564,INT-MIAGDRH
7974,WH-07974,Phoenix,Arizona,Fulfillment Center,38565,INT-SRDIEJ1
7975,WH-07975,Phoenix,Arizona,Regional DC,49798,INT-3YIG4I8
7976,WH-07976,Phoenix,Arizona,Regional DC,25133,INT-RH6SV4D
7977,WH-07977,Miami,Florida,Fulfillment Center,94971,INT-U794MIZ
7978,WH-07978,Atlanta,Georgia,Distribution Center,60849,INT-DOFC2I3
7979,WH-07979,New York,New York,Cross Dock,98903,INT-01IYHHW
7980,WH-07980,Houston,Texas,Cross Dock,17549,INT-R6922T3
7981,WH-07981,Houston,Texas,Regional DC,24469,INT-RGWI532
7982,WH-07982,Chicago,Illinois,Regional DC,52563,INT-CB67SAQ
7983,WH-07983,Los Angeles,California,Fulfillment Center,93321,INT-F1MVFZ5
7984,WH-07984,Charlotte,North Carolina,Cross Dock,19001,INT-HX2MZDQ
7985,WH-07985,Denver,Colorado,Distribution Center,49166,INT-YMKESI9
7986,WH-07986,Los Angeles,California,Fulfillment Center,20548,INT-LPH38DW
7987,WH-07987,Seattle,Washington,Cross Dock,37922,INT-87EDG1Z
7988,WH-07988,Miami,Florida,Regional DC,10032,INT-NQF3HXF
7989,WH-07989,Dallas,Texas,Cross Dock,69757,INT-Z04849S
7990,WH-07990,Atlanta,Georgia,Fulfillment Center,89368,INT-G83DK53
7991,WH-07991,Atlanta,Georgia,Regional DC,42527,INT-4Y7ZE0T
7992,WH-07992,Charlotte,North Carolina,Regional DC,67564,INT-828TO54
7993,WH-07993,Boston,Massachusetts,Distribution Center,84294,INT-3IJT8DK
7994,WH-07994,Charlotte,North Carolina,Regional DC,99299,INT-YLEWG1E
7995,WH-07995,Los Angeles,California,Distribution Center,47054,INT-ALHUBPU
7996,WH-07996,Austin,Texas,Cross Dock,76846,INT-56L0A19
7997,WH-07997,Phoenix,Arizona,Fulfillment Center,74630,INT-YO6PR1Y
7998,WH-07998,Houston,Texas,Regional DC,25704,INT-U578CWD
7999,WH-07999,Charlotte,North Carolina,Distribution Center,48055,INT-EV0C8FR
8000,WH-08000,Charlotte,North Carolina,Cross Dock,93877,INT-VACQB3D
8001,WH-08001,Boston,Massachusetts,Regional DC,41466,INT-ODCHCEK
8002,WH-08002,New York,New York,Distribution Center,64595,INT-CQ2HUN8
8003,WH-08003,Charlotte,North Carolina,Regional DC,81146,INT-8A7H1CA
8004,WH-08004,Austin,Texas,Cross Dock,99645,INT-SEY66BA
8005,WH-08005,Detroit,Michigan,Regional DC,84253,INT-UBO6TY8
8006,WH-08006,Phoenix,Arizona,Distribution Center,92178,INT-QZQTBFV
8007,WH-08007,New York,New York,Cross Dock,83051,INT-61YKZHA
8008,WH-08008,Phoenix,Arizona,Fulfillment Center,49062,INT-SDHRA64
8009,WH-08009,,Unknown,Regional DC,35720,INT-0HNH5LE
8010,WH-08010,Detroit,Michigan,Cross Dock,11938,INT-O43EZTE
8011,WH-08011,Atlanta,Georgia,Distribution Center,14906,INT-PLIRP2G
8012,WH-08012,Miami,Florida,Regional DC,55828,INT-P63UFSS
8013,WH-08013,Los angeles,Unknown,Cross Dock,53357,INT-QVMSCGB
8014,WH-08014,Dallas,Texas,Fulfillment Center,99847,INT-8FRIGTA
8015,WH-08015,Austin,Texas,Fulfillment Center,47883,INT-AEA8ZR9
8016,WH-08016,Houston,Texas,Fulfillment Center,52327,INT-LGN0PJN
8017,WH-08017,Miami,Florida,Fulfillment Center,80143,INT-FPP18JZ
8018,WH-08018,New York,New York,Regional DC,26152,INT-NVNUN67
8019,WH-08019,New York,New York,Distribution Center,48744,INT-QVHWMY3
8020,WH-08020,Portland,Oregon,Cross Dock,53556,INT-D4V2CD1
8021,WH-08021,Seattle,Washington,Cross Dock,90382,INT-FFLEPQH
8022,WH-08022,Boston,Massachusetts,Fulfillment Center,80015,INT-38YVWOD
8023,WH-08023,New York,New York,Fulfillment Center,89146,INT-MVBF7B2
8024,WH-08024,Phoenix,Arizona,Regional DC,21471,INT-KE38WDG
8025,WH-08025,Denver,Colorado,Distribution Center,86560,INT-RQDCQ9P
8026,WH-08026,Denver,Colorado,Fulfillment Center,83485,INT-RBS9XY5
8027,WH-08027,Denver,Colorado,Fulfillment Center,7061,INT-EQK6272
8028,WH-08028,Denver,Colorado,Fulfillment Center,67953,INT-3FG6038
8029,WH-08029,Charlotte,North Carolina,Cross Dock,37299,INT-Z4SCL82
8030,WH-08030,Boston,Massachusetts,Regional DC,58526,INT-WO2O0L9
8031,WH-08031,Chicago,Illinois,Cross Dock,17919,INT-8DAAFBD
8032,WH-08032,Austin,Texas,Distribution Center,98067,INT-C9BVAMA
8033,WH-08033,Boston,Massachusetts,Fulfillment Center,21013,INT-W6EMZQO
8034,WH-08034,Atlanta,Georgia,Cross Dock,99518,INT-6BDP84S
8035,WH-08035,Boston,Massachusetts,Cross Dock,23080,INT-KPKXHZ8
8036,WH-08036,Houston,Texas,Cross Dock,5448,INT-PU75728
8037,WH-08037,Detroit,Michigan,Distribution Center,61078,INT-60LHJZT
8038,WH-08038,Denver,Colorado,Regional DC,14372,INT-A5L34MM
8039,WH-08039,New York,New York,Distribution Center,35947,INT-KGLN5YF
8040,WH-08040,Austin,Texas,Distribution Center,29549,INT-C48IQOW
8041,WH-08041,Seattle,Washington,Regional DC,35507,INT-2G5CA1K
8042,WH-08042,Detroit,Michigan,Regional DC,55675,INT-FVOTMS1
8043,WH-08043,Austin,Texas,Fulfillment Center,97560,INT-EE3F5MB
8044,WH-08044,Detroit,Michigan,Cross Dock,15818,INT-W3S216V
8045,WH-08045,Phoenix,Arizona,Regional DC,61265,INT-Q1R6W2Q
8046,WH-08046,Portland,Oregon,Regional DC,55360,INT-EHBBWBD
8047,WH-08047,Austin,Texas,Cross Dock,24511,INT-TL69MB6
8048,WH-08048,Denver,Colorado,Regional DC,49439,INT-E90M0E0
8049,WH-08049,Austin,Texas,Fulfillment Center,23482,INT-1D9E531
8050,WH-08050,Atlanta,Georgia,Fulfillment Center,86505,INT-Q9LOVDG
8051,WH-08051,Chicago,Illinois,Fulfillment Center,96067,INT-58BYFL4
8052,WH-08052,Dallas,Texas,Regional DC,75821,INT-P782KQP
8053,WH-08053,Dallas,Texas,Distribution Center,11921,INT-CM28QRG
8054,WH-08054,Chicago,Illinois,Cross Dock,8861,INT-JDX91DN
8055,WH-08055,Chicago,Illinois,Regional DC,24294,INT-RCER8UW
8056,WH-08056,New York,New York,Distribution Center,88622,INT-GFAQBWZ
8057,WH-08057,Charlotte,North Carolina,Cross Dock,61155,INT-NSL3YQP
8058,WH-08058,Boston,Massachusetts,Regional DC,62207,INT-RLZIG3G
8059,WH-08059,Chicago,Illinois,Cross Dock,66390,INT-KWX300H
8060,WH-08060,Charlotte,North Carolina,Cross Dock,39943,INT-56V3DIB
8061,WH-08061,Portland,Oregon,Fulfillment Center,43665,INT-K0H0CV7
8062,WH-08062,Houston,Texas,Regional DC,41242,INT-C78M17O
8063,WH-08063,Miami,Florida,Regional DC,44872,INT-DKJTEGH
8064,WH-08064,Seattle,Washington,Distribution Center,41737,INT-E04QKAZ
8065,WH-08065,Los Angeles,California,Fulfillment Center,80095,INT-ZCSGJJD
8066,WH-08066,Denver,Colorado,Fulfillment Center,50559,INT-DV8JV6S
8067,WH-08067,Miami,Florida,Fulfillment Center,5,INT-NVZTH35
8068,WH-08068,New York,New York,Cross Dock,46856,INT-GWPG2EW
8069,WH-08069,Detroit,Michigan,Distribution Center,8847,INT-AH7EVX3
8070,WH-08070,Los Angeles,California,Distribution Center,92391,INT-TZOWPPU
8071,WH-08071,Seattle,Washington,Fulfillment Center,63456,INT-8Q3WNOA
8072,WH-08072,Atlanta,Georgia,Distribution Center,86611,INT-Y33WJ88
8073,WH-08073,Boston,Massachusetts,Distribution Center,22301,INT-124RGLW
8074,WH-08074,Detroit,Michigan,Distribution Center,84041,INT-HMLPDO3
8075,WH-08075,Houston,Texas,Fulfillment Center,18508,INT-9825WXM
8076,WH-08076,Dallas,Texas,Fulfillment Center,34399,INT-N8OATBW
8077,WH-08077,Miami,Florida,Distribution Center,42099,INT-R18V2PF
8078,WH-08078,Portland,Oregon,Fulfillment Center,7977,INT-HXV6O9N
8079,WH-08079,Atlanta,Georgia,Fulfillment Center,33831,INT-J56D0N6
8080,WH-08080,New York,New York,Cross Dock,24384,INT-90N3YDG
8081,WH-08081,Denver,Colorado,Fulfillment Center,34521,INT-U4JEP5O
8082,WH-08082,Chicago,Illinois,Fulfillment Center,89132,INT-UUABO6S
8083,WH-08083,Denver,Colorado,Fulfillment Center,90692,INT-KUKG6JA
8084,WH-08084,Detroit,Michigan,Cross Dock,63425,INT-SM5TB0U
8085,WH-08085,Charlotte,North Carolina,Regional DC,45905,INT-7NLPACC
8086,WH-08086,Austin,Texas,Cross Dock,5000000,INT-BQKR87N
8087,WH-08087,Los Angeles,California,Cross Dock,76259,INT-WZ8LFOW
8088,WH-08088,Austin,Texas,Distribution Center,32407,INT-5UY5TSR
8089,WH-08089,Chicago,Illinois,Cross Dock,53227,INT-8QIYM49
8090,WH-08090,Boston,Massachusetts,Distribution Center,68763,INT-YNQVAAU
8091,WH-08091,Atlanta,Georgia,Regional DC,62175,INT-SR7ETTP
8092,WH-08092,Portland,Oregon,Fulfillment Center,76205,INT-ODT9Z8J
8093,WH-08093,Seattle,Washington,Regional DC,66264,INT-FR2Q457
8094,WH-08094,Austin,Texas,Fulfillment Center,56131,INT-PG4KCSS
8095,WH-08095,Houston,Texas,Fulfillment Center,97530,INT-VRYDZFC
8096,WH-08096,Houston,Texas,Cross Dock,82125,INT-BXRV0EI
8097,WH-08097,New York,New York,Distribution Center,87243,INT-4IPWARQ
8098,WH-08098,Austin,Texas,Regional DC,89877,INT-SDO632G
8099,WH-08099,Denver,Colorado,Fulfillment Center,41283,INT-2H62J0G
8100,WH-08100,Atlanta,Georgia,Fulfillment Center,84428,INT-LGPTTBV
8101,WH-08101,New York,New York,Distribution Center,75909,INT-86LQ5Z3
8102,WH-08102,New York,New York,Distribution Center,74677,INT-NB973YK
8103,WH-08103,Boston,Massachusetts,Distribution Center,16472,INT-EG7O4PA
8104,WH-08104,Seattle,Washington,Distribution Center,86415,INT-S3VE261
8105,WH-08105,Detroit,Michigan,Cross Dock,41889,INT-F9FHSBH
8106,WH-08106,Chicago,Illinois,Cross Dock,27462,INT-OGQC0HD
8107,WH-08107,New York,New York,Distribution Center,77259,INT-54DN0A2
8108,WH-08108,Chicago,Illinois,Distribution Center,79062,INT-Q7V7W6Y
8109,WH-08109,Los Angeles,California,Cross Dock,9567,INT-MMDQNLC
8110,WH-08110,Dallas,Texas,Fulfillment Center,39774,INT-ADUF74J
8111,WH-08111,Seattle,Washington,Distribution Center,37926,INT-1ULESCM
8112,WH-08112,Austin,Texas,Fulfillment Center,18726,INT-SB87RMD
8113,WH-08113,Dallas,Texas,Distribution Center,70464,INT-X1S1QF7
8114,WH-08114,Phoenix,Arizona,Distribution Center,56076,INT-2ZOKLD0
8115,WH-08115,New York,New York,Fulfillment Center,59302,INT-FVVNX0Q
8116,WH-08116,Houston,Texas,Fulfillment Center,44842,INT-HNK8TA2
8117,WH-08117,Charlotte,North Carolina,Distribution Center,38696,INT-UQBHKGI
8118,WH-08118,Chicago,Illinois,Cross Dock,45933,INT-MML936Q
8119,WH-08119,,Unknown,Cross Dock,64970,INT-PD3GUBI
8120,WH-08120,Los Angeles,California,Regional DC,50725,INT-W52FJVN
8121,WH-08121,Los Angeles,California,Cross Dock,48365,INT-UPL83UN
8122,WH-08122,Phoenix,Arizona,Distribution Center,99113,INT-CSNF91Y
8123,WH-08123,Seattle,Washington,Distribution Center,97091,INT-2OO8X4B
8124,WH-08124,Seattle,Washington,Cross Dock,89267,INT-LAOQ0XC
8125,WH-08125,Charlotte,North Carolina,Fulfillment Center,5000000,INT-UOB5MLQ
8126,WH-08126,Denver,Colorado,Regional DC,50784,INT-IDI8XNH
8127,WH-08127,Chicago,Illinois,Regional DC,93804,INT-ZBZ2XR9
8128,WH-08128,,Unknown,Fulfillment Center,78485,INT-93R0WSU
8129,WH-08129,Austin,Texas,Fulfillment Center,8972,INT-4E6LON3
8130,WH-08130,Miami,Florida,Fulfillment Center,30622,INT-NSG1O2U
8131,WH-08131,Detroit,Michigan,Regional DC,52945,INT-BK72IC3
8132,WH-08132,Charlotte,North Carolina,Fulfillment Center,98017,INT-UR54TDZ
8133,WH-08133,Charlotte,North Carolina,Cross Dock,11069,INT-9QNU0YT
8134,WH-08134,Charlotte,North Carolina,Distribution Center,28786,INT-TP3PREV
8135,WH-08135,Denver,Colorado,Cross Dock,10314,INT-9FE93T4
8136,WH-08136,Atlanta,Georgia,Cross Dock,43984,INT-9Q2VXGU
8137,WH-08137,Charlotte,North Carolina,Regional DC,19402,INT-06GC4YU
8138,WH-08138,Boston,Massachusetts,Fulfillment Center,67847,INT-DFND9YI
8139,WH-08139,Houston,Texas,Distribution Center,33718,INT-B21WGWK
8140,WH-08140,Phoenix,Arizona,Distribution Center,82221,INT-8UE78IN
8141,WH-08141,Houston,Texas,Cross Dock,5,INT-G9I61Z0
8142,WH-08142,Boston,Massachusetts,Fulfillment Center,26996,INT-R17MGQF
8143,WH-08143,Los Angeles,California,Distribution Center,46382,INT-A7JMGHU
8144,WH-08144,Chicago,Illinois,Cross Dock,38147,INT-I4KKBXL
8145,WH-08145,Denver,Colorado,Cross Dock,94037,INT-RO1VJ3B
8146,WH-08146,Phoenix,Arizona,Cross Dock,73183,INT-UZF6WDW
8147,WH-08147,Austin,Texas,Fulfillment Center,46534,INT-5MRR7FQ
8148,WH-08148,Dallas,Texas,Cross Dock,6673,INT-6VDRZ1K
8149,WH-08149,Denver,Colorado,Distribution Center,66660,INT-890MAKX
8150,WH-08150,Houston,Texas,Fulfillment Center,61453,INT-K79J5T5
8151,WH-08151,Portland,Oregon,Fulfillment Center,97887,INT-NQUTL6F
8152,WH-08152,Phoenix,Arizona,Distribution Center,27068,INT-FTQMTFJ
8153,WH-08153,Denver,Colorado,Fulfillment Center,59427,INT-J1HITZ0
8154,WH-08154,New York,New York,Fulfillment Center,93188,INT-BO6G01X
8155,WH-08155,Denver,Colorado,Distribution Center,59858,INT-2IO40WA
8156,WH-08156,Boston,Massachusetts,Regional DC,44843,INT-RFOGFG8
8157,WH-08157,Houston,Texas,Fulfillment Center,17312,INT-4FA5XL9
8158,WH-08158,Phoenix,Arizona,Fulfillment Center,97931,INT-URZ4PPB
8159,WH-08159,Seattle,Washington,Distribution Center,82118,INT-HWPM2NG
8160,WH-08160,New York,New York,Fulfillment Center,18446,INT-D9I91HL
8161,WH-08161,Detroit,Michigan,Fulfillment Center,5161,INT-TXU2337
8162,WH-08162,Los Angeles,California,Distribution Center,39527,INT-Z4M3I4Z
8163,WH-08163,Denver,Colorado,Cross Dock,67292,INT-FC7OW3Y
8164,WH-08164,,Unknown,Fulfillment Center,18236,INT-9J1P3YE
8165,WH-08165,Seattle,Washington,Regional DC,29967,INT-3QHZIKR
8166,WH-08166,Dallas,Texas,Distribution Center,8269,INT-11GLKAQ
8167,WH-08167,Phoenix,Arizona,Cross Dock,66076,INT-TEOXFXS
8168,WH-08168,Charlotte,North Carolina,Regional DC,13920,INT-H100Y3E
8169,WH-08169,Charlotte,North Carolina,Fulfillment Center,50315,INT-8DWB4SG
8170,WH-08170,Atlanta,Georgia,Distribution Center,68740,INT-4LRSSE2
8171,WH-08171,Houston,Texas,Fulfillment Center,92263,INT-7RM2YSO
8172,WH-08172,Charlotte,North Carolina,Regional DC,61576,INT-A9C7VAR
8173,WH-08173,Atlanta,Georgia,Fulfillment Center,61618,INT-SFECSF4
8174,WH-08174,Dallas,Texas,Fulfillment Center,7695,INT-3OX19GV
8175,WH-08175,Charlotte,North Carolina,Fulfillment Center,87116,INT-M0M0Y8D
8176,WH-08176,New York,New York,Fulfillment Center,32722,INT-MR9MRXS
8177,WH-08177,Dallas,Texas,Fulfillment Center,53105,INT-75D85W5
8178,WH-08178,Phoenix,Arizona,Cross Dock,13109,INT-7OJKPB1
8179,WH-08179,Denver,Colorado,Fulfillment Center,47201,INT-AKQX4NP
8180,WH-08180,Miami,Florida,Distribution Center,72904,INT-8O648S5
8181,WH-08181,Boston,Massachusetts,Distribution Center,56676,INT-21H85AD
8182,WH-08182,Dallas,Texas,Cross Dock,30364,INT-OLHOMEJ
8183,WH-08183,Dallas,Texas,Distribution Center,82375,INT-RX7T4HP
8184,WH-08184,Denver,Colorado,Distribution Center,75368,INT-2EPDS4U
8185,WH-08185,Portland,Oregon,Cross Dock,64491,INT-AW8YFG6
8186,WH-08186,New York,New York,Distribution Center,19160,INT-VCQ8DXQ
8187,WH-08187,Houston,Texas,Regional DC,88168,INT-GYQTLBP
8188,WH-08188,Dallas,Texas,Distribution Center,64361,INT-UAJ7E6A
8189,WH-08189,Austin,Texas,Cross Dock,62743,INT-T3PF05A
8190,WH-08190,Detroit,Michigan,Distribution Center,47237,INT-3X45M9N
8191,WH-08191,Chicago,Illinois,Fulfillment Center,40710,INT-U7TTFM9
8192,WH-08192,Miami,Florida,Distribution Center,86200,INT-K2OJTHZ
8193,WH-08193,Detroit,Michigan,Regional DC,92355,INT-K6AK3YF
8194,WH-08194,Dallas,Texas,Regional DC,51965,INT-FG4QMEY
8195,WH-08195,Charlotte,North Carolina,Regional DC,60338,INT-UIW989O
8196,WH-08196,Denver,Colorado,Distribution Center,78393,INT-21VRAAX
8197,WH-08197,Detroit,Michigan,Fulfillment Center,17995,INT-RZN1DLQ
8198,WH-08198,Boston,Massachusetts,Regional DC,41499,INT-JY5A1FQ
8199,WH-08199,Los Angeles,California,Fulfillment Center,62632,INT-CGEBI0Y
8200,WH-08200,Austin,Texas,Regional DC,33433,INT-VVOFG8U
8201,WH-08201,Dallas,Texas,Distribution Center,95819,INT-Y7CKCPM
8202,WH-08202,Phoenix,Arizona,Regional DC,87654,INT-86D8GGA
8203,WH-08203,Boston,Massachusetts,Cross Dock,34779,INT-XGSPP90
8204,WH-08204,Phoenix,Arizona,Fulfillment Center,51041,INT-AFI5BRZ
8205,WH-08205,Charlotte,North Carolina,Distribution Center,94543,INT-V095QJP
8206,WH-08206,Los Angeles,California,Fulfillment Center,18589,INT-G75Q2J8
8207,WH-08207,Atlanta,Georgia,Fulfillment Center,68032,INT-LZYJODM
8208,WH-08208,Portland,Oregon,Regional DC,86576,INT-10VW6IM
8209,WH-08209,Dallas,Texas,Distribution Center,90258,INT-IWL6RJS
8210,WH-08210,Los Angeles,California,Distribution Center,85579,INT-PFMOHYQ
8211,WH-08211,Atlanta,Georgia,Fulfillment Center,24175,INT-U0L0LS7
8212,WH-08212,New York,New York,Regional DC,21383,INT-4CLXFOF
8213,WH-08213,Miami,Florida,Cross Dock,90157,INT-ZDDXCFP
8214,WH-08214,Atlanta,Georgia,Cross Dock,45694,INT-CSEF1ST
8215,WH-08215,Los Angeles,California,Fulfillment Center,21401,INT-HENQAX8
8216,WH-08216,Austin,Texas,Regional DC,69188,INT-7QDUZQA
8217,WH-08217,Charlotte,North Carolina,Regional DC,78337,INT-MRBZKKN
8218,WH-08218,Miami,Florida,Cross Dock,97462,INT-AREI84L
8219,WH-08219,Austin,Texas,Regional DC,19303,INT-W9YD17M
8220,WH-08220,Boston,Massachusetts,Regional DC,42102,INT-XRVS565
8221,WH-08221,Denver,Colorado,Fulfillment Center,19477,INT-04C699W
8222,WH-08222,Atlanta,Georgia,Cross Dock,69458,INT-06PT45Q
8223,WH-08223,Phoenix,Arizona,Regional DC,55254,INT-QU2UHXB
8224,WH-08224,Charlotte,North Carolina,Fulfillment Center,42806,INT-71MDIL5
8225,WH-08225,Portland,Oregon,Regional DC,15594,INT-5JYJSOG
8226,WH-08226,Atlanta,Georgia,Fulfillment Center,48106,INT-N17PYHI
8227,WH-08227,Chicago,Illinois,Regional DC,87920,INT-WQ32HG6
8228,WH-08228,Los Angeles,California,Cross Dock,61114,INT-T4ZDZ93
8229,WH-08229,New York,New York,Fulfillment Center,64800,INT-L81PHV6
8230,WH-08230,Houston,Texas,Cross Dock,98773,INT-6J79Y8I
8231,WH-08231,New York,New York,Cross Dock,87616,INT-CRGZFWB
8232,WH-08232,Detroit,Michigan,Distribution Center,22719,INT-JIO7MRR
8233,WH-08233,Charlotte,North Carolina,Cross Dock,19283,INT-SZDUM36
8234,WH-08234,Miami,Florida,Regional DC,47529,INT-H35VQS5
8235,WH-08235,Miami,Florida,Fulfillment Center,49107,INT-NMWPF27
8236,WH-08236,Miami,Florida,Cross Dock,9215,INT-N5Y64JU
8237,WH-08237,Dallas,Texas,Fulfillment Center,24190,INT-FP4UB4I
8238,WH-08238,Chicago,Illinois,Regional DC,10036,INT-QUWCN61
8239,WH-08239,Phoenix,Arizona,Distribution Center,18743,INT-1YRQR0L
8240,WH-08240,Dallas,Texas,Distribution Center,25526,INT-KRXBE6W
8241,WH-08241,Dallas,Texas,Regional DC,96347,INT-RQCYHJ1
8242,WH-08242,Phoenix,Arizona,Distribution Center,95820,INT-W03XXB9
8243,WH-08243,Chicago,Illinois,Fulfillment Center,82877,INT-WRYIK7F
8244,WH-08244,Chicago,Illinois,Distribution Center,58260,INT-FQZHO8T
8245,WH-08245,Atlanta,Georgia,Cross Dock,5623,INT-W66QEAG
8246,WH-08246,Atlanta,Georgia,Distribution Center,64748,INT-1YY2GEK
8247,WH-08247,Detroit,Michigan,Fulfillment Center,49416,INT-RSE1FSN
8248,WH-08248,New York,New York,Cross Dock,67237,INT-3I6UWL0
8249,WH-08249,Chicago,Illinois,Distribution Center,61434,INT-KYRWR5I
8250,WH-08250,Chicago,Illinois,Regional DC,46221,INT-UGVIHSQ
8251,WH-08251,Los Angeles,California,Distribution Center,42436,INT-SYHCOXU
8252,WH-08252,Seattle,Washington,Cross Dock,87781,INT-GPXYUX3
8253,WH-08253,New York,New York,Distribution Center,76433,INT-XQDFW2P
8254,WH-08254,New York,New York,Regional DC,85729,INT-NRNXD0C
8255,WH-08255,Boston,Massachusetts,Fulfillment Center,42285,INT-NSF757J
8256,WH-08256,Austin,Texas,Distribution Center,41915,INT-IUZMXKZ
8257,WH-08257,Seattle,Washington,Distribution Center,90125,INT-9UDFPJE
8258,WH-08258,New York,New York,Fulfillment Center,58433,INT-4NTRUW3
8259,WH-08259,Phoenix,Arizona,Fulfillment Center,10231,INT-ZWK2XMI
8260,WH-08260,Boston,Massachusetts,Regional DC,94073,INT-8HKXLKB
8261,WH-08261,Phoenix,Arizona,Distribution Center,29085,INT-YWZL3PN
8262,WH-08262,Charlotte,North Carolina,Distribution Center,76288,INT-U7L4ADU
8263,WH-08263,Portland,Oregon,Cross Dock,16310,INT-APCPAJA
8264,WH-08264,Phoenix,Arizona,Cross Dock,52276,INT-UZ2FQGC
8265,WH-08265,Atlanta,Georgia,Cross Dock,54868,INT-I5YU8PZ
8266,WH-08266,Atlanta,Georgia,Distribution Center,91274,INT-L2JEXIN
8267,WH-08267,Phoenix,Arizona,Regional DC,86009,INT-G3F8K1S
8268,WH-08268,Atlanta,Georgia,Fulfillment Center,8869,INT-AT0P12O
8269,WH-08269,Detroit,Michigan,Regional DC,44634,INT-XYG7W59
8270,WH-08270,Dallas,Texas,Fulfillment Center,87983,INT-2S3EJYW
8271,WH-08271,Boston,Massachusetts,Cross Dock,47972,INT-L6IYM4R
8272,WH-08272,Chicago,Illinois,Fulfillment Center,48316,INT-8K052W9
8273,WH-08273,Denver,Colorado,Distribution Center,45024,INT-FOPRV4I
8274,WH-08274,Dallas,Texas,Distribution Center,30285,INT-9O5AKQR
8275,WH-08275,Boston,Massachusetts,Fulfillment Center,29173,INT-2798SGB
8276,WH-08276,,Unknown,Cross Dock,85492,INT-DNHTIDP
8277,WH-08277,Houston,Texas,Cross Dock,41366,INT-R6WTIA7
8278,WH-08278,Charlotte,North Carolina,Fulfillment Center,96337,INT-0I4UGG4
8279,WH-08279,Boston,Massachusetts,Regional DC,89872,INT-IFELIEZ
8280,WH-08280,New York,New York,Cross Dock,11301,INT-4GD34Z6
8281,WH-08281,Atlanta,Georgia,Cross Dock,93009,INT-9IK3FM6
8282,WH-08282,Los Angeles,California,Regional DC,44818,INT-IXPE7QV
8283,WH-08283,Dallas,Texas,Cross Dock,89499,INT-AE36YO1
8284,WH-08284,Charlotte,North Carolina,Fulfillment Center,88464,INT-E9OOB05
8285,WH-08285,Portland,Oregon,Fulfillment Center,43876,INT-FQZ1NMY
8286,WH-08286,Dallas,Texas,Regional DC,45323,INT-7K3RGCP
8287,WH-08287,,Unknown,Regional DC,82074,INT-TOVB9N0
8288,WH-08288,Seattle,Washington,Distribution Center,14830,INT-MXOEXUF
8289,WH-08289,Miami,Florida,Fulfillment Center,87763,INT-RQ761RY
8290,WH-08290,Miami,Florida,Fulfillment Center,64732,INT-3QFRQXM
8291,WH-08291,New York,New York,Cross Dock,76358,INT-338UY7D
8292,WH-08292,Denver,Colorado,Fulfillment Center,93860,INT-KE5BBK0
8293,WH-08293,Charlotte,North Carolina,Distribution Center,5049,INT-QPKJ701
8294,WH-08294,Boston,Massachusetts,Distribution Center,95858,INT-B9C5DBV
8295,WH-08295,Austin,Texas,Distribution Center,76522,INT-VF65BUX
8296,WH-08296,Charlotte,North Carolina,Fulfillment Center,83862,INT-63WJB24
8297,WH-08297,Los Angeles,California,Fulfillment Center,8054,INT-RHTFXZP
8298,WH-08298,Portland,Oregon,Fulfillment Center,78822,INT-BCZLYW4
8299,WH-08299,Denver,Colorado,Regional DC,97343,INT-1C5Q2RR
8300,WH-08300,Chicago,Illinois,Distribution Center,10376,INT-EGEXT3D
8301,WH-08301,Denver,Colorado,Distribution Center,30149,INT-FYEYBKD
8302,WH-08302,Denver,Colorado,Regional DC,59056,INT-54POJ1H
8303,WH-08303,Seattle,Washington,Fulfillment Center,11528,INT-V3IKU52
8304,WH-08304,Seattle,Washington,Fulfillment Center,37194,INT-WOG4AM1
8305,WH-08305,Denver,Colorado,Fulfillment Center,34315,INT-TQFIEZZ
8306,WH-08306,Charlotte,North Carolina,Regional DC,78062,INT-NRHCA6A
8307,WH-08307,Detroit,Michigan,Distribution Center,79801,INT-RFXU2RL
8308,WH-08308,Los Angeles,California,Fulfillment Center,92673,INT-RNZS9ML
8309,WH-08309,Portland,Oregon,Regional DC,24850,INT-N8L9LHI
8310,WH-08310,Portland,Oregon,Fulfillment Center,19037,INT-TK87VA0
8311,WH-08311,Seattle,Washington,Cross Dock,65904,INT-B90NAZ8
8312,WH-08312,Seattle,Washington,Distribution Center,85133,INT-PDK0GO8
8313,WH-08313,Miami,Florida,Distribution Center,27390,INT-90HZI6Z
8314,WH-08314,Denver,Colorado,Regional DC,21836,INT-3C0FWUF
8315,WH-08315,Atlanta,Georgia,Cross Dock,30613,INT-ST98V3S
8316,WH-08316,Portland,Oregon,Distribution Center,19093,INT-8Q6WGG8
8317,WH-08317,Phoenix,Arizona,Cross Dock,94719,INT-55RPMAU
8318,WH-08318,Phoenix,Arizona,Fulfillment Center,41742,INT-0ALWM1G
8319,WH-08319,Houston,Texas,Cross Dock,76184,INT-ZQ1RY5A
8320,WH-08320,Portland,Oregon,Regional DC,41081,INT-2HVX8SI
8321,WH-08321,Miami,Florida,Cross Dock,71146,INT-VQ9J6Y3
8322,WH-08322,New York,New York,Cross Dock,73457,INT-3UXLEZB
8323,WH-08323,Denver,Colorado,Distribution Center,9635,INT-CVLEMWS
8324,WH-08324,Austin,Texas,Fulfillment Center,33742,INT-1KRLMXF
8325,WH-08325,Atlanta,Georgia,Regional DC,46264,INT-8RI68YQ
8326,WH-08326,Atlanta,Georgia,Regional DC,85911,INT-69A6C1O
8327,WH-08327,New york,Unknown,Cross Dock,68337,INT-R9NQ3AJ
8328,WH-08328,Los Angeles,California,Cross Dock,73562,INT-MLJRR8U
8329,WH-08329,Portland,Oregon,Regional DC,59509,INT-LT1CM8H
8330,WH-08330,Detroit,Michigan,Cross Dock,93011,INT-7QCUCUT
8331,WH-08331,Boston,Massachusetts,Fulfillment Center,12414,INT-IL233R1
8332,WH-08332,Charlotte,North Carolina,Fulfillment Center,73288,INT-OUOTTPT
8333,WH-08333,Detroit,Michigan,Distribution Center,47598,INT-3IXBYNB
8334,WH-08334,Houston,Texas,Fulfillment Center,71034,INT-OEX3ORB
8335,WH-08335,Los Angeles,California,Fulfillment Center,83947,INT-UZR8JD7
8336,WH-08336,Phoenix,Arizona,Cross Dock,73973,INT-Q8ZMLH0
8337,WH-08337,Portland,Oregon,Fulfillment Center,5,INT-FNYF2ZN
8338,WH-08338,Chicago,Illinois,Cross Dock,52816,INT-8V1Z818
8339,WH-08339,Denver,Colorado,Fulfillment Center,55630,INT-8BBO0TD
8340,WH-08340,Houston,Texas,Distribution Center,82783,INT-CIRZZ0B
8341,WH-08341,Charlotte,North Carolina,Distribution Center,83559,INT-S4BWM02
8342,WH-08342,Charlotte,North Carolina,Fulfillment Center,28395,INT-XR3A25C
8343,WH-08343,Phoenix,Arizona,Regional DC,55273,INT-MP0L8RI
8344,WH-08344,Houston,Texas,Distribution Center,25202,INT-PW6JLUX
8345,WH-08345,,Unknown,Cross Dock,28867,INT-KBVFKD3
8346,WH-08346,Denver,Colorado,Regional DC,6753,INT-G1R41Z0
8347,WH-08347,Chicago,Illinois,Distribution Center,80743,INT-CYC9BOK
8348,WH-08348,Detroit,Michigan,Cross Dock,30811,INT-D6R43I1
8349,WH-08349,Charlotte,North Carolina,Distribution Center,58912,INT-2G7ZB3C
8350,WH-08350,Charlotte,North Carolina,Cross Dock,37414,INT-8RA0QS7
8351,WH-08351,Denver,Colorado,Distribution Center,99920,INT-QDJG52C
8352,WH-08352,Detroit,Michigan,Fulfillment Center,90864,INT-TOWJ7N0
8353,WH-08353,Chicago,Illinois,Cross Dock,76681,INT-KJG1ACV
8354,WH-08354,Miami,Florida,Fulfillment Center,61682,INT-POQY6OK
8355,WH-08355,Dallas,Texas,Fulfillment Center,30882,INT-79K91D7
8356,WH-08356,Denver,Colorado,Fulfillment Center,57893,INT-PA21EDI
8357,WH-08357,Denver,Colorado,Fulfillment Center,8834,INT-6QVNII6
8358,WH-08358,Boston,Massachusetts,Fulfillment Center,63838,INT-P026END
8359,WH-08359,Atlanta,Georgia,Distribution Center,10291,INT-AUFGR02
8360,WH-08360,Los Angeles,California,Fulfillment Center,22304,INT-BECHXDN
8361,WH-08361,Dallas,Texas,Distribution Center,51275,INT-8Y6HWRG
8362,WH-08362,Austin,Texas,Fulfillment Center,13753,INT-465K53T
8363,WH-08363,Dallas,Texas,Distribution Center,69838,INT-0CIUOAE
8364,WH-08364,Portland,Oregon,Fulfillment Center,15344,INT-3WUP1L5
8365,WH-08365,New York,New York,Distribution Center,8739,INT-UCH5B1F
8366,WH-08366,Chicago,Illinois,Distribution Center,89580,INT-5AGTWH7
8367,WH-08367,Austin,Texas,Fulfillment Center,18404,INT-EE05N9P
8368,WH-08368,Houston,Texas,Regional DC,65489,INT-T603UA8
8369,WH-08369,Denver,Colorado,Regional DC,58693,INT-0F4KZMK
8370,WH-08370,Austin,Texas,Regional DC,51831,INT-XGS0KG4
8371,WH-08371,Charlotte,North Carolina,Fulfillment Center,9999999,INT-JW3S3T2
8372,WH-08372,New York,New York,Regional DC,56414,INT-GYIWV4M
8373,WH-08373,Los Angeles,California,Fulfillment Center,31500,INT-7PTQO8V
8374,WH-08374,Chicago,Illinois,Cross Dock,79814,INT-8RX0D8F
8375,WH-08375,Boston,Massachusetts,Distribution Center,24703,INT-2TZIRNF
8376,WH-08376,Houston,Texas,Distribution Center,51319,INT-X0GCURN
8377,WH-08377,Houston,Texas,Cross Dock,98391,INT-CXWEQJ4
8378,WH-08378,Phoenix,Arizona,Cross Dock,88368,INT-PQP7S5Z
8379,WH-08379,Detroit,Michigan,Regional DC,93285,INT-05TRJPZ
8380,WH-08380,Houston,Texas,Cross Dock,37732,INT-APSH8EP
8381,WH-08381,Houston,Texas,Distribution Center,37473,INT-3U3PE8B
8382,WH-08382,Charlotte,North Carolina,Distribution Center,54575,INT-96ZSR9U
8383,WH-08383,Atlanta,Georgia,Cross Dock,55866,INT-O0G0ICB
8384,WH-08384,Houston,Texas,Distribution Center,43003,INT-VKTRRAH
8385,WH-08385,Miami,Florida,Cross Dock,11658,INT-VJX78AZ
8386,WH-08386,Austin,Texas,Regional DC,35413,INT-W4OOLEQ
8387,WH-08387,Phoenix,Arizona,Cross Dock,96478,INT-FJM5O4T
8388,WH-08388,Portland,Oregon,Cross Dock,78603,INT-ZDU2LJD
8389,WH-08389,Boston,Massachusetts,Regional DC,64737,INT-K24PB03
8390,WH-08390,Austin,Texas,Fulfillment Center,97966,INT-SGS4YST
8391,WH-08391,Detroit,Michigan,Regional DC,71011,INT-NIDBQ00
8392,WH-08392,Portland,Oregon,Regional DC,77937,INT-121XVMT
8393,WH-08393,New York,New York,Distribution Center,80856,INT-GME1ALM
8394,WH-08394,Portland,Oregon,Distribution Center,62857,INT-QTNRBG5
8395,WH-08395,Seattle,Washington,Distribution Center,27051,INT-AIMT5UB
8396,WH-08396,Detroit,Michigan,Fulfillment Center,29406,INT-ZKMIOPW
8397,WH-08397,New York,New York,Distribution Center,86914,INT-366LHIA
8398,WH-08398,Miami,Florida,Fulfillment Center,75126,INT-A266D61
8399,WH-08399,Houston,Texas,Distribution Center,41482,INT-Y41RO4Z
8400,WH-08400,Detroit,Michigan,Cross Dock,30334,INT-111AF5P
8401,WH-08401,Charlotte,North Carolina,Distribution Center,6363,INT-G1MLUCA
8402,WH-08402,Seattle,Washington,Cross Dock,93004,INT-V4RPCY8
8403,WH-08403,Detroit,Michigan,Regional DC,12029,INT-MTTXNO2
8404,WH-08404,Charlotte,North Carolina,Cross Dock,25411,INT-SJA4S4X
8405,WH-08405,Houston,Texas,Regional DC,82878,INT-7VK8WAZ
8406,WH-08406,Atlanta,Georgia,Regional DC,94160,INT-0SJKKIK
8407,WH-08407,Miami,Florida,Distribution Center,24513,INT-0XVHY7Z
8408,WH-08408,Denver,Colorado,Distribution Center,36877,INT-FXYR8YJ
8409,WH-08409,Chicago,Illinois,Regional DC,74101,INT-IXIFJG6
8410,WH-08410,Chicago,Illinois,Distribution Center,86638,INT-B3T87MQ
8411,WH-08411,Phoenix,Arizona,Distribution Center,51335,INT-24U7TK7
8412,WH-08412,Seattle,Washington,Regional DC,67220,INT-U1QHAJU
8413,WH-08413,Portland,Oregon,Fulfillment Center,39831,INT-LSNCXZC
8414,WH-08414,Atlanta,Georgia,Fulfillment Center,82040,INT-IQQFQYW
8415,WH-08415,Charlotte,North Carolina,Distribution Center,55914,INT-GZOTYRM
8416,WH-08416,Chicago,Illinois,Distribution Center,29632,INT-XVEF036
8417,WH-08417,New York,New York,Regional DC,62311,INT-OSPGJIJ
8418,WH-08418,Atlanta,Georgia,Fulfillment Center,65410,INT-OZFBFLN
8419,WH-08419,Miami,Florida,Fulfillment Center,37465,INT-A2FYJ90
8420,WH-08420,Portland,Oregon,Distribution Center,11665,INT-B3ESKVB
8421,WH-08421,Chicago,Illinois,Fulfillment Center,64295,INT-X4QLA2H
8422,WH-08422,Dallas,Texas,Fulfillment Center,93779,INT-4BE6OB4
8423,WH-08423,Charlotte,North Carolina,Cross Dock,16303,INT-YMYKIDQ
8424,WH-08424,Atlanta,Georgia,Regional DC,6438,INT-MZV6EFD
8425,WH-08425,Detroit,Michigan,Fulfillment Center,86050,INT-KAEJ9C9
8426,WH-08426,Denver,Colorado,Fulfillment Center,14883,INT-NBWUX1J
8427,WH-08427,Charlotte,North Carolina,Regional DC,42672,INT-TX6A0EQ
8428,WH-08428,Miami,Florida,Fulfillment Center,52133,INT-MFWH7D3
8429,WH-08429,Austin,Texas,Distribution Center,40032,INT-9D162H6
8430,WH-08430,Portland,Oregon,Distribution Center,20445,INT-I4NTQED
8431,WH-08431,Seattle,Washington,Regional DC,52173,INT-H5S69H5
8432,WH-08432,Detroit,Michigan,Regional DC,87425,INT-QI0IBSA
8433,WH-08433,New York,New York,Fulfillment Center,68645,INT-L8SXTYL
8434,WH-08434,Chicago,Illinois,Cross Dock,96934,INT-I2PZRMI
8435,WH-08435,Detroit,Michigan,Cross Dock,57992,INT-6T2QMCC
8436,WH-08436,Charlotte,North Carolina,Fulfillment Center,97840,INT-AE2ATQP
8437,WH-08437,New York,New York,Fulfillment Center,86913,INT-1IFO1AB
8438,WH-08438,New York,New York,Cross Dock,48081,INT-0XCADKZ
8439,WH-08439,Phoenix,Arizona,Distribution Center,20061,INT-EMV67D9
8440,WH-08440,Detroit,Michigan,Regional DC,46104,INT-M4NA5U7
8441,WH-08441,Detroit,Michigan,Distribution Center,89991,INT-8JSDANC
8442,WH-08442,Phoenix,Arizona,Distribution Center,22613,INT-X4ZXKK9
8443,WH-08443,Dallas,Texas,Distribution Center,76667,INT-M8X67ID
8444,WH-08444,Austin,Texas,Cross Dock,60364,INT-FTX83GV
8445,WH-08445,Houston,Texas,Fulfillment Center,12729,INT-MCXT76T
8446,WH-08446,Portland,Oregon,Fulfillment Center,47408,INT-TK6EIFR
8447,WH-08447,Portland,Oregon,Fulfillment Center,9999999,INT-CCOLJKI
8448,WH-08448,Los Angeles,California,Regional DC,36673,INT-M007883
8449,WH-08449,Miami,Florida,Distribution Center,87018,INT-NKQGXNV
8450,WH-08450,Atlanta,Georgia,Fulfillment Center,19743,INT-KRPZ7LZ
8451,WH-08451,New York,New York,Regional DC,47558,INT-5PRC39Q
8452,WH-08452,Austin,Texas,Fulfillment Center,12949,INT-8S6K594
8453,WH-08453,Portland,Oregon,Distribution Center,89740,INT-T64G8VX
8454,WH-08454,Detroit,Michigan,Regional DC,53089,INT-YATMFMV
8455,WH-08455,Detroit,Michigan,Regional DC,97521,INT-W4ILR37
8456,WH-08456,Denver,Colorado,Distribution Center,18407,INT-UAMH5JS
8457,WH-08457,Dallas,Texas,Distribution Center,18128,INT-6B3IRP6
8458,WH-08458,Detroit,Michigan,Distribution Center,52160,INT-SU27SEE
8459,WH-08459,Portland,Oregon,Cross Dock,24745,INT-1RUQV32
8460,WH-08460,Los Angeles,California,Cross Dock,16753,INT-KHXZLML
8461,WH-08461,Boston,Massachusetts,Regional DC,19662,INT-QVRW9K8
8462,WH-08462,Austin,Texas,Fulfillment Center,5,INT-14GVFBB
8463,WH-08463,New York,New York,Distribution Center,76002,INT-U2MUUDI
8464,WH-08464,Detroit,Michigan,Distribution Center,9124,INT-F8JJKGH
8465,WH-08465,Boston,Massachusetts,Cross Dock,57866,INT-L2JBQLR
8466,WH-08466,Miami,Florida,Regional DC,88513,INT-IFMZWSH
8467,WH-08467,Detroit,Michigan,Fulfillment Center,7315,INT-ECPO4V4
8468,WH-08468,Detroit,Michigan,Regional DC,92453,INT-HBGTUPC
8469,WH-08469,Denver,Colorado,Regional DC,49660,INT-DK60D08
8470,WH-08470,Seattle,Washington,Cross Dock,12667,INT-4PV5LBB
8471,WH-08471,Chicago,Illinois,Distribution Center,72287,INT-H8J9PK8
8472,WH-08472,Portland,Oregon,Regional DC,81235,INT-BY8KWCS
8473,WH-08473,Atlanta,Georgia,Cross Dock,57097,INT-G9F4N5R
8474,WH-08474,Miami,Florida,Fulfillment Center,40431,INT-L836QCM
8475,WH-08475,Detroit,Michigan,Cross Dock,82934,INT-C305GDX
8476,WH-08476,Portland,Oregon,Cross Dock,74279,INT-3XVECZE
8477,WH-08477,Charlotte,North Carolina,Distribution Center,22283,INT-W75PJAQ
8478,WH-08478,HOUSTON,Unknown,Distribution Center,53154,INT-OFMG925
8479,WH-08479,Charlotte,North Carolina,Regional DC,37366,INT-IFV285F
8480,WH-08480,Charlotte,North Carolina,Cross Dock,65794,INT-FV1T80N
8481,WH-08481,Houston,Texas,Fulfillment Center,97674,INT-O12DTM9
8482,WH-08482,Atlanta,Georgia,Regional DC,67009,INT-QV47SGF
8483,WH-08483,Portland,Oregon,Cross Dock,11540,INT-5TNY9BD
8484,WH-08484,Charlotte,North Carolina,Regional DC,82609,INT-C8YRCG5
8485,WH-08485,Phoenix,Arizona,Regional DC,88540,INT-KBH7PMY
8486,WH-08486,Houston,Texas,Regional DC,17541,INT-Q7J5XP4
8487,WH-08487,Phoenix,Arizona,Cross Dock,91466,INT-OT60UCL
8488,WH-08488,Phoenix,Arizona,Regional DC,71268,INT-Z9RERXR
8489,WH-08489,Dallas,Texas,Regional DC,99932,INT-YJS3Q04
8490,WH-08490,Boston,Massachusetts,Regional DC,23874,INT-Y3UE26A
8491,WH-08491,Seattle,Washington,Regional DC,25728,INT-PRDGUIY
8492,WH-08492,Houston,Texas,Cross Dock,61394,INT-7MCHOCS
8493,WH-08493,Boston,Massachusetts,Distribution Center,99487,INT-9I4MY8F
8494,WH-08494,Houston,Texas,Regional DC,35367,INT-2AS2JPG
8495,WH-08495,Atlanta,Georgia,Cross Dock,18828,INT-5UH84DB
8496,WH-08496,Phoenix,Arizona,Regional DC,79294,INT-VQAIF6B
8497,WH-08497,Austin,Texas,Distribution Center,25148,INT-8QQH6V5
8498,WH-08498,Miami,Florida,Distribution Center,25536,INT-2QU3UBU
8499,WH-08499,Seattle,Washington,Fulfillment Center,72745,INT-R5IKSAC
8500,WH-08500,Miami,Florida,Regional DC,30546,INT-NS3QRG4
8501,WH-08501,Atlanta,Georgia,Distribution Center,5441,INT-NQ6DFO4
8502,WH-08502,Denver,Colorado,Fulfillment Center,47553,INT-DVBXAUC
8503,WH-08503,Houston,Texas,Regional DC,92247,INT-OH49RSN
8504,WH-08504,Dallas,Texas,Distribution Center,15367,INT-IQ79D72
8505,WH-08505,Miami,Florida,Fulfillment Center,56249,INT-87MLZSI
8506,WH-08506,Boston,Massachusetts,Regional DC,69430,INT-ESKZZ1P
8507,WH-08507,Phoenix,Arizona,Regional DC,96210,INT-DZ9R3KI
8508,WH-08508,Detroit,Michigan,Distribution Center,62896,INT-YY8UR3N
8509,WH-08509,,Unknown,Regional DC,94296,INT-Y0TSD13
8510,WH-08510,Boston,Massachusetts,Regional DC,68848,INT-FRWQHHP
8511,WH-08511,Austin,Texas,Regional DC,96850,INT-5GTCR89
8512,WH-08512,Detroit,Michigan,Fulfillment Center,76587,INT-US5W83X
8513,WH-08513,Boston,Massachusetts,Regional DC,31630,INT-CF0P92Y
8514,WH-08514,Denver,Colorado,Fulfillment Center,80984,INT-GOIIHBD
8515,WH-08515,Denver,Colorado,Cross Dock,74424,INT-SSIXCX9
8516,WH-08516,Detroit,Michigan,Regional DC,68137,INT-STIMBJM
8517,WH-08517,Phoenix,Arizona,Fulfillment Center,32198,INT-23DSVZ0
8518,WH-08518,Charlotte,North Carolina,Cross Dock,34047,INT-TPANX62
8519,WH-08519,Boston,Massachusetts,Cross Dock,53298,INT-WWIIRJ4
8520,WH-08520,Chicago,Illinois,Fulfillment Center,24870,INT-AXD1HF7
8521,WH-08521,Seattle,Washington,Fulfillment Center,71585,INT-10EETHB
8522,WH-08522,Charlotte,North Carolina,Regional DC,81583,INT-L6XQDAY
8523,WH-08523,Miami,Florida,Distribution Center,47697,INT-CEO4IPN
8524,WH-08524,Detroit,Michigan,Distribution Center,24265,INT-J2MQ57W
8525,WH-08525,Denver,Colorado,Distribution Center,96513,INT-2ZIPVXT
8526,WH-08526,Atlanta,Georgia,Distribution Center,47614,INT-5AWGUVA
8527,WH-08527,Boston,Massachusetts,Fulfillment Center,39143,INT-DWFA953
8528,WH-08528,New York,New York,Fulfillment Center,10787,INT-69ODDPM
8529,WH-08529,Seattle,Washington,Regional DC,85672,INT-XSGZOI4
8530,WH-08530,Charlotte,North Carolina,Distribution Center,53597,INT-PC96LP2
8531,WH-08531,Portland,Oregon,Distribution Center,43921,INT-X0MKUYG
8532,WH-08532,Dallas,Texas,Fulfillment Center,56038,INT-EGMBPIE
8533,WH-08533,Dallas,Texas,Cross Dock,71046,INT-72W47VG
8534,WH-08534,Denver,Colorado,Fulfillment Center,39922,INT-EJ418MF
8535,WH-08535,Chicago,Illinois,Cross Dock,62080,INT-DG02GP8
8536,WH-08536,Detroit,Michigan,Distribution Center,49352,INT-MXYPS8P
8537,WH-08537,New York,New York,Regional DC,24357,INT-JX7UU5V
8538,WH-08538,Detroit,Michigan,Distribution Center,43457,INT-4VG7ANE
8539,WH-08539,Boston,Massachusetts,Distribution Center,69712,INT-VVQVXW2
8540,WH-08540,Houston,Texas,Fulfillment Center,62850,INT-PYN53ZF
8541,WH-08541,Dallas,Texas,Regional DC,97025,INT-2JK0L5C
8542,WH-08542,Phoenix,Arizona,Cross Dock,87390,INT-5D83RTY
8543,WH-08543,Dallas,Texas,Fulfillment Center,23013,INT-VKL8AEB
8544,WH-08544,New York,New York,Cross Dock,61550,INT-YJ554B1
8545,WH-08545,Denver,Colorado,Distribution Center,81953,INT-66CBYLZ
8546,WH-08546,Charlotte,North Carolina,Fulfillment Center,59817,INT-Z0EJOLQ
8547,WH-08547,Atlanta,Georgia,Fulfillment Center,71574,INT-YNEB9Z2
8548,WH-08548,New York,New York,Fulfillment Center,54770,INT-ZQH38TJ
8549,WH-08549,Seattle,Washington,Fulfillment Center,33450,INT-6CKDWAH
8550,WH-08550,Boston,Massachusetts,Regional DC,85492,INT-MAA62NU
8551,WH-08551,Seattle,Washington,Distribution Center,34052,INT-HOUOI0N
8552,WH-08552,Dallas,Texas,Regional DC,98700,INT-E6JR7LL
8553,WH-08553,Miami,Florida,Fulfillment Center,7572,INT-YHBMTVD
8554,WH-08554,Boston,Massachusetts,Distribution Center,5525,INT-WN9J8PR
8555,WH-08555,Charlotte,North Carolina,Regional DC,23156,INT-A2MIN1B
8556,WH-08556,Houston,Texas,Fulfillment Center,37841,INT-VZMA7OT
8557,WH-08557,New York,New York,Cross Dock,28676,INT-92SW6I8
8558,WH-08558,Boston,Massachusetts,Fulfillment Center,5,INT-66AQUFZ
8559,WH-08559,Portland,Oregon,Cross Dock,30042,INT-UN7TRPR
8560,WH-08560,Detroit,Michigan,Distribution Center,13997,INT-X0SO3MC
8561,WH-08561,Seattle,Washington,Regional DC,8866,INT-7F1DPCZ
8562,WH-08562,Denver,Colorado,Distribution Center,93303,INT-JXSELGV
8563,WH-08563,Denver,Colorado,Fulfillment Center,66529,INT-89I3AXM
8564,WH-08564,Phoenix,Arizona,Fulfillment Center,10165,INT-TBJYZNY
8565,WH-08565,Austin,Texas,Cross Dock,12653,INT-7D0ST93
8566,WH-08566,Detroit,Michigan,Distribution Center,79935,INT-RICTM35
8567,WH-08567,Atlanta,Georgia,Regional DC,91892,INT-W3ZC2D3
8568,WH-08568,Miami,Florida,Cross Dock,8389,INT-3QBJWJF
8569,WH-08569,Chicago,Illinois,Fulfillment Center,78185,INT-JOQYM7N
8570,WH-08570,Miami,Florida,Distribution Center,62398,INT-U2K9RDV
8571,WH-08571,Boston,Massachusetts,Distribution Center,32302,INT-K83X7TH
8572,WH-08572,Los Angeles,California,Regional DC,16033,INT-9KDYKXN
8573,WH-08573,Charlotte,North Carolina,Fulfillment Center,8545,INT-I6BCK2I
8574,WH-08574,Seattle,Washington,Fulfillment Center,98424,INT-REGZ9FJ
8575,WH-08575,Austin,Texas,Distribution Center,36794,INT-ZLQP1MX
8576,WH-08576,Seattle,Washington,Regional DC,18511,INT-HG1899P
8577,WH-08577,Portland,Oregon,Distribution Center,30628,INT-Z4U0UFZ
8578,WH-08578,Portland,Oregon,Cross Dock,26294,INT-FBWBVD9
8579,WH-08579,Dallas,Texas,Regional DC,5871,INT-MOLHY8R
8580,WH-08580,Phoenix,Arizona,Fulfillment Center,78209,INT-DJUAZE4
8581,WH-08581,Phoenix,Arizona,Fulfillment Center,66614,INT-CHGVURR
8582,WH-08582,Austin,Texas,Cross Dock,77686,INT-LKRPZ1Z
8583,WH-08583,Denver,Colorado,Cross Dock,50222,INT-NQ0E43Z
8584,WH-08584,Atlanta,Georgia,Cross Dock,49365,INT-2JHKNQH
8585,WH-08585,New York,New York,Fulfillment Center,78163,INT-L1K8DLJ
8586,WH-08586,Seattle,Washington,Cross Dock,6089,INT-D10RZ8H
8587,WH-08587,Houston,Texas,Distribution Center,20682,INT-W0SD0UY
8588,WH-08588,Dallas,Texas,Cross Dock,11287,INT-UXRO46P
8589,WH-08589,Seattle,Washington,Cross Dock,47796,INT-WVWJUD1
8590,WH-08590,Seattle,Washington,Fulfillment Center,25446,INT-FDN97MF
8591,WH-08591,Boston,Massachusetts,Distribution Center,32569,INT-ERIARQT
8592,WH-08592,Dallas,Texas,Distribution Center,71330,INT-65QA3MI
8593,WH-08593,Portland,Oregon,Distribution Center,44219,INT-UN08XOR
8594,WH-08594,Austin,Texas,Distribution Center,87424,INT-4BKF8P9
8595,WH-08595,Charlotte,North Carolina,Regional DC,7231,INT-QFCH1NX
8596,WH-08596,Charlotte,North Carolina,Fulfillment Center,7113,INT-NVF7TMQ
8597,WH-08597,Dallas,Texas,Regional DC,57796,INT-JR37W39
8598,WH-08598,Detroit,Michigan,Regional DC,62487,INT-EOZQ3XD
8599,WH-08599,Portland,Oregon,Cross Dock,39172,INT-2N25DYH
8600,WH-08600,Los Angeles,California,Distribution Center,86660,INT-BQTQZMU
8601,WH-08601,Detroit,Michigan,Fulfillment Center,73084,INT-ETHWFBK
8602,WH-08602,Austin,Texas,Cross Dock,46403,INT-J7NVWXU
8603,WH-08603,Denver,Colorado,Fulfillment Center,30249,INT-9T23G4O
8604,WH-08604,Boston,Massachusetts,Fulfillment Center,16719,INT-BOZZVJB
8605,WH-08605,Portland,Oregon,Distribution Center,20192,INT-0Z316PN
8606,WH-08606,Houston,Texas,Regional DC,89046,INT-00MUKIE
8607,WH-08607,Phoenix,Arizona,Cross Dock,90623,INT-GC9F7AX
8608,WH-08608,Chicago,Illinois,Regional DC,56485,INT-7E9NRQ3
8609,WH-08609,Detroit,Michigan,Fulfillment Center,69041,INT-B4V4ER5
8610,WH-08610,Houston,Texas,Regional DC,97536,INT-1M39HNK
8611,WH-08611,Dallas,Texas,Distribution Center,51879,INT-YV46Q2C
8612,WH-08612,Austin,Texas,Regional DC,9999999,INT-AJ9S91T
8613,WH-08613,Dallas,Texas,Regional DC,40737,INT-Z8UIU6C
8614,WH-08614,Denver,Colorado,Regional DC,17149,INT-5A1DIUV
8615,WH-08615,Los Angeles,California,Cross Dock,7634,INT-FPTLMVZ
8616,WH-08616,,Unknown,Regional DC,28723,INT-8E020EI
8617,WH-08617,Austin,Texas,Regional DC,10986,INT-O7EM01L
8618,WH-08618,Seattle,Washington,Cross Dock,50301,INT-8U29TWM
8619,WH-08619,Austin,Texas,Distribution Center,38276,INT-Q17GBER
8620,WH-08620,Seattle,Washington,Distribution Center,94283,INT-YM47DLI
8621,WH-08621,Houston,Texas,Cross Dock,27596,INT-QNOWDLP
8622,WH-08622,Charlotte,North Carolina,Cross Dock,10464,INT-9GPO9SM
8623,WH-08623,Los Angeles,California,Cross Dock,48917,INT-A2RV4PR
8624,WH-08624,Boston,Massachusetts,Cross Dock,76594,INT-1H60TF6
8625,WH-08625,Denver,Colorado,Distribution Center,86781,INT-PIYMZR6
8626,WH-08626,Chicago,Illinois,Fulfillment Center,18160,INT-3SL0WSU
8627,WH-08627,Boston,Massachusetts,Fulfillment Center,14441,INT-BOG5PLF
8628,WH-08628,Houston,Texas,Cross Dock,59205,INT-D8N1RG4
8629,WH-08629,Chicago,Illinois,Regional DC,74545,INT-WWAPEOR
8630,WH-08630,New York,New York,Regional DC,41868,INT-VU804V9
8631,WH-08631,Seattle,Washington,Cross Dock,60723,INT-98WLWPA
8632,WH-08632,Houston,Texas,Distribution Center,40144,INT-FF3KSCW
8633,WH-08633,Los Angeles,California,Regional DC,62835,INT-BPJORXG
8634,WH-08634,Los Angeles,California,Distribution Center,52060,INT-7TKESC1
8635,WH-08635,Atlanta,Georgia,Regional DC,42702,INT-N0JJZ4L
8636,WH-08636,Miami,Florida,Cross Dock,54637,INT-0ET9E4P
8637,WH-08637,Houston,Texas,Cross Dock,9830,INT-MVX6M0G
8638,WH-08638,Boston,Massachusetts,Cross Dock,27871,INT-1F9L5AS
8639,WH-08639,Austin,Texas,Distribution Center,47055,INT-PIWLAD3
8640,WH-08640,Houston,Texas,Cross Dock,63903,INT-NUQIUCJ
8641,WH-08641,Denver,Colorado,Regional DC,20532,INT-PZTR8FJ
8642,WH-08642,Atlanta,Georgia,Fulfillment Center,67365,INT-JV2ZU95
8643,WH-08643,Detroit,Michigan,Distribution Center,74344,INT-MQGTGQN
8644,WH-08644,Austin,Texas,Cross Dock,11957,INT-X71ZBRI
8645,WH-08645,Charlotte,North Carolina,Distribution Center,71626,INT-W6C394J
8646,WH-08646,Seattle,Washington,Regional DC,91390,INT-T3M2RH5
8647,WH-08647,Los Angeles,California,Cross Dock,5,INT-EBWTZ11
8648,WH-08648,Dallas,Texas,Cross Dock,82529,INT-QLVWW36
8649,WH-08649,Denver,Colorado,Fulfillment Center,39527,INT-IDGG79F
8650,WH-08650,Boston,Massachusetts,Distribution Center,22613,INT-CUC8NAX
8651,WH-08651,Denver,Colorado,Cross Dock,81536,INT-QRTWW7E
8652,WH-08652,Phoenix,Arizona,Cross Dock,61783,INT-OT0P8XX
8653,WH-08653,Detroit,Michigan,Fulfillment Center,77649,INT-QFXXASC
8654,WH-08654,New York,New York,Distribution Center,43318,INT-K5VQ05U
8655,WH-08655,New York,New York,Distribution Center,79044,INT-TG62X9F
8656,WH-08656,Chicago,Illinois,Regional DC,22445,INT-KC72SBF
8657,WH-08657,Phoenix,Arizona,Regional DC,93434,INT-26EOWYP
8658,WH-08658,Los Angeles,California,Cross Dock,62157,INT-7ICT1DA
8659,WH-08659,New York,New York,Cross Dock,62647,INT-9ND1KKO
8660,WH-08660,Charlotte,North Carolina,Regional DC,19512,INT-0M8UDB8
8661,WH-08661,Denver,Colorado,Distribution Center,77511,INT-T9NER8Z
8662,WH-08662,Dallas,Texas,Distribution Center,26915,INT-VKN48IP
8663,WH-08663,Charlotte,North Carolina,Distribution Center,70745,INT-4PPH844
8664,WH-08664,Phoenix,Arizona,Cross Dock,29814,INT-J8F56CX
8665,WH-08665,Miami,Florida,Cross Dock,6530,INT-Z110NLN
8666,WH-08666,Denver,Colorado,Distribution Center,67225,INT-RNZUI7W
8667,WH-08667,Dallas,Texas,Fulfillment Center,77226,INT-FSS8RTL
8668,WH-08668,Phoenix,Arizona,Cross Dock,82560,INT-9OIOGJG
8669,WH-08669,Denver,Colorado,Cross Dock,45099,INT-3CCAJXV
8670,WH-08670,,Unknown,Cross Dock,50724,INT-B6YIPQ4
8671,WH-08671,Houston,Texas,Distribution Center,55915,INT-4JSANIO
8672,WH-08672,Detroit,Michigan,Distribution Center,65323,INT-B9RWGCM
8673,WH-08673,Austin,Texas,Fulfillment Center,92893,INT-ZKHP4W8
8674,WH-08674,Phoenix,Arizona,Regional DC,59765,INT-JG6SEE6
8675,WH-08675,Portland,Oregon,Cross Dock,26883,INT-TQJ2ZZ1
8676,WH-08676,Charlotte,North Carolina,Cross Dock,96084,INT-HWF7DZE
8677,WH-08677,Los Angeles,California,Cross Dock,12217,INT-EPMPR1O
8678,WH-08678,Atlanta,Georgia,Cross Dock,66495,INT-BJ1VYT6
8679,WH-08679,Phoenix,Arizona,Fulfillment Center,66969,INT-R7T5178
8680,WH-08680,Atlanta,Georgia,Distribution Center,52051,INT-Q1R4W8M
8681,WH-08681,Chicago,Illinois,Regional DC,21434,INT-59NF22N
8682,WH-08682,Portland,Oregon,Fulfillment Center,51796,INT-UFWU545
8683,WH-08683,New York,New York,Fulfillment Center,78650,INT-5ZVF0YA
8684,WH-08684,Charlotte,North Carolina,Distribution Center,97802,INT-FTVPTAL
8685,WH-08685,Seattle,Washington,Regional DC,67109,INT-CBNLBU4
8686,WH-08686,Phoenix,Arizona,Regional DC,20776,INT-0ULKGZ4
8687,WH-08687,Los Angeles,California,Fulfillment Center,47016,INT-NSAIELO
8688,WH-08688,Seattle,Washington,Fulfillment Center,25617,INT-425SNAQ
8689,WH-08689,Detroit,Michigan,Distribution Center,96267,INT-SXLXY3H
8690,WH-08690,Denver,Colorado,Fulfillment Center,33734,INT-I1QXC6X
8691,WH-08691,Denver,Colorado,Distribution Center,87999,INT-H60JGRF
8692,WH-08692,Atlanta,Georgia,Distribution Center,7585,INT-MHKZPM3
8693,WH-08693,Charlotte,North Carolina,Cross Dock,30710,INT-RZKBRDZ
8694,WH-08694,Denver,Colorado,Fulfillment Center,25958,INT-8UPL9U2
8695,WH-08695,Boston,Massachusetts,Fulfillment Center,43591,INT-TWPQ4GO
8696,WH-08696,Dallas,Texas,Fulfillment Center,43363,INT-68Y9GC0
8697,WH-08697,Boston,Massachusetts,Regional DC,14724,INT-O05ZVQG
8698,WH-08698,Houston,Texas,Distribution Center,74233,INT-VYE56D2
8699,WH-08699,Houston,Texas,Distribution Center,38061,INT-06W2468
8700,WH-08700,Atlanta,Georgia,Cross Dock,52183,INT-YAJWRZV
8701,WH-08701,Portland,Oregon,Distribution Center,98066,INT-4HTRJ1F
8702,WH-08702,Seattle,Washington,Distribution Center,9758,INT-JRPTEXZ
8703,WH-08703,Austin,Texas,Distribution Center,91297,INT-19WZZZU
8704,WH-08704,Miami,Florida,Regional DC,96477,INT-VU7SIU7
8705,WH-08705,Phoenix,Arizona,Regional DC,9453,INT-8F4EULA
8706,WH-08706,Houston,Texas,Regional DC,89563,INT-66EAECB
8707,WH-08707,Denver,Colorado,Regional DC,75404,INT-VP3UM8L
8708,WH-08708,Portland,Oregon,Distribution Center,62321,INT-VZT0JVM
8709,WH-08709,Los Angeles,California,Regional DC,99520,INT-LTT30O0
8710,WH-08710,Detroit,Michigan,Cross Dock,15040,INT-RPPWYON
8711,WH-08711,Denver,Colorado,Cross Dock,33186,INT-CSTSZ90
8712,WH-08712,Houston,Texas,Regional DC,60011,INT-6LHUSYM
8713,WH-08713,Los Angeles,California,Cross Dock,87407,INT-KARJ53G
8714,WH-08714,Miami,Florida,Regional DC,21103,INT-6ZOLKAP
8715,WH-08715,New York,New York,Fulfillment Center,79722,INT-8VV27I1
8716,WH-08716,Houston,Texas,Regional DC,56880,INT-P58KBG2
8717,WH-08717,Portland,Oregon,Regional DC,31967,INT-ZJ9A32X
8718,WH-08718,Phoenix,Arizona,Fulfillment Center,5,INT-COP7GPE
8719,WH-08719,Charlotte,North Carolina,Fulfillment Center,80184,INT-82DIUXG
8720,WH-08720,Denver,Colorado,Fulfillment Center,76466,INT-O02BDB9
8721,WH-08721,Portland,Oregon,Distribution Center,34677,INT-9VS3CV0
8722,WH-08722,Phoenix,Arizona,Fulfillment Center,97900,INT-13RFFZO
8723,WH-08723,Phoenix,Arizona,Cross Dock,71661,INT-AJQM7S9
8724,WH-08724,New York,New York,Distribution Center,53325,INT-1YSH7QY
8725,WH-08725,Austin,Texas,Distribution Center,70116,INT-IQUWSB7
8726,WH-08726,Phoenix,Arizona,Distribution Center,79179,INT-DQL3YHX
8727,WH-08727,Miami,Florida,Distribution Center,56846,INT-G4PIKTW
8728,WH-08728,Seattle,Washington,Fulfillment Center,54993,INT-NQS1QLU
8729,WH-08729,Houston,Texas,Distribution Center,72940,INT-Q7QU4AV
8730,WH-08730,Denver,Colorado,Distribution Center,64145,INT-FBGTTN0
8731,WH-08731,Detroit,Michigan,Regional DC,45735,INT-OHE1DZ0
8732,WH-08732,New York,New York,Regional DC,49091,INT-7I8FYGE
8733,WH-08733,Miami,Florida,Fulfillment Center,86317,INT-BXZJOC6
8734,WH-08734,Charlotte,North Carolina,Regional DC,84175,INT-RVXRPW2
8735,WH-08735,Seattle,Washington,Fulfillment Center,14228,INT-93ROTP5
8736,WH-08736,Los Angeles,California,Cross Dock,45242,INT-Y2P7QMT
8737,WH-08737,Atlanta,Georgia,Fulfillment Center,87502,INT-0IORYI1
8738,WH-08738,Los Angeles,California,Fulfillment Center,74745,INT-IW10PQ0
8739,WH-08739,Atlanta,Georgia,Fulfillment Center,17283,INT-M29YQEC
8740,WH-08740,Phoenix,Arizona,Cross Dock,53772,INT-LLBLZDJ
8741,WH-08741,Boston,Massachusetts,Fulfillment Center,99024,INT-S7SV0PD
8742,WH-08742,Austin,Texas,Cross Dock,9221,INT-MQCM544
8743,WH-08743,Seattle,Washington,Cross Dock,12302,INT-O7JCJJJ
8744,WH-08744,,Unknown,Distribution Center,28745,INT-4APHLQX
8745,WH-08745,Atlanta,Georgia,Distribution Center,49418,INT-2HWSEI8
8746,WH-08746,Los Angeles,California,Cross Dock,7515,INT-DC79B34
8747,WH-08747,Boston,Massachusetts,Fulfillment Center,61143,INT-P445MI1
8748,WH-08748,Denver,Colorado,Distribution Center,89537,INT-9WDVXFK
8749,WH-08749,Portland,Oregon,Cross Dock,53886,INT-JQMUMMS
8750,WH-08750,Seattle,Washington,Regional DC,43128,INT-XN8REC2
8751,WH-08751,Atlanta,Georgia,Cross Dock,98892,INT-7LVMF34
8752,WH-08752,Seattle,Washington,Fulfillment Center,50141,INT-61QENY3
8753,WH-08753,Houston,Texas,Regional DC,20211,INT-8ZMKQYH
8754,WH-08754,Seattle,Washington,Distribution Center,99595,INT-LNW098N
8755,WH-08755,Detroit,Michigan,Regional DC,27437,INT-XM8AELM
8756,WH-08756,Los Angeles,California,Regional DC,65266,INT-THM3XER
8757,WH-08757,Atlanta,Georgia,Fulfillment Center,10486,INT-T3BADDR
8758,WH-08758,Atlanta,Georgia,Fulfillment Center,91051,INT-P61XW5D
8759,WH-08759,Miami,Florida,Regional DC,64188,INT-ZWC4YC7
8760,WH-08760,New York,New York,Regional DC,37741,INT-ZK23FGB
8761,WH-08761,Denver,Colorado,Regional DC,98214,INT-YT6J4NU
8762,WH-08762,Dallas,Texas,Cross Dock,33215,INT-R1X0T27
8763,WH-08763,Miami,Florida,Cross Dock,9999999,INT-407ZOH5
8764,WH-08764,Los Angeles,California,Regional DC,73443,INT-EGCFV2G
8765,WH-08765,Phoenix,Arizona,Distribution Center,53853,INT-HT8KOYI
8766,WH-08766,Portland,Oregon,Regional DC,72855,INT-88YQF2I
8767,WH-08767,Boston,Massachusetts,Fulfillment Center,77716,INT-GAQH6K8
8768,WH-08768,Charlotte,North Carolina,Cross Dock,35432,INT-TA2UAHC
8769,WH-08769,HOUSTON,Unknown,Fulfillment Center,13001,INT-3DZGPAD
8770,WH-08770,Charlotte,North Carolina,Distribution Center,60524,INT-3L2807I
8771,WH-08771,Denver,Colorado,Cross Dock,27876,INT-441QTOU
8772,WH-08772,Houston,Texas,Cross Dock,36823,INT-ABFM5A3
8773,WH-08773,Chicago,Illinois,Distribution Center,95981,INT-P7DUEGU
8774,WH-08774,Phoenix,Arizona,Fulfillment Center,65039,INT-O5KVW4F
8775,WH-08775,Seattle,Washington,Cross Dock,29507,INT-FXS0CRL
8776,WH-08776,Phoenix,Arizona,Fulfillment Center,87352,INT-L8FSOMM
8777,WH-08777,Charlotte,North Carolina,Cross Dock,42600,INT-FSLZEWB
8778,WH-08778,Denver,Colorado,Fulfillment Center,15274,INT-H60OF64
8779,WH-08779,Seattle,Washington,Distribution Center,88042,INT-Q6Q22OO
8780,WH-08780,Seattle,Washington,Cross Dock,98643,INT-V7ZMSAM
8781,WH-08781,,Unknown,Cross Dock,41069,INT-86T49C1
8782,WH-08782,Chicago,Illinois,Cross Dock,93699,INT-VFFIM7F
8783,WH-08783,Boston,Massachusetts,Fulfillment Center,16014,INT-0KXY4U7
8784,WH-08784,Portland,Oregon,Fulfillment Center,23341,INT-4KIM1GR
8785,WH-08785,Charlotte,North Carolina,Regional DC,82860,INT-IPDGEKU
8786,WH-08786,Los Angeles,California,Regional DC,59112,INT-0YOFQ3R
8787,WH-08787,Seattle,Washington,Regional DC,24283,INT-SN6KIMN
8788,WH-08788,Dallas,Texas,Cross Dock,81494,INT-K9ADIG7
8789,WH-08789,Boston,Massachusetts,Distribution Center,54068,INT-IBZ54E9
8790,WH-08790,Los Angeles,California,Fulfillment Center,65284,INT-OL7PJ2V
8791,WH-08791,Chicago,Illinois,Cross Dock,71849,INT-330UDBL
8792,WH-08792,Los Angeles,California,Cross Dock,12485,INT-ZXHFONG
8793,WH-08793,Chicago,Illinois,Regional DC,6407,INT-U8KN7FP
8794,WH-08794,Denver,Colorado,Regional DC,93343,INT-0L00U66
8795,WH-08795,Austin,Texas,Distribution Center,28741,INT-714CT1P
8796,WH-08796,Chicago,Illinois,Cross Dock,5397,INT-UDP48JQ
8797,WH-08797,Houston,Texas,Fulfillment Center,35293,INT-2IX2GII
8798,WH-08798,Seattle,Washington,Distribution Center,62718,INT-IRDABSN
8799,WH-08799,Phoenix,Arizona,Distribution Center,17585,INT-FJOWW5T
8800,WH-08800,New york,Unknown,Regional DC,61725,INT-A8TDGPE
8801,WH-08801,Austin,Texas,Distribution Center,94776,INT-Q2P19SL
8802,WH-08802,,Unknown,Fulfillment Center,99255,INT-UZJ2FC6
8803,WH-08803,Boston,Massachusetts,Distribution Center,64964,INT-SHFHAAH
8804,WH-08804,Miami,Florida,Cross Dock,6759,INT-5DBCV8J
8805,WH-08805,Chicago,Illinois,Fulfillment Center,75610,INT-745EOUO
8806,WH-08806,Houston,Texas,Cross Dock,55141,INT-X2P7R0A
8807,WH-08807,Phoenix,Arizona,Distribution Center,79315,INT-6QFU96F
8808,WH-08808,Miami,Florida,Regional DC,13045,INT-TOPWHBL
8809,WH-08809,Denver,Colorado,Regional DC,7099,INT-8OD946P
8810,WH-08810,Detroit,Michigan,Distribution Center,39687,INT-HQLHGA9
8811,WH-08811,Portland,Oregon,Regional DC,62169,INT-9Z0RE70
8812,WH-08812,Houston,Texas,Regional DC,68279,INT-TN9EN6I
8813,WH-08813,Seattle,Washington,Fulfillment Center,27075,INT-IWIJL49
8814,WH-08814,Boston,Massachusetts,Distribution Center,65323,INT-HIJZ3UC
8815,WH-08815,New York,New York,Distribution Center,60364,INT-KKIGB17
8816,WH-08816,Phoenix,Arizona,Regional DC,33471,INT-7AMW54G
8817,WH-08817,Atlanta,Georgia,Cross Dock,96370,INT-XNC8KOJ
8818,WH-08818,Austin,Texas,Cross Dock,42053,INT-3ITOOBJ
8819,WH-08819,Charlotte,North Carolina,Cross Dock,13778,INT-0TBCOSO
8820,WH-08820,Seattle,Washington,Cross Dock,66823,INT-9LI4XDQ
8821,WH-08821,Boston,Massachusetts,Regional DC,31236,INT-SLAJZEH
8822,WH-08822,Houston,Texas,Regional DC,13077,INT-HXSTTIB
8823,WH-08823,Houston,Texas,Cross Dock,35798,INT-NXDTHPS
8824,WH-08824,Atlanta,Georgia,Cross Dock,36538,INT-6R3QFCS
8825,WH-08825,,Unknown,Distribution Center,45576,INT-VQ2X0VD
8826,WH-08826,Austin,Texas,Distribution Center,77053,INT-RWB6EUP
8827,WH-08827,Detroit,Michigan,Regional DC,67716,INT-B0LHE8K
8828,WH-08828,Detroit,Michigan,Regional DC,76132,INT-EMXI2ZK
8829,WH-08829,Detroit,Michigan,Cross Dock,51849,INT-2BXE11J
8830,WH-08830,Charlotte,North Carolina,Cross Dock,84090,INT-R7LC4H5
8831,WH-08831,Denver,Colorado,Distribution Center,31418,INT-J08TR45
8832,WH-08832,Dallas,Texas,Distribution Center,55685,INT-6SCEI7B
8833,WH-08833,Atlanta,Georgia,Cross Dock,17818,INT-QX0MM0M
8834,WH-08834,Los Angeles,California,Regional DC,6815,INT-QUYXYKL
8835,WH-08835,Phoenix,Arizona,Cross Dock,45085,INT-PUJUSHL
8836,WH-08836,Boston,Massachusetts,Regional DC,93153,INT-7OAE38Q
8837,WH-08837,Denver,Colorado,Distribution Center,55621,INT-L9AVXC5
8838,WH-08838,Dallas,Texas,Cross Dock,50528,INT-0UV1GDM
8839,WH-08839,Dallas,Texas,Cross Dock,95671,INT-D9MGS5T
8840,WH-08840,Denver,Colorado,Regional DC,56862,INT-8GU5O1Y
8841,WH-08841,Chicago,Illinois,Fulfillment Center,56861,INT-HBQ4Z59
8842,WH-08842,Denver,Colorado,Regional DC,15264,INT-KMQGER6
8843,WH-08843,Los Angeles,California,Regional DC,44372,INT-991L2EW
8844,WH-08844,Austin,Texas,Distribution Center,50990,INT-VP5RO72
8845,WH-08845,Austin,Texas,Fulfillment Center,17846,INT-BAB9DWX
8846,WH-08846,Charlotte,North Carolina,Distribution Center,49785,INT-W13BDUU
8847,WH-08847,Phoenix,Arizona,Fulfillment Center,22759,INT-031T9I9
8848,WH-08848,Seattle,Washington,Fulfillment Center,23061,INT-TWAZ64Y
8849,WH-08849,Chicago,Illinois,Fulfillment Center,73514,INT-1LEDRQU
8850,WH-08850,Phoenix,Arizona,Distribution Center,79453,INT-Q72RUV1
8851,WH-08851,Houston,Texas,Regional DC,95286,INT-QSO9A35
8852,WH-08852,Los Angeles,California,Distribution Center,64813,INT-QYTZ72R
8853,WH-08853,Detroit,Michigan,Fulfillment Center,91223,INT-3P2V9V0
8854,WH-08854,Los angeles,Unknown,Distribution Center,36015,INT-0VBWYEC
8855,WH-08855,Atlanta,Georgia,Fulfillment Center,23126,INT-17HYI2X
8856,WH-08856,Denver,Colorado,Distribution Center,71886,INT-RV6TEF3
8857,WH-08857,Phoenix,Arizona,Fulfillment Center,8785,INT-WHCFVG9
8858,WH-08858, New York,New York,Fulfillment Center,36037,INT-NO2TBGI
8859,WH-08859,Dallas,Texas,Fulfillment Center,82571,INT-P52RKTL
8860,WH-08860,Phoenix,Arizona,Regional DC,31496,INT-T161TUS
8861,WH-08861,Boston,Massachusetts,Regional DC,76434,INT-00CG31L
8862,WH-08862,Seattle,Washington,Cross Dock,37735,INT-F0RE9OI
8863,WH-08863,Seattle,Washington,Fulfillment Center,44604,INT-K4ASG89
8864,WH-08864,Houston,Texas,Cross Dock,79053,INT-2CG8LQD
8865,WH-08865,Portland,Oregon,Regional DC,76696,INT-MAXKPY2
8866,WH-08866,Miami,Florida,Fulfillment Center,34343,INT-S0CMTIA
8867,WH-08867,Houston,Texas,Distribution Center,79981,INT-VXE4SFL
8868,WH-08868,Chicago,Illinois,Distribution Center,60962,INT-6I71SWB
8869,WH-08869,New York,New York,Regional DC,57602,INT-69803X3
8870,WH-08870,Dallas,Texas,Cross Dock,15849,INT-6BG3FX8
8871,WH-08871,Dallas,Texas,Cross Dock,40521,INT-V9IQOBA
8872,WH-08872,Charlotte,North Carolina,Distribution Center,79533,INT-HYWDPUP
8873,WH-08873,Dallas,Texas,Cross Dock,63382,INT-DS3I8QJ
8874,WH-08874,Chicago,Illinois,Distribution Center,72121,INT-GA4QHOS
8875,WH-08875,Phoenix,Arizona,Cross Dock,46006,INT-5XJC4TX
8876,WH-08876,Phoenix,Arizona,Regional DC,79192,INT-GAI2F9M
8877,WH-08877,Dallas,Texas,Distribution Center,57205,INT-TYD5T0Y
8878,WH-08878,Atlanta,Georgia,Fulfillment Center,26073,INT-TEZXBPR
8879,WH-08879,Denver,Colorado,Cross Dock,12945,INT-9ERXNRY
8880,WH-08880,Boston,Massachusetts,Distribution Center,89582,INT-KSXKE76
8881,WH-08881,Chicago,Illinois,Regional DC,23913,INT-6GKM32X
8882,WH-08882,Austin,Texas,Fulfillment Center,53020,INT-42FJOMI
8883,WH-08883,Portland,Oregon,Distribution Center,72399,INT-PMMBUJW
8884,WH-08884,Atlanta,Georgia,Cross Dock,85970,INT-8QI0WG1
8885,WH-08885,Austin,Texas,Fulfillment Center,66541,INT-NTX5CXM
8886,WH-08886,New York,New York,Distribution Center,29988,INT-SZ1JW6H
8887,WH-08887,Atlanta,Georgia,Distribution Center,62186,INT-XINPICD
8888,WH-08888,Chicago,Illinois,Regional DC,95612,INT-PWCAPHK
8889,WH-08889,Denver,Colorado,Fulfillment Center,66795,INT-FE4243Y
8890,WH-08890,Boston,Massachusetts,Fulfillment Center,84654,INT-DAPN9CP
8891,WH-08891,Dallas,Texas,Cross Dock,66262,INT-YZQ0UCP
8892,WH-08892,Portland,Oregon,Fulfillment Center,28302,INT-LJ4SMY4
8893,WH-08893,Atlanta,Georgia,Distribution Center,75079,INT-OJV28E1
8894,WH-08894,Dallas,Texas,Distribution Center,7945,INT-NY5RTLS
8895,WH-08895,Phoenix,Arizona,Fulfillment Center,53303,INT-MOE8GTA
8896,WH-08896,New York,New York,Cross Dock,5000000,INT-YIAP6LX
8897,WH-08897,Phoenix,Arizona,Cross Dock,44431,INT-GV1TRD5
8898,WH-08898,Detroit,Michigan,Distribution Center,11002,INT-64HDA3B
8899,WH-08899,Detroit,Michigan,Regional DC,71163,INT-Q9G2VFH
8900,WH-08900,Dallas,Texas,Regional DC,50091,INT-JYSDTJP
8901,WH-08901,Los Angeles,California,Regional DC,84590,INT-IQM1XI9
8902,WH-08902,Miami,Florida,Fulfillment Center,41824,INT-X0HKAWL
8903,WH-08903,Portland,Oregon,Distribution Center,61087,INT-T45Q6JL
8904,WH-08904,Dallas,Texas,Regional DC,28013,INT-WIIHG1V
8905,WH-08905,Houston,Texas,Cross Dock,59513,INT-4EA07KQ
8906,WH-08906,New York,New York,Fulfillment Center,41303,INT-IQP1CSG
8907,WH-08907,Seattle,Washington,Distribution Center,51447,INT-A0Z1LWA
8908,WH-08908,Charlotte,North Carolina,Cross Dock,77910,INT-YZ6AHAE
8909,WH-08909,Houston,Texas,Fulfillment Center,14705,INT-11FY4RK
8910,WH-08910,Portland,Oregon,Fulfillment Center,90758,INT-4FOYQHE
8911,WH-08911,New York,New York,Fulfillment Center,53904,INT-9QSB4DG
8912,WH-08912,Seattle,Washington,Distribution Center,59622,INT-RU94SOR
8913,WH-08913,Austin,Texas,Fulfillment Center,65151,INT-0D2RILN
8914,WH-08914,Phoenix,Arizona,Cross Dock,71459,INT-D30NF3F
8915,WH-08915,Phoenix,Arizona,Distribution Center,45875,INT-0DPC588
8916,WH-08916,Dallas,Texas,Distribution Center,66068,INT-WMH923T
8917,WH-08917,Detroit,Michigan,Cross Dock,93543,INT-ESAHKX4
8918,WH-08918,Boston,Massachusetts,Fulfillment Center,24572,INT-13LVZOC
8919,WH-08919,Phoenix,Arizona,Distribution Center,37645,INT-5YMJFGI
8920,WH-08920,Dallas,Texas,Cross Dock,75199,INT-HZH50VY
8921,WH-08921,Detroit,Michigan,Fulfillment Center,70674,INT-NZGUSTA
8922,WH-08922,Los Angeles,California,Fulfillment Center,92688,INT-LYLC0ZN
8923,WH-08923,Houston,Texas,Distribution Center,59353,INT-5BL651W
8924,WH-08924,Phoenix,Arizona,Regional DC,20462,INT-OAAEKU0
8925,WH-08925,Charlotte,North Carolina,Regional DC,90244,INT-6NFN13G
8926,WH-08926,New York,New York,Distribution Center,36132,INT-9MLLL9U
8927,WH-08927,Austin,Texas,Cross Dock,86032,INT-CNWD6L8
8928,WH-08928,Seattle,Washington,Fulfillment Center,29625,INT-93YR9Z5
8929,WH-08929,Portland,Oregon,Cross Dock,45835,INT-XPIISIP
8930,WH-08930,Phoenix,Arizona,Distribution Center,7875,INT-GOEWTBQ
8931,WH-08931,Charlotte,North Carolina,Fulfillment Center,13051,INT-AI0LQHB
8932,WH-08932,,Unknown,Distribution Center,57419,INT-B9ZEZTT
8933,WH-08933,CHICAGO,Unknown,Distribution Center,97321,INT-7GNPALF
8934,WH-08934,Denver,Colorado,Fulfillment Center,51599,INT-C4TLXX5
8935,WH-08935,Atlanta,Georgia,Cross Dock,33614,INT-QQYKQM2
8936,WH-08936,Miami,Florida,Fulfillment Center,76224,INT-O5MUXUD
8937,WH-08937,Austin,Texas,Cross Dock,35899,INT-D3GS5E4
8938,WH-08938,Boston,Massachusetts,Regional DC,91191,INT-TQII4TI
8939,WH-08939,New York,New York,Distribution Center,59072,INT-MQLT9KU
8940,WH-08940,Denver,Colorado,Distribution Center,62643,INT-2TXU8Z9
8941,WH-08941,Portland,Oregon,Cross Dock,39395,INT-AK6HJ6R
8942,WH-08942,Denver,Colorado,Fulfillment Center,49461,INT-K9JWNYK
8943,WH-08943,Boston,Massachusetts,Fulfillment Center,9999999,INT-JJLI3ZU
8944,WH-08944,Seattle,Washington,Regional DC,54587,INT-BGYOJ1L
8945,WH-08945,Dallas,Texas,Cross Dock,30932,INT-V8TGIN4
8946,WH-08946,New York,New York,Regional DC,20834,INT-YOI1IHQ
8947,WH-08947,Portland,Oregon,Cross Dock,79408,INT-DOQ6D2J
8948,WH-08948,Detroit,Michigan,Fulfillment Center,96151,INT-XANBXBB
8949,WH-08949,Atlanta,Georgia,Distribution Center,30374,INT-7W91RGI
8950,WH-08950,Denver,Colorado,Fulfillment Center,5588,INT-PCG6HVW
8951,WH-08951,Austin,Texas,Cross Dock,55626,INT-XAVRJML
8952,WH-08952,Austin,Texas,Fulfillment Center,52321,INT-CT8NVBF
8953,WH-08953,Los Angeles,California,Cross Dock,39117,INT-2ZXPL22
8954,WH-08954,Atlanta,Georgia,Distribution Center,10081,INT-Z2VKO71
8955,WH-08955,Los Angeles,California,Cross Dock,85196,INT-TQ9GHIK
8956,WH-08956,Dallas,Texas,Distribution Center,99587,INT-R7OF4AC
8957,WH-08957,New York,New York,Regional DC,12538,INT-1S9BYIO
8958,WH-08958,Phoenix,Arizona,Distribution Center,74400,INT-BAY0ITL
8959,WH-08959,Boston,Massachusetts,Cross Dock,12319,INT-FBWSNSF
8960,WH-08960,Boston,Massachusetts,Fulfillment Center,98841,INT-7J7LBAK
8961,WH-08961,Houston,Texas,Distribution Center,44647,INT-I9F75RN
8962,WH-08962, Los Angeles,California,Distribution Center,32770,INT-VNEW5O2
8963,WH-08963,Austin,Texas,Distribution Center,24543,INT-ZVH4B34
8964,WH-08964,Phoenix,Arizona,Regional DC,45969,INT-EEWY9EW
8965,WH-08965,Detroit,Michigan,Cross Dock,57967,INT-8DQD2VZ
8966,WH-08966,New York,New York,Distribution Center,8209,INT-P8TDQN9
8967,WH-08967,Phoenix,Arizona,Distribution Center,88135,INT-61CC9ME
8968,WH-08968,Seattle,Washington,Cross Dock,34357,INT-TZRQUV9
8969,WH-08969,Dallas,Texas,Fulfillment Center,82889,INT-4VPOMHL
8970,WH-08970,Austin,Texas,Fulfillment Center,37308,INT-OKZR7SU
8971,WH-08971,Dallas,Texas,Fulfillment Center,50805,INT-C1U17IK
8972,WH-08972,Dallas,Texas,Fulfillment Center,84641,INT-OUB67RC
8973,WH-08973,Phoenix,Arizona,Distribution Center,69158,INT-IKELO0O
8974,WH-08974,Houston,Texas,Regional DC,22380,INT-LR6IZXP
8975,WH-08975,New York,New York,Fulfillment Center,97466,INT-JKTU7IJ
8976,WH-08976,Boston,Massachusetts,Distribution Center,68977,INT-R4OL23S
8977,WH-08977,Boston,Massachusetts,Distribution Center,64616,INT-0Z67Q76
8978,WH-08978,Denver,Colorado,Fulfillment Center,46499,INT-KDLDDL3
8979,WH-08979,Phoenix,Arizona,Distribution Center,5553,INT-NZLJXUS
8980,WH-08980,Dallas,Texas,Cross Dock,99084,INT-OD3FA25
8981,WH-08981,Portland,Oregon,Distribution Center,48633,INT-LD2ZZPR
8982,WH-08982,Dallas,Texas,Cross Dock,43491,INT-G52C184
8983,WH-08983,Miami,Florida,Distribution Center,45372,INT-CI6DZM7
8984,WH-08984,Miami,Florida,Cross Dock,77533,INT-SHRPQHD
8985,WH-08985,Portland,Oregon,Distribution Center,48869,INT-EHADIP2
8986,WH-08986,Detroit,Michigan,Fulfillment Center,22117,INT-X67O11W
8987,WH-08987,Charlotte,North Carolina,Cross Dock,98617,INT-7AIYDWJ
8988,WH-08988,Los Angeles,California,Fulfillment Center,33963,INT-S65RXPZ
8989,WH-08989,Seattle,Washington,Regional DC,20700,INT-VI4MUGW
8990,WH-08990,Dallas,Texas,Distribution Center,25647,INT-MX6NQPK
8991,WH-08991,Portland,Oregon,Cross Dock,63566,INT-I8RF8KD
8992,WH-08992,Los Angeles,California,Fulfillment Center,70716,INT-8Z2EXKX
8993,WH-08993,Denver,Colorado,Fulfillment Center,32355,INT-4TMLP0X
8994,WH-08994,Portland,Oregon,Distribution Center,86146,INT-TOUL8H1
8995,WH-08995,Chicago,Illinois,Distribution Center,59002,INT-TM4SL7L
8996,WH-08996,Dallas,Texas,Distribution Center,90677,INT-U4U1CVB
8997,WH-08997,Austin,Texas,Regional DC,93304,INT-LF2VUD9
8998,WH-08998,Dallas,Texas,Cross Dock,79560,INT-F7O1BVD
8999,WH-08999,Atlanta,Georgia,Distribution Center,6622,INT-C8JK3CB
9000,WH-09000,Houston,Texas,Distribution Center,61188,INT-LUW8M5B
9001,WH-09001,Detroit,Michigan,Regional DC,76355,INT-NYK7N6Z
9002,WH-09002,Portland,Oregon,Fulfillment Center,47836,INT-67PZ2EY
9003,WH-09003,Denver,Colorado,Fulfillment Center,75088,INT-6YHBD1C
9004,WH-09004,Miami,Florida,Regional DC,26295,INT-KYAVLP1
9005,WH-09005,Denver,Colorado,Distribution Center,20910,INT-L59RD5R
9006,WH-09006,Portland,Oregon,Fulfillment Center,89663,INT-CBWAE11
9007,WH-09007,Chicago,Illinois,Distribution Center,47933,INT-NLR6AML
9008,WH-09008,Charlotte,North Carolina,Fulfillment Center,44399,INT-USWJHQX
9009,WH-09009,Boston,Massachusetts,Regional DC,68346,INT-UIN9JP7
9010,WH-09010,Portland,Oregon,Regional DC,63664,INT-WV96REM
9011,WH-09011,Miami,Florida,Cross Dock,35722,INT-QQE9TU6
9012,WH-09012,Austin,Texas,Distribution Center,41202,INT-J3VGYOW
9013,WH-09013,Los Angeles,California,Distribution Center,80160,INT-DUYXNBX
9014,WH-09014,New York,New York,Regional DC,79795,INT-YG2H1GT
9015,WH-09015,Houston,Texas,Fulfillment Center,27963,INT-J1LLUSK
9016,WH-09016,Los Angeles,California,Fulfillment Center,69065,INT-KGK0KXZ
9017,WH-09017,Detroit,Michigan,Cross Dock,48995,INT-PB8KGRU
9018,WH-09018,Austin,Texas,Fulfillment Center,45552,INT-L1ZI2QE
9019,WH-09019,Charlotte,North Carolina,Distribution Center,13784,INT-B0A0ULV
9020,WH-09020,Detroit,Michigan,Fulfillment Center,28282,INT-RK9P12G
9021,WH-09021,Phoenix,Arizona,Distribution Center,42279,INT-6Z20QRL
9022,WH-09022,Atlanta,Georgia,Fulfillment Center,77799,INT-IEX9LFJ
9023,WH-09023,Boston,Massachusetts,Distribution Center,50282,INT-OQE0WST
9024,WH-09024,Austin,Texas,Fulfillment Center,50023,INT-TS4D1HL
9025,WH-09025,Seattle,Washington,Distribution Center,5000000,INT-4ZBGK2E
9026,WH-09026,Boston,Massachusetts,Distribution Center,50710,INT-BGHDNNR
9027,WH-09027,Houston,Texas,Distribution Center,13412,INT-NVWQ0JH
9028,WH-09028,Dallas,Texas,Distribution Center,16865,INT-J0996GN
9029,WH-09029,Denver,Colorado,Distribution Center,93739,INT-DEMF6NK
9030,WH-09030,New York,New York,Distribution Center,66015,INT-D52YPHZ
9031,WH-09031,Portland,Oregon,Fulfillment Center,5062,INT-G1SL753
9032,WH-09032,Los Angeles,California,Fulfillment Center,8102,INT-4F6IXD7
9033,WH-09033,Dallas,Texas,Cross Dock,43368,INT-BRR496G
9034,WH-09034,Portland,Oregon,Regional DC,67133,INT-4YW1QCF
9035,WH-09035,New York,New York,Cross Dock,19166,INT-M83OPHH
9036,WH-09036,Los Angeles,California,Regional DC,82876,INT-3NRI62H
9037,WH-09037,Detroit,Michigan,Distribution Center,76097,INT-IBAJ484
9038,WH-09038,Los Angeles,California,Cross Dock,5893,INT-W5BQVDZ
9039,WH-09039,Miami,Florida,Fulfillment Center,79413,INT-CCYGJ6I
9040,WH-09040,New York,New York,Distribution Center,39461,INT-99CTP93
9041,WH-09041,Phoenix,Arizona,Regional DC,79550,INT-XZ8INTM
9042,WH-09042,Chicago,Illinois,Regional DC,55691,INT-RK7UAT9
9043,WH-09043,New York,New York,Fulfillment Center,23760,INT-V0E0VT7
9044,WH-09044,Seattle,Washington,Regional DC,98712,INT-QD72BHU
9045,WH-09045,Austin,Texas,Cross Dock,76363,INT-DO70B2V
9046,WH-09046,New York,New York,Cross Dock,41142,INT-DNOOH5H
9047,WH-09047,Austin,Texas,Fulfillment Center,30749,INT-5BEKE7R
9048,WH-09048,Chicago,Illinois,Fulfillment Center,5137,INT-Y37G2YK
9049,WH-09049,Atlanta,Georgia,Distribution Center,22926,INT-YKU6SWC
9050,WH-09050,Houston,Texas,Distribution Center,59550,INT-I3L2IV6
9051,WH-09051,Los Angeles,California,Distribution Center,12843,INT-IK8QP84
9052,WH-09052,Dallas,Texas,Fulfillment Center,95499,INT-9HPJYAG
9053,WH-09053,Phoenix,Arizona,Cross Dock,56157,INT-EZ5KNXO
9054,WH-09054,Seattle,Washington,Regional DC,38724,INT-61A3GEP
9055,WH-09055,Seattle,Washington,Distribution Center,58228,INT-73B8CIZ
9056,WH-09056,Atlanta,Georgia,Regional DC,11166,INT-7SJVLH3
9057,WH-09057,Austin,Texas,Fulfillment Center,80347,INT-58Y9TQU
9058,WH-09058,Los Angeles,California,Distribution Center,83856,INT-YSWLQJG
9059,WH-09059,Detroit,Michigan,Distribution Center,66907,INT-UQOBM4Q
9060,WH-09060,Portland,Oregon,Fulfillment Center,54762,INT-D9NV8X2
9061,WH-09061,Boston,Massachusetts,Cross Dock,86271,INT-GRIH40X
9062,WH-09062,Charlotte,North Carolina,Regional DC,19150,INT-5YRUA1I
9063,WH-09063,Denver,Colorado,Fulfillment Center,38657,INT-YHNSIHM
9064,WH-09064,Charlotte,North Carolina,Fulfillment Center,67511,INT-1HZ5HSJ
9065,WH-09065,Atlanta,Georgia,Cross Dock,17401,INT-KJOPYZX
9066,WH-09066,Miami,Florida,Fulfillment Center,7250,INT-M5RWZC9
9067,WH-09067,Los Angeles,California,Distribution Center,50391,INT-R599DGJ
9068,WH-09068,Detroit,Michigan,Fulfillment Center,70184,INT-J6KFYMZ
9069,WH-09069,New York,New York,Cross Dock,56101,INT-QGC9TDN
9070,WH-09070,Boston,Massachusetts,Fulfillment Center,30900,INT-9XZ74YV
9071,WH-09071,Boston,Massachusetts,Regional DC,47651,INT-VNEK4OY
9072,WH-09072,Miami,Florida,Fulfillment Center,69503,INT-J8K86NM
9073,WH-09073,Chicago,Illinois,Distribution Center,52998,INT-X8HI9SG
9074,WH-09074,Phoenix,Arizona,Regional DC,52070,INT-1DUFNPG
9075,WH-09075,Los Angeles,California,Cross Dock,24844,INT-JT9MJ1Q
9076,WH-09076,Seattle,Washington,Cross Dock,93680,INT-NO7U7ZV
9077,WH-09077,Boston,Massachusetts,Distribution Center,52734,INT-2SXU4GD
9078,WH-09078,Miami,Florida,Fulfillment Center,63735,INT-EVAQ829
9079,WH-09079,Detroit,Michigan,Distribution Center,96047,INT-3513EBX
9080,WH-09080,Los Angeles,California,Fulfillment Center,50549,INT-BY0Y4RM
9081,WH-09081,Denver,Colorado,Distribution Center,86698,INT-Y8ARTW8
9082,WH-09082,Austin,Texas,Regional DC,83442,INT-CYU0GGK
9083,WH-09083,Los Angeles,California,Fulfillment Center,54461,INT-1ED2215
9084,WH-09084,Boston,Massachusetts,Distribution Center,83989,INT-S0K4296
9085,WH-09085,Detroit,Michigan,Cross Dock,42812,INT-ZMXO5YO
9086,WH-09086,Detroit,Michigan,Cross Dock,37368,INT-AZGOBFO
9087,WH-09087,Denver,Colorado,Regional DC,23710,INT-CFNZGF0
9088,WH-09088,Portland,Oregon,Fulfillment Center,54322,INT-K8UDXP6
9089,WH-09089,Dallas,Texas,Fulfillment Center,63483,INT-9CGY08Q
9090,WH-09090,Houston,Texas,Fulfillment Center,53079,INT-XP7YUQ9
9091,WH-09091,Charlotte,North Carolina,Fulfillment Center,81215,INT-CTV8E11
9092,WH-09092,Chicago,Illinois,Regional DC,45521,INT-QBQKK5E
9093,WH-09093,Denver,Colorado,Regional DC,75206,INT-7RB0XU0
9094,WH-09094,New York,New York,Fulfillment Center,37498,INT-BP94PD6
9095,WH-09095,Chicago,Illinois,Fulfillment Center,59126,INT-CUY44BJ
9096,WH-09096,Houston,Texas,Fulfillment Center,51206,INT-1WEELD3
9097,WH-09097,Detroit,Michigan,Distribution Center,23857,INT-NOIXC8D
9098,WH-09098,Houston,Texas,Distribution Center,99228,INT-QPAOR15
9099,WH-09099,Boston,Massachusetts,Regional DC,78921,INT-8FE1NXF
9100,WH-09100,Detroit,Michigan,Regional DC,9466,INT-0VXCBJA
9101,WH-09101,Portland,Oregon,Fulfillment Center,72088,INT-FOB8E6F
9102,WH-09102,Austin,Texas,Regional DC,25143,INT-VFWYMJF
9103,WH-09103,Portland,Oregon,Regional DC,76090,INT-XHETWN9
9104,WH-09104,Charlotte,North Carolina,Distribution Center,68447,INT-GC5VNZN
9105,WH-09105,Houston,Texas,Distribution Center,13202,INT-8N88DHK
9106,WH-09106,Detroit,Michigan,Regional DC,5223,INT-S4B18GD
9107,WH-09107,Dallas,Texas,Distribution Center,53845,INT-YYMSW9W
9108,WH-09108,Seattle,Washington,Distribution Center,44377,INT-F1NJOZI
9109,WH-09109,Charlotte,North Carolina,Distribution Center,70759,INT-F7N7GKU
9110,WH-09110,Phoenix,Arizona,Regional DC,9999999,INT-W5X4L40
9111,WH-09111,Denver,Colorado,Cross Dock,14982,INT-37IRKOA
9112,WH-09112,Seattle,Washington,Regional DC,73982,INT-2JNAD0S
9113,WH-09113,Chicago,Illinois,Regional DC,88203,INT-I7A3U5E
9114,WH-09114,Charlotte,North Carolina,Regional DC,81060,INT-FUXCJRB
9115,WH-09115,Phoenix,Arizona,Fulfillment Center,18233,INT-575YHI8
9116,WH-09116,Portland,Oregon,Regional DC,92788,INT-03CV5HS
9117,WH-09117,Atlanta,Georgia,Regional DC,12825,INT-N842LE6
9118,WH-09118,Detroit,Michigan,Distribution Center,66561,INT-27EUWQR
9119,WH-09119,Austin,Texas,Regional DC,72055,INT-IHIO8X3
9120,WH-09120,Houston,Texas,Distribution Center,66982,INT-5NWW2DR
9121,WH-09121,New York,New York,Cross Dock,89502,INT-BDIZHS1
9122,WH-09122,Seattle,Washington,Distribution Center,41879,INT-6UYSFAB
9123,WH-09123,Houston,Texas,Fulfillment Center,81732,INT-RPHQ89Y
9124,WH-09124,Phoenix,Arizona,Cross Dock,48773,INT-8K1HJ0B
9125,WH-09125,Seattle,Washington,Distribution Center,64159,INT-DQN5TEC
9126,WH-09126,Denver,Colorado,Distribution Center,79526,INT-BAYRLDL
9127,WH-09127,Charlotte,North Carolina,Regional DC,15940,INT-X1XDA6P
9128,WH-09128,New York,New York,Regional DC,68949,INT-K8H5K6X
9129,WH-09129,Chicago,Illinois,Fulfillment Center,5000000,INT-G3NDQ4M
9130,WH-09130,Atlanta,Georgia,Fulfillment Center,14580,INT-C69517D
9131,WH-09131,Phoenix,Arizona,Cross Dock,33187,INT-EI4H2I5
9132,WH-09132,Chicago,Illinois,Regional DC,96196,INT-47RXBGI
9133,WH-09133,Dallas,Texas,Fulfillment Center,31271,INT-NCBOWMZ
9134,WH-09134,Houston,Texas,Regional DC,14834,INT-3YA63E7
9135,WH-09135,Los Angeles,California,Regional DC,76513,INT-M2BOSZ3
9136,WH-09136,Portland,Oregon,Regional DC,45494,INT-NJP5FVL
9137,WH-09137,Atlanta,Georgia,Fulfillment Center,61554,INT-19F5K8T
9138,WH-09138,New york,Unknown,Regional DC,5000000,INT-0E60FB9
9139,WH-09139,Chicago,Illinois,Distribution Center,90256,INT-50YYSJL
9140,WH-09140,Dallas,Texas,Fulfillment Center,58620,INT-EFRD6YP
9141,WH-09141,Seattle,Washington,Cross Dock,12797,INT-0FKLNBB
9142,WH-09142,Phoenix,Arizona,Fulfillment Center,44374,INT-9MVKWW1
9143,WH-09143,New York,New York,Fulfillment Center,91055,INT-TZENFI1
9144,WH-09144,Boston,Massachusetts,Cross Dock,5851,INT-JVYKSWR
9145,WH-09145,Phoenix,Arizona,Distribution Center,97887,INT-QXZR1KD
9146,WH-09146,Portland,Oregon,Distribution Center,37895,INT-OO7XEOT
9147,WH-09147,Chicago,Illinois,Cross Dock,60592,INT-4SID090
9148,WH-09148,Seattle,Washington,Cross Dock,63362,INT-AUODCPO
9149,WH-09149,Miami,Florida,Distribution Center,18944,INT-YVBMJMC
9150,WH-09150,New York,New York,Fulfillment Center,93873,INT-Q0PL3VZ
9151,WH-09151,Miami,Florida,Cross Dock,64634,INT-6SL0EBW
9152,WH-09152,Boston,Massachusetts,Distribution Center,6029,INT-SVRXF7Y
9153,WH-09153,Charlotte,North Carolina,Distribution Center,9118,INT-R69GGYM
9154,WH-09154,Boston,Massachusetts,Fulfillment Center,29617,INT-ZDM1AVQ
9155,WH-09155,New york,Unknown,Fulfillment Center,5000000,INT-L89W0N4
9156,WH-09156,Chicago,Illinois,Cross Dock,26911,INT-BQXO0WX
9157,WH-09157,Miami,Florida,Regional DC,21650,INT-6RC9V2T
9158,WH-09158,,Unknown,Cross Dock,56655,INT-I84KZBV
9159,WH-09159,Detroit,Michigan,Distribution Center,11677,INT-AR4EHS4
9160,WH-09160,,Unknown,Regional DC,88184,INT-9BPAROQ
9161,WH-09161,New York,New York,Regional DC,73931,INT-BUC4FR1
9162,WH-09162,Miami,Florida,Fulfillment Center,24324,INT-76D9Y5Y
9163,WH-09163,Chicago,Illinois,Regional DC,5962,INT-NUJ8HPR
9164,WH-09164,Atlanta,Georgia,Regional DC,28849,INT-WHU43NX
9165,WH-09165,Miami,Florida,Distribution Center,18220,INT-PM0KR0Z
9166,WH-09166,Los Angeles,California,Cross Dock,82165,INT-M98W90M
9167,WH-09167,Los Angeles,California,Regional DC,35429,INT-XKKZCLN
9168,WH-09168,Miami,Florida,Fulfillment Center,44211,INT-RIVB2CX
9169,WH-09169,New York,New York,Regional DC,5328,INT-3Q4K9WC
9170,WH-09170,Boston,Massachusetts,Distribution Center,14072,INT-MQQU47R
9171,WH-09171,Miami,Florida,Cross Dock,47587,INT-H2WO7JQ
9172,WH-09172,Austin,Texas,Regional DC,49824,INT-V0UAMMZ
9173,WH-09173,Miami,Florida,Cross Dock,80076,INT-NEROH5U
9174,WH-09174,Phoenix,Arizona,Cross Dock,23974,INT-FLNK9H7
9175,WH-09175,Detroit,Michigan,Distribution Center,63176,INT-F69C90I
9176,WH-09176,Denver,Colorado,Regional DC,51545,INT-RO4R6GW
9177,WH-09177,Chicago,Illinois,Cross Dock,82042,INT-Q03AKXS
9178,WH-09178,Atlanta,Georgia,Fulfillment Center,33879,INT-VIAZ4QO
9179,WH-09179,Charlotte,North Carolina,Regional DC,22983,INT-KIMRHJB
9180,WH-09180,Boston,Massachusetts,Cross Dock,12285,INT-35V7SIZ
9181,WH-09181,Los Angeles,California,Regional DC,26492,INT-W8OKHD8
9182,WH-09182,New York,New York,Fulfillment Center,99637,INT-IYVM6AB
9183,WH-09183,Austin,Texas,Distribution Center,51466,INT-299PTG0
9184,WH-09184,Miami,Florida,Fulfillment Center,9041,INT-17SJL7W
9185,WH-09185,Miami,Florida,Cross Dock,63650,INT-OG933WA
9186,WH-09186,Boston,Massachusetts,Cross Dock,40916,INT-HUQ5TNC
9187,WH-09187,New York,New York,Regional DC,36487,INT-KKEA0O3
9188,WH-09188,Portland,Oregon,Distribution Center,37491,INT-MA37E18
9189,WH-09189,Boston,Massachusetts,Cross Dock,6620,INT-19M5SXM
9190,WH-09190,Miami,Florida,Regional DC,5350,INT-RNB5OZT
9191,WH-09191,Atlanta,Georgia,Distribution Center,75624,INT-3BWNIST
9192,WH-09192,Chicago,Illinois,Regional DC,55935,INT-12JRXB8
9193,WH-09193,Houston,Texas,Fulfillment Center,56659,INT-I4AUWS2
9194,WH-09194,Denver,Colorado,Distribution Center,6446,INT-929RV2Z
9195,WH-09195,Phoenix,Arizona,Distribution Center,52249,INT-RC147OY
9196,WH-09196,Chicago,Illinois,Fulfillment Center,17913,INT-12YL1TK
9197,WH-09197,Dallas,Texas,Regional DC,22558,INT-2CIX88Y
9198,WH-09198,,Unknown,Distribution Center,84067,INT-K6REELE
9199,WH-09199,Portland,Oregon,Regional DC,27456,INT-7JW57ZH
9200,WH-09200,Phoenix,Arizona,Cross Dock,41818,INT-JLSHN8F
9201,WH-09201,Portland,Oregon,Distribution Center,54802,INT-KIFWSBX
9202,WH-09202,Miami,Florida,Cross Dock,96958,INT-RGK7I16
9203,WH-09203,Dallas,Texas,Regional DC,21412,INT-O0CRP71
9204,WH-09204,Portland,Oregon,Cross Dock,79436,INT-DXB1G1D
9205,WH-09205,Houston,Texas,Regional DC,65232,INT-8AP0P3P
9206,WH-09206,Atlanta,Georgia,Regional DC,58997,INT-DV8GIKY
9207,WH-09207,New York,New York,Regional DC,34899,INT-8BJESZA
9208,WH-09208,Chicago,Illinois,Regional DC,33979,INT-MRANHT1
9209,WH-09209,Seattle,Washington,Cross Dock,17439,INT-YHSXVRA
9210,WH-09210,Seattle,Washington,Regional DC,84866,INT-TQRU2W7
9211,WH-09211,Austin,Texas,Cross Dock,61544,INT-M32LNGK
9212,WH-09212,Phoenix,Arizona,Fulfillment Center,28876,INT-TGASQOO
9213,WH-09213,Houston,Texas,Fulfillment Center,65190,INT-I12ZHCE
9214,WH-09214,Dallas,Texas,Regional DC,52585,INT-XQ7I593
9215,WH-09215,Denver,Colorado,Distribution Center,39535,INT-QXRI1HX
9216,WH-09216,Detroit,Michigan,Fulfillment Center,37244,INT-RDN7WK7
9217,WH-09217,Detroit,Michigan,Regional DC,47325,INT-3EK3F15
9218,WH-09218,Phoenix,Arizona,Fulfillment Center,26903,INT-EU4CQP8
9219,WH-09219,Dallas,Texas,Regional DC,71932,INT-S0398W7
9220,WH-09220,Phoenix,Arizona,Cross Dock,45839,INT-BMP2LNQ
9221,WH-09221,Denver,Colorado,Regional DC,71564,INT-WZN5NP3
9222,WH-09222,Austin,Texas,Fulfillment Center,29206,INT-T37T2LA
9223,WH-09223,Houston,Texas,Fulfillment Center,10844,INT-UOEV6CT
9224,WH-09224,,Unknown,Cross Dock,66075,INT-PKTG2HX
9225,WH-09225,Dallas,Texas,Fulfillment Center,55698,INT-HSBRIX8
9226,WH-09226,Atlanta,Georgia,Distribution Center,38477,INT-TGLJVPX
9227,WH-09227,Detroit,Michigan,Cross Dock,33440,INT-TR339PN
9228,WH-09228,Austin,Texas,Fulfillment Center,45153,INT-BK0N7RM
9229,WH-09229,Houston,Texas,Fulfillment Center,89922,INT-6KNXS2I
9230,WH-09230,New York,New York,Distribution Center,41179,INT-UHLLYMO
9231,WH-09231,Dallas,Texas,Distribution Center,26618,INT-0WJ3REZ
9232,WH-09232,Los Angeles,California,Regional DC,52933,INT-VJ7N90E
9233,WH-09233,Seattle,Washington,Fulfillment Center,22129,INT-QZRC9GM
9234,WH-09234,Portland,Oregon,Regional DC,98858,INT-VVAF0I2
9235,WH-09235,Boston,Massachusetts,Distribution Center,83411,INT-N3FF515
9236,WH-09236,Boston,Massachusetts,Regional DC,69686,INT-A8A2MUX
9237,WH-09237,Miami,Florida,Distribution Center,29850,INT-D5FEP8Y
9238,WH-09238,New York,New York,Distribution Center,77125,INT-FUNUOXH
9239,WH-09239,New York,New York,Fulfillment Center,43033,INT-TA4B1NW
9240,WH-09240,Atlanta,Georgia,Cross Dock,94772,INT-69RKXD0
9241,WH-09241,Austin,Texas,Cross Dock,32646,INT-XAHV33Y
9242,WH-09242,Atlanta,Georgia,Regional DC,32951,INT-LDCKEWX
9243,WH-09243,Atlanta,Georgia,Regional DC,81724,INT-GSY4HI4
9244,WH-09244,Denver,Colorado,Fulfillment Center,60136,INT-TK7BGGW
9245,WH-09245,Los Angeles,California,Regional DC,16642,INT-IC34376
9246,WH-09246,Miami,Florida,Fulfillment Center,36176,INT-526JTCZ
9247,WH-09247,Portland,Oregon,Cross Dock,45307,INT-A3PJBFJ
9248,WH-09248,Phoenix,Arizona,Fulfillment Center,82779,INT-LFKYUK8
9249,WH-09249,Denver,Colorado,Distribution Center,12415,INT-81O0DZV
9250,WH-09250,Austin,Texas,Distribution Center,59662,INT-28QMMT2
9251,WH-09251,Denver,Colorado,Distribution Center,40480,INT-6LWK11W
9252,WH-09252,Dallas,Texas,Cross Dock,5,INT-8QL14MW
9253,WH-09253,Phoenix,Arizona,Regional DC,85861,INT-CDFNZRH
9254,WH-09254,Dallas,Texas,Cross Dock,49281,INT-D6RGB4Z
9255,WH-09255,Portland,Oregon,Fulfillment Center,78752,INT-VM96LMI
9256,WH-09256,Miami,Florida,Regional DC,65380,INT-62XIQ51
9257,WH-09257,Boston,Massachusetts,Distribution Center,23150,INT-8XGRO7E
9258,WH-09258,Portland,Oregon,Distribution Center,11625,INT-6KOA111
9259,WH-09259,Austin,Texas,Regional DC,48344,INT-HCJNAPV
9260,WH-09260,New York,New York,Distribution Center,39846,INT-PP7IR17
9261,WH-09261,Denver,Colorado,Fulfillment Center,33223,INT-MWT56A1
9262,WH-09262,Chicago,Illinois,Fulfillment Center,7809,INT-0B6Y603
9263,WH-09263,Seattle,Washington,Distribution Center,95454,INT-85NVU7T
9264,WH-09264,Denver,Colorado,Regional DC,79571,INT-SWJ1XK7
9265,WH-09265,Boston,Massachusetts,Cross Dock,71569,INT-EBCF31Z
9266,WH-09266,Chicago,Illinois,Cross Dock,9540,INT-94TRNKM
9267,WH-09267,Portland,Oregon,Distribution Center,38039,INT-JT4TBR3
9268,WH-09268,Dallas,Texas,Cross Dock,56723,INT-SMC5PB4
9269,WH-09269,Denver,Colorado,Cross Dock,94903,INT-2O4HQYD
9270,WH-09270,Chicago,Illinois,Cross Dock,58264,INT-TSZIE0L
9271,WH-09271,Atlanta,Georgia,Cross Dock,44141,INT-H273ZI6
9272,WH-09272,New York,New York,Cross Dock,10944,INT-FUPPV7I
9273,WH-09273,Houston,Texas,Regional DC,35434,INT-8DZD1QI
9274,WH-09274,Phoenix,Arizona,Fulfillment Center,97042,INT-A7EGROC
9275,WH-09275,,Unknown,Distribution Center,6690,INT-TU5FNYB
9276,WH-09276,Detroit,Michigan,Cross Dock,41516,INT-W7236GR
9277,WH-09277,Dallas,Texas,Fulfillment Center,31811,INT-654STK0
9278,WH-09278,Phoenix,Arizona,Cross Dock,90985,INT-6CVKX1I
9279,WH-09279,Boston,Massachusetts,Distribution Center,21720,INT-L2AQQV0
9280,WH-09280,Houston,Texas,Distribution Center,25425,INT-KRF8A2A
9281,WH-09281,Austin,Texas,Regional DC,65597,INT-QL07ZF6
9282,WH-09282,Detroit,Michigan,Regional DC,45625,INT-NMDQLGL
9283,WH-09283,Dallas,Texas,Distribution Center,65741,INT-F4ARFPV
9284,WH-09284,New York,New York,Cross Dock,53865,INT-6FS3ISP
9285,WH-09285,Atlanta,Georgia,Fulfillment Center,81193,INT-7SZPS5U
9286,WH-09286,Atlanta,Georgia,Cross Dock,11223,INT-25U2TVX
9287,WH-09287,Miami,Florida,Cross Dock,72974,INT-XTU1HT3
9288,WH-09288,Chicago,Illinois,Distribution Center,28152,INT-RI41EEJ
9289,WH-09289,Boston,Massachusetts,Fulfillment Center,74703,INT-67CPKCL
9290,WH-09290,Dallas,Texas,Regional DC,6443,INT-U7XVRTV
9291,WH-09291,Los Angeles,California,Cross Dock,14945,INT-0LGX6VC
9292,WH-09292,Dallas,Texas,Cross Dock,34021,INT-1F5VOV9
9293,WH-09293,New York,New York,Distribution Center,88542,INT-VZM4U1Y
9294,WH-09294,Los Angeles,California,Regional DC,89478,INT-6XI7IML
9295,WH-09295,New York,New York,Distribution Center,17347,INT-C4YM2H3
9296,WH-09296,Houston,Texas,Regional DC,68692,INT-HC1XQ11
9297,WH-09297,Chicago,Illinois,Cross Dock,13270,INT-R3V5UXA
9298,WH-09298,Austin,Texas,Distribution Center,40264,INT-160OIWN
9299,WH-09299,Austin,Texas,Distribution Center,34889,INT-9ZUP778
9300,WH-09300,Seattle,Washington,Fulfillment Center,93356,INT-BU5C0WL
9301,WH-09301,Portland,Oregon,Regional DC,64523,INT-EOBIXWW
9302,WH-09302,New York,New York,Distribution Center,36416,INT-LDO8GVB
9303,WH-09303,Phoenix,Arizona,Fulfillment Center,65106,INT-8FHLHLG
9304,WH-09304,Portland,Oregon,Distribution Center,73859,INT-X3X2IDG
9305,WH-09305,Dallas,Texas,Fulfillment Center,20763,INT-8KJQ4JP
9306,WH-09306,New York,New York,Cross Dock,39890,INT-EQYZW7O
9307,WH-09307,Dallas,Texas,Cross Dock,28099,INT-OL41HOV
9308,WH-09308,Atlanta,Georgia,Cross Dock,10813,INT-JADDBCX
9309,WH-09309,Houston,Texas,Fulfillment Center,67036,INT-LA4ZVF4
9310,WH-09310,Atlanta,Georgia,Regional DC,12011,INT-V1Q9I5J
9311,WH-09311,Austin,Texas,Regional DC,16932,INT-HSJUBVE
9312,WH-09312,Phoenix,Arizona,Distribution Center,62473,INT-HY67ZTO
9313,WH-09313,New York,New York,Distribution Center,23757,INT-G1GENEU
9314,WH-09314,Seattle,Washington,Fulfillment Center,82515,INT-X9J6OXK
9315,WH-09315,Denver,Colorado,Distribution Center,12047,INT-IS89K42
9316,WH-09316,New York,New York,Fulfillment Center,39198,INT-S74G3J7
9317,WH-09317,Phoenix,Arizona,Fulfillment Center,34190,INT-JVJ8DUY
9318,WH-09318,Dallas,Texas,Distribution Center,12928,INT-OVLOKYS
9319,WH-09319,Miami,Florida,Cross Dock,95830,INT-LRDLTGY
9320,WH-09320,Austin,Texas,Distribution Center,66862,INT-E499DQ0
9321,WH-09321,Los Angeles,California,Cross Dock,20658,INT-NI85MII
9322,WH-09322,Dallas,Texas,Distribution Center,78280,INT-AK5OX9H
9323,WH-09323,Detroit,Michigan,Regional DC,53739,INT-X8RTX8Y
9324,WH-09324,Dallas,Texas,Distribution Center,20102,INT-KS32QZI
9325,WH-09325,Detroit,Michigan,Regional DC,34155,INT-SES15FB
9326,WH-09326,Dallas,Texas,Distribution Center,40925,INT-8ST54WU
9327,WH-09327,Boston,Massachusetts,Fulfillment Center,60072,INT-LP9Y7MC
9328,WH-09328,Los Angeles,California,Fulfillment Center,5,INT-36F7IK6
9329,WH-09329,Dallas,Texas,Regional DC,65947,INT-0W9L40L
9330,WH-09330,Boston,Massachusetts,Regional DC,26097,INT-8976TBU
9331,WH-09331,Boston,Massachusetts,Fulfillment Center,53709,INT-PCTPBWE
9332,WH-09332,Austin,Texas,Cross Dock,63344,INT-DU5U0WI
9333,WH-09333,Boston,Massachusetts,Cross Dock,16034,INT-X8H1OM8
9334,WH-09334,Denver,Colorado,Fulfillment Center,33821,INT-58DXVCG
9335,WH-09335,Atlanta,Georgia,Regional DC,93219,INT-GE1X6CD
9336,WH-09336,New York,New York,Cross Dock,39078,INT-HDHXXLU
9337,WH-09337,Detroit,Michigan,Fulfillment Center,78945,INT-9APCJVE
9338,WH-09338,,Unknown,Regional DC,83431,INT-58A3Y8D
9339,WH-09339,Denver,Colorado,Distribution Center,86489,INT-YGXEY7N
9340,WH-09340,Denver,Colorado,Regional DC,42466,INT-NIZRWR1
9341,WH-09341,Miami,Florida,Cross Dock,23609,INT-O0PAUP5
9342,WH-09342,Austin,Texas,Regional DC,21573,INT-OJCGH4O
9343,WH-09343,Detroit,Michigan,Fulfillment Center,84351,INT-FZLCDZ7
9344,WH-09344,Seattle,Washington,Cross Dock,27991,INT-05S291I
9345,WH-09345,Houston,Texas,Cross Dock,11807,INT-6UH0T21
9346,WH-09346,Phoenix,Arizona,Regional DC,26238,INT-JZMYZVS
9347,WH-09347,Chicago,Illinois,Regional DC,13690,INT-6AZHD1C
9348,WH-09348,Boston,Massachusetts,Regional DC,48582,INT-RJDP7H7
9349,WH-09349,Portland,Oregon,Regional DC,9378,INT-U9MUIZL
9350,WH-09350,Detroit,Michigan,Regional DC,6173,INT-1QQ2PZQ
9351,WH-09351,Seattle,Washington,Distribution Center,43386,INT-OGQRUH7
9352,WH-09352,Los Angeles,California,Cross Dock,59180,INT-J9RSB01
9353,WH-09353,Seattle,Washington,Cross Dock,46268,INT-XWWL5M4
9354,WH-09354,Dallas,Texas,Distribution Center,88340,INT-WNMDIDT
9355,WH-09355,Dallas,Texas,Cross Dock,95995,INT-Z8P2FPL
9356,WH-09356,Denver,Colorado,Distribution Center,79311,INT-ROLJCEY
9357,WH-09357,Phoenix,Arizona,Distribution Center,12327,INT-TUD3FV1
9358,WH-09358,Phoenix,Arizona,Cross Dock,21393,INT-THQ3LW5
9359,WH-09359,New York,New York,Fulfillment Center,18958,INT-6DVKBQZ
9360,WH-09360,Detroit,Michigan,Fulfillment Center,31801,INT-8SMRADM
9361,WH-09361,Seattle,Washington,Regional DC,28521,INT-7I7F9AO
9362,WH-09362,Miami,Florida,Regional DC,80704,INT-ED6Z7SD
9363,WH-09363,Chicago,Illinois,Cross Dock,83966,INT-SA96BMH
9364,WH-09364,Denver,Colorado,Distribution Center,36355,INT-O5XOREE
9365,WH-09365,Austin,Texas,Regional DC,26910,INT-HCDM7ZZ
9366,WH-09366,Phoenix,Arizona,Cross Dock,90565,INT-ICZWXJL
9367,WH-09367,Boston,Massachusetts,Distribution Center,70063,INT-X3QPU2Q
9368,WH-09368,,Unknown,Cross Dock,72183,INT-DDZIM2Q
9369,WH-09369,Boston,Massachusetts,Regional DC,12454,INT-NXSD23N
9370,WH-09370,Portland,Oregon,Distribution Center,90107,INT-TNXSL5K
9371,WH-09371,New York,New York,Cross Dock,11328,INT-5NF015N
9372,WH-09372,Seattle,Washington,Regional DC,28812,INT-3E8673F
9373,WH-09373,Detroit,Michigan,Fulfillment Center,56599,INT-1C6FVPD
9374,WH-09374,Phoenix,Arizona,Distribution Center,59792,INT-J2HNXR7
9375,WH-09375,Los Angeles,California,Fulfillment Center,78402,INT-1BFGVJA
9376,WH-09376,Dallas,Texas,Fulfillment Center,67831,INT-YFMPGSS
9377,WH-09377,Seattle,Washington,Cross Dock,77017,INT-G9AT32Q
9378,WH-09378,Houston,Texas,Regional DC,48349,INT-7Y1EG54
9379,WH-09379,Dallas,Texas,Cross Dock,26234,INT-U0TY50J
9380,WH-09380,Dallas,Texas,Distribution Center,97785,INT-NK2LGXG
9381,WH-09381,Detroit,Michigan,Distribution Center,42846,INT-PRS06FF
9382,WH-09382,Charlotte,North Carolina,Distribution Center,69746,INT-UT5SKD8
9383,WH-09383,Denver,Colorado,Regional DC,59353,INT-1UQW3M7
9384,WH-09384,Denver,Colorado,Fulfillment Center,98016,INT-15I2A6J
9385,WH-09385,Seattle,Washington,Distribution Center,98117,INT-S8N0DM3
9386,WH-09386,Denver,Colorado,Fulfillment Center,23276,INT-DXF3UT8
9387,WH-09387,Atlanta,Georgia,Fulfillment Center,56208,INT-1FBSHNB
9388,WH-09388,Boston,Massachusetts,Distribution Center,43115,INT-J72DUGZ
9389,WH-09389,Chicago,Illinois,Fulfillment Center,79837,INT-SQHMVQW
9390,WH-09390,Atlanta,Georgia,Fulfillment Center,32498,INT-HN38SXM
9391,WH-09391,Chicago,Illinois,Distribution Center,49346,INT-G1VKVCO
9392,WH-09392,Chicago,Illinois,Distribution Center,32562,INT-8JEL7BX
9393,WH-09393,Los Angeles,California,Regional DC,49629,INT-Z4J88YP
9394,WH-09394,Seattle,Washington,Regional DC,95369,INT-USMSE5D
9395,WH-09395,Austin,Texas,Regional DC,34900,INT-OLFNKKF
9396,WH-09396,Detroit,Michigan,Cross Dock,83025,INT-K950XZJ
9397,WH-09397,,Unknown,Regional DC,61720,INT-3DC7UGX
9398,WH-09398,Detroit,Michigan,Fulfillment Center,48909,INT-4OZFJLH
9399,WH-09399,Atlanta,Georgia,Distribution Center,16344,INT-MHUKFOZ
9400,WH-09400,Denver,Colorado,Distribution Center,48399,INT-5FFR6PD
9401,WH-09401,Portland,Oregon,Regional DC,63465,INT-W2GVMYM
9402,WH-09402,Miami,Florida,Distribution Center,25477,INT-RDJV0L5
9403,WH-09403,Seattle,Washington,Regional DC,24137,INT-NJ6LK6O
9404,WH-09404,Phoenix,Arizona,Fulfillment Center,29080,INT-7EP5910
9405,WH-09405,Seattle,Washington,Distribution Center,42540,INT-PDXLLQT
9406,WH-09406,Detroit,Michigan,Cross Dock,36470,INT-EEN1G2A
9407,WH-09407,Chicago,Illinois,Fulfillment Center,62722,INT-VUVIGVW
9408,WH-09408,Atlanta,Georgia,Distribution Center,42736,INT-E796X0F
9409,WH-09409,Los Angeles,California,Distribution Center,5380,INT-UMAVD3Z
9410,WH-09410,Los Angeles,California,Cross Dock,82704,INT-NGO4YW0
9411,WH-09411,Austin,Texas,Distribution Center,82555,INT-Q2PJ2QH
9412,WH-09412,Chicago,Illinois,Distribution Center,85815,INT-Z9S37VC
9413,WH-09413,Miami,Florida,Fulfillment Center,86923,INT-GAJQ40W
9414,WH-09414,Phoenix,Arizona,Cross Dock,61895,INT-22WL0GW
9415,WH-09415,Austin,Texas,Fulfillment Center,28780,INT-0WRCOOH
9416,WH-09416,Atlanta,Georgia,Distribution Center,50127,INT-M18GXUD
9417,WH-09417,Phoenix,Arizona,Regional DC,57038,INT-O6JJ130
9418,WH-09418,Boston,Massachusetts,Distribution Center,71670,INT-GV6K989
9419,WH-09419,Austin,Texas,Regional DC,21389,INT-LBZT5UF
9420,WH-09420,Atlanta,Georgia,Fulfillment Center,80105,INT-PAC99AU
9421,WH-09421,Atlanta,Georgia,Distribution Center,48028,INT-XUJ4C8N
9422,WH-09422,Phoenix,Arizona,Fulfillment Center,98694,INT-XRBE49H
9423,WH-09423,Detroit,Michigan,Distribution Center,9999999,INT-UPAZU9Z
9424,WH-09424,Miami,Florida,Distribution Center,43256,INT-U21VZOS
9425,WH-09425,Los Angeles,California,Cross Dock,56611,INT-XLJE66Y
9426,WH-09426,Seattle,Washington,Regional DC,83641,INT-U5SS08W
9427,WH-09427,Austin,Texas,Fulfillment Center,70420,INT-29SUJ53
9428,WH-09428,Chicago,Illinois,Distribution Center,43937,INT-PGUKMKH
9429,WH-09429,Miami,Florida,Regional DC,95332,INT-CP2460T
9430,WH-09430,Seattle,Washington,Distribution Center,64013,INT-2HWSFR0
9431,WH-09431,Phoenix,Arizona,Regional DC,68737,INT-E1NSBWW
9432,WH-09432,Portland,Oregon,Cross Dock,65800,INT-7GB8URB
9433,WH-09433,Phoenix,Arizona,Regional DC,30789,INT-N69501O
9434,WH-09434,New York,New York,Distribution Center,75249,INT-JLT5JWZ
9435,WH-09435,Dallas,Texas,Distribution Center,96687,INT-8FGIWI9
9436,WH-09436,Chicago,Illinois,Regional DC,69929,INT-9MW18AK
9437,WH-09437,Charlotte,North Carolina,Fulfillment Center,11611,INT-CN7SFKB
9438,WH-09438,Chicago,Illinois,Distribution Center,63381,INT-2UYXEZA
9439,WH-09439,Detroit,Michigan,Cross Dock,65012,INT-P5L920M
9440,WH-09440,Boston,Massachusetts,Distribution Center,73893,INT-PYIXG52
9441,WH-09441,Houston,Texas,Cross Dock,34266,INT-QG08G5F
9442,WH-09442,Austin,Texas,Fulfillment Center,43355,INT-68JIMA7
9443,WH-09443,Dallas,Texas,Cross Dock,53838,INT-47489D4
9444,WH-09444,New York,New York,Regional DC,60144,INT-K7OQ3X9
9445,WH-09445,Dallas,Texas,Cross Dock,55973,INT-3NHNPB6
9446,WH-09446,Houston,Texas,Distribution Center,56117,INT-BL4PIEL
9447,WH-09447,Austin,Texas,Cross Dock,79031,INT-0KRYZWY
9448,WH-09448,Portland,Oregon,Cross Dock,80281,INT-CUW9F6P
9449,WH-09449,Charlotte,North Carolina,Fulfillment Center,44819,INT-KVQOWL3
9450,WH-09450,Houston,Texas,Regional DC,90114,INT-NZ9E0AI
9451,WH-09451,Portland,Oregon,Cross Dock,21472,INT-QO7UVE1
9452,WH-09452,Charlotte,North Carolina,Distribution Center,52044,INT-JOKI1HT
9453,WH-09453,Houston,Texas,Regional DC,29982,INT-8NT7GGU
9454,WH-09454,Dallas,Texas,Distribution Center,94047,INT-24I2HFK
9455,WH-09455,Chicago,Illinois,Cross Dock,27646,INT-3FWY8UO
9456,WH-09456,Portland,Oregon,Cross Dock,39376,INT-UB5QPTO
9457,WH-09457,New York,New York,Fulfillment Center,49189,INT-FN0JRYF
9458,WH-09458,Chicago,Illinois,Fulfillment Center,13129,INT-UYIXQKF
9459,WH-09459,Dallas,Texas,Distribution Center,93062,INT-QTD1BSF
9460,WH-09460,Atlanta,Georgia,Cross Dock,76100,INT-H7GPRBQ
9461,WH-09461,Detroit,Michigan,Regional DC,60727,INT-2Q951UT
9462,WH-09462,Boston,Massachusetts,Distribution Center,55019,INT-HH1DJZ3
9463,WH-09463,New York,New York,Fulfillment Center,72584,INT-QO5X6JE
9464,WH-09464,Los Angeles,California,Distribution Center,43850,INT-2QG80ST
9465,WH-09465,Portland,Oregon,Cross Dock,97285,INT-2LBHSW8
9466,WH-09466,Chicago,Illinois,Regional DC,97396,INT-SDLLRHE
9467,WH-09467,Dallas,Texas,Fulfillment Center,87514,INT-L7YZKUO
9468,WH-09468,Charlotte,North Carolina,Distribution Center,55862,INT-WIR1FW2
9469,WH-09469,Austin,Texas,Cross Dock,75001,INT-L1Z1VU0
9470,WH-09470,Dallas,Texas,Fulfillment Center,23859,INT-KH04FX5
9471,WH-09471,Boston,Massachusetts,Cross Dock,84619,INT-902LL45
9472,WH-09472,Houston,Texas,Distribution Center,11090,INT-AGC1JSJ
9473,WH-09473,Miami,Florida,Regional DC,83707,INT-PG222VE
9474,WH-09474,Seattle,Washington,Fulfillment Center,23097,INT-J51JYNS
9475,WH-09475,Boston,Massachusetts,Fulfillment Center,9999999,INT-QPBB1TL
9476,WH-09476,Austin,Texas,Fulfillment Center,20203,INT-DVTLJUU
9477,WH-09477,Charlotte,North Carolina,Regional DC,66494,INT-CN1NPV1
9478,WH-09478,Austin,Texas,Cross Dock,54762,INT-FI4WQT1
9479,WH-09479,Charlotte,North Carolina,Cross Dock,95106,INT-OM3EX7P
9480,WH-09480,Miami,Florida,Cross Dock,11013,INT-08ZSD6D
9481,WH-09481,Houston,Texas,Regional DC,19968,INT-ZMMDDI1
9482,WH-09482,Detroit,Michigan,Regional DC,88555,INT-NABLH75
9483,WH-09483,Miami,Florida,Cross Dock,8295,INT-B71FMHO
9484,WH-09484,Detroit,Michigan,Distribution Center,26513,INT-9HPGP4G
9485,WH-09485,Portland,Oregon,Regional DC,67129,INT-3TVOF01
9486,WH-09486,New York,New York,Distribution Center,81813,INT-VRMZ2AH
9487,WH-09487,Miami,Florida,Fulfillment Center,34929,INT-0F1KGW6
9488,WH-09488,Seattle,Washington,Cross Dock,6642,INT-3JD8R7I
9489,WH-09489,Atlanta,Georgia,Regional DC,52469,INT-0AYAVL0
9490,WH-09490,Detroit,Michigan,Regional DC,5655,INT-9KZD3JT
9491,WH-09491,Seattle,Washington,Fulfillment Center,77461,INT-FR6DQZC
9492,WH-09492,Seattle,Washington,Fulfillment Center,67055,INT-DYBURTO
9493,WH-09493,Phoenix,Arizona,Fulfillment Center,75807,INT-HYQ0O30
9494,WH-09494,Atlanta,Georgia,Distribution Center,56572,INT-X0KOL4M
9495,WH-09495,Los Angeles,California,Fulfillment Center,52714,INT-QUYHJ08
9496,WH-09496,Seattle,Washington,Fulfillment Center,43220,INT-WDRMGFN
9497,WH-09497,Houston,Texas,Fulfillment Center,61784,INT-GPGPLMD
9498,WH-09498,Charlotte,North Carolina,Fulfillment Center,13868,INT-S9LKXA9
9499,WH-09499,Detroit,Michigan,Regional DC,77261,INT-TU0J75E
9500,WH-09500,Chicago,Illinois,Cross Dock,94696,INT-4GY5J3J
9501,WH-09501,Atlanta,Georgia,Regional DC,79340,INT-5T33F4P
9502,WH-09502,New York,New York,Distribution Center,11627,INT-OHE9AD7
9503,WH-09503,New York,New York,Cross Dock,83116,INT-8A0VQLQ
9504,WH-09504,Phoenix,Arizona,Regional DC,87164,INT-PSYAMRD
9505,WH-09505,Portland,Oregon,Cross Dock,8378,INT-X6390YQ
9506,WH-09506,Dallas,Texas,Distribution Center,5037,INT-XMHYO0G
9507,WH-09507,Chicago,Illinois,Cross Dock,82479,INT-KNLBMKV
9508,WH-09508,Portland,Oregon,Regional DC,16781,INT-GTILMOS
9509,WH-09509,Detroit,Michigan,Fulfillment Center,41009,INT-A3E5NK2
9510,WH-09510,Phoenix,Arizona,Regional DC,73785,INT-9TBNRRQ
9511,WH-09511,Houston,Texas,Regional DC,22883,INT-Z0G4GAR
9512,WH-09512,Miami,Florida,Distribution Center,15296,INT-XNI97WD
9513,WH-09513,Dallas,Texas,Distribution Center,61448,INT-8VKH2WM
9514,WH-09514,Detroit,Michigan,Cross Dock,52322,INT-50U4GRA
9515,WH-09515,Denver,Colorado,Distribution Center,18982,INT-LIA661E
9516,WH-09516,Denver,Colorado,Distribution Center,7350,INT-2J4XOSL
9517,WH-09517,Houston,Texas,Distribution Center,90213,INT-RFD2FB2
9518,WH-09518,Austin,Texas,Distribution Center,49010,INT-8LGT6WK
9519,WH-09519,Denver,Colorado,Cross Dock,66371,INT-G84ZA4Q
9520,WH-09520,Charlotte,North Carolina,Regional DC,98560,INT-YZZWK5J
9521,WH-09521,New York,New York,Fulfillment Center,52551,INT-A1A3M4U
9522,WH-09522,Phoenix,Arizona,Distribution Center,40911,INT-8YM1U70
9523,WH-09523,Portland,Oregon,Fulfillment Center,69693,INT-8YJKHF4
9524,WH-09524,Atlanta,Georgia,Distribution Center,57922,INT-BUELZ8Y
9525,WH-09525,New York,New York,Fulfillment Center,92671,INT-TSHQOI4
9526,WH-09526,Chicago,Illinois,Fulfillment Center,78856,INT-KTL0TH4
9527,WH-09527,Atlanta,Georgia,Fulfillment Center,71882,INT-XXJMA8X
9528,WH-09528,Seattle,Washington,Cross Dock,64022,INT-CFYHWNC
9529,WH-09529,Detroit,Michigan,Cross Dock,28181,INT-8K01CUL
9530,WH-09530,New York,New York,Fulfillment Center,24335,INT-5FFY9S9
9531,WH-09531,Denver,Colorado,Cross Dock,34930,INT-MPAXJBJ
9532,WH-09532,Austin,Texas,Fulfillment Center,42645,INT-3TFFF6U
9533,WH-09533,Dallas,Texas,Distribution Center,90883,INT-E2P2FXX
9534,WH-09534,Chicago,Illinois,Regional DC,22331,INT-730KJOX
9535,WH-09535,Los Angeles,California,Fulfillment Center,41775,INT-Z7S1GV8
9536,WH-09536,,Unknown,Cross Dock,27860,INT-7WB0AIE
9537,WH-09537,Portland,Oregon,Distribution Center,25218,INT-2EZILE5
9538,WH-09538,Phoenix,Arizona,Regional DC,48910,INT-ZU2ZL6E
9539,WH-09539,Detroit,Michigan,Cross Dock,91370,INT-TC79HU5
9540,WH-09540,Portland,Oregon,Regional DC,26050,INT-VLL8HVV
9541,WH-09541,Miami,Florida,Fulfillment Center,20953,INT-P2RGA1U
9542,WH-09542,Portland,Oregon,Distribution Center,20345,INT-HE2A9OJ
9543,WH-09543,Boston,Massachusetts,Cross Dock,78399,INT-DIS5TL9
9544,WH-09544,Los Angeles,California,Distribution Center,21086,INT-A9ZHREL
9545,WH-09545,Houston,Texas,Regional DC,72616,INT-INY8EY1
9546,WH-09546,Atlanta,Georgia,Distribution Center,31155,INT-WRYZVT5
9547,WH-09547,Denver,Colorado,Regional DC,60820,INT-ISO5ID0
9548,WH-09548,Phoenix,Arizona,Distribution Center,33157,INT-168A1HZ
9549,WH-09549,Portland,Oregon,Distribution Center,30811,INT-S9NJRYB
9550,WH-09550,Portland,Oregon,Fulfillment Center,41642,INT-X6VXG60
9551,WH-09551,Seattle,Washington,Distribution Center,83901,INT-AL71E80
9552,WH-09552,Chicago,Illinois,Distribution Center,82912,INT-T5H5P72
9553,WH-09553,Detroit,Michigan,Fulfillment Center,74778,INT-OPEG9U2
9554,WH-09554,Miami,Florida,Fulfillment Center,56071,INT-EL0N5TF
9555,WH-09555,Portland,Oregon,Distribution Center,61640,INT-XGM2G54
9556,WH-09556,Charlotte,North Carolina,Cross Dock,19248,INT-R52TREJ
9557,WH-09557,New York,New York,Cross Dock,55580,INT-MNLXQV9
9558,WH-09558,,Unknown,Cross Dock,45320,INT-U78VTWJ
9559,WH-09559,Miami,Florida,Cross Dock,43467,INT-VO1Z1HA
9560,WH-09560,Phoenix,Arizona,Regional DC,50018,INT-0KLSRZH
9561,WH-09561,Miami,Florida,Cross Dock,87463,INT-JHQWXZF
9562,WH-09562,Austin,Texas,Cross Dock,5000000,INT-DMXGTNH
9563,WH-09563,Dallas,Texas,Distribution Center,72736,INT-L9B2Z0D
9564,WH-09564,Atlanta,Georgia,Fulfillment Center,16575,INT-B7V8M8E
9565,WH-09565,Austin,Texas,Fulfillment Center,64023,INT-WVJ8A9S
9566,WH-09566,Denver,Colorado,Cross Dock,76412,INT-53EDA72
9567,WH-09567,Austin,Texas,Fulfillment Center,64465,INT-PGBRZ9O
9568,WH-09568,Portland,Oregon,Regional DC,61435,INT-S71SLJO
9569,WH-09569,Atlanta,Georgia,Fulfillment Center,23666,INT-RS4XHJH
9570,WH-09570,Detroit,Michigan,Cross Dock,56656,INT-PBB0ZRG
9571,WH-09571,Portland,Oregon,Fulfillment Center,21674,INT-085ANTG
9572,WH-09572,Charlotte,North Carolina,Regional DC,83024,INT-TYIDIOB
9573,WH-09573,Houston,Texas,Fulfillment Center,76140,INT-7UX6N1L
9574,WH-09574,Phoenix,Arizona,Regional DC,7454,INT-A0LN8KQ
9575,WH-09575,Chicago,Illinois,Fulfillment Center,52886,INT-1PWRI5U
9576,WH-09576,Seattle,Washington,Distribution Center,94134,INT-HMMSTQ9
9577,WH-09577,Detroit,Michigan,Fulfillment Center,87216,INT-5G2B9C3
9578,WH-09578,Boston,Massachusetts,Fulfillment Center,5000000,INT-P34LZ6V
9579,WH-09579,Seattle,Washington,Regional DC,13965,INT-8UUBEUT
9580,WH-09580,Los Angeles,California,Regional DC,28037,INT-D10OA49
9581,WH-09581,,Unknown,Regional DC,7723,INT-LQPW4B2
9582,WH-09582,Boston,Massachusetts,Regional DC,72612,INT-YN6EQBS
9583,WH-09583,Miami,Florida,Fulfillment Center,15227,INT-Q3F024H
9584,WH-09584,Los Angeles,California,Distribution Center,92603,INT-0100BT3
9585,WH-09585,Detroit,Michigan,Cross Dock,82424,INT-S0EXA3S
9586,WH-09586,,Unknown,Cross Dock,30737,INT-XWKM7BW
9587,WH-09587,Portland,Oregon,Regional DC,77348,INT-XSG9CP5
9588,WH-09588,Charlotte,North Carolina,Distribution Center,63229,INT-2A6ZW7P
9589,WH-09589,Dallas,Texas,Cross Dock,18356,INT-3QUZK70
9590,WH-09590,Los Angeles,California,Regional DC,79961,INT-BGV0HEL
9591,WH-09591,Portland,Oregon,Cross Dock,26920,INT-2PW7KFV
9592,WH-09592,Atlanta,Georgia,Cross Dock,83616,INT-392U5GV
9593,WH-09593,Los Angeles,California,Fulfillment Center,19431,INT-O15LDBX
9594,WH-09594,Austin,Texas,Regional DC,52409,INT-TL78LHO
9595,WH-09595,Phoenix,Arizona,Distribution Center,69731,INT-VRG55SM
9596,WH-09596,Portland,Oregon,Fulfillment Center,51452,INT-VVAPKZ1
9597,WH-09597,Los Angeles,California,Regional DC,8357,INT-YYL1IYP
9598,WH-09598,Dallas,Texas,Cross Dock,94427,INT-P8RG63B
9599,WH-09599,Phoenix,Arizona,Distribution Center,22555,INT-YZALMIR
9600,WH-09600,Boston,Massachusetts,Regional DC,30664,INT-K64WDKD
9601,WH-09601,Miami,Florida,Distribution Center,25467,INT-CHMT9UU
9602,WH-09602,,Unknown,Distribution Center,96092,INT-2595GTP
9603,WH-09603,Chicago,Illinois,Fulfillment Center,94452,INT-7C1MH3K
9604,WH-09604,Seattle,Washington,Cross Dock,42176,INT-XE2W7SS
9605,WH-09605,Atlanta,Georgia,Fulfillment Center,25913,INT-QUL3596
9606,WH-09606,Miami,Florida,Distribution Center,93631,INT-SW9RN2M
9607,WH-09607,Dallas,Texas,Fulfillment Center,35855,INT-PD7K09Q
9608,WH-09608,Atlanta,Georgia,Regional DC,45844,INT-RVWZEAW
9609,WH-09609,Chicago,Illinois,Fulfillment Center,41655,INT-ZGI0XMC
9610,WH-09610,Los Angeles,California,Fulfillment Center,46405,INT-4F4PPUR
9611,WH-09611,Austin,Texas,Distribution Center,72861,INT-PT5BR97
9612,WH-09612,Portland,Oregon,Regional DC,79293,INT-LADFP5T
9613,WH-09613,Phoenix,Arizona,Regional DC,51767,INT-HO3FJQS
9614,WH-09614,Los Angeles,California,Fulfillment Center,62125,INT-48QZ4ZL
9615,WH-09615,Atlanta,Georgia,Fulfillment Center,88180,INT-LJAX0L6
9616,WH-09616,Charlotte,North Carolina,Fulfillment Center,68287,INT-6IJR1VG
9617,WH-09617,Atlanta,Georgia,Fulfillment Center,59498,INT-EL5T5Q6
9618,WH-09618,Atlanta,Georgia,Cross Dock,68900,INT-SYO8Z0S
9619,WH-09619,Dallas,Texas,Cross Dock,47629,INT-VTLU5RK
9620,WH-09620,Phoenix,Arizona,Regional DC,70642,INT-2E10O5A
9621,WH-09621,Los Angeles,California,Cross Dock,87531,INT-O450WS4
9622,WH-09622,Denver,Colorado,Cross Dock,29561,INT-CC820WK
9623,WH-09623,Austin,Texas,Distribution Center,66168,INT-HEOR89D
9624,WH-09624,Los Angeles,California,Regional DC,25330,INT-QXCZ0E7
9625,WH-09625,Chicago,Illinois,Regional DC,49731,INT-HPSOX79
9626,WH-09626,Boston,Massachusetts,Cross Dock,85375,INT-Z1XA6AK
9627,WH-09627,Denver,Colorado,Fulfillment Center,65551,INT-747ENTV
9628,WH-09628,Phoenix,Arizona,Cross Dock,10497,INT-CST46WV
9629,WH-09629,Phoenix,Arizona,Cross Dock,94102,INT-J5NZTOJ
9630,WH-09630,Miami,Florida,Regional DC,20947,INT-WSJTTB1
9631,WH-09631,Portland,Oregon,Fulfillment Center,7586,INT-W9YMGXX
9632,WH-09632,Houston,Texas,Cross Dock,44266,INT-G1EHBSW
9633,WH-09633,Austin,Texas,Regional DC,59352,INT-BSUP0R5
9634,WH-09634,Boston,Massachusetts,Regional DC,75116,INT-HV0FCW0
9635,WH-09635,Charlotte,North Carolina,Distribution Center,59627,INT-BEQVAH3
9636,WH-09636,Boston,Massachusetts,Regional DC,64021,INT-6ZNHG3F
9637,WH-09637,Denver,Colorado,Fulfillment Center,28209,INT-WLET31N
9638,WH-09638,Portland,Oregon,Cross Dock,13885,INT-MQKIFIM
9639,WH-09639,Charlotte,North Carolina,Cross Dock,47567,INT-GI1A8FK
9640,WH-09640,Seattle,Washington,Distribution Center,75675,INT-KAGSSPQ
9641,WH-09641,Miami,Florida,Cross Dock,40748,INT-WFLWV1Z
9642,WH-09642,Dallas,Texas,Cross Dock,60283,INT-RWC43K7
9643,WH-09643,Phoenix,Arizona,Regional DC,23557,INT-S2AWID0
9644,WH-09644,Denver,Colorado,Regional DC,7438,INT-VHEVUBK
9645,WH-09645,Detroit,Michigan,Fulfillment Center,17225,INT-7TVQ997
9646,WH-09646,Boston,Massachusetts,Fulfillment Center,17952,INT-AQCTRBR
9647,WH-09647,Chicago,Illinois,Regional DC,59369,INT-VO84NW5
9648,WH-09648,Miami,Florida,Fulfillment Center,41499,INT-PJSDX9Y
9649,WH-09649,Boston,Massachusetts,Distribution Center,16675,INT-JFRQ540
9650,WH-09650,Detroit,Michigan,Fulfillment Center,48676,INT-YB0HVNO
9651,WH-09651,Seattle,Washington,Regional DC,9936,INT-ZSVN7XU
9652,WH-09652,New York,New York,Distribution Center,15940,INT-HW5VPBU
9653,WH-09653,Austin,Texas,Fulfillment Center,72160,INT-EVH30R1
9654,WH-09654,Dallas,Texas,Cross Dock,13367,INT-6PB59RS
9655,WH-09655,Denver,Colorado,Regional DC,9603,INT-D6U2E3S
9656,WH-09656,,Unknown,Cross Dock,47400,INT-5LJ1OYM
9657,WH-09657,Houston,Texas,Regional DC,9946,INT-SUHY95S
9658,WH-09658,Austin,Texas,Fulfillment Center,26853,INT-SUNJL28
9659,WH-09659,Charlotte,North Carolina,Fulfillment Center,90717,INT-GDX7VFO
9660,WH-09660,Los Angeles,California,Distribution Center,39476,INT-JSYW0JD
9661,WH-09661,Boston,Massachusetts,Cross Dock,93902,INT-N5CWDLE
9662,WH-09662,New York,New York,Cross Dock,15266,INT-6BE0OYG
9663,WH-09663,New York,New York,Regional DC,66947,INT-ABIC4E4
9664,WH-09664,Charlotte,North Carolina,Distribution Center,45359,INT-RYJW1V3
9665,WH-09665,Seattle,Washington,Regional DC,31515,INT-8ORRSJW
9666,WH-09666,Miami,Florida,Regional DC,73581,INT-85AM62R
9667,WH-09667,New York,New York,Distribution Center,64715,INT-JPI2TEF
9668,WH-09668,Portland,Oregon,Distribution Center,13931,INT-MOX0IUI
9669,WH-09669,Los Angeles,California,Fulfillment Center,88010,INT-IL48667
9670,WH-09670,Los Angeles,California,Cross Dock,44359,INT-SCUW5NS
9671,WH-09671,Charlotte,North Carolina,Regional DC,62565,INT-M6PB5W1
9672,WH-09672,Chicago,Illinois,Fulfillment Center,32863,INT-EVZT41V
9673,WH-09673,Seattle,Washington,Regional DC,71690,INT-3CMRVXI
9674,WH-09674,New York,New York,Cross Dock,72908,INT-NO3J019
9675,WH-09675,Denver,Colorado,Cross Dock,15746,INT-HHFFFSJ
9676,WH-09676,New York,New York,Distribution Center,25765,INT-U7FOVTH
9677,WH-09677,Chicago,Illinois,Fulfillment Center,35651,INT-BGCMV2P
9678,WH-09678,Chicago,Illinois,Distribution Center,56766,INT-A2658B4
9679,WH-09679,Phoenix,Arizona,Fulfillment Center,37719,INT-WR2GNZM
9680,WH-09680,New York,New York,Regional DC,55677,INT-9Z8IEBS
9681,WH-09681,Seattle,Washington,Fulfillment Center,17140,INT-HOM20D9
9682,WH-09682,Denver,Colorado,Distribution Center,22550,INT-RC079HN
9683,WH-09683,Miami,Florida,Cross Dock,89888,INT-XR8COBK
9684,WH-09684,Chicago,Illinois,Distribution Center,39781,INT-TEOHZ3G
9685,WH-09685,Miami,Florida,Regional DC,98614,INT-P5ATBVX
9686,WH-09686,Miami,Florida,Distribution Center,98299,INT-F7D2T4S
9687,WH-09687,Chicago,Illinois,Fulfillment Center,53592,INT-H53RCX3
9688,WH-09688,Los Angeles,California,Cross Dock,15284,INT-E2N3NUM
9689,WH-09689,Los Angeles,California,Distribution Center,25687,INT-PCGZQJU
9690,WH-09690,Denver,Colorado,Fulfillment Center,65024,INT-DAMXZRG
9691,WH-09691,Charlotte,North Carolina,Distribution Center,78230,INT-XLR4LC9
9692,WH-09692,Atlanta,Georgia,Cross Dock,47693,INT-9VNYS1Q
9693,WH-09693,Boston,Massachusetts,Regional DC,15408,INT-ZLM8VKJ
9694,WH-09694,New York,New York,Cross Dock,20118,INT-JM95INP
9695,WH-09695,Phoenix,Arizona,Cross Dock,11398,INT-224CQR5
9696,WH-09696,Phoenix,Arizona,Distribution Center,40551,INT-P7EBQKE
9697,WH-09697,Phoenix,Arizona,Fulfillment Center,45846,INT-EVSR2LA
9698,WH-09698,Chicago,Illinois,Cross Dock,87195,INT-CSY060I
9699,WH-09699,Portland,Oregon,Fulfillment Center,9999999,INT-5KMHDE5
9700,WH-09700,Atlanta,Georgia,Regional DC,84250,INT-LSM7SSI
9701,WH-09701,Dallas,Texas,Fulfillment Center,32150,INT-RCKF1OY
9702,WH-09702,Detroit,Michigan,Cross Dock,36789,INT-L6DOBSU
9703,WH-09703,Phoenix,Arizona,Cross Dock,63825,INT-0UCO457
9704,WH-09704,Miami,Florida,Fulfillment Center,75942,INT-LZP0IB1
9705,WH-09705,Los Angeles,California,Regional DC,9950,INT-TOB4900
9706,WH-09706,Charlotte,North Carolina,Distribution Center,19888,INT-XJGIH2U
9707,WH-09707,Dallas,Texas,Distribution Center,52090,INT-FI45Q55
9708,WH-09708,Atlanta,Georgia,Cross Dock,94406,INT-5FA3BZY
9709,WH-09709,Charlotte,North Carolina,Distribution Center,45908,INT-8PMEIPE
9710,WH-09710,Phoenix,Arizona,Cross Dock,87203,INT-2DWN9ED
9711,WH-09711,Houston,Texas,Fulfillment Center,88518,INT-83HOA32
9712,WH-09712,Austin,Texas,Fulfillment Center,41025,INT-W7G4Z8G
9713,WH-09713,Phoenix,Arizona,Cross Dock,21434,INT-8UHK5W7
9714,WH-09714,Detroit,Michigan,Fulfillment Center,59080,INT-VN1JIZK
9715,WH-09715,Detroit,Michigan,Regional DC,52495,INT-E3I5QIC
9716,WH-09716,Denver,Colorado,Regional DC,27667,INT-92DLUY6
9717,WH-09717,Dallas,Texas,Fulfillment Center,61983,INT-KCQ3RLL
9718,WH-09718,Chicago,Illinois,Regional DC,38125,INT-N8979JH
9719,WH-09719,Miami,Florida,Cross Dock,70532,INT-8EMV97G
9720,WH-09720,Denver,Colorado,Distribution Center,68807,INT-N6RW3D5
9721,WH-09721,New York,New York,Cross Dock,99223,INT-PL77N13
9722,WH-09722,Dallas,Texas,Cross Dock,20848,INT-9VICCPH
9723,WH-09723,New York,New York,Cross Dock,57796,INT-7A2WA5Q
9724,WH-09724,Charlotte,North Carolina,Fulfillment Center,71076,INT-0WU62PB
9725,WH-09725,Charlotte,North Carolina,Cross Dock,81797,INT-DTWJYN7
9726,WH-09726,Seattle,Washington,Cross Dock,20633,INT-ZWN9E93
9727,WH-09727,Los Angeles,California,Cross Dock,92023,INT-RG3RC3S
9728,WH-09728,Los Angeles,California,Regional DC,44138,INT-HBNWAFB
9729,WH-09729,New York,New York,Regional DC,78685,INT-H7XKFNC
9730,WH-09730,Atlanta,Georgia,Distribution Center,27653,INT-U9ZJCJZ
9731,WH-09731,Chicago,Illinois,Regional DC,47118,INT-LIK2DO6
9732,WH-09732,Houston,Texas,Regional DC,62477,INT-5TYLZAL
9733,WH-09733,New York,New York,Fulfillment Center,80602,INT-Q3TOP6S
9734,WH-09734,Chicago,Illinois,Regional DC,57030,INT-26NDQIL
9735,WH-09735,Seattle,Washington,Regional DC,35109,INT-4JNCTZO
9736,WH-09736,Charlotte,North Carolina,Cross Dock,85358,INT-JWUD0G3
9737,WH-09737,Boston,Massachusetts,Fulfillment Center,46284,INT-GLP1C47
9738,WH-09738,Atlanta,Georgia,Regional DC,71116,INT-5MPYIPQ
9739,WH-09739,New York,New York,Fulfillment Center,6640,INT-3MF9PY4
9740,WH-09740,Seattle,Washington,Distribution Center,91704,INT-1RZDQWS
9741,WH-09741,Houston,Texas,Regional DC,62939,INT-R0KUR71
9742,WH-09742,Austin,Texas,Distribution Center,90062,INT-OU2TDGH
9743,WH-09743,Austin,Texas,Fulfillment Center,68174,INT-W35EN2N
9744,WH-09744,Seattle,Washington,Cross Dock,35202,INT-0IW2D4P
9745,WH-09745,Houston,Texas,Cross Dock,7666,INT-456APXO
9746,WH-09746,Phoenix,Arizona,Cross Dock,7497,INT-1MHS5NI
9747,WH-09747,Miami,Florida,Distribution Center,72639,INT-4JDTGVB
9748,WH-09748,Chicago,Illinois,Distribution Center,74143,INT-GAZEAWU
9749,WH-09749,Detroit,Michigan,Distribution Center,22789,INT-XV31ESU
9750,WH-09750,Phoenix,Arizona,Cross Dock,22689,INT-3S8G1XF
9751,WH-09751,Charlotte,North Carolina,Regional DC,43678,INT-7MN1AJQ
9752,WH-09752,Dallas,Texas,Distribution Center,44241,INT-ELP9935
9753,WH-09753,Denver,Colorado,Cross Dock,32667,INT-5KZXVEE
9754,WH-09754,Miami,Florida,Distribution Center,50287,INT-9PPH0BB
9755,WH-09755,Detroit,Michigan,Cross Dock,75789,INT-MUQF770
9756,WH-09756,Austin,Texas,Fulfillment Center,97056,INT-BY9I5PG
9757,WH-09757,Miami,Florida,Regional DC,25226,INT-0TSBURP
9758,WH-09758,Houston,Texas,Cross Dock,48914,INT-3Y772V6
9759,WH-09759,Boston,Massachusetts,Cross Dock,9150,INT-YQ3FO6Q
9760,WH-09760,Boston,Massachusetts,Fulfillment Center,39120,INT-2AXIJHG
9761,WH-09761,Los Angeles,California,Regional DC,60961,INT-QC5D1GV
9762,WH-09762,Los Angeles,California,Regional DC,27481,INT-AATGEOB
9763,WH-09763,Austin,Texas,Distribution Center,74669,INT-0XOGJUW
9764,WH-09764,Seattle,Washington,Fulfillment Center,40496,INT-EXWHSQ6
9765,WH-09765,Portland,Oregon,Distribution Center,9752,INT-ZROI9C1
9766,WH-09766,Portland,Oregon,Regional DC,24829,INT-LI3AOIO
9767,WH-09767,Boston,Massachusetts,Cross Dock,40735,INT-UVJ9Z3L
9768,WH-09768,Chicago,Illinois,Distribution Center,94231,INT-PXV130Y
9769,WH-09769,Denver,Colorado,Fulfillment Center,39102,INT-62JL0A7
9770,WH-09770,Chicago,Illinois,Cross Dock,41097,INT-C4KHM0Y
9771,WH-09771,Portland,Oregon,Regional DC,82118,INT-NBTID44
9772,WH-09772,Houston,Texas,Distribution Center,11860,INT-S5IWZ1S
9773,WH-09773,Atlanta,Georgia,Cross Dock,5095,INT-11CRB16
9774,WH-09774,Los Angeles,California,Distribution Center,42238,INT-5FZIHKU
9775,WH-09775,Denver,Colorado,Regional DC,6502,INT-7G2E6F1
9776,WH-09776,Boston,Massachusetts,Regional DC,95284,INT-3OT21NF
9777,WH-09777,Dallas,Texas,Cross Dock,39275,INT-OO1LO44
9778,WH-09778,Seattle,Washington,Cross Dock,90300,INT-ZFD4SZ4
9779,WH-09779,Denver,Colorado,Fulfillment Center,56593,INT-O14PUCH
9780,WH-09780,Miami,Florida,Distribution Center,32080,INT-HP3OG0V
9781,WH-09781,Chicago,Illinois,Distribution Center,71669,INT-NMEHVY4
9782,WH-09782,New York,New York,Cross Dock,73812,INT-IFSXEQ2
9783,WH-09783,New York,New York,Regional DC,43948,INT-K994PLP
9784,WH-09784,Portland,Oregon,Distribution Center,52699,INT-M4JUO5C
9785,WH-09785,,Unknown,Distribution Center,92454,INT-1TGEYSL
9786,WH-09786,Phoenix,Arizona,Distribution Center,29360,INT-KM2JEIL
9787,WH-09787,Portland,Oregon,Cross Dock,71433,INT-BYBPX5B
9788,WH-09788,Charlotte,North Carolina,Fulfillment Center,47431,INT-K94SJ5N
9789,WH-09789,Houston,Texas,Fulfillment Center,6843,INT-E5DYEBB
9790,WH-09790,Phoenix,Arizona,Regional DC,93783,INT-23W3DDU
9791,WH-09791,Boston,Massachusetts,Distribution Center,51881,INT-CIPVN37
9792,WH-09792,Seattle,Washington,Distribution Center,54094,INT-49OQV2W
9793,WH-09793,Los Angeles,California,Distribution Center,74926,INT-RAX8C2X
9794,WH-09794,Seattle,Washington,Distribution Center,46243,INT-E35NFKP
9795,WH-09795,Dallas,Texas,Cross Dock,22043,INT-V9QI0O7
9796,WH-09796,Portland,Oregon,Fulfillment Center,14005,INT-H74W3XY
9797,WH-09797,Seattle,Washington,Fulfillment Center,80002,INT-E5TIJTS
9798,WH-09798,Detroit,Michigan,Distribution Center,73703,INT-PP2GICL
9799,WH-09799,Atlanta,Georgia,Fulfillment Center,99380,INT-CX8IZZ1
9800,WH-09800,Dallas,Texas,Regional DC,34568,INT-NWDXPG1
9801,WH-09801,Phoenix,Arizona,Regional DC,24076,INT-I7XQOBP
9802,WH-09802,Boston,Massachusetts,Regional DC,71273,INT-XRA2J90
9803,WH-09803,Seattle,Washington,Fulfillment Center,63606,INT-XFZM4N7
9804,WH-09804,Austin,Texas,Distribution Center,59599,INT-8F56EDZ
9805,WH-09805,Seattle,Washington,Cross Dock,44331,INT-HQLMKFJ
9806,WH-09806,New York,New York,Cross Dock,24358,INT-9JJSTYA
9807,WH-09807,,Unknown,Cross Dock,50322,INT-P5ZPUXE
9808,WH-09808,Austin,Texas,Distribution Center,23713,INT-Z0RD3WL
9809,WH-09809,Denver,Colorado,Cross Dock,10963,INT-Y28YGUO
9810,WH-09810,Dallas,Texas,Fulfillment Center,50086,INT-FE0N1MY
9811,WH-09811,Seattle,Washington,Cross Dock,40780,INT-UD1HBGG
9812,WH-09812,Boston,Massachusetts,Regional DC,92705,INT-18IUVOK
9813,WH-09813,Houston,Texas,Distribution Center,72452,INT-9LB5YKO
9814,WH-09814,Dallas,Texas,Fulfillment Center,21170,INT-3PT1RZT
9815,WH-09815,Portland,Oregon,Regional DC,88044,INT-ECA7MFH
9816,WH-09816,Seattle,Washington,Fulfillment Center,64194,INT-YF6JFMH
9817,WH-09817,Denver,Colorado,Regional DC,15651,INT-7JOQ00F
9818,WH-09818,Atlanta,Georgia,Distribution Center,71283,INT-P7SZZQN
9819,WH-09819,Detroit,Michigan,Regional DC,9999999,INT-9TN405E
9820,WH-09820,Houston,Texas,Distribution Center,67867,INT-N98OBGB
9821,WH-09821,Charlotte,North Carolina,Fulfillment Center,39471,INT-G61G4KP
9822,WH-09822,Chicago,Illinois,Cross Dock,23861,INT-2B4J2KM
9823,WH-09823,HOUSTON,Unknown,Fulfillment Center,76390,INT-9UKFUW2
9824,WH-09824,Atlanta,Georgia,Fulfillment Center,33097,INT-BTES1OL
9825,WH-09825,Seattle,Washington,Cross Dock,58543,INT-1M4FF5S
9826,WH-09826,Dallas,Texas,Fulfillment Center,31669,INT-HWK14HP
9827,WH-09827,Dallas,Texas,Cross Dock,68272,INT-Z0J0I90
9828,WH-09828,Los Angeles,California,Regional DC,63130,INT-HEA3LFY
9829,WH-09829,Boston,Massachusetts,Regional DC,63194,INT-VXX2BZ4
9830,WH-09830,Portland,Oregon,Distribution Center,55383,INT-IIHVQ3Y
9831,WH-09831,Denver,Colorado,Cross Dock,89896,INT-1GAFJ21
9832,WH-09832,Phoenix,Arizona,Cross Dock,25105,INT-U21G3OZ
9833,WH-09833,Seattle,Washington,Cross Dock,71134,INT-EATRPWA
9834,WH-09834,New York,New York,Fulfillment Center,66483,INT-K2BPQ44
9835,WH-09835,Boston,Massachusetts,Fulfillment Center,16614,INT-ZR8ZOEV
9836,WH-09836,Atlanta,Georgia,Distribution Center,83435,INT-4S648RW
9837,WH-09837,Atlanta,Georgia,Fulfillment Center,80453,INT-LMEFJLD
9838,WH-09838,Dallas,Texas,Cross Dock,56317,INT-Y3TTD9B
9839,WH-09839,Boston,Massachusetts,Fulfillment Center,66047,INT-Q9AA6MB
9840,WH-09840,Phoenix,Arizona,Cross Dock,80834,INT-KK379VA
9841,WH-09841,Portland,Oregon,Regional DC,49878,INT-Q6WYVD0
9842,WH-09842,Dallas,Texas,Distribution Center,35372,INT-OULW5EP
9843,WH-09843,Austin,Texas,Fulfillment Center,43808,INT-RC6F84V
9844,WH-09844,Boston,Massachusetts,Regional DC,77730,INT-V1Z83QX
9845,WH-09845,Atlanta,Georgia,Regional DC,81045,INT-SN518TX
9846,WH-09846,Detroit,Michigan,Regional DC,62899,INT-S2OYFM7
9847,WH-09847,Atlanta,Georgia,Regional DC,98308,INT-G28VMCF
9848,WH-09848,Los Angeles,California,Cross Dock,63081,INT-JVPDU5V
9849,WH-09849,Atlanta,Georgia,Fulfillment Center,72971,INT-DCDZNK4
9850,WH-09850,Seattle,Washington,Distribution Center,30739,INT-5HKJDS5
9851,WH-09851,Denver,Colorado,Cross Dock,6897,INT-Y60YHAC
9852,WH-09852,Chicago,Illinois,Cross Dock,76106,INT-JSJJ8CT
9853,WH-09853,Boston,Massachusetts,Cross Dock,66526,INT-254NJE3
9854,WH-09854,Atlanta,Georgia,Cross Dock,83027,INT-WR2MPWL
9855,WH-09855,New York,New York,Cross Dock,19638,INT-VN6O62P
9856,WH-09856,Charlotte,North Carolina,Regional DC,6770,INT-Q0EKVA2
9857,WH-09857,Portland,Oregon,Distribution Center,65634,INT-18X85TK
9858,WH-09858,Phoenix,Arizona,Cross Dock,9311,INT-5K9SNMX
9859,WH-09859,Seattle,Washington,Regional DC,7502,INT-S2NW8L9
9860,WH-09860,Seattle,Washington,Regional DC,29922,INT-1CATXJ2
9861,WH-09861,Austin,Texas,Distribution Center,33006,INT-XTY3CW6
9862,WH-09862,Austin,Texas,Distribution Center,15525,INT-SM7318M
9863,WH-09863,New York,New York,Distribution Center,5000000,INT-ICHXJXF
9864,WH-09864,Seattle,Washington,Regional DC,55146,INT-5D2JUEG
9865,WH-09865,Chicago,Illinois,Distribution Center,72283,INT-ZF4UYIB
9866,WH-09866,Los Angeles,California,Fulfillment Center,62942,INT-A0T7JPS
9867,WH-09867,Seattle,Washington,Distribution Center,53315,INT-KSNQBXB
9868,WH-09868,New York,New York,Distribution Center,66240,INT-GVEM4JJ
9869,WH-09869,CHICAGO,Unknown,Fulfillment Center,50969,INT-4Z8VKT8
9870,WH-09870,Detroit,Michigan,Cross Dock,64019,INT-TF7UNH1
9871,WH-09871,New York,New York,Regional DC,88295,INT-XC59XZU
9872,WH-09872,Atlanta,Georgia,Distribution Center,49158,INT-TOB9BIY
9873,WH-09873,Phoenix,Arizona,Cross Dock,62680,INT-AOBVYF9
9874,WH-09874,Portland,Oregon,Distribution Center,41673,INT-EAZMCZU
9875,WH-09875,New York,New York,Regional DC,17529,INT-VOHS8OF
9876,WH-09876,Austin,Texas,Cross Dock,25700,INT-KSDOIUI
9877,WH-09877,Denver,Colorado,Regional DC,25930,INT-OXQI2OM
9878,WH-09878,Houston,Texas,Distribution Center,99028,INT-X87YKCT
9879,WH-09879,Denver,Colorado,Cross Dock,96000,INT-WWY343B
9880,WH-09880,Charlotte,North Carolina,Regional DC,65979,INT-Z2HQ5KD
9881,WH-09881,Austin,Texas,Distribution Center,8520,INT-9E03CXA
9882,WH-09882,Miami,Florida,Regional DC,48849,INT-9OIJ0I6
9883,WH-09883,Miami,Florida,Fulfillment Center,83438,INT-AW9L7YL
9884,WH-09884,Detroit,Michigan,Regional DC,41902,INT-PE06XCG
9885,WH-09885,Phoenix,Arizona,Regional DC,54653,INT-QAWPS63
9886,WH-09886,Seattle,Washington,Distribution Center,28830,INT-VMYZLQE
9887,WH-09887,Atlanta,Georgia,Fulfillment Center,9410,INT-D1XWZF7
9888,WH-09888,Portland,Oregon,Cross Dock,16936,INT-LBO45L8
9889,WH-09889,New York,New York,Regional DC,93700,INT-L4LEB9N
9890,WH-09890,Houston,Texas,Cross Dock,24707,INT-NNYXMW4
9891,WH-09891,Detroit,Michigan,Cross Dock,58410,INT-23U5A4Z
9892,WH-09892,Portland,Oregon,Regional DC,42330,INT-UTML65A
9893,WH-09893,Portland,Oregon,Distribution Center,88665,INT-NI8AQAK
9894,WH-09894,Chicago,Illinois,Distribution Center,32260,INT-7FJQ7RB
9895,WH-09895,Chicago,Illinois,Fulfillment Center,63151,INT-MA41H2M
9896,WH-09896,Miami,Florida,Regional DC,73076,INT-PU68A13
9897,WH-09897,Denver,Colorado,Cross Dock,90684,INT-2R1L3B0
9898,WH-09898,Seattle,Washington,Distribution Center,96257,INT-KBEQ8TI
9899,WH-09899,Houston,Texas,Distribution Center,30557,INT-G99792T
9900,WH-09900,Los Angeles,California,Cross Dock,90408,INT-0F9MB2Q
9901,WH-09901,Detroit,Michigan,Distribution Center,64712,INT-VCHMV1G
9902,WH-09902,New York,New York,Distribution Center,40167,INT-OE3MXTQ
9903,WH-09903,Portland,Oregon,Fulfillment Center,34007,INT-3G3PK9Y
9904,WH-09904,Houston,Texas,Fulfillment Center,75826,INT-CVM0OXM
9905,WH-09905,Atlanta,Georgia,Fulfillment Center,83347,INT-XGVTTFW
9906,WH-09906,Dallas,Texas,Distribution Center,59994,INT-OTAO7YG
9907,WH-09907,Miami,Florida,Regional DC,43321,INT-FCZ4T6P
9908,WH-09908,Denver,Colorado,Cross Dock,5000000,INT-QM5H871
9909,WH-09909,Seattle,Washington,Cross Dock,95886,INT-DTQX3UJ
9910,WH-09910,Atlanta,Georgia,Regional DC,13288,INT-B2H2G9N
9911,WH-09911,Denver,Colorado,Distribution Center,15651,INT-3SSCP5Q
9912,WH-09912,Atlanta,Georgia,Cross Dock,61513,INT-U387QIO
9913,WH-09913,Dallas,Texas,Regional DC,59988,INT-X7GEMTN
9914,WH-09914,Seattle,Washington,Distribution Center,74180,INT-NKMIV0M
9915,WH-09915,Chicago ,Illinois,Regional DC,96637,INT-2Y0SQGA
9916,WH-09916,Austin,Texas,Regional DC,85515,INT-C648O1P
9917,WH-09917,Los Angeles,California,Regional DC,18334,INT-J4C44BU
9918,WH-09918,Charlotte,North Carolina,Fulfillment Center,31183,INT-FE8FQ53
9919,WH-09919,Houston,Texas,Distribution Center,73084,INT-4AZ3FQX
9920,WH-09920,Detroit,Michigan,Cross Dock,41772,INT-DIQSP3W
9921,WH-09921,Houston,Texas,Distribution Center,51911,INT-GAMCYQJ
9922,WH-09922,Charlotte,North Carolina,Regional DC,60885,INT-EX68JCL
9923,WH-09923,Dallas,Texas,Regional DC,49894,INT-FL041HG
9924,WH-09924,Houston,Texas,Regional DC,78148,INT-1L61V58
9925,WH-09925,Portland,Oregon,Fulfillment Center,91220,INT-ZKPDQU8
9926,WH-09926,Dallas,Texas,Regional DC,80110,INT-2TJ13BN
9927,WH-09927,Dallas,Texas,Fulfillment Center,29958,INT-3WUEXNX
9928,WH-09928,Boston,Massachusetts,Distribution Center,84520,INT-1XOOIT6
9929,WH-09929,Seattle,Washington,Fulfillment Center,36075,INT-5TRVK1I
9930,WH-09930,Houston,Texas,Distribution Center,5610,INT-F9XI22V
9931,WH-09931,New York,New York,Fulfillment Center,96678,INT-QGQ54F6
9932,WH-09932,New York,New York,Fulfillment Center,5747,INT-XDKCZE0
9933,WH-09933,Boston,Massachusetts,Regional DC,47730,INT-04Z13CA
9934,WH-09934,Boston,Massachusetts,Fulfillment Center,12897,INT-H8XVGWE
9935,WH-09935,Dallas,Texas,Fulfillment Center,87321,INT-PZL9AH1
9936,WH-09936,Boston,Massachusetts,Regional DC,55676,INT-SAK4RKN
9937,WH-09937,Dallas,Texas,Fulfillment Center,74181,INT-QCAT994
9938,WH-09938,Los Angeles,California,Distribution Center,19538,INT-UPACNJB
9939,WH-09939,Houston,Texas,Regional DC,26809,INT-DO8NUSD
9940,WH-09940,Dallas,Texas,Fulfillment Center,55890,INT-BXUY5TB
9941,WH-09941,Austin,Texas,Regional DC,47941,INT-0W97ZPG
9942,WH-09942,Houston,Texas,Fulfillment Center,15138,INT-8CBBO9F
9943,WH-09943,Chicago,Illinois,Fulfillment Center,68224,INT-CKISNG4
9944,WH-09944,Dallas,Texas,Cross Dock,7372,INT-P6P6DF7
9945,WH-09945,Charlotte,North Carolina,Cross Dock,74812,INT-D7VFZXD
9946,WH-09946,Charlotte,North Carolina,Distribution Center,57403,INT-LK68GSA
9947,WH-09947,,Unknown,Fulfillment Center,8450,INT-UD39FPT
9948,WH-09948,Charlotte,North Carolina,Distribution Center,64225,INT-KTYULGX
9949,WH-09949,HOUSTON,Unknown,Cross Dock,81215,INT-QC39DJE
9950,WH-09950,Seattle,Washington,Regional DC,55039,INT-DFEVVX4
9951,WH-09951,Portland,Oregon,Regional DC,74028,INT-FVPZLCT
9952,WH-09952,Boston,Massachusetts,Fulfillment Center,46294,INT-E17IZXY
9953,WH-09953,Portland,Oregon,Fulfillment Center,76748,INT-GU7RCQI
9954,WH-09954,Los Angeles,California,Regional DC,46268,INT-BFW89WM
9955,WH-09955,Seattle,Washington,Cross Dock,11707,INT-LB9XYUJ
9956,WH-09956,Phoenix,Arizona,Fulfillment Center,45423,INT-VVIXY3M
9957,WH-09957,Dallas,Texas,Regional DC,29712,INT-FND31CW
9958,WH-09958,Atlanta,Georgia,Distribution Center,79586,INT-UM63OHV
9959,WH-09959,Portland,Oregon,Fulfillment Center,41445,INT-CD2U379
9960,WH-09960,Austin,Texas,Fulfillment Center,99782,INT-SXYJWO1
9961,WH-09961,Houston,Texas,Distribution Center,89253,INT-1TYWWUC
9962,WH-09962,Boston,Massachusetts,Fulfillment Center,80640,INT-I3EJTX8
9963,WH-09963,Portland,Oregon,Regional DC,15033,INT-U6KQH2R
9964,WH-09964,Austin,Texas,Distribution Center,71018,INT-Y6JM19N
9965,WH-09965,Los Angeles,California,Fulfillment Center,39039,INT-73WTFHM
9966,WH-09966,Austin,Texas,Distribution Center,84804,INT-GLSF81P
9967,WH-09967,Houston,Texas,Distribution Center,54862,INT-CGI61EK
9968,WH-09968,Charlotte,North Carolina,Cross Dock,95659,INT-BLYHLTU
9969,WH-09969,Los Angeles,California,Cross Dock,44503,INT-QSZ0KIU
9970,WH-09970,Los Angeles,California,Cross Dock,14007,INT-N7AXPW7
9971,WH-09971,Miami,Florida,Regional DC,61900,INT-S9680CR
9972,WH-09972,Phoenix,Arizona,Regional DC,7829,INT-KDFHUB0
9973,WH-09973,Seattle,Washington,Distribution Center,60913,INT-QDON5I5
9974,WH-09974,Seattle,Washington,Regional DC,96975,INT-LIQ08JL
9975,WH-09975,Chicago,Illinois,Cross Dock,46629,INT-X069FLW
9976,WH-09976,Los Angeles,California,Distribution Center,27282,INT-W9NUWEQ
9977,WH-09977,Houston,Texas,Cross Dock,62774,INT-XF8C8ZM
9978,WH-09978,Charlotte,North Carolina,Regional DC,19904,INT-GHA5A2A
9979,WH-09979,Houston,Texas,Distribution Center,68051,INT-3VEZC1K
9980,WH-09980,Charlotte,North Carolina,Distribution Center,98557,INT-VHM4BQJ
9981,WH-09981,Portland,Oregon,Distribution Center,31513,INT-UAPU3E7
9982,WH-09982,Denver,Colorado,Cross Dock,26574,INT-VYGUOV5
9983,WH-09983,Boston,Massachusetts,Distribution Center,46426,INT-FKRY9V7
9984,WH-09984,Houston,Texas,Distribution Center,54487,INT-YMTZ3RL
9985,WH-09985,Boston,Massachusetts,Cross Dock,80346,INT-Z11BKD0
9986,WH-09986,Charlotte,North Carolina,Fulfillment Center,69192,INT-W5N51JL
9987,WH-09987,Austin,Texas,Cross Dock,83119,INT-J01FHEK
9988,WH-09988,Miami,Florida,Cross Dock,41303,INT-XSERCJ6
9989,WH-09989,Dallas,Texas,Fulfillment Center,44714,INT-Q7BKH3Z
9990,WH-09990,Seattle,Washington,Fulfillment Center,10163,INT-X9GIIKB
9991,WH-09991,Miami,Florida,Distribution Center,31791,INT-FFSEVNF
9992,WH-09992,Seattle,Washington,Regional DC,36938,INT-L9RBDVP
9993,WH-09993,Detroit,Michigan,Distribution Center,60082,INT-8B1C1NR
9994,WH-09994,Dallas,Texas,Distribution Center,95468,INT-ORNIPFW
9995,WH-09995,Miami,Florida,Fulfillment Center,83514,INT-FQC31AS
9996,WH-09996,Houston,Texas,Fulfillment Center,25447,INT-M3KYSD3
9997,WH-09997,Atlanta,Georgia,Regional DC,11206,INT-9U3Z81N
9998,WH-09998,Portland,Oregon,Distribution Center,87966,INT-XWYEST8
9999,WH-09999,Los Angeles,California,Distribution Center,51550,INT-IFTOUGF
10000,WH-10000,New York,New York,Distribution Center,98948,INT-ZOWK68N
10001,WH-10001,Miami,Florida,Cross Dock,92282,INT-4P5K71P
10002,WH-10002,Miami,Florida,Fulfillment Center,94647,INT-N4S7SIS
10003,WH-10003,Seattle,Washington,Distribution Center,12787,INT-3XZ02K5
10004,WH-10004,Portland,Oregon,Distribution Center,21180,INT-XQO3BIH
10005,WH-10005,Dallas,Texas,Distribution Center,33904,INT-9DU40TV
10006,WH-10006,Houston,Texas,Cross Dock,51527,INT-GUPZTE8
10007,WH-10007,Phoenix,Arizona,Fulfillment Center,52848,INT-X4FPOLT
10008,WH-10008,Boston,Massachusetts,Distribution Center,83139,INT-ILODJRR
10009,WH-10009,Austin,Texas,Distribution Center,70971,INT-72MT1UX
10010,WH-10010,Portland,Oregon,Cross Dock,66548,INT-9UI9Q1G
10011,WH-10011,Charlotte,North Carolina,Distribution Center,27752,INT-39X7AVU
10012,WH-10012,New York,New York,Regional DC,62581,INT-PRPMZ3R
10013,WH-10013,Denver,Colorado,Cross Dock,28600,INT-4ME0T34
10014,WH-10014,Houston,Texas,Cross Dock,70617,INT-T16A97P
10015,WH-10015,Atlanta,Georgia,Cross Dock,77275,INT-8XRJ9TH
10016,WH-10016,Phoenix,Arizona,Distribution Center,19608,INT-KMUIEDN
10017,WH-10017,Charlotte,North Carolina,Regional DC,23825,INT-X5993VU
10018,WH-10018,Houston,Texas,Fulfillment Center,51348,INT-WYZ0I7C
10019,WH-10019,Denver,Colorado,Fulfillment Center,82969,INT-FN0A43T
10020,WH-10020,Atlanta,Georgia,Regional DC,5614,INT-IIX06TM
10021,WH-10021,Austin,Texas,Regional DC,9999999,INT-DTHZ6IX
10022,WH-10022,Seattle,Washington,Cross Dock,54059,INT-U4GCE7A
10023,WH-10023,Miami,Florida,Distribution Center,96135,INT-NGOEKSK
10024,WH-10024,Los Angeles,California,Cross Dock,73667,INT-5NAU2VQ
10025,WH-10025,New York,New York,Cross Dock,64394,INT-JPGCAB9
8461,WH-08461,Boston,Massachusetts,Regional DC,19662,INT-QVRW9K8
3524,WH-03524,Portland,Oregon,Distribution Center,70513,INT-52KSZ8N
5923,WH-05923,Denver,Colorado,Regional DC,14723,INT-4UA00SA
759,WH-00759,Dallas,Texas,Cross Dock,93053,INT-PT7EWZ5
7384,WH-07384,Boston,Massachusetts,Fulfillment Center,87038,INT-4DIWITY
4118,WH-04118,Seattle,Washington,Regional DC,18676,INT-O5GFI61
16,WH-00016,Charlotte,North Carolina,Regional DC,83273,INT-NE86FA6
9478,WH-09478,Austin,Texas,Regional DC,54762,INT-FI4WQT1
8802,WH-08802,Miami,Florida,Fulfillment Center,99255,INT-UZJ2FC6
1149,WH-01149,Dallas,Texas,Regional DC,74197,INT-UBNBROC
2706,WH-02706,Atlanta,Georgia,Regional DC,67509,INT-BY4OESR
5286,WH-05286,Charlotte,North Carolina,Cross Dock,64609,INT-JP5GJBJ
538,WH-00538,Miami,Florida,Distribution Center,59689,INT-BPIID2Y
6093,WH-06093,Houston,Texas,Regional DC,44974,INT-IHCECLO
1929,WH-01929,Miami,Florida,Fulfillment Center,40277,INT-DLSWYZB
6905,WH-06905,New York,New York,Distribution Center,84652,INT-X8H2SM5
9978,WH-09978,Charlotte,North Carolina,Distribution Center,19904,INT-GHA5A2A
1066,WH-01066,Chicago,Illinois,Distribution Center,6746,INT-UF6DY6D
2502,WH-02502,New York,New York,Cross Dock,59766,INT-6YWL49S
279,WH-00279,Portland,Oregon,Distribution Center,91168,INT-I44KUMQ
9052,WH-09052,Dallas,Texas,Cross Dock,95499,INT-9HPJYAG
1548,WH-01548,Phoenix,Arizona,Fulfillment Center,25029,INT-8XXFTTR
9532,WH-09532,Austin,Texas,Regional DC,42645,INT-3TFFF6U
6041,WH-06041,Portland,Oregon,Fulfillment Center,78617,INT-RTP0CHO
572,WH-00572,Charlotte,North Carolina,Regional DC,98272,INT-72JA0F2
2254,WH-02254,Portland,Oregon,Regional DC,56628,INT-9RPHMQB
3620,WH-03620,Portland,Oregon,Fulfillment Center,72930,INT-D10P05V
2232,WH-02232,Atlanta,Georgia,Fulfillment Center,81791,INT-FCV3KNG
8057,WH-08057,Charlotte,North Carolina,Regional DC,61155,INT-NSL3YQP
7728,WH-07728,,Unknown,Regional DC,18736,INT-54QQORM
3824,WH-03824,Atlanta,Georgia,Regional DC,68579,INT-FLU36N7
6648,WH-06648,Phoenix,Arizona,Fulfillment Center,87482,INT-WLN9R3Q
1951,WH-01951,Dallas,Texas,Cross Dock,67932,INT-YYJNRE0
7352,WH-07352,Boston,Massachusetts,Regional DC,54006,INT-NVWHQDV
6445,WH-06445,Austin,Texas,Distribution Center,95013,INT-HDTQ1YU
8468,WH-08468,Detroit,Michigan,Distribution Center,92453,INT-HBGTUPC
3594,WH-03594,Dallas,Texas,Cross Dock,32922,INT-JSJE98F
1348,WH-01348,Detroit,Michigan,Regional DC,54831,INT-ET2NXV7
4375,WH-04375,Phoenix,Arizona,Distribution Center,57957,INT-VYUMOY6
8691,WH-08691,Denver,Colorado,Distribution Center,87999,INT-H60JGRF
9315,WH-09315,,Unknown,Regional DC,12047,INT-IS89K42
5761,WH-05761,Charlotte,North Carolina,Regional DC,58757,INT-MNTS1AF
2971,WH-02971,Miami,Florida,Cross Dock,73953,INT-62VERG4
9284,WH-09284,New York,New York,Distribution Center,53865,INT-6FS3ISP
5921,WH-05921,Portland,Oregon,Distribution Center,18165,INT-TWR3SMY
8021,WH-08021,Seattle,Washington,Fulfillment Center,90382,INT-FFLEPQH
9388,WH-09388,Boston,Massachusetts,Regional DC,43115,INT-J72DUGZ
7396,WH-07396,Detroit,Michigan,Cross Dock,37606,INT-11W6ZOW
7152,WH-07152,Miami,Florida,Fulfillment Center,32416,INT-9AXYMIF
7065,WH-07065,Houston,Texas,Fulfillment Center,7913,INT-39XJDSB
2188,WH-02188,Boston,Massachusetts,Cross Dock,56532,INT-K0SZCK9
9329,WH-09329,Dallas,Texas,Fulfillment Center,65947,INT-0W9L40L
245,WH-00245,Seattle,Washington,Distribution Center,26024,INT-N2L5WBK
567,WH-00567,Los Angeles,California,Fulfillment Center,7903,INT-QDFK9TW
8288,WH-08288,Seattle,Washington,Distribution Center,14830,INT-MXOEXUF
3206,WH-03206,Houston,Texas,Fulfillment Center,43452,INT-UF0O3FF
4770,WH-04770,Phoenix,Arizona,Regional DC,26902,INT-V7TU2E4
4499,WH-04499,Dallas,Texas,Regional DC,23360,INT-7LGLJP1
4792,WH-04792,Miami,Florida,Fulfillment Center,61866,INT-1P03JTD
8026,WH-08026,Denver,Colorado,Regional DC,83485,INT-RBS9XY5
255,WH-00255,Austin,Texas,Regional DC,78532,INT-SRUR5GP
6266,WH-06266,Charlotte,North Carolina,Fulfillment Center,57662,INT-TWG1NGD
87,WH-00087,Houston,Texas,Distribution Center,95880,INT-2NZSVA7
3318,WH-03318,Portland,Oregon,Regional DC,80961,INT-DWRY9T9
2521,WH-02521,Chicago,Illinois,Distribution Center,15238,INT-PNRT670
9394,WH-09394,Seattle,Washington,Cross Dock,95369,INT-USMSE5D
5880,WH-05880,Los Angeles,California,Distribution Center,28586,INT-VZBQ1RP
5876,WH-05876,Miami,Florida,Distribution Center,66414,INT-UDGSDYR
4485,WH-04485,Charlotte,North Carolina,Fulfillment Center,36693,INT-0WPEQEZ
9355,WH-09355,Dallas,Texas,Regional DC,95995,INT-Z8P2FPL
2800,WH-02800,Miami,Florida,Distribution Center,59295,INT-THUZIFI
2583,WH-02583,Portland,Oregon,Distribution Center,83548,INT-I1DLHRH
9576,WH-09576,Seattle,Washington,Distribution Center,94134,INT-HMMSTQ9
9617,WH-09617,Atlanta,Georgia,Distribution Center,59498,INT-EL5T5Q6
6002,WH-06002,Houston,Texas,Cross Dock,37510,INT-4T34OG9
5969,WH-05969,Houston,Texas,Cross Dock,13706,INT-EJFO002
782,WH-00782,Atlanta,Georgia,Fulfillment Center,82869,INT-QT3WT7Z
8297,WH-08297,Los Angeles,California,Fulfillment Center,8054,INT-RHTFXZP
6081,WH-06081,New York,New York,Distribution Center,6212,INT-6UK1KRM
1447,WH-01447,Dallas,Texas,Distribution Center,78634,INT-TRWIOBM
9751,WH-09751,Charlotte,North Carolina,Cross Dock,43678,INT-7MN1AJQ
7995,WH-07995,Los Angeles,California,Distribution Center,47054,INT-ALHUBPU
10005,WH-10005,Dallas,Texas,Distribution Center,33904,INT-9DU40TV
4399,WH-04399,Seattle,Washington,Distribution Center,78586,INT-WLK4OCE
1309,WH-01309,Phoenix,Arizona,Regional DC,17961,INT-0EEAYQQ
1800,WH-01800,Los Angeles,California,Distribution Center,97240,INT-EXJMXV6
3748,WH-03748,Portland,Oregon,Fulfillment Center,56397,INT-B2HH33Z
4383,WH-04383,Atlanta,Georgia,Distribution Center,50683,INT-0YYH8RI
2486,WH-02486,Phoenix,Arizona,Distribution Center,63320,INT-7MY3082
3761,WH-03761,Atlanta,Georgia,Fulfillment Center,45657,INT-7QB0IOI
7648,WH-07648,Atlanta,Georgia,Distribution Center,24884,INT-MJN4U0P
5645,WH-05645,Dallas,Texas,Cross Dock,25900,INT-BY82FJQ
6138,WH-06138,Austin,Texas,Regional DC,57444,INT-8YN9I8T
3856,WH-03856,Portland,Oregon,Regional DC,84506,INT-TVC992O
430,WH-00430,Charlotte,North Carolina,Fulfillment Center,15265,INT-1UZPPSL
5013,WH-05013,Phoenix,Arizona,Fulfillment Center,63765,INT-756T6F6
4688,WH-04688,Miami,Florida,Fulfillment Center,84534,INT-OGOO5HM
8719,WH-08719,Charlotte,North Carolina,Fulfillment Center,80184,INT-82DIUXG
5684,WH-05684,Houston,Texas,Regional DC,53937,INT-AHJVGTH
2594,WH-02594,Seattle,Washington,Distribution Center,31741,INT-E6KN22E
3817,WH-03817,Portland,Oregon,Regional DC,79764,INT-5Q5TKJ7
